clip_id,group_key,project_class,class_id,split
ESC-50/1-101336-A-30.wav,esc-50/101336,Knocking,12,train
ESC-50/1-103995-A-30.wav,esc-50/103995,Knocking,12,train
ESC-50/1-103999-A-30.wav,esc-50/103999,Knocking,12,val
ESC-50/1-11687-A-47.wav,esc-50/11687,Aircraft,0,train
ESC-50/1-119125-A-45.wav,esc-50/119125,Train,15,val
ESC-50/1-13613-A-37.wav,esc-50/13613,Alarm,1,train
ESC-50/1-155858-A-25.wav,esc-50/155858,Footsteps,7,train
ESC-50/1-155858-B-25.wav,esc-50/155858,Footsteps,7,train
ESC-50/1-155858-C-25.wav,esc-50/155858,Footsteps,7,train
ESC-50/1-155858-D-25.wav,esc-50/155858,Footsteps,7,train
ESC-50/1-155858-E-25.wav,esc-50/155858,Footsteps,7,train
ESC-50/1-155858-F-25.wav,esc-50/155858,Footsteps,7,train
ESC-50/1-172649-A-40.wav,esc-50/172649,Aircraft,0,train
ESC-50/1-172649-B-40.wav,esc-50/172649,Aircraft,0,train
ESC-50/1-172649-C-40.wav,esc-50/172649,Aircraft,0,train
ESC-50/1-172649-D-40.wav,esc-50/172649,Aircraft,0,train
ESC-50/1-172649-E-40.wav,esc-50/172649,Aircraft,0,train
ESC-50/1-172649-F-40.wav,esc-50/172649,Aircraft,0,train
ESC-50/1-181071-A-40.wav,esc-50/181071,Aircraft,0,train
ESC-50/1-181071-B-40.wav,esc-50/181071,Aircraft,0,train
ESC-50/1-187207-A-20.wav,esc-50/187207,Baby_Crying,2,train
ESC-50/1-20133-A-39.wav,esc-50/20133,Glass_Breaking,8,train
ESC-50/1-211527-A-20.wav,esc-50/211527,Baby_Crying,2,test
ESC-50/1-211527-B-20.wav,esc-50/211527,Baby_Crying,2,test
ESC-50/1-211527-C-20.wav,esc-50/211527,Baby_Crying,2,test
ESC-50/1-223162-A-25.wav,esc-50/223162,Footsteps,7,train
ESC-50/1-22694-A-20.wav,esc-50/22694,Baby_Crying,2,train
ESC-50/1-22694-B-20.wav,esc-50/22694,Baby_Crying,2,train
ESC-50/1-24796-A-47.wav,esc-50/24796,Aircraft,0,train
ESC-50/1-26188-A-30.wav,esc-50/26188,Knocking,12,train
ESC-50/1-36929-A-47.wav,esc-50/36929,Aircraft,0,val
ESC-50/1-43807-A-47.wav,esc-50/43807,Aircraft,0,train
ESC-50/1-43807-B-47.wav,esc-50/43807,Aircraft,0,train
ESC-50/1-43807-C-47.wav,esc-50/43807,Aircraft,0,train
ESC-50/1-43807-D-47.wav,esc-50/43807,Aircraft,0,train
ESC-50/1-51147-A-25.wav,esc-50/51147,Footsteps,7,val
ESC-50/1-52290-A-30.wav,esc-50/52290,Knocking,12,test
ESC-50/1-53467-A-47.wav,esc-50/53467,Aircraft,0,train
ESC-50/1-54065-A-45.wav,esc-50/54065,Train,15,train
ESC-50/1-54065-B-45.wav,esc-50/54065,Train,15,train
ESC-50/1-60997-A-20.wav,esc-50/60997,Baby_Crying,2,val
ESC-50/1-60997-B-20.wav,esc-50/60997,Baby_Crying,2,val
ESC-50/1-62509-A-45.wav,esc-50/62509,Train,15,train
ESC-50/1-64473-A-45.wav,esc-50/64473,Train,15,train
ESC-50/1-67033-A-37.wav,esc-50/67033,Alarm,1,test
ESC-50/1-70300-A-45.wav,esc-50/70300,Train,15,val
ESC-50/1-72195-A-37.wav,esc-50/72195,Alarm,1,test
ESC-50/1-72195-B-37.wav,esc-50/72195,Alarm,1,test
ESC-50/1-74517-A-37.wav,esc-50/74517,Alarm,1,test
ESC-50/1-81001-A-30.wav,esc-50/81001,Knocking,12,train
ESC-50/1-81001-B-30.wav,esc-50/81001,Knocking,12,train
ESC-50/1-82817-A-30.wav,esc-50/82817,Knocking,12,train
ESC-50/1-84536-A-39.wav,esc-50/84536,Glass_Breaking,8,train
ESC-50/1-84704-A-39.wav,esc-50/84704,Glass_Breaking,8,train
ESC-50/1-84705-A-39.wav,esc-50/84705,Glass_Breaking,8,train
ESC-50/1-85168-A-39.wav,esc-50/85168,Glass_Breaking,8,train
ESC-50/1-85184-A-39.wav,esc-50/85184,Glass_Breaking,8,val
ESC-50/1-88409-A-45.wav,esc-50/88409,Train,15,train
ESC-50/1-88409-B-45.wav,esc-50/88409,Train,15,train
ESC-50/1-88807-A-39.wav,esc-50/88807,Glass_Breaking,8,train
ESC-50/1-977-A-39.wav,esc-50/977,Glass_Breaking,8,test
ESC-50/2-105270-A-47.wav,esc-50/105270,Aircraft,0,val
ESC-50/2-106849-A-47.wav,esc-50/106849,Aircraft,0,val
ESC-50/2-106881-A-39.wav,esc-50/106881,Glass_Breaking,8,test
ESC-50/2-107351-A-20.wav,esc-50/107351,Baby_Crying,2,test
ESC-50/2-107351-B-20.wav,esc-50/107351,Baby_Crying,2,test
ESC-50/2-112213-A-39.wav,esc-50/112213,Glass_Breaking,8,test
ESC-50/2-112213-B-39.wav,esc-50/112213,Glass_Breaking,8,test
ESC-50/2-114254-A-30.wav,esc-50/114254,Knocking,12,train
ESC-50/2-117116-A-37.wav,esc-50/117116,Alarm,1,train
ESC-50/2-118624-A-30.wav,esc-50/118624,Knocking,12,train
ESC-50/2-118625-A-30.wav,esc-50/118625,Knocking,12,val
ESC-50/2-120218-A-30.wav,esc-50/120218,Knocking,12,train
ESC-50/2-120218-B-30.wav,esc-50/120218,Knocking,12,train
ESC-50/2-122066-A-45.wav,esc-50/122066,Train,15,train
ESC-50/2-122066-B-45.wav,esc-50/122066,Train,15,train
ESC-50/2-122067-A-45.wav,esc-50/122067,Train,15,train
ESC-50/2-122067-B-45.wav,esc-50/122067,Train,15,train
ESC-50/2-133889-A-30.wav,esc-50/133889,Knocking,12,train
ESC-50/2-134915-A-30.wav,esc-50/134915,Knocking,12,test
ESC-50/2-135649-A-45.wav,esc-50/135649,Train,15,train
ESC-50/2-135649-B-45.wav,esc-50/135649,Train,15,train
ESC-50/2-135649-C-45.wav,esc-50/135649,Train,15,train
ESC-50/2-140841-A-30.wav,esc-50/140841,Knocking,12,train
ESC-50/2-141563-A-39.wav,esc-50/141563,Glass_Breaking,8,train
ESC-50/2-144137-A-43.wav,esc-50/144137,Vehicle_Horn,16,train
ESC-50/2-151079-A-20.wav,esc-50/151079,Baby_Crying,2,val
ESC-50/2-160888-A-47.wav,esc-50/160888,Aircraft,0,test
ESC-50/2-173559-A-39.wav,esc-50/173559,Glass_Breaking,8,train
ESC-50/2-173607-A-39.wav,esc-50/173607,Glass_Breaking,8,train
ESC-50/2-173618-A-39.wav,esc-50/173618,Glass_Breaking,8,test
ESC-50/2-188822-A-40.wav,esc-50/188822,Aircraft,0,train
ESC-50/2-188822-B-40.wav,esc-50/188822,Aircraft,0,train
ESC-50/2-188822-C-40.wav,esc-50/188822,Aircraft,0,train
ESC-50/2-188822-D-40.wav,esc-50/188822,Aircraft,0,train
ESC-50/2-209471-A-25.wav,esc-50/209471,Footsteps,7,train
ESC-50/2-209472-A-25.wav,esc-50/209472,Footsteps,7,train
ESC-50/2-209473-A-25.wav,esc-50/209473,Footsteps,7,test
ESC-50/2-209474-A-25.wav,esc-50/209474,Footsteps,7,train
ESC-50/2-209475-A-25.wav,esc-50/209475,Footsteps,7,train
ESC-50/2-209476-A-25.wav,esc-50/209476,Footsteps,7,train
ESC-50/2-209477-A-25.wav,esc-50/209477,Footsteps,7,test
ESC-50/2-209478-A-25.wav,esc-50/209478,Footsteps,7,train
ESC-50/2-250710-A-39.wav,esc-50/250710,Glass_Breaking,8,val
ESC-50/2-262579-A-45.wav,esc-50/262579,Train,15,train
ESC-50/2-37806-A-40.wav,esc-50/37806,Aircraft,0,train
ESC-50/2-37806-B-40.wav,esc-50/37806,Aircraft,0,train
ESC-50/2-37806-C-40.wav,esc-50/37806,Aircraft,0,train
ESC-50/2-37806-D-40.wav,esc-50/37806,Aircraft,0,train
ESC-50/2-50665-A-20.wav,esc-50/50665,Baby_Crying,2,val
ESC-50/2-50666-A-20.wav,esc-50/50666,Baby_Crying,2,test
ESC-50/2-66637-A-20.wav,esc-50/66637,Baby_Crying,2,train
ESC-50/2-66637-B-20.wav,esc-50/66637,Baby_Crying,2,train
ESC-50/2-74361-A-47.wav,esc-50/74361,Aircraft,0,train
ESC-50/2-78562-A-37.wav,esc-50/78562,Alarm,1,train
ESC-50/2-78562-B-37.wav,esc-50/78562,Alarm,1,train
ESC-50/2-78781-A-47.wav,esc-50/78781,Aircraft,0,train
ESC-50/2-78799-A-47.wav,esc-50/78799,Aircraft,0,train
ESC-50/2-80482-A-20.wav,esc-50/80482,Baby_Crying,2,val
ESC-50/2-89516-A-37.wav,esc-50/89516,Alarm,1,train
ESC-50/2-96063-A-37.wav,esc-50/96063,Alarm,1,train
ESC-50/2-96654-A-47.wav,esc-50/96654,Aircraft,0,test
ESC-50/2-98866-A-47.wav,esc-50/98866,Aircraft,0,val
ESC-50/3-103597-A-25.wav,esc-50/103597,Footsteps,7,test
ESC-50/3-103598-A-25.wav,esc-50/103598,Footsteps,7,train
ESC-50/3-103599-A-25.wav,esc-50/103599,Footsteps,7,test
ESC-50/3-103599-B-25.wav,esc-50/103599,Footsteps,7,test
ESC-50/3-115387-A-47.wav,esc-50/115387,Aircraft,0,train
ESC-50/3-115387-B-47.wav,esc-50/115387,Aircraft,0,train
ESC-50/3-115387-C-47.wav,esc-50/115387,Aircraft,0,train
ESC-50/3-117793-A-37.wav,esc-50/117793,Alarm,1,val
ESC-50/3-120526-A-37.wav,esc-50/120526,Alarm,1,train
ESC-50/3-120526-B-37.wav,esc-50/120526,Alarm,1,train
ESC-50/3-128512-A-47.wav,esc-50/128512,Aircraft,0,val
ESC-50/3-128512-B-47.wav,esc-50/128512,Aircraft,0,val
ESC-50/3-131943-A-37.wav,esc-50/131943,Alarm,1,train
ESC-50/3-135650-A-45.wav,esc-50/135650,Train,15,train
ESC-50/3-135650-B-45.wav,esc-50/135650,Train,15,train
ESC-50/3-136451-A-45.wav,esc-50/136451,Train,15,train
ESC-50/3-138212-A-45.wav,esc-50/138212,Train,15,train
ESC-50/3-141559-A-45.wav,esc-50/141559,Train,15,train
ESC-50/3-143560-A-47.wav,esc-50/143560,Aircraft,0,val
ESC-50/3-143562-A-47.wav,esc-50/143562,Aircraft,0,test
ESC-50/3-144510-A-30.wav,esc-50/144510,Knocking,12,test
ESC-50/3-146697-A-43.wav,esc-50/146697,Vehicle_Horn,16,val
ESC-50/3-150979-A-40.wav,esc-50/150979,Aircraft,0,train
ESC-50/3-150979-B-40.wav,esc-50/150979,Aircraft,0,train
ESC-50/3-150979-C-40.wav,esc-50/150979,Aircraft,0,train
ESC-50/3-151080-A-20.wav,esc-50/151080,Baby_Crying,2,train
ESC-50/3-151081-A-20.wav,esc-50/151081,Baby_Crying,2,train
ESC-50/3-151081-B-20.wav,esc-50/151081,Baby_Crying,2,train
ESC-50/3-151089-A-30.wav,esc-50/151089,Knocking,12,train
ESC-50/3-152007-A-20.wav,esc-50/152007,Baby_Crying,2,test
ESC-50/3-152007-B-20.wav,esc-50/152007,Baby_Crying,2,test
ESC-50/3-152007-C-20.wav,esc-50/152007,Baby_Crying,2,test
ESC-50/3-152007-D-20.wav,esc-50/152007,Baby_Crying,2,test
ESC-50/3-152007-E-20.wav,esc-50/152007,Baby_Crying,2,test
ESC-50/3-152594-A-30.wav,esc-50/152594,Knocking,12,train
ESC-50/3-154378-A-30.wav,esc-50/154378,Knocking,12,test
ESC-50/3-154926-A-40.wav,esc-50/154926,Aircraft,0,test
ESC-50/3-154926-B-40.wav,esc-50/154926,Aircraft,0,test
ESC-50/3-157492-A-45.wav,esc-50/157492,Train,15,train
ESC-50/3-159445-A-45.wav,esc-50/159445,Train,15,train
ESC-50/3-159445-B-45.wav,esc-50/159445,Train,15,train
ESC-50/3-170574-A-30.wav,esc-50/170574,Knocking,12,train
ESC-50/3-180147-A-30.wav,esc-50/180147,Knocking,12,val
ESC-50/3-182023-A-30.wav,esc-50/182023,Knocking,12,val
ESC-50/3-182025-A-30.wav,esc-50/182025,Knocking,12,train
ESC-50/3-193767-A-47.wav,esc-50/193767,Aircraft,0,train
ESC-50/3-203371-A-39.wav,esc-50/203371,Glass_Breaking,8,train
ESC-50/3-203373-A-39.wav,esc-50/203373,Glass_Breaking,8,train
ESC-50/3-203374-A-39.wav,esc-50/203374,Glass_Breaking,8,train
ESC-50/3-203375-A-39.wav,esc-50/203375,Glass_Breaking,8,train
ESC-50/3-203377-A-39.wav,esc-50/203377,Glass_Breaking,8,train
ESC-50/3-216280-A-39.wav,esc-50/216280,Glass_Breaking,8,train
ESC-50/3-216281-A-39.wav,esc-50/216281,Glass_Breaking,8,test
ESC-50/3-216284-A-39.wav,esc-50/216284,Glass_Breaking,8,train
ESC-50/3-243726-A-43.wav,esc-50/243726,Vehicle_Horn,16,val
ESC-50/3-249913-A-25.wav,esc-50/249913,Footsteps,7,test
ESC-50/3-68630-A-40.wav,esc-50/68630,Aircraft,0,train
ESC-50/3-68630-B-40.wav,esc-50/68630,Aircraft,0,train
ESC-50/3-68630-C-40.wav,esc-50/68630,Aircraft,0,train
ESC-50/3-94342-A-25.wav,esc-50/94342,Footsteps,7,test
ESC-50/3-94343-A-25.wav,esc-50/94343,Footsteps,7,val
ESC-50/3-94344-A-25.wav,esc-50/94344,Footsteps,7,test
ESC-50/4-117627-A-25.wav,esc-50/117627,Footsteps,7,train
ESC-50/4-117630-A-25.wav,esc-50/117630,Footsteps,7,val
ESC-50/4-125929-A-40.wav,esc-50/125929,Aircraft,0,train
ESC-50/4-151242-A-37.wav,esc-50/151242,Alarm,1,train
ESC-50/4-161099-A-47.wav,esc-50/161099,Aircraft,0,train
ESC-50/4-161099-B-47.wav,esc-50/161099,Aircraft,0,train
ESC-50/4-161100-A-47.wav,esc-50/161100,Aircraft,0,val
ESC-50/4-161103-A-47.wav,esc-50/161103,Aircraft,0,train
ESC-50/4-161105-A-47.wav,esc-50/161105,Aircraft,0,train
ESC-50/4-161105-B-47.wav,esc-50/161105,Aircraft,0,train
ESC-50/4-161579-A-40.wav,esc-50/161579,Aircraft,0,test
ESC-50/4-161579-B-40.wav,esc-50/161579,Aircraft,0,test
ESC-50/4-165606-A-45.wav,esc-50/165606,Train,15,val
ESC-50/4-165791-A-45.wav,esc-50/165791,Train,15,train
ESC-50/4-165791-B-45.wav,esc-50/165791,Train,15,train
ESC-50/4-165845-A-45.wav,esc-50/165845,Train,15,train
ESC-50/4-165845-B-45.wav,esc-50/165845,Train,15,train
ESC-50/4-165933-A-45.wav,esc-50/165933,Train,15,train
ESC-50/4-167077-A-20.wav,esc-50/167077,Baby_Crying,2,test
ESC-50/4-167077-B-20.wav,esc-50/167077,Baby_Crying,2,test
ESC-50/4-167077-C-20.wav,esc-50/167077,Baby_Crying,2,test
ESC-50/4-168446-A-45.wav,esc-50/168446,Train,15,train
ESC-50/4-169508-A-37.wav,esc-50/169508,Alarm,1,train
ESC-50/4-172366-A-37.wav,esc-50/172366,Alarm,1,train
ESC-50/4-175000-A-40.wav,esc-50/175000,Aircraft,0,test
ESC-50/4-175000-B-40.wav,esc-50/175000,Aircraft,0,test
ESC-50/4-175000-C-40.wav,esc-50/175000,Aircraft,0,test
ESC-50/4-178881-A-45.wav,esc-50/178881,Train,15,val
ESC-50/4-182034-A-30.wav,esc-50/182034,Knocking,12,test
ESC-50/4-182039-A-30.wav,esc-50/182039,Knocking,12,test
ESC-50/4-182041-A-30.wav,esc-50/182041,Knocking,12,train
ESC-50/4-185575-A-20.wav,esc-50/185575,Baby_Crying,2,test
ESC-50/4-185575-B-20.wav,esc-50/185575,Baby_Crying,2,test
ESC-50/4-185575-C-20.wav,esc-50/185575,Baby_Crying,2,test
ESC-50/4-186518-A-30.wav,esc-50/186518,Knocking,12,train
ESC-50/4-187284-A-30.wav,esc-50/187284,Knocking,12,train
ESC-50/4-188878-A-30.wav,esc-50/188878,Knocking,12,val
ESC-50/4-191015-A-43.wav,esc-50/191015,Vehicle_Horn,16,train
ESC-50/4-193480-A-40.wav,esc-50/193480,Aircraft,0,train
ESC-50/4-193480-B-40.wav,esc-50/193480,Aircraft,0,train
ESC-50/4-194979-A-25.wav,esc-50/194979,Footsteps,7,test
ESC-50/4-194981-A-25.wav,esc-50/194981,Footsteps,7,train
ESC-50/4-198841-A-37.wav,esc-50/198841,Alarm,1,train
ESC-50/4-198962-A-25.wav,esc-50/198962,Footsteps,7,test
ESC-50/4-198962-B-25.wav,esc-50/198962,Footsteps,7,test
ESC-50/4-204115-A-39.wav,esc-50/204115,Glass_Breaking,8,val
ESC-50/4-204119-A-39.wav,esc-50/204119,Glass_Breaking,8,train
ESC-50/4-204121-A-39.wav,esc-50/204121,Glass_Breaking,8,train
ESC-50/4-204123-A-39.wav,esc-50/204123,Glass_Breaking,8,train
ESC-50/4-204777-A-39.wav,esc-50/204777,Glass_Breaking,8,train
ESC-50/4-204777-B-39.wav,esc-50/204777,Glass_Breaking,8,train
ESC-50/4-204777-C-39.wav,esc-50/204777,Glass_Breaking,8,train
ESC-50/4-211502-A-30.wav,esc-50/211502,Knocking,12,train
ESC-50/4-212698-A-39.wav,esc-50/212698,Glass_Breaking,8,train
ESC-50/4-218304-A-25.wav,esc-50/218304,Footsteps,7,train
ESC-50/4-218304-B-25.wav,esc-50/218304,Footsteps,7,train
ESC-50/4-251959-A-47.wav,esc-50/251959,Aircraft,0,train
ESC-50/4-255371-A-47.wav,esc-50/255371,Aircraft,0,train
ESC-50/4-261068-A-30.wav,esc-50/261068,Knocking,12,train
ESC-50/4-59579-A-20.wav,esc-50/59579,Baby_Crying,2,train
ESC-50/4-59579-B-20.wav,esc-50/59579,Baby_Crying,2,train
ESC-50/5-151085-A-20.wav,esc-50/151085,Baby_Crying,2,val
ESC-50/5-177957-A-40.wav,esc-50/177957,Aircraft,0,train
ESC-50/5-177957-B-40.wav,esc-50/177957,Aircraft,0,train
ESC-50/5-177957-C-40.wav,esc-50/177957,Aircraft,0,train
ESC-50/5-177957-D-40.wav,esc-50/177957,Aircraft,0,train
ESC-50/5-177957-E-40.wav,esc-50/177957,Aircraft,0,train
ESC-50/5-188796-A-45.wav,esc-50/188796,Train,15,train
ESC-50/5-188945-A-45.wav,esc-50/188945,Train,15,train
ESC-50/5-191131-A-40.wav,esc-50/191131,Aircraft,0,val
ESC-50/5-197118-A-45.wav,esc-50/197118,Train,15,test
ESC-50/5-197121-A-45.wav,esc-50/197121,Train,15,train
ESC-50/5-197121-B-45.wav,esc-50/197121,Train,15,train
ESC-50/5-198411-A-20.wav,esc-50/198411,Baby_Crying,2,train
ESC-50/5-198411-B-20.wav,esc-50/198411,Baby_Crying,2,train
ESC-50/5-198411-C-20.wav,esc-50/198411,Baby_Crying,2,train
ESC-50/5-198411-D-20.wav,esc-50/198411,Baby_Crying,2,train
ESC-50/5-198411-E-20.wav,esc-50/198411,Baby_Crying,2,train
ESC-50/5-198411-F-20.wav,esc-50/198411,Baby_Crying,2,train
ESC-50/5-198411-G-20.wav,esc-50/198411,Baby_Crying,2,train
ESC-50/5-198600-A-45.wav,esc-50/198600,Train,15,train
ESC-50/5-199284-A-45.wav,esc-50/199284,Train,15,test
ESC-50/5-199284-B-45.wav,esc-50/199284,Train,15,test
ESC-50/5-205898-A-40.wav,esc-50/205898,Aircraft,0,train
ESC-50/5-210612-A-37.wav,esc-50/210612,Alarm,1,train
ESC-50/5-215445-A-47.wav,esc-50/215445,Aircraft,0,train
ESC-50/5-215447-A-47.wav,esc-50/215447,Aircraft,0,train
ESC-50/5-215449-A-47.wav,esc-50/215449,Aircraft,0,train
ESC-50/5-218980-A-30.wav,esc-50/218980,Knocking,12,test
ESC-50/5-218981-A-30.wav,esc-50/218981,Knocking,12,train
ESC-50/5-219242-A-37.wav,esc-50/219242,Alarm,1,test
ESC-50/5-219242-B-37.wav,esc-50/219242,Alarm,1,test
ESC-50/5-220955-A-40.wav,esc-50/220955,Aircraft,0,train
ESC-50/5-221528-A-39.wav,esc-50/221528,Glass_Breaking,8,val
ESC-50/5-221529-A-39.wav,esc-50/221529,Glass_Breaking,8,train
ESC-50/5-233605-A-39.wav,esc-50/233605,Glass_Breaking,8,test
ESC-50/5-233607-A-39.wav,esc-50/233607,Glass_Breaking,8,test
ESC-50/5-234247-A-37.wav,esc-50/234247,Alarm,1,train
ESC-50/5-234263-A-25.wav,esc-50/234263,Footsteps,7,val
ESC-50/5-234855-A-25.wav,esc-50/234855,Footsteps,7,train
ESC-50/5-235644-A-30.wav,esc-50/235644,Knocking,12,train
ESC-50/5-235956-A-47.wav,esc-50/235956,Aircraft,0,train
ESC-50/5-243025-A-25.wav,esc-50/243025,Footsteps,7,train
ESC-50/5-244310-A-25.wav,esc-50/244310,Footsteps,7,val
ESC-50/5-250026-A-30.wav,esc-50/250026,Knocking,12,train
ESC-50/5-250026-B-30.wav,esc-50/250026,Knocking,12,train
ESC-50/5-251426-A-30.wav,esc-50/251426,Knocking,12,train
ESC-50/5-251426-B-30.wav,esc-50/251426,Knocking,12,train
ESC-50/5-251957-A-47.wav,esc-50/251957,Aircraft,0,test
ESC-50/5-251962-A-47.wav,esc-50/251962,Aircraft,0,train
ESC-50/5-251963-A-47.wav,esc-50/251963,Aircraft,0,val
ESC-50/5-251971-A-47.wav,esc-50/251971,Aircraft,0,test
ESC-50/5-256512-A-30.wav,esc-50/256512,Knocking,12,train
ESC-50/5-257642-A-39.wav,esc-50/257642,Glass_Breaking,8,train
ESC-50/5-260432-A-39.wav,esc-50/260432,Glass_Breaking,8,train
ESC-50/5-260433-A-39.wav,esc-50/260433,Glass_Breaking,8,train
ESC-50/5-260434-A-39.wav,esc-50/260434,Glass_Breaking,8,train
ESC-50/5-263490-A-25.wav,esc-50/263490,Footsteps,7,val
ESC-50/5-263491-A-25.wav,esc-50/263491,Footsteps,7,train
ESC-50/5-263501-A-25.wav,esc-50/263501,Footsteps,7,val
ESC-50/5-51149-A-25.wav,esc-50/51149,Footsteps,7,train
FSD50K/100144.wav,fsd50k/100144,Gunshot,9,val
FSD50K/100150.wav,fsd50k/100150,Aircraft,0,train
FSD50K/100155.wav,fsd50k/100155,Aircraft,0,train
FSD50K/100265.wav,fsd50k/100265,Alarm,1,val
FSD50K/100357.wav,fsd50k/100357,Alarm,1,train
FSD50K/100461.wav,fsd50k/100461,Alarm,1,train
FSD50K/100465.wav,fsd50k/100465,Gunshot,9,train
FSD50K/100634.wav,fsd50k/100634,Doorbell,5,train
FSD50K/100647.wav,fsd50k/100647,Vehicle_Horn,16,train
FSD50K/100896.wav,fsd50k/100896,Help_Shouting,10,train
FSD50K/100904.wav,fsd50k/100904,Help_Shouting,10,train
FSD50K/101202.wav,fsd50k/101202,Train,15,train
FSD50K/101309.wav,fsd50k/101309,Help_Shouting,10,test
FSD50K/101310.wav,fsd50k/101310,Help_Shouting,10,train
FSD50K/101311.wav,fsd50k/101311,Help_Shouting,10,train
FSD50K/101312.wav,fsd50k/101312,Help_Shouting,10,train
FSD50K/101313.wav,fsd50k/101313,Help_Shouting,10,test
FSD50K/101315.wav,fsd50k/101315,Help_Shouting,10,train
FSD50K/101318.wav,fsd50k/101318,Help_Shouting,10,val
FSD50K/101328.wav,fsd50k/101328,Motorcycle,13,val
FSD50K/101354.wav,fsd50k/101354,Alarm,1,train
FSD50K/101744.wav,fsd50k/101744,Help_Shouting,10,train
FSD50K/101746.wav,fsd50k/101746,Alarm,1,train
FSD50K/101794.wav,fsd50k/101794,Footsteps,7,train
FSD50K/101843.wav,fsd50k/101843,Footsteps,7,test
FSD50K/101851.wav,fsd50k/101851,Alarm,1,train
FSD50K/101855.wav,fsd50k/101855,Motorcycle,13,train
FSD50K/101857.wav,fsd50k/101857,Footsteps,7,train
FSD50K/101861.wav,fsd50k/101861,Motorcycle,13,train
FSD50K/101864.wav,fsd50k/101864,Motorcycle,13,train
FSD50K/101961.wav,fsd50k/101961,Gunshot,9,train
FSD50K/101962.wav,fsd50k/101962,Gunshot,9,train
FSD50K/102435.wav,fsd50k/102435,Alarm,1,val
FSD50K/102679.wav,fsd50k/102679,Train,15,train
FSD50K/103025.wav,fsd50k/103025,Train,15,train
FSD50K/103325.wav,fsd50k/103325,Aircraft,0,val
FSD50K/103335.wav,fsd50k/103335,Alarm,1,train
FSD50K/103429.wav,fsd50k/103429,Motorcycle,13,train
FSD50K/103430.wav,fsd50k/103430,Motorcycle,13,train
FSD50K/103431.wav,fsd50k/103431,Motorcycle,13,train
FSD50K/103432.wav,fsd50k/103432,Motorcycle,13,test
FSD50K/103433.wav,fsd50k/103433,Motorcycle,13,train
FSD50K/103601.wav,fsd50k/103601,Footsteps,7,train
FSD50K/103626.wav,fsd50k/103626,Gunshot,9,train
FSD50K/103650.wav,fsd50k/103650,Footsteps,7,test
FSD50K/103998.wav,fsd50k/103998,Knocking,12,train
FSD50K/104000.wav,fsd50k/104000,Knocking,12,train
FSD50K/104001.wav,fsd50k/104001,Knocking,12,val
FSD50K/104002.wav,fsd50k/104002,Knocking,12,val
FSD50K/104030.wav,fsd50k/104030,Help_Shouting,10,val
FSD50K/104031.wav,fsd50k/104031,Help_Shouting,10,train
FSD50K/104032.wav,fsd50k/104032,Help_Shouting,10,train
FSD50K/104038.wav,fsd50k/104038,Help_Shouting,10,train
FSD50K/1042.wav,fsd50k/1042,Motorcycle,13,val
FSD50K/1043.wav,fsd50k/1043,Motorcycle,13,test
FSD50K/1044.wav,fsd50k/1044,Motorcycle,13,train
FSD50K/104420.wav,fsd50k/104420,Alarm,1,val
FSD50K/104422.wav,fsd50k/104422,Train,15,val
FSD50K/104475.wav,fsd50k/104475,Alarm,1,train
FSD50K/104476.wav,fsd50k/104476,Alarm,1,train
FSD50K/1045.wav,fsd50k/1045,Motorcycle,13,train
FSD50K/1046.wav,fsd50k/1046,Motorcycle,13,train
FSD50K/104803.wav,fsd50k/104803,Alarm,1,train
FSD50K/105025.wav,fsd50k/105025,Gunshot,9,train
FSD50K/105223.wav,fsd50k/105223,Help_Shouting,10,train
FSD50K/106115.wav,fsd50k/106115,Footsteps,7,val
FSD50K/106135.wav,fsd50k/106135,Footsteps,7,train
FSD50K/106210.wav,fsd50k/106210,Train,15,train
FSD50K/106269.wav,fsd50k/106269,Footsteps,7,train
FSD50K/106270.wav,fsd50k/106270,Doorbell,5,test
FSD50K/106729.wav,fsd50k/106729,Aircraft,0,train
FSD50K/106803.wav,fsd50k/106803,Alarm,1,train
FSD50K/106831.wav,fsd50k/106831,Alarm,1,val
FSD50K/107583.wav,fsd50k/107583,Motorcycle,13,train
FSD50K/107616.wav,fsd50k/107616,Footsteps,7,train
FSD50K/107619.wav,fsd50k/107619,Gunshot,9,test
FSD50K/107620.wav,fsd50k/107620,Gunshot,9,train
FSD50K/107621.wav,fsd50k/107621,Gunshot,9,val
FSD50K/108043.wav,fsd50k/108043,Gunshot,9,train
FSD50K/108044.wav,fsd50k/108044,Gunshot,9,train
FSD50K/108045.wav,fsd50k/108045,Gunshot,9,train
FSD50K/108046.wav,fsd50k/108046,Gunshot,9,train
FSD50K/108047.wav,fsd50k/108047,Gunshot,9,test
FSD50K/108048.wav,fsd50k/108048,Train,15,train
FSD50K/108192.wav,fsd50k/108192,Alarm,1,test
FSD50K/108843.wav,fsd50k/108843,Footsteps,7,train
FSD50K/109083.wav,fsd50k/109083,Footsteps,7,test
FSD50K/109216.wav,fsd50k/109216,Alarm,1,train
FSD50K/109405.wav,fsd50k/109405,Motorcycle,13,train
FSD50K/109483.wav,fsd50k/109483,Alarm,1,test
FSD50K/110106.wav,fsd50k/110106,Alarm,1,train
FSD50K/110107.wav,fsd50k/110107,Train,15,train
FSD50K/110139.wav,fsd50k/110139,Help_Shouting,10,train
FSD50K/110142.wav,fsd50k/110142,Help_Shouting,10,train
FSD50K/110165.wav,fsd50k/110165,Alarm,1,train
FSD50K/110692.wav,fsd50k/110692,Alarm,1,val
FSD50K/110734.wav,fsd50k/110734,Train,15,test
FSD50K/110735.wav,fsd50k/110735,Train,15,train
FSD50K/11156.wav,fsd50k/11156,Footsteps,7,train
FSD50K/112028.wav,fsd50k/112028,Train,15,train
FSD50K/112047.wav,fsd50k/112047,Train,15,train
FSD50K/112270.wav,fsd50k/112270,Help_Shouting,10,train
FSD50K/112354.wav,fsd50k/112354,Footsteps,7,train
FSD50K/112671.wav,fsd50k/112671,Train,15,train
FSD50K/112672.wav,fsd50k/112672,Train,15,val
FSD50K/112673.wav,fsd50k/112673,Train,15,train
FSD50K/112674.wav,fsd50k/112674,Train,15,train
FSD50K/112675.wav,fsd50k/112675,Train,15,val
FSD50K/112676.wav,fsd50k/112676,Train,15,train
FSD50K/112677.wav,fsd50k/112677,Train,15,train
FSD50K/112678.wav,fsd50k/112678,Train,15,train
FSD50K/112679.wav,fsd50k/112679,Train,15,test
FSD50K/112680.wav,fsd50k/112680,Train,15,train
FSD50K/112681.wav,fsd50k/112681,Train,15,train
FSD50K/112683.wav,fsd50k/112683,Train,15,test
FSD50K/112684.wav,fsd50k/112684,Train,15,train
FSD50K/112685.wav,fsd50k/112685,Train,15,test
FSD50K/112686.wav,fsd50k/112686,Train,15,train
FSD50K/112688.wav,fsd50k/112688,Train,15,train
FSD50K/112689.wav,fsd50k/112689,Train,15,train
FSD50K/112690.wav,fsd50k/112690,Train,15,train
FSD50K/112693.wav,fsd50k/112693,Train,15,val
FSD50K/112694.wav,fsd50k/112694,Train,15,train
FSD50K/112695.wav,fsd50k/112695,Train,15,train
FSD50K/112696.wav,fsd50k/112696,Train,15,train
FSD50K/112697.wav,fsd50k/112697,Train,15,train
FSD50K/112698.wav,fsd50k/112698,Train,15,train
FSD50K/112700.wav,fsd50k/112700,Train,15,train
FSD50K/112789.wav,fsd50k/112789,Train,15,test
FSD50K/112799.wav,fsd50k/112799,Train,15,test
FSD50K/112800.wav,fsd50k/112800,Train,15,train
FSD50K/112801.wav,fsd50k/112801,Train,15,val
FSD50K/112802.wav,fsd50k/112802,Train,15,train
FSD50K/112803.wav,fsd50k/112803,Train,15,train
FSD50K/112804.wav,fsd50k/112804,Train,15,train
FSD50K/112805.wav,fsd50k/112805,Train,15,test
FSD50K/112806.wav,fsd50k/112806,Train,15,val
FSD50K/113131.wav,fsd50k/113131,Knocking,12,train
FSD50K/113138.wav,fsd50k/113138,Knocking,12,test
FSD50K/113159.wav,fsd50k/113159,Aircraft,0,train
FSD50K/113319.wav,fsd50k/113319,Vehicle_Horn,16,train
FSD50K/113661.wav,fsd50k/113661,Aircraft,0,train
FSD50K/113663.wav,fsd50k/113663,Aircraft,0,train
FSD50K/113664.wav,fsd50k/113664,Aircraft,0,train
FSD50K/113665.wav,fsd50k/113665,Aircraft,0,test
FSD50K/113666.wav,fsd50k/113666,Aircraft,0,train
FSD50K/113667.wav,fsd50k/113667,Aircraft,0,val
FSD50K/113668.wav,fsd50k/113668,Aircraft,0,train
FSD50K/113669.wav,fsd50k/113669,Aircraft,0,train
FSD50K/113670.wav,fsd50k/113670,Aircraft,0,train
FSD50K/113672.wav,fsd50k/113672,Aircraft,0,test
FSD50K/113674.wav,fsd50k/113674,Aircraft,0,train
FSD50K/113675.wav,fsd50k/113675,Aircraft,0,test
FSD50K/113676.wav,fsd50k/113676,Aircraft,0,val
FSD50K/114042.wav,fsd50k/114042,Knocking,12,train
FSD50K/114467.wav,fsd50k/114467,Train,15,train
FSD50K/114469.wav,fsd50k/114469,Train,15,train
FSD50K/114477.wav,fsd50k/114477,Train,15,train
FSD50K/114479.wav,fsd50k/114479,Train,15,train
FSD50K/114489.wav,fsd50k/114489,Train,15,train
FSD50K/115073.wav,fsd50k/115073,Alarm,1,train
FSD50K/115074.wav,fsd50k/115074,Alarm,1,val
FSD50K/115869.wav,fsd50k/115869,Alarm,1,train
FSD50K/115916.wav,fsd50k/115916,Glass_Breaking,8,train
FSD50K/115922.wav,fsd50k/115922,Glass_Breaking,8,val
FSD50K/116174.wav,fsd50k/116174,Train,15,train
FSD50K/116175.wav,fsd50k/116175,Train,15,train
FSD50K/116176.wav,fsd50k/116176,Train,15,train
FSD50K/116329.wav,fsd50k/116329,Glass_Breaking,8,train
FSD50K/116664.wav,fsd50k/116664,Alarm,1,train
FSD50K/117041.wav,fsd50k/117041,Alarm,1,train
FSD50K/117120.wav,fsd50k/117120,Alarm,1,test
FSD50K/117121.wav,fsd50k/117121,Alarm,1,test
FSD50K/117126.wav,fsd50k/117126,Alarm,1,train
FSD50K/117165.wav,fsd50k/117165,Vehicle_Horn,16,val
FSD50K/117221.wav,fsd50k/117221,Train,15,test
FSD50K/117270.wav,fsd50k/117270,Aircraft,0,train
FSD50K/117518.wav,fsd50k/117518,Train,15,train
FSD50K/117548.wav,fsd50k/117548,Aircraft,0,test
FSD50K/117883.wav,fsd50k/117883,Alarm,1,train
FSD50K/118078.wav,fsd50k/118078,Vehicle_Horn,16,train
FSD50K/118084.wav,fsd50k/118084,Footsteps,7,test
FSD50K/118198.wav,fsd50k/118198,Glass_Breaking,8,train
FSD50K/118234.wav,fsd50k/118234,Alarm,1,test
FSD50K/118450.wav,fsd50k/118450,Gunshot,9,train
FSD50K/118515.wav,fsd50k/118515,Glass_Breaking,8,train
FSD50K/118565.wav,fsd50k/118565,Motorcycle,13,test
FSD50K/118566.wav,fsd50k/118566,Motorcycle,13,train
FSD50K/118577.wav,fsd50k/118577,Alarm,1,train
FSD50K/118807.wav,fsd50k/118807,Vehicle_Horn,16,train
FSD50K/118984.wav,fsd50k/118984,Footsteps,7,test
FSD50K/118985.wav,fsd50k/118985,Footsteps,7,train
FSD50K/119024.wav,fsd50k/119024,Help_Shouting,10,train
FSD50K/119025.wav,fsd50k/119025,Help_Shouting,10,train
FSD50K/119030.wav,fsd50k/119030,Help_Shouting,10,train
FSD50K/119086.wav,fsd50k/119086,Footsteps,7,val
FSD50K/119132.wav,fsd50k/119132,Footsteps,7,test
FSD50K/119523.wav,fsd50k/119523,Alarm,1,test
FSD50K/119633.wav,fsd50k/119633,Gunshot,9,train
FSD50K/119634.wav,fsd50k/119634,Alarm,1,train
FSD50K/119833.wav,fsd50k/119833,Knocking,12,train
FSD50K/119913.wav,fsd50k/119913,Footsteps,7,val
FSD50K/119914.wav,fsd50k/119914,Footsteps,7,val
FSD50K/119958.wav,fsd50k/119958,Doorbell,5,test
FSD50K/120059.wav,fsd50k/120059,Gunshot,9,train
FSD50K/120145.wav,fsd50k/120145,Motorcycle,13,train
FSD50K/120330.wav,fsd50k/120330,Knocking,12,val
FSD50K/120331.wav,fsd50k/120331,Knocking,12,train
FSD50K/120493.wav,fsd50k/120493,Alarm,1,val
FSD50K/120501.wav,fsd50k/120501,Alarm,1,test
FSD50K/120557.wav,fsd50k/120557,Alarm,1,train
FSD50K/121306.wav,fsd50k/121306,Alarm,1,test
FSD50K/121904.wav,fsd50k/121904,Alarm,1,train
FSD50K/121908.wav,fsd50k/121908,Alarm,1,val
FSD50K/122807.wav,fsd50k/122807,Aircraft,0,test
FSD50K/122814.wav,fsd50k/122814,Footsteps,7,train
FSD50K/122819.wav,fsd50k/122819,Train,15,train
FSD50K/123085.wav,fsd50k/123085,Alarm,1,train
FSD50K/123350.wav,fsd50k/123350,Alarm,1,test
FSD50K/123747.wav,fsd50k/123747,Help_Shouting,10,train
FSD50K/123748.wav,fsd50k/123748,Help_Shouting,10,test
FSD50K/124030.wav,fsd50k/124030,Glass_Breaking,8,train
FSD50K/124501.wav,fsd50k/124501,Alarm,1,train
FSD50K/124502.wav,fsd50k/124502,Alarm,1,train
FSD50K/124805.wav,fsd50k/124805,Help_Shouting,10,train
FSD50K/12501.wav,fsd50k/12501,Train,15,val
FSD50K/125130.wav,fsd50k/125130,Help_Shouting,10,train
FSD50K/125131.wav,fsd50k/125131,Help_Shouting,10,train
FSD50K/125362.wav,fsd50k/125362,Motorcycle,13,train
FSD50K/125560.wav,fsd50k/125560,Aircraft,0,val
FSD50K/125630.wav,fsd50k/125630,Gunshot,9,train
FSD50K/125840.wav,fsd50k/125840,Train,15,train
FSD50K/125841.wav,fsd50k/125841,Train,15,val
FSD50K/125846.wav,fsd50k/125846,Train,15,train
FSD50K/125848.wav,fsd50k/125848,Train,15,train
FSD50K/125849.wav,fsd50k/125849,Train,15,train
FSD50K/125967.wav,fsd50k/125967,Alarm,1,train
FSD50K/126429.wav,fsd50k/126429,Train,15,train
FSD50K/126465.wav,fsd50k/126465,Glass_Breaking,8,train
FSD50K/126519.wav,fsd50k/126519,Alarm,1,test
FSD50K/126555.wav,fsd50k/126555,Train,15,test
FSD50K/126559.wav,fsd50k/126559,Alarm,1,train
FSD50K/12674.wav,fsd50k/12674,Train,15,test
FSD50K/126877.wav,fsd50k/126877,Glass_Breaking,8,train
FSD50K/126878.wav,fsd50k/126878,Glass_Breaking,8,train
FSD50K/127004.wav,fsd50k/127004,Help_Shouting,10,train
FSD50K/127321.wav,fsd50k/127321,Aircraft,0,train
FSD50K/127451.wav,fsd50k/127451,Train,15,train
FSD50K/127543.wav,fsd50k/127543,Glass_Breaking,8,test
FSD50K/127721.wav,fsd50k/127721,Gunshot,9,val
FSD50K/127722.wav,fsd50k/127722,Gunshot,9,val
FSD50K/127724.wav,fsd50k/127724,Aircraft,0,train
FSD50K/127725.wav,fsd50k/127725,Aircraft,0,val
FSD50K/127729.wav,fsd50k/127729,Aircraft,0,train
FSD50K/127737.wav,fsd50k/127737,Aircraft,0,train
FSD50K/127800.wav,fsd50k/127800,Knocking,12,train
FSD50K/127826.wav,fsd50k/127826,Train,15,val
FSD50K/127846.wav,fsd50k/127846,Gunshot,9,test
FSD50K/127857.wav,fsd50k/127857,Alarm,1,test
FSD50K/128013.wav,fsd50k/128013,Alarm,1,train
FSD50K/128017.wav,fsd50k/128017,Aircraft,0,train
FSD50K/128138.wav,fsd50k/128138,Alarm,1,train
FSD50K/12815.wav,fsd50k/12815,Aircraft,0,train
FSD50K/128293.wav,fsd50k/128293,Gunshot,9,train
FSD50K/128294.wav,fsd50k/128294,Gunshot,9,train
FSD50K/128296.wav,fsd50k/128296,Gunshot,9,train
FSD50K/128297.wav,fsd50k/128297,Gunshot,9,train
FSD50K/128298.wav,fsd50k/128298,Gunshot,9,train
FSD50K/128299.wav,fsd50k/128299,Gunshot,9,train
FSD50K/128301.wav,fsd50k/128301,Gunshot,9,train
FSD50K/128334.wav,fsd50k/128334,Motorcycle,13,train
FSD50K/128614.wav,fsd50k/128614,Aircraft,0,train
FSD50K/128910.wav,fsd50k/128910,Alarm,1,train
FSD50K/128979.wav,fsd50k/128979,Gunshot,9,train
FSD50K/128981.wav,fsd50k/128981,Gunshot,9,test
FSD50K/130069.wav,fsd50k/130069,Motorcycle,13,val
FSD50K/130434.wav,fsd50k/130434,Train,15,test
FSD50K/130585.wav,fsd50k/130585,Motorcycle,13,train
FSD50K/131173.wav,fsd50k/131173,Train,15,train
FSD50K/131368.wav,fsd50k/131368,Train,15,train
FSD50K/131560.wav,fsd50k/131560,Doorbell,5,train
FSD50K/131641.wav,fsd50k/131641,Alarm,1,test
FSD50K/131642.wav,fsd50k/131642,Alarm,1,test
FSD50K/131643.wav,fsd50k/131643,Alarm,1,train
FSD50K/131709.wav,fsd50k/131709,Help_Shouting,10,train
FSD50K/131989.wav,fsd50k/131989,Doorbell,5,train
FSD50K/132074.wav,fsd50k/132074,Alarm,1,test
FSD50K/132340.wav,fsd50k/132340,Alarm,1,train
FSD50K/132551.wav,fsd50k/132551,Gunshot,9,test
FSD50K/132738.wav,fsd50k/132738,Help_Shouting,10,train
FSD50K/132828.wav,fsd50k/132828,Help_Shouting,10,train
FSD50K/132894.wav,fsd50k/132894,Train,15,val
FSD50K/133731.wav,fsd50k/133731,Motorcycle,13,train
FSD50K/133851.wav,fsd50k/133851,Knocking,12,train
FSD50K/134696.wav,fsd50k/134696,Help_Shouting,10,train
FSD50K/134766.wav,fsd50k/134766,Train,15,train
FSD50K/134952.wav,fsd50k/134952,Alarm,1,train
FSD50K/13509.wav,fsd50k/13509,Footsteps,7,train
FSD50K/135428.wav,fsd50k/135428,Knocking,12,train
FSD50K/135509.wav,fsd50k/135509,Alarm,1,train
FSD50K/135511.wav,fsd50k/135511,Alarm,1,train
FSD50K/135585.wav,fsd50k/135585,Train,15,train
FSD50K/135613.wav,fsd50k/135613,Alarm,1,train
FSD50K/135717.wav,fsd50k/135717,Alarm,1,train
FSD50K/135718.wav,fsd50k/135718,Alarm,1,train
FSD50K/135799.wav,fsd50k/135799,Help_Shouting,10,val
FSD50K/136052.wav,fsd50k/136052,Footsteps,7,train
FSD50K/136544.wav,fsd50k/136544,Knocking,12,train
FSD50K/136629.wav,fsd50k/136629,Glass_Breaking,8,train
FSD50K/136642.wav,fsd50k/136642,Vehicle_Horn,16,train
FSD50K/136766.wav,fsd50k/136766,Gunshot,9,train
FSD50K/137034.wav,fsd50k/137034,Gunshot,9,val
FSD50K/137083.wav,fsd50k/137083,Knocking,12,val
FSD50K/137134.wav,fsd50k/137134,Alarm,1,train
FSD50K/137172.wav,fsd50k/137172,Footsteps,7,val
FSD50K/137734.wav,fsd50k/137734,Alarm,1,test
FSD50K/137746.wav,fsd50k/137746,Footsteps,7,train
FSD50K/137886.wav,fsd50k/137886,Motorcycle,13,train
FSD50K/13797.wav,fsd50k/13797,Help_Shouting,10,val
FSD50K/138052.wav,fsd50k/138052,Footsteps,7,val
FSD50K/138058.wav,fsd50k/138058,Footsteps,7,train
FSD50K/138060.wav,fsd50k/138060,Footsteps,7,train
FSD50K/138071.wav,fsd50k/138071,Footsteps,7,val
FSD50K/138093.wav,fsd50k/138093,Footsteps,7,train
FSD50K/138095.wav,fsd50k/138095,Footsteps,7,val
FSD50K/138277.wav,fsd50k/138277,Alarm,1,train
FSD50K/138316.wav,fsd50k/138316,Footsteps,7,train
FSD50K/138323.wav,fsd50k/138323,Knocking,12,train
FSD50K/138336.wav,fsd50k/138336,Footsteps,7,train
FSD50K/138462.wav,fsd50k/138462,Footsteps,7,val
FSD50K/138679.wav,fsd50k/138679,Gunshot,9,train
FSD50K/138961.wav,fsd50k/138961,Aircraft,0,train
FSD50K/139028.wav,fsd50k/139028,Gunshot,9,train
FSD50K/139086.wav,fsd50k/139086,Help_Shouting,10,test
FSD50K/139087.wav,fsd50k/139087,Help_Shouting,10,val
FSD50K/139958.wav,fsd50k/139958,Alarm,1,train
FSD50K/140036.wav,fsd50k/140036,Train,15,val
FSD50K/140342.wav,fsd50k/140342,Help_Shouting,10,val
FSD50K/140487.wav,fsd50k/140487,Footsteps,7,test
FSD50K/140493.wav,fsd50k/140493,Footsteps,7,train
FSD50K/140582.wav,fsd50k/140582,Aircraft,0,train
FSD50K/140589.wav,fsd50k/140589,Aircraft,0,train
FSD50K/140590.wav,fsd50k/140590,Aircraft,0,train
FSD50K/140591.wav,fsd50k/140591,Aircraft,0,test
FSD50K/140592.wav,fsd50k/140592,Aircraft,0,train
FSD50K/141272.wav,fsd50k/141272,Train,15,train
FSD50K/141273.wav,fsd50k/141273,Train,15,test
FSD50K/141274.wav,fsd50k/141274,Train,15,train
FSD50K/141515.wav,fsd50k/141515,Glass_Breaking,8,train
FSD50K/142008.wav,fsd50k/142008,Footsteps,7,train
FSD50K/142350.wav,fsd50k/142350,Knocking,12,train
FSD50K/14262.wav,fsd50k/14262,Alarm,1,train
FSD50K/14263.wav,fsd50k/14263,Alarm,1,train
FSD50K/143126.wav,fsd50k/143126,Train,15,train
FSD50K/143556.wav,fsd50k/143556,Aircraft,0,train
FSD50K/143557.wav,fsd50k/143557,Aircraft,0,val
FSD50K/143558.wav,fsd50k/143558,Aircraft,0,train
FSD50K/143563.wav,fsd50k/143563,Aircraft,0,train
FSD50K/144115.wav,fsd50k/144115,Glass_Breaking,8,train
FSD50K/144121.wav,fsd50k/144121,Footsteps,7,test
FSD50K/144321.wav,fsd50k/144321,Glass_Breaking,8,train
FSD50K/144337.wav,fsd50k/144337,Help_Shouting,10,test
FSD50K/144338.wav,fsd50k/144338,Help_Shouting,10,val
FSD50K/144909.wav,fsd50k/144909,Footsteps,7,train
FSD50K/144941.wav,fsd50k/144941,Motorcycle,13,train
FSD50K/144942.wav,fsd50k/144942,Knocking,12,train
FSD50K/144943.wav,fsd50k/144943,Knocking,12,train
FSD50K/144946.wav,fsd50k/144946,Knocking,12,train
FSD50K/144947.wav,fsd50k/144947,Knocking,12,train
FSD50K/144948.wav,fsd50k/144948,Knocking,12,train
FSD50K/144949.wav,fsd50k/144949,Knocking,12,train
FSD50K/144950.wav,fsd50k/144950,Knocking,12,train
FSD50K/144951.wav,fsd50k/144951,Knocking,12,train
FSD50K/145209.wav,fsd50k/145209,Glass_Breaking,8,val
FSD50K/145541.wav,fsd50k/145541,Motorcycle,13,train
FSD50K/145558.wav,fsd50k/145558,Glass_Breaking,8,train
FSD50K/145559.wav,fsd50k/145559,Glass_Breaking,8,train
FSD50K/145562.wav,fsd50k/145562,Glass_Breaking,8,train
FSD50K/145563.wav,fsd50k/145563,Glass_Breaking,8,train
FSD50K/145580.wav,fsd50k/145580,Gunshot,9,val
FSD50K/145622.wav,fsd50k/145622,Train,15,val
FSD50K/14577.wav,fsd50k/14577,Alarm,1,train
FSD50K/145801.wav,fsd50k/145801,Help_Shouting,10,train
FSD50K/146204.wav,fsd50k/146204,Train,15,train
FSD50K/146205.wav,fsd50k/146205,Train,15,train
FSD50K/146206.wav,fsd50k/146206,Train,15,train
FSD50K/146207.wav,fsd50k/146207,Train,15,train
FSD50K/146209.wav,fsd50k/146209,Train,15,val
FSD50K/146323.wav,fsd50k/146323,Gunshot,9,train
FSD50K/146921.wav,fsd50k/146921,Train,15,train
FSD50K/147375.wav,fsd50k/147375,Footsteps,7,train
FSD50K/147867.wav,fsd50k/147867,Glass_Breaking,8,train
FSD50K/147901.wav,fsd50k/147901,Gunshot,9,train
FSD50K/147924.wav,fsd50k/147924,Footsteps,7,train
FSD50K/147925.wav,fsd50k/147925,Motorcycle,13,val
FSD50K/147933.wav,fsd50k/147933,Alarm,1,val
FSD50K/148073.wav,fsd50k/148073,Glass_Breaking,8,test
FSD50K/148074.wav,fsd50k/148074,Glass_Breaking,8,train
FSD50K/148075.wav,fsd50k/148075,Glass_Breaking,8,train
FSD50K/148156.wav,fsd50k/148156,Train,15,train
FSD50K/148266.wav,fsd50k/148266,Alarm,1,train
FSD50K/148297.wav,fsd50k/148297,Alarm,1,train
FSD50K/148796.wav,fsd50k/148796,Footsteps,7,train
FSD50K/148831.wav,fsd50k/148831,Gunshot,9,train
FSD50K/148832.wav,fsd50k/148832,Gunshot,9,test
FSD50K/148836.wav,fsd50k/148836,Gunshot,9,train
FSD50K/148853.wav,fsd50k/148853,Footsteps,7,train
FSD50K/148854.wav,fsd50k/148854,Motorcycle,13,val
FSD50K/148855.wav,fsd50k/148855,Motorcycle,13,val
FSD50K/148862.wav,fsd50k/148862,Motorcycle,13,test
FSD50K/148944.wav,fsd50k/148944,Knocking,12,train
FSD50K/148945.wav,fsd50k/148945,Knocking,12,val
FSD50K/148946.wav,fsd50k/148946,Knocking,12,train
FSD50K/148947.wav,fsd50k/148947,Knocking,12,train
FSD50K/148950.wav,fsd50k/148950,Knocking,12,train
FSD50K/148951.wav,fsd50k/148951,Knocking,12,test
FSD50K/14905.wav,fsd50k/14905,Train,15,train
FSD50K/149211.wav,fsd50k/149211,Train,15,test
FSD50K/149256.wav,fsd50k/149256,Footsteps,7,train
FSD50K/149258.wav,fsd50k/149258,Footsteps,7,train
FSD50K/149825.wav,fsd50k/149825,Help_Shouting,10,train
FSD50K/149919.wav,fsd50k/149919,Help_Shouting,10,train
FSD50K/150053.wav,fsd50k/150053,Alarm,1,train
FSD50K/150139.wav,fsd50k/150139,Gunshot,9,train
FSD50K/150305.wav,fsd50k/150305,Gunshot,9,train
FSD50K/150978.wav,fsd50k/150978,Train,15,train
FSD50K/150981.wav,fsd50k/150981,Alarm,1,val
FSD50K/151066.wav,fsd50k/151066,Gunshot,9,test
FSD50K/151072.wav,fsd50k/151072,Gunshot,9,train
FSD50K/151075.wav,fsd50k/151075,Gunshot,9,train
FSD50K/151088.wav,fsd50k/151088,Knocking,12,test
FSD50K/151150.wav,fsd50k/151150,Alarm,1,train
FSD50K/151208.wav,fsd50k/151208,Footsteps,7,train
FSD50K/151209.wav,fsd50k/151209,Footsteps,7,train
FSD50K/151222.wav,fsd50k/151222,Footsteps,7,train
FSD50K/151555.wav,fsd50k/151555,Gunshot,9,train
FSD50K/151556.wav,fsd50k/151556,Gunshot,9,train
FSD50K/151620.wav,fsd50k/151620,Gunshot,9,train
FSD50K/151889.wav,fsd50k/151889,Knocking,12,train
FSD50K/151894.wav,fsd50k/151894,Knocking,12,train
FSD50K/152593.wav,fsd50k/152593,Knocking,12,train
FSD50K/152595.wav,fsd50k/152595,Alarm,1,train
FSD50K/152614.wav,fsd50k/152614,Knocking,12,train
FSD50K/152781.wav,fsd50k/152781,Footsteps,7,train
FSD50K/152787.wav,fsd50k/152787,Footsteps,7,train
FSD50K/152788.wav,fsd50k/152788,Footsteps,7,train
FSD50K/152792.wav,fsd50k/152792,Footsteps,7,val
FSD50K/152795.wav,fsd50k/152795,Footsteps,7,train
FSD50K/152796.wav,fsd50k/152796,Footsteps,7,train
FSD50K/152901.wav,fsd50k/152901,Footsteps,7,test
FSD50K/152953.wav,fsd50k/152953,Alarm,1,train
FSD50K/152954.wav,fsd50k/152954,Footsteps,7,train
FSD50K/153054.wav,fsd50k/153054,Alarm,1,train
FSD50K/153104.wav,fsd50k/153104,Footsteps,7,val
FSD50K/153170.wav,fsd50k/153170,Alarm,1,train
FSD50K/153282.wav,fsd50k/153282,Footsteps,7,train
FSD50K/153310.wav,fsd50k/153310,Footsteps,7,test
FSD50K/153492.wav,fsd50k/153492,Gunshot,9,val
FSD50K/153578.wav,fsd50k/153578,Motorcycle,13,train
FSD50K/154463.wav,fsd50k/154463,Knocking,12,val
FSD50K/154663.wav,fsd50k/154663,Footsteps,7,train
FSD50K/154780.wav,fsd50k/154780,Knocking,12,test
FSD50K/154840.wav,fsd50k/154840,Alarm,1,train
FSD50K/154856.wav,fsd50k/154856,Train,15,train
FSD50K/154894.wav,fsd50k/154894,Alarm,1,train
FSD50K/154954.wav,fsd50k/154954,Alarm,1,train
FSD50K/154956.wav,fsd50k/154956,Alarm,1,train
FSD50K/155092.wav,fsd50k/155092,Train,15,train
FSD50K/155197.wav,fsd50k/155197,Motorcycle,13,test
FSD50K/155249.wav,fsd50k/155249,Motorcycle,13,train
FSD50K/155251.wav,fsd50k/155251,Alarm,1,train
FSD50K/15561.wav,fsd50k/15561,Footsteps,7,val
FSD50K/15562.wav,fsd50k/15562,Footsteps,7,train
FSD50K/155620.wav,fsd50k/155620,Glass_Breaking,8,test
FSD50K/155639.wav,fsd50k/155639,Alarm,1,train
FSD50K/155654.wav,fsd50k/155654,Gunshot,9,train
FSD50K/155769.wav,fsd50k/155769,Alarm,1,train
FSD50K/155770.wav,fsd50k/155770,Alarm,1,train
FSD50K/155773.wav,fsd50k/155773,Motorcycle,13,train
FSD50K/155776.wav,fsd50k/155776,Alarm,1,train
FSD50K/155790.wav,fsd50k/155790,Gunshot,9,train
FSD50K/155920.wav,fsd50k/155920,Footsteps,7,train
FSD50K/155994.wav,fsd50k/155994,Train,15,train
FSD50K/156064.wav,fsd50k/156064,Alarm,1,train
FSD50K/156095.wav,fsd50k/156095,Motorcycle,13,train
FSD50K/156125.wav,fsd50k/156125,Alarm,1,train
FSD50K/156126.wav,fsd50k/156126,Alarm,1,test
FSD50K/156203.wav,fsd50k/156203,Motorcycle,13,train
FSD50K/156204.wav,fsd50k/156204,Motorcycle,13,train
FSD50K/156206.wav,fsd50k/156206,Footsteps,7,test
FSD50K/156453.wav,fsd50k/156453,Alarm,1,train
FSD50K/156510.wav,fsd50k/156510,Help_Shouting,10,val
FSD50K/15657.wav,fsd50k/15657,Motorcycle,13,test
FSD50K/156578.wav,fsd50k/156578,Glass_Breaking,8,train
FSD50K/156627.wav,fsd50k/156627,Footsteps,7,train
FSD50K/156672.wav,fsd50k/156672,Alarm,1,test
FSD50K/156677.wav,fsd50k/156677,Aircraft,0,train
FSD50K/156831.wav,fsd50k/156831,Alarm,1,train
FSD50K/156901.wav,fsd50k/156901,Help_Shouting,10,val
FSD50K/156904.wav,fsd50k/156904,Gunshot,9,train
FSD50K/156946.wav,fsd50k/156946,Footsteps,7,val
FSD50K/157018.wav,fsd50k/157018,Help_Shouting,10,test
FSD50K/157026.wav,fsd50k/157026,Footsteps,7,test
FSD50K/157206.wav,fsd50k/157206,Gunshot,9,test
FSD50K/157400.wav,fsd50k/157400,Aircraft,0,test
FSD50K/157580.wav,fsd50k/157580,Alarm,1,train
FSD50K/157803.wav,fsd50k/157803,Motorcycle,13,val
FSD50K/157961.wav,fsd50k/157961,Footsteps,7,train
FSD50K/157966.wav,fsd50k/157966,Footsteps,7,val
FSD50K/15813.wav,fsd50k/15813,Alarm,1,val
FSD50K/158140.wav,fsd50k/158140,Glass_Breaking,8,train
FSD50K/158142.wav,fsd50k/158142,Glass_Breaking,8,train
FSD50K/158501.wav,fsd50k/158501,Alarm,1,train
FSD50K/158502.wav,fsd50k/158502,Alarm,1,train
FSD50K/158503.wav,fsd50k/158503,Alarm,1,test
FSD50K/158504.wav,fsd50k/158504,Alarm,1,train
FSD50K/158505.wav,fsd50k/158505,Alarm,1,val
FSD50K/158507.wav,fsd50k/158507,Alarm,1,val
FSD50K/158509.wav,fsd50k/158509,Alarm,1,train
FSD50K/158517.wav,fsd50k/158517,Alarm,1,val
FSD50K/158519.wav,fsd50k/158519,Alarm,1,train
FSD50K/158609.wav,fsd50k/158609,Train,15,val
FSD50K/158611.wav,fsd50k/158611,Train,15,train
FSD50K/158724.wav,fsd50k/158724,Gunshot,9,train
FSD50K/159197.wav,fsd50k/159197,Glass_Breaking,8,train
FSD50K/159459.wav,fsd50k/159459,Help_Shouting,10,train
FSD50K/159460.wav,fsd50k/159460,Help_Shouting,10,val
FSD50K/159462.wav,fsd50k/159462,Glass_Breaking,8,test
FSD50K/159778.wav,fsd50k/159778,Aircraft,0,train
FSD50K/159779.wav,fsd50k/159779,Aircraft,0,test
FSD50K/160355.wav,fsd50k/160355,Gunshot,9,train
FSD50K/160362.wav,fsd50k/160362,Footsteps,7,train
FSD50K/160590.wav,fsd50k/160590,Gunshot,9,test
FSD50K/160605.wav,fsd50k/160605,Footsteps,7,train
FSD50K/160606.wav,fsd50k/160606,Train,15,train
FSD50K/160682.wav,fsd50k/160682,Train,15,test
FSD50K/160759.wav,fsd50k/160759,Glass_Breaking,8,train
FSD50K/160772.wav,fsd50k/160772,Gunshot,9,train
FSD50K/160773.wav,fsd50k/160773,Gunshot,9,test
FSD50K/16086.wav,fsd50k/16086,Help_Shouting,10,test
FSD50K/161102.wav,fsd50k/161102,Aircraft,0,train
FSD50K/161113.wav,fsd50k/161113,Aircraft,0,train
FSD50K/161114.wav,fsd50k/161114,Aircraft,0,train
FSD50K/161115.wav,fsd50k/161115,Aircraft,0,train
FSD50K/161309.wav,fsd50k/161309,Glass_Breaking,8,train
FSD50K/161360.wav,fsd50k/161360,Help_Shouting,10,train
FSD50K/161369.wav,fsd50k/161369,Help_Shouting,10,val
FSD50K/161370.wav,fsd50k/161370,Help_Shouting,10,train
FSD50K/161371.wav,fsd50k/161371,Help_Shouting,10,train
FSD50K/161475.wav,fsd50k/161475,Gunshot,9,train
FSD50K/161698.wav,fsd50k/161698,Aircraft,0,train
FSD50K/161967.wav,fsd50k/161967,Help_Shouting,10,train
FSD50K/161968.wav,fsd50k/161968,Gunshot,9,train
FSD50K/161969.wav,fsd50k/161969,Gunshot,9,test
FSD50K/161970.wav,fsd50k/161970,Gunshot,9,train
FSD50K/162169.wav,fsd50k/162169,Glass_Breaking,8,train
FSD50K/162258.wav,fsd50k/162258,Gunshot,9,train
FSD50K/162262.wav,fsd50k/162262,Gunshot,9,val
FSD50K/162263.wav,fsd50k/162263,Gunshot,9,train
FSD50K/162367.wav,fsd50k/162367,Aircraft,0,train
FSD50K/162397.wav,fsd50k/162397,Gunshot,9,train
FSD50K/162398.wav,fsd50k/162398,Gunshot,9,test
FSD50K/162403.wav,fsd50k/162403,Gunshot,9,train
FSD50K/162408.wav,fsd50k/162408,Aircraft,0,test
FSD50K/162439.wav,fsd50k/162439,Aircraft,0,test
FSD50K/162443.wav,fsd50k/162443,Alarm,1,val
FSD50K/162455.wav,fsd50k/162455,Gunshot,9,val
FSD50K/162802.wav,fsd50k/162802,Train,15,train
FSD50K/162803.wav,fsd50k/162803,Train,15,val
FSD50K/162816.wav,fsd50k/162816,Train,15,test
FSD50K/162817.wav,fsd50k/162817,Train,15,test
FSD50K/162851.wav,fsd50k/162851,Alarm,1,train
FSD50K/163050.wav,fsd50k/163050,Aircraft,0,train
FSD50K/16322.wav,fsd50k/16322,Aircraft,0,train
FSD50K/163364.wav,fsd50k/163364,Glass_Breaking,8,train
FSD50K/163455.wav,fsd50k/163455,Gunshot,9,train
FSD50K/163596.wav,fsd50k/163596,Motorcycle,13,test
FSD50K/163728.wav,fsd50k/163728,Help_Shouting,10,train
FSD50K/163729.wav,fsd50k/163729,Help_Shouting,10,test
FSD50K/163730.wav,fsd50k/163730,Doorbell,5,train
FSD50K/164006.wav,fsd50k/164006,Alarm,1,train
FSD50K/164020.wav,fsd50k/164020,Gunshot,9,train
FSD50K/164089.wav,fsd50k/164089,Alarm,1,train
FSD50K/164090.wav,fsd50k/164090,Alarm,1,train
FSD50K/164328.wav,fsd50k/164328,Glass_Breaking,8,val
FSD50K/164329.wav,fsd50k/164329,Glass_Breaking,8,train
FSD50K/164330.wav,fsd50k/164330,Glass_Breaking,8,train
FSD50K/164332.wav,fsd50k/164332,Glass_Breaking,8,train
FSD50K/164494.wav,fsd50k/164494,Footsteps,7,train
FSD50K/164539.wav,fsd50k/164539,Glass_Breaking,8,val
FSD50K/164540.wav,fsd50k/164540,Glass_Breaking,8,train
FSD50K/164541.wav,fsd50k/164541,Glass_Breaking,8,train
FSD50K/164542.wav,fsd50k/164542,Glass_Breaking,8,train
FSD50K/164566.wav,fsd50k/164566,Knocking,12,train
FSD50K/164567.wav,fsd50k/164567,Knocking,12,test
FSD50K/164568.wav,fsd50k/164568,Knocking,12,val
FSD50K/164569.wav,fsd50k/164569,Knocking,12,train
FSD50K/164571.wav,fsd50k/164571,Knocking,12,train
FSD50K/164666.wav,fsd50k/164666,Gunshot,9,train
FSD50K/164824.wav,fsd50k/164824,Footsteps,7,train
FSD50K/164937.wav,fsd50k/164937,Gunshot,9,val
FSD50K/165391.wav,fsd50k/165391,Gunshot,9,train
FSD50K/165393.wav,fsd50k/165393,Gunshot,9,test
FSD50K/165394.wav,fsd50k/165394,Gunshot,9,train
FSD50K/165478.wav,fsd50k/165478,Gunshot,9,train
FSD50K/165540.wav,fsd50k/165540,Gunshot,9,train
FSD50K/165542.wav,fsd50k/165542,Alarm,1,train
FSD50K/165596.wav,fsd50k/165596,Help_Shouting,10,train
FSD50K/165748.wav,fsd50k/165748,Aircraft,0,train
FSD50K/165795.wav,fsd50k/165795,Gunshot,9,test
FSD50K/165898.wav,fsd50k/165898,Help_Shouting,10,train
FSD50K/165987.wav,fsd50k/165987,Footsteps,7,train
FSD50K/166076.wav,fsd50k/166076,Gunshot,9,test
FSD50K/166157.wav,fsd50k/166157,Help_Shouting,10,train
FSD50K/166192.wav,fsd50k/166192,Gunshot,9,test
FSD50K/166275.wav,fsd50k/166275,Footsteps,7,val
FSD50K/166284.wav,fsd50k/166284,Footsteps,7,train
FSD50K/166287.wav,fsd50k/166287,Footsteps,7,train
FSD50K/166289.wav,fsd50k/166289,Footsteps,7,train
FSD50K/166293.wav,fsd50k/166293,Footsteps,7,val
FSD50K/166295.wav,fsd50k/166295,Footsteps,7,val
FSD50K/166297.wav,fsd50k/166297,Footsteps,7,val
FSD50K/166302.wav,fsd50k/166302,Footsteps,7,train
FSD50K/166303.wav,fsd50k/166303,Footsteps,7,test
FSD50K/166304.wav,fsd50k/166304,Footsteps,7,val
FSD50K/166305.wav,fsd50k/166305,Footsteps,7,train
FSD50K/166306.wav,fsd50k/166306,Footsteps,7,train
FSD50K/166356.wav,fsd50k/166356,Alarm,1,train
FSD50K/166416.wav,fsd50k/166416,Aircraft,0,train
FSD50K/166417.wav,fsd50k/166417,Aircraft,0,train
FSD50K/166434.wav,fsd50k/166434,Help_Shouting,10,train
FSD50K/166436.wav,fsd50k/166436,Help_Shouting,10,train
FSD50K/166441.wav,fsd50k/166441,Alarm,1,train
FSD50K/166509.wav,fsd50k/166509,Footsteps,7,test
FSD50K/166510.wav,fsd50k/166510,Footsteps,7,train
FSD50K/166623.wav,fsd50k/166623,Help_Shouting,10,train
FSD50K/166943.wav,fsd50k/166943,Help_Shouting,10,train
FSD50K/167157.wav,fsd50k/167157,Footsteps,7,val
FSD50K/167227.wav,fsd50k/167227,Help_Shouting,10,train
FSD50K/167337.wav,fsd50k/167337,Alarm,1,val
FSD50K/167487.wav,fsd50k/167487,Footsteps,7,test
FSD50K/168028.wav,fsd50k/168028,Alarm,1,val
FSD50K/168029.wav,fsd50k/168029,Alarm,1,test
FSD50K/168258.wav,fsd50k/168258,Alarm,1,train
FSD50K/168725.wav,fsd50k/168725,Help_Shouting,10,val
FSD50K/168777.wav,fsd50k/168777,Help_Shouting,10,train
FSD50K/168825.wav,fsd50k/168825,Alarm,1,train
FSD50K/169628.wav,fsd50k/169628,Help_Shouting,10,train
FSD50K/169673.wav,fsd50k/169673,Gunshot,9,train
FSD50K/169693.wav,fsd50k/169693,Footsteps,7,val
FSD50K/169811.wav,fsd50k/169811,Help_Shouting,10,train
FSD50K/169947.wav,fsd50k/169947,Train,15,val
FSD50K/169955.wav,fsd50k/169955,Train,15,train
FSD50K/170107.wav,fsd50k/170107,Footsteps,7,train
FSD50K/170464.wav,fsd50k/170464,Alarm,1,train
FSD50K/17060.wav,fsd50k/17060,Train,15,train
FSD50K/170847.wav,fsd50k/170847,Train,15,train
FSD50K/170848.wav,fsd50k/170848,Alarm,1,train
FSD50K/170902.wav,fsd50k/170902,Knocking,12,train
FSD50K/170955.wav,fsd50k/170955,Train,15,train
FSD50K/171136.wav,fsd50k/171136,Knocking,12,train
FSD50K/171236.wav,fsd50k/171236,Gunshot,9,train
FSD50K/171237.wav,fsd50k/171237,Gunshot,9,train
FSD50K/17140.wav,fsd50k/17140,Footsteps,7,train
FSD50K/171475.wav,fsd50k/171475,Gunshot,9,train
FSD50K/17148.wav,fsd50k/17148,Footsteps,7,train
FSD50K/171496.wav,fsd50k/171496,Alarm,1,val
FSD50K/17158.wav,fsd50k/17158,Motorcycle,13,val
FSD50K/171755.wav,fsd50k/171755,Alarm,1,val
FSD50K/171765.wav,fsd50k/171765,Help_Shouting,10,test
FSD50K/171973.wav,fsd50k/171973,Knocking,12,train
FSD50K/171994.wav,fsd50k/171994,Glass_Breaking,8,train
FSD50K/171996.wav,fsd50k/171996,Glass_Breaking,8,train
FSD50K/171998.wav,fsd50k/171998,Glass_Breaking,8,train
FSD50K/172000.wav,fsd50k/172000,Glass_Breaking,8,val
FSD50K/17204.wav,fsd50k/17204,Train,15,train
FSD50K/17206.wav,fsd50k/17206,Train,15,train
FSD50K/17208.wav,fsd50k/17208,Train,15,test
FSD50K/172357.wav,fsd50k/172357,Footsteps,7,test
FSD50K/172361.wav,fsd50k/172361,Footsteps,7,train
FSD50K/172364.wav,fsd50k/172364,Footsteps,7,test
FSD50K/172667.wav,fsd50k/172667,Aircraft,0,val
FSD50K/173000.wav,fsd50k/173000,Alarm,1,test
FSD50K/173001.wav,fsd50k/173001,Alarm,1,val
FSD50K/173070.wav,fsd50k/173070,Help_Shouting,10,train
FSD50K/173088.wav,fsd50k/173088,Help_Shouting,10,train
FSD50K/17314.wav,fsd50k/17314,Motorcycle,13,train
FSD50K/173557.wav,fsd50k/173557,Glass_Breaking,8,val
FSD50K/173558.wav,fsd50k/173558,Glass_Breaking,8,train
FSD50K/173560.wav,fsd50k/173560,Glass_Breaking,8,train
FSD50K/173576.wav,fsd50k/173576,Glass_Breaking,8,train
FSD50K/173577.wav,fsd50k/173577,Glass_Breaking,8,val
FSD50K/173579.wav,fsd50k/173579,Glass_Breaking,8,train
FSD50K/173580.wav,fsd50k/173580,Glass_Breaking,8,train
FSD50K/173581.wav,fsd50k/173581,Glass_Breaking,8,val
FSD50K/173585.wav,fsd50k/173585,Glass_Breaking,8,train
FSD50K/173591.wav,fsd50k/173591,Glass_Breaking,8,train
FSD50K/173592.wav,fsd50k/173592,Glass_Breaking,8,train
FSD50K/173593.wav,fsd50k/173593,Glass_Breaking,8,train
FSD50K/173594.wav,fsd50k/173594,Glass_Breaking,8,train
FSD50K/173595.wav,fsd50k/173595,Glass_Breaking,8,train
FSD50K/173596.wav,fsd50k/173596,Footsteps,7,test
FSD50K/173600.wav,fsd50k/173600,Glass_Breaking,8,test
FSD50K/173601.wav,fsd50k/173601,Glass_Breaking,8,train
FSD50K/173602.wav,fsd50k/173602,Glass_Breaking,8,train
FSD50K/173604.wav,fsd50k/173604,Glass_Breaking,8,train
FSD50K/173605.wav,fsd50k/173605,Glass_Breaking,8,train
FSD50K/173606.wav,fsd50k/173606,Glass_Breaking,8,train
FSD50K/173608.wav,fsd50k/173608,Glass_Breaking,8,train
FSD50K/173609.wav,fsd50k/173609,Glass_Breaking,8,test
FSD50K/173610.wav,fsd50k/173610,Glass_Breaking,8,train
FSD50K/173611.wav,fsd50k/173611,Glass_Breaking,8,train
FSD50K/173613.wav,fsd50k/173613,Glass_Breaking,8,train
FSD50K/173614.wav,fsd50k/173614,Glass_Breaking,8,train
FSD50K/173619.wav,fsd50k/173619,Glass_Breaking,8,val
FSD50K/173621.wav,fsd50k/173621,Glass_Breaking,8,val
FSD50K/173622.wav,fsd50k/173622,Glass_Breaking,8,train
FSD50K/173623.wav,fsd50k/173623,Glass_Breaking,8,train
FSD50K/174023.wav,fsd50k/174023,Train,15,train
FSD50K/174036.wav,fsd50k/174036,Train,15,val
FSD50K/174283.wav,fsd50k/174283,Gunshot,9,test
FSD50K/174640.wav,fsd50k/174640,Knocking,12,train
FSD50K/174747.wav,fsd50k/174747,Glass_Breaking,8,train
FSD50K/174750.wav,fsd50k/174750,Glass_Breaking,8,test
FSD50K/174882.wav,fsd50k/174882,Train,15,train
FSD50K/17490.wav,fsd50k/17490,Train,15,train
FSD50K/17500.wav,fsd50k/17500,Train,15,val
FSD50K/175142.wav,fsd50k/175142,Footsteps,7,train
FSD50K/175385.wav,fsd50k/175385,Help_Shouting,10,test
FSD50K/175389.wav,fsd50k/175389,Help_Shouting,10,train
FSD50K/175417.wav,fsd50k/175417,Knocking,12,test
FSD50K/175939.wav,fsd50k/175939,Footsteps,7,val
FSD50K/175940.wav,fsd50k/175940,Footsteps,7,train
FSD50K/17602.wav,fsd50k/17602,Help_Shouting,10,train
FSD50K/17603.wav,fsd50k/17603,Help_Shouting,10,val
FSD50K/176159.wav,fsd50k/176159,Footsteps,7,train
FSD50K/176338.wav,fsd50k/176338,Footsteps,7,train
FSD50K/17643.wav,fsd50k/17643,Help_Shouting,10,train
FSD50K/176805.wav,fsd50k/176805,Aircraft,0,val
FSD50K/176871.wav,fsd50k/176871,Train,15,train
FSD50K/177697.wav,fsd50k/177697,Motorcycle,13,train
FSD50K/177874.wav,fsd50k/177874,Alarm,1,train
FSD50K/177875.wav,fsd50k/177875,Alarm,1,test
FSD50K/177959.wav,fsd50k/177959,Glass_Breaking,8,train
FSD50K/178032.wav,fsd50k/178032,Alarm,1,train
FSD50K/178105.wav,fsd50k/178105,Help_Shouting,10,train
FSD50K/178180.wav,fsd50k/178180,Gunshot,9,train
FSD50K/17822.wav,fsd50k/17822,Aircraft,0,test
FSD50K/178313.wav,fsd50k/178313,Help_Shouting,10,train
FSD50K/178410.wav,fsd50k/178410,Help_Shouting,10,train
FSD50K/17851.wav,fsd50k/17851,Train,15,train
FSD50K/178582.wav,fsd50k/178582,Glass_Breaking,8,train
FSD50K/178608.wav,fsd50k/178608,Train,15,train
FSD50K/178849.wav,fsd50k/178849,Help_Shouting,10,train
FSD50K/178898.wav,fsd50k/178898,Alarm,1,test
FSD50K/178900.wav,fsd50k/178900,Train,15,train
FSD50K/178991.wav,fsd50k/178991,Knocking,12,train
FSD50K/179113.wav,fsd50k/179113,Alarm,1,train
FSD50K/179227.wav,fsd50k/179227,Glass_Breaking,8,train
FSD50K/179228.wav,fsd50k/179228,Glass_Breaking,8,train
FSD50K/179229.wav,fsd50k/179229,Glass_Breaking,8,train
FSD50K/179230.wav,fsd50k/179230,Glass_Breaking,8,train
FSD50K/179231.wav,fsd50k/179231,Glass_Breaking,8,val
FSD50K/179232.wav,fsd50k/179232,Glass_Breaking,8,train
FSD50K/179233.wav,fsd50k/179233,Glass_Breaking,8,train
FSD50K/179234.wav,fsd50k/179234,Glass_Breaking,8,train
FSD50K/179235.wav,fsd50k/179235,Glass_Breaking,8,train
FSD50K/179236.wav,fsd50k/179236,Glass_Breaking,8,train
FSD50K/179239.wav,fsd50k/179239,Glass_Breaking,8,train
FSD50K/179240.wav,fsd50k/179240,Glass_Breaking,8,val
FSD50K/179241.wav,fsd50k/179241,Glass_Breaking,8,train
FSD50K/179242.wav,fsd50k/179242,Glass_Breaking,8,test
FSD50K/179249.wav,fsd50k/179249,Glass_Breaking,8,val
FSD50K/179250.wav,fsd50k/179250,Glass_Breaking,8,train
FSD50K/179251.wav,fsd50k/179251,Glass_Breaking,8,train
FSD50K/179259.wav,fsd50k/179259,Glass_Breaking,8,val
FSD50K/179263.wav,fsd50k/179263,Glass_Breaking,8,val
FSD50K/179264.wav,fsd50k/179264,Glass_Breaking,8,val
FSD50K/179265.wav,fsd50k/179265,Glass_Breaking,8,test
FSD50K/179313.wav,fsd50k/179313,Help_Shouting,10,train
FSD50K/179315.wav,fsd50k/179315,Help_Shouting,10,train
FSD50K/179319.wav,fsd50k/179319,Help_Shouting,10,train
FSD50K/179321.wav,fsd50k/179321,Help_Shouting,10,val
FSD50K/179339.wav,fsd50k/179339,Footsteps,7,train
FSD50K/179349.wav,fsd50k/179349,Train,15,val
FSD50K/179352.wav,fsd50k/179352,Train,15,train
FSD50K/179714.wav,fsd50k/179714,Footsteps,7,val
FSD50K/180174.wav,fsd50k/180174,Alarm,1,val
FSD50K/180299.wav,fsd50k/180299,Help_Shouting,10,val
FSD50K/180300.wav,fsd50k/180300,Help_Shouting,10,test
FSD50K/180301.wav,fsd50k/180301,Help_Shouting,10,train
FSD50K/180302.wav,fsd50k/180302,Help_Shouting,10,train
FSD50K/180305.wav,fsd50k/180305,Help_Shouting,10,train
FSD50K/180307.wav,fsd50k/180307,Help_Shouting,10,train
FSD50K/180309.wav,fsd50k/180309,Help_Shouting,10,train
FSD50K/180310.wav,fsd50k/180310,Help_Shouting,10,val
FSD50K/180313.wav,fsd50k/180313,Help_Shouting,10,val
FSD50K/180315.wav,fsd50k/180315,Help_Shouting,10,train
FSD50K/180339.wav,fsd50k/180339,Vehicle_Horn,16,val
FSD50K/180341.wav,fsd50k/180341,Help_Shouting,10,train
FSD50K/180344.wav,fsd50k/180344,Help_Shouting,10,train
FSD50K/180350.wav,fsd50k/180350,Help_Shouting,10,val
FSD50K/180671.wav,fsd50k/180671,Motorcycle,13,test
FSD50K/180672.wav,fsd50k/180672,Motorcycle,13,train
FSD50K/180673.wav,fsd50k/180673,Motorcycle,13,train
FSD50K/180737.wav,fsd50k/180737,Alarm,1,train
FSD50K/180961.wav,fsd50k/180961,Gunshot,9,test
FSD50K/181347.wav,fsd50k/181347,Help_Shouting,10,train
FSD50K/181363.wav,fsd50k/181363,Alarm,1,train
FSD50K/181597.wav,fsd50k/181597,Alarm,1,test
FSD50K/181601.wav,fsd50k/181601,Alarm,1,train
FSD50K/18169.wav,fsd50k/18169,Footsteps,7,train
FSD50K/181728.wav,fsd50k/181728,Footsteps,7,train
FSD50K/181923.wav,fsd50k/181923,Knocking,12,train
FSD50K/182022.wav,fsd50k/182022,Knocking,12,test
FSD50K/182024.wav,fsd50k/182024,Knocking,12,train
FSD50K/182032.wav,fsd50k/182032,Knocking,12,val
FSD50K/182033.wav,fsd50k/182033,Knocking,12,val
FSD50K/182043.wav,fsd50k/182043,Knocking,12,train
FSD50K/182051.wav,fsd50k/182051,Gunshot,9,train
FSD50K/182236.wav,fsd50k/182236,Gunshot,9,train
FSD50K/182271.wav,fsd50k/182271,Gunshot,9,train
FSD50K/182272.wav,fsd50k/182272,Gunshot,9,train
FSD50K/182273.wav,fsd50k/182273,Gunshot,9,train
FSD50K/182274.wav,fsd50k/182274,Gunshot,9,train
FSD50K/182351.wav,fsd50k/182351,Alarm,1,val
FSD50K/182429.wav,fsd50k/182429,Gunshot,9,train
FSD50K/182431.wav,fsd50k/182431,Gunshot,9,train
FSD50K/182435.wav,fsd50k/182435,Gunshot,9,train
FSD50K/182785.wav,fsd50k/182785,Motorcycle,13,val
FSD50K/182790.wav,fsd50k/182790,Gunshot,9,train
FSD50K/182806.wav,fsd50k/182806,Gunshot,9,test
FSD50K/182896.wav,fsd50k/182896,Glass_Breaking,8,test
FSD50K/182924.wav,fsd50k/182924,Help_Shouting,10,train
FSD50K/183592.wav,fsd50k/183592,Aircraft,0,val
FSD50K/183627.wav,fsd50k/183627,Aircraft,0,train
FSD50K/184000.wav,fsd50k/184000,Alarm,1,train
FSD50K/184226.wav,fsd50k/184226,Train,15,val
FSD50K/184275.wav,fsd50k/184275,Gunshot,9,train
FSD50K/184291.wav,fsd50k/184291,Train,15,train
FSD50K/184373.wav,fsd50k/184373,Help_Shouting,10,train
FSD50K/184412.wav,fsd50k/184412,Aircraft,0,train
FSD50K/184418.wav,fsd50k/184418,Gunshot,9,train
FSD50K/18442.wav,fsd50k/18442,Motorcycle,13,train
FSD50K/18443.wav,fsd50k/18443,Footsteps,7,train
FSD50K/184582.wav,fsd50k/184582,Footsteps,7,val
FSD50K/184651.wav,fsd50k/184651,Gunshot,9,train
FSD50K/184723.wav,fsd50k/184723,Aircraft,0,val
FSD50K/184833.wav,fsd50k/184833,Help_Shouting,10,val
FSD50K/184880.wav,fsd50k/184880,Footsteps,7,test
FSD50K/184947.wav,fsd50k/184947,Aircraft,0,train
FSD50K/185034.wav,fsd50k/185034,Gunshot,9,train
FSD50K/185042.wav,fsd50k/185042,Footsteps,7,val
FSD50K/185056.wav,fsd50k/185056,Alarm,1,train
FSD50K/185124.wav,fsd50k/185124,Train,15,train
FSD50K/18529.wav,fsd50k/18529,Train,15,train
FSD50K/185474.wav,fsd50k/185474,Alarm,1,train
FSD50K/185560.wav,fsd50k/185560,Alarm,1,train
FSD50K/185708.wav,fsd50k/185708,Alarm,1,train
FSD50K/185951.wav,fsd50k/185951,Aircraft,0,train
FSD50K/186011.wav,fsd50k/186011,Footsteps,7,test
FSD50K/18603.wav,fsd50k/18603,Aircraft,0,train
FSD50K/186037.wav,fsd50k/186037,Footsteps,7,train
FSD50K/186049.wav,fsd50k/186049,Gunshot,9,val
FSD50K/18632.wav,fsd50k/18632,Alarm,1,test
FSD50K/186395.wav,fsd50k/186395,Motorcycle,13,train
FSD50K/186473.wav,fsd50k/186473,Footsteps,7,train
FSD50K/186474.wav,fsd50k/186474,Alarm,1,train
FSD50K/186517.wav,fsd50k/186517,Knocking,12,train
FSD50K/186767.wav,fsd50k/186767,Glass_Breaking,8,test
FSD50K/18686.wav,fsd50k/18686,Train,15,val
FSD50K/187021.wav,fsd50k/187021,Motorcycle,13,train
FSD50K/187281.wav,fsd50k/187281,Footsteps,7,train
FSD50K/187294.wav,fsd50k/187294,Help_Shouting,10,val
FSD50K/187303.wav,fsd50k/187303,Train,15,train
FSD50K/187306.wav,fsd50k/187306,Alarm,1,train
FSD50K/187308.wav,fsd50k/187308,Help_Shouting,10,train
FSD50K/187314.wav,fsd50k/187314,Doorbell,5,test
FSD50K/187381.wav,fsd50k/187381,Footsteps,7,train
FSD50K/187534.wav,fsd50k/187534,Gunshot,9,train
FSD50K/18754.wav,fsd50k/18754,Footsteps,7,val
FSD50K/187591.wav,fsd50k/187591,Motorcycle,13,train
FSD50K/187592.wav,fsd50k/187592,Motorcycle,13,train
FSD50K/187678.wav,fsd50k/187678,Aircraft,0,train
FSD50K/187681.wav,fsd50k/187681,Aircraft,0,test
FSD50K/187702.wav,fsd50k/187702,Gunshot,9,train
FSD50K/187708.wav,fsd50k/187708,Aircraft,0,val
FSD50K/187734.wav,fsd50k/187734,Aircraft,0,train
FSD50K/187762.wav,fsd50k/187762,Help_Shouting,10,val
FSD50K/187767.wav,fsd50k/187767,Gunshot,9,test
FSD50K/187793.wav,fsd50k/187793,Help_Shouting,10,test
FSD50K/187905.wav,fsd50k/187905,Motorcycle,13,train
FSD50K/188006.wav,fsd50k/188006,Motorcycle,13,train
FSD50K/188032.wav,fsd50k/188032,Alarm,1,test
FSD50K/188058.wav,fsd50k/188058,Footsteps,7,test
FSD50K/188089.wav,fsd50k/188089,Motorcycle,13,val
FSD50K/188276.wav,fsd50k/188276,Knocking,12,train
FSD50K/188488.wav,fsd50k/188488,Help_Shouting,10,train
FSD50K/188490.wav,fsd50k/188490,Help_Shouting,10,train
FSD50K/188848.wav,fsd50k/188848,Footsteps,7,val
FSD50K/188883.wav,fsd50k/188883,Knocking,12,train
FSD50K/189229.wav,fsd50k/189229,Footsteps,7,test
FSD50K/189327.wav,fsd50k/189327,Alarm,1,train
FSD50K/189332.wav,fsd50k/189332,Alarm,1,train
FSD50K/189446.wav,fsd50k/189446,Aircraft,0,train
FSD50K/189575.wav,fsd50k/189575,Glass_Breaking,8,test
FSD50K/189644.wav,fsd50k/189644,Aircraft,0,train
FSD50K/189754.wav,fsd50k/189754,Alarm,1,train
FSD50K/189755.wav,fsd50k/189755,Alarm,1,train
FSD50K/189764.wav,fsd50k/189764,Alarm,1,train
FSD50K/189773.wav,fsd50k/189773,Motorcycle,13,train
FSD50K/189843.wav,fsd50k/189843,Footsteps,7,test
FSD50K/18994.wav,fsd50k/18994,Train,15,train
FSD50K/18997.wav,fsd50k/18997,Train,15,train
FSD50K/18998.wav,fsd50k/18998,Train,15,train
FSD50K/18999.wav,fsd50k/18999,Train,15,train
FSD50K/19000.wav,fsd50k/19000,Train,15,val
FSD50K/19002.wav,fsd50k/19002,Train,15,test
FSD50K/190025.wav,fsd50k/190025,Knocking,12,train
FSD50K/190026.wav,fsd50k/190026,Knocking,12,train
FSD50K/190027.wav,fsd50k/190027,Knocking,12,train
FSD50K/19003.wav,fsd50k/19003,Train,15,val
FSD50K/190465.wav,fsd50k/190465,Train,15,train
FSD50K/190647.wav,fsd50k/190647,Alarm,1,train
FSD50K/191088.wav,fsd50k/191088,Help_Shouting,10,train
FSD50K/191121.wav,fsd50k/191121,Footsteps,7,val
FSD50K/191125.wav,fsd50k/191125,Alarm,1,train
FSD50K/191289.wav,fsd50k/191289,Gunshot,9,train
FSD50K/191334.wav,fsd50k/191334,Train,15,test
FSD50K/191733.wav,fsd50k/191733,Vehicle_Horn,16,train
FSD50K/191851.wav,fsd50k/191851,Footsteps,7,val
FSD50K/19188.wav,fsd50k/19188,Help_Shouting,10,train
FSD50K/191901.wav,fsd50k/191901,Alarm,1,val
FSD50K/191944.wav,fsd50k/191944,Help_Shouting,10,train
FSD50K/192002.wav,fsd50k/192002,Help_Shouting,10,val
FSD50K/192060.wav,fsd50k/192060,Glass_Breaking,8,train
FSD50K/192104.wav,fsd50k/192104,Gunshot,9,train
FSD50K/192133.wav,fsd50k/192133,Help_Shouting,10,train
FSD50K/1922.wav,fsd50k/1922,Help_Shouting,10,train
FSD50K/192343.wav,fsd50k/192343,Alarm,1,train
FSD50K/192387.wav,fsd50k/192387,Motorcycle,13,test
FSD50K/192388.wav,fsd50k/192388,Motorcycle,13,train
FSD50K/192389.wav,fsd50k/192389,Motorcycle,13,train
FSD50K/192390.wav,fsd50k/192390,Motorcycle,13,test
FSD50K/192391.wav,fsd50k/192391,Motorcycle,13,test
FSD50K/192392.wav,fsd50k/192392,Motorcycle,13,train
FSD50K/192393.wav,fsd50k/192393,Motorcycle,13,train
FSD50K/192394.wav,fsd50k/192394,Motorcycle,13,test
FSD50K/192395.wav,fsd50k/192395,Motorcycle,13,val
FSD50K/192396.wav,fsd50k/192396,Motorcycle,13,train
FSD50K/192397.wav,fsd50k/192397,Motorcycle,13,train
FSD50K/192398.wav,fsd50k/192398,Motorcycle,13,train
FSD50K/192399.wav,fsd50k/192399,Motorcycle,13,train
FSD50K/1925.wav,fsd50k/1925,Help_Shouting,10,train
FSD50K/192761.wav,fsd50k/192761,Alarm,1,train
FSD50K/19345.wav,fsd50k/19345,Help_Shouting,10,train
FSD50K/193732.wav,fsd50k/193732,Train,15,train
FSD50K/193826.wav,fsd50k/193826,Knocking,12,train
FSD50K/193827.wav,fsd50k/193827,Knocking,12,test
FSD50K/193828.wav,fsd50k/193828,Knocking,12,train
FSD50K/193829.wav,fsd50k/193829,Knocking,12,train
FSD50K/193830.wav,fsd50k/193830,Knocking,12,test
FSD50K/193831.wav,fsd50k/193831,Knocking,12,test
FSD50K/193832.wav,fsd50k/193832,Knocking,12,val
FSD50K/193833.wav,fsd50k/193833,Knocking,12,train
FSD50K/193834.wav,fsd50k/193834,Knocking,12,val
FSD50K/193835.wav,fsd50k/193835,Knocking,12,train
FSD50K/193836.wav,fsd50k/193836,Knocking,12,train
FSD50K/193837.wav,fsd50k/193837,Knocking,12,test
FSD50K/193838.wav,fsd50k/193838,Knocking,12,val
FSD50K/193839.wav,fsd50k/193839,Knocking,12,train
FSD50K/193840.wav,fsd50k/193840,Knocking,12,train
FSD50K/193841.wav,fsd50k/193841,Knocking,12,test
FSD50K/193842.wav,fsd50k/193842,Knocking,12,train
FSD50K/193843.wav,fsd50k/193843,Knocking,12,test
FSD50K/193844.wav,fsd50k/193844,Knocking,12,train
FSD50K/193845.wav,fsd50k/193845,Knocking,12,train
FSD50K/193846.wav,fsd50k/193846,Knocking,12,test
FSD50K/193847.wav,fsd50k/193847,Knocking,12,train
FSD50K/193848.wav,fsd50k/193848,Knocking,12,train
FSD50K/193849.wav,fsd50k/193849,Knocking,12,val
FSD50K/193850.wav,fsd50k/193850,Knocking,12,test
FSD50K/193851.wav,fsd50k/193851,Knocking,12,train
FSD50K/193852.wav,fsd50k/193852,Knocking,12,test
FSD50K/193853.wav,fsd50k/193853,Knocking,12,val
FSD50K/193854.wav,fsd50k/193854,Knocking,12,train
FSD50K/193855.wav,fsd50k/193855,Knocking,12,train
FSD50K/193856.wav,fsd50k/193856,Knocking,12,train
FSD50K/193857.wav,fsd50k/193857,Knocking,12,train
FSD50K/193858.wav,fsd50k/193858,Knocking,12,test
FSD50K/193859.wav,fsd50k/193859,Knocking,12,train
FSD50K/193860.wav,fsd50k/193860,Knocking,12,train
FSD50K/193861.wav,fsd50k/193861,Knocking,12,train
FSD50K/193862.wav,fsd50k/193862,Knocking,12,train
FSD50K/193863.wav,fsd50k/193863,Knocking,12,train
FSD50K/193864.wav,fsd50k/193864,Knocking,12,train
FSD50K/193865.wav,fsd50k/193865,Knocking,12,train
FSD50K/193866.wav,fsd50k/193866,Knocking,12,train
FSD50K/193867.wav,fsd50k/193867,Knocking,12,val
FSD50K/193868.wav,fsd50k/193868,Knocking,12,train
FSD50K/193869.wav,fsd50k/193869,Knocking,12,train
FSD50K/193870.wav,fsd50k/193870,Knocking,12,train
FSD50K/193871.wav,fsd50k/193871,Knocking,12,train
FSD50K/193872.wav,fsd50k/193872,Knocking,12,train
FSD50K/193873.wav,fsd50k/193873,Knocking,12,val
FSD50K/194365.wav,fsd50k/194365,Knocking,12,train
FSD50K/194682.wav,fsd50k/194682,Glass_Breaking,8,train
FSD50K/194683.wav,fsd50k/194683,Glass_Breaking,8,val
FSD50K/194684.wav,fsd50k/194684,Glass_Breaking,8,train
FSD50K/194685.wav,fsd50k/194685,Glass_Breaking,8,train
FSD50K/194786.wav,fsd50k/194786,Aircraft,0,train
FSD50K/194813.wav,fsd50k/194813,Help_Shouting,10,train
FSD50K/194944.wav,fsd50k/194944,Footsteps,7,train
FSD50K/194978.wav,fsd50k/194978,Footsteps,7,train
FSD50K/194991.wav,fsd50k/194991,Footsteps,7,test
FSD50K/194993.wav,fsd50k/194993,Footsteps,7,train
FSD50K/195089.wav,fsd50k/195089,Help_Shouting,10,train
FSD50K/195167.wav,fsd50k/195167,Motorcycle,13,test
FSD50K/195168.wav,fsd50k/195168,Motorcycle,13,test
FSD50K/195410.wav,fsd50k/195410,Aircraft,0,train
FSD50K/195411.wav,fsd50k/195411,Help_Shouting,10,train
FSD50K/195412.wav,fsd50k/195412,Aircraft,0,val
FSD50K/195457.wav,fsd50k/195457,Footsteps,7,train
FSD50K/195458.wav,fsd50k/195458,Footsteps,7,train
FSD50K/195466.wav,fsd50k/195466,Train,15,train
FSD50K/195624.wav,fsd50k/195624,Glass_Breaking,8,train
FSD50K/195655.wav,fsd50k/195655,Motorcycle,13,train
FSD50K/195981.wav,fsd50k/195981,Train,15,train
FSD50K/195982.wav,fsd50k/195982,Train,15,train
FSD50K/195983.wav,fsd50k/195983,Train,15,val
FSD50K/196117.wav,fsd50k/196117,Help_Shouting,10,train
FSD50K/196128.wav,fsd50k/196128,Help_Shouting,10,train
FSD50K/196139.wav,fsd50k/196139,Alarm,1,train
FSD50K/196259.wav,fsd50k/196259,Alarm,1,train
FSD50K/196368.wav,fsd50k/196368,Alarm,1,val
FSD50K/196370.wav,fsd50k/196370,Doorbell,5,train
FSD50K/196371.wav,fsd50k/196371,Doorbell,5,train
FSD50K/196372.wav,fsd50k/196372,Alarm,1,test
FSD50K/196373.wav,fsd50k/196373,Alarm,1,train
FSD50K/196374.wav,fsd50k/196374,Doorbell,5,train
FSD50K/196375.wav,fsd50k/196375,Alarm,1,train
FSD50K/196376.wav,fsd50k/196376,Alarm,1,train
FSD50K/196377.wav,fsd50k/196377,Alarm,1,train
FSD50K/196378.wav,fsd50k/196378,Doorbell,5,train
FSD50K/196379.wav,fsd50k/196379,Alarm,1,train
FSD50K/196380.wav,fsd50k/196380,Doorbell,5,train
FSD50K/196645.wav,fsd50k/196645,Help_Shouting,10,test
FSD50K/196653.wav,fsd50k/196653,Aircraft,0,train
FSD50K/196693.wav,fsd50k/196693,Motorcycle,13,train
FSD50K/196694.wav,fsd50k/196694,Motorcycle,13,train
FSD50K/196753.wav,fsd50k/196753,Gunshot,9,train
FSD50K/196838.wav,fsd50k/196838,Alarm,1,train
FSD50K/197106.wav,fsd50k/197106,Motorcycle,13,train
FSD50K/197122.wav,fsd50k/197122,Train,15,val
FSD50K/197248.wav,fsd50k/197248,Aircraft,0,val
FSD50K/197261.wav,fsd50k/197261,Glass_Breaking,8,train
FSD50K/197322.wav,fsd50k/197322,Gunshot,9,train
FSD50K/197417.wav,fsd50k/197417,Help_Shouting,10,train
FSD50K/197450.wav,fsd50k/197450,Footsteps,7,train
FSD50K/197866.wav,fsd50k/197866,Knocking,12,val
FSD50K/197979.wav,fsd50k/197979,Knocking,12,train
FSD50K/19805.wav,fsd50k/19805,Train,15,train
FSD50K/19806.wav,fsd50k/19806,Train,15,val
FSD50K/19807.wav,fsd50k/19807,Train,15,train
FSD50K/198121.wav,fsd50k/198121,Gunshot,9,train
FSD50K/198297.wav,fsd50k/198297,Alarm,1,train
FSD50K/198408.wav,fsd50k/198408,Alarm,1,test
FSD50K/198496.wav,fsd50k/198496,Alarm,1,val
FSD50K/198611.wav,fsd50k/198611,Motorcycle,13,train
FSD50K/198612.wav,fsd50k/198612,Motorcycle,13,val
FSD50K/198844.wav,fsd50k/198844,Alarm,1,val
FSD50K/198952.wav,fsd50k/198952,Gunshot,9,val
FSD50K/198989.wav,fsd50k/198989,Footsteps,7,test
FSD50K/199567.wav,fsd50k/199567,Footsteps,7,train
FSD50K/199828.wav,fsd50k/199828,Train,15,train
FSD50K/199878.wav,fsd50k/199878,Footsteps,7,train
FSD50K/199879.wav,fsd50k/199879,Knocking,12,val
FSD50K/199882.wav,fsd50k/199882,Knocking,12,train
FSD50K/199888.wav,fsd50k/199888,Footsteps,7,train
FSD50K/199889.wav,fsd50k/199889,Footsteps,7,train
FSD50K/199906.wav,fsd50k/199906,Glass_Breaking,8,train
FSD50K/200338.wav,fsd50k/200338,Train,15,train
FSD50K/200436.wav,fsd50k/200436,Aircraft,0,test
FSD50K/200809.wav,fsd50k/200809,Alarm,1,val
FSD50K/201309.wav,fsd50k/201309,Train,15,train
FSD50K/201319.wav,fsd50k/201319,Footsteps,7,train
FSD50K/201325.wav,fsd50k/201325,Alarm,1,test
FSD50K/201611.wav,fsd50k/201611,Alarm,1,train
FSD50K/201667.wav,fsd50k/201667,Gunshot,9,test
FSD50K/201713.wav,fsd50k/201713,Gunshot,9,val
FSD50K/201852.wav,fsd50k/201852,Footsteps,7,train
FSD50K/201899.wav,fsd50k/201899,Alarm,1,train
FSD50K/201917.wav,fsd50k/201917,Alarm,1,train
FSD50K/201945.wav,fsd50k/201945,Alarm,1,val
FSD50K/20198.wav,fsd50k/20198,Motorcycle,13,train
FSD50K/202029.wav,fsd50k/202029,Alarm,1,train
FSD50K/202037.wav,fsd50k/202037,Help_Shouting,10,train
FSD50K/202093.wav,fsd50k/202093,Glass_Breaking,8,test
FSD50K/202231.wav,fsd50k/202231,Knocking,12,train
FSD50K/202412.wav,fsd50k/202412,Footsteps,7,train
FSD50K/202418.wav,fsd50k/202418,Alarm,1,test
FSD50K/202423.wav,fsd50k/202423,Alarm,1,test
FSD50K/202474.wav,fsd50k/202474,Alarm,1,train
FSD50K/202498.wav,fsd50k/202498,Help_Shouting,10,train
FSD50K/202512.wav,fsd50k/202512,Alarm,1,val
FSD50K/202676.wav,fsd50k/202676,Alarm,1,val
FSD50K/202809.wav,fsd50k/202809,Motorcycle,13,test
FSD50K/203175.wav,fsd50k/203175,Train,15,train
FSD50K/203287.wav,fsd50k/203287,Alarm,1,train
FSD50K/203368.wav,fsd50k/203368,Glass_Breaking,8,train
FSD50K/203369.wav,fsd50k/203369,Glass_Breaking,8,train
FSD50K/203370.wav,fsd50k/203370,Glass_Breaking,8,train
FSD50K/203372.wav,fsd50k/203372,Glass_Breaking,8,train
FSD50K/203379.wav,fsd50k/203379,Glass_Breaking,8,train
FSD50K/20352.wav,fsd50k/20352,Gunshot,9,train
FSD50K/203539.wav,fsd50k/203539,Alarm,1,val
FSD50K/203941.wav,fsd50k/203941,Doorbell,5,train
FSD50K/203942.wav,fsd50k/203942,Doorbell,5,train
FSD50K/203943.wav,fsd50k/203943,Alarm,1,train
FSD50K/203944.wav,fsd50k/203944,Alarm,1,train
FSD50K/203945.wav,fsd50k/203945,Doorbell,5,train
FSD50K/203946.wav,fsd50k/203946,Alarm,1,train
FSD50K/203947.wav,fsd50k/203947,Alarm,1,train
FSD50K/203948.wav,fsd50k/203948,Alarm,1,train
FSD50K/204009.wav,fsd50k/204009,Gunshot,9,train
FSD50K/204010.wav,fsd50k/204010,Gunshot,9,train
FSD50K/204116.wav,fsd50k/204116,Glass_Breaking,8,train
FSD50K/204120.wav,fsd50k/204120,Glass_Breaking,8,train
FSD50K/204122.wav,fsd50k/204122,Glass_Breaking,8,val
FSD50K/204124.wav,fsd50k/204124,Glass_Breaking,8,test
FSD50K/204132.wav,fsd50k/204132,Glass_Breaking,8,train
FSD50K/204133.wav,fsd50k/204133,Glass_Breaking,8,train
FSD50K/204134.wav,fsd50k/204134,Glass_Breaking,8,test
FSD50K/204140.wav,fsd50k/204140,Glass_Breaking,8,test
FSD50K/204141.wav,fsd50k/204141,Glass_Breaking,8,train
FSD50K/204142.wav,fsd50k/204142,Glass_Breaking,8,train
FSD50K/204143.wav,fsd50k/204143,Glass_Breaking,8,test
FSD50K/204144.wav,fsd50k/204144,Glass_Breaking,8,train
FSD50K/204185.wav,fsd50k/204185,Glass_Breaking,8,train
FSD50K/204423.wav,fsd50k/204423,Alarm,1,train
FSD50K/204425.wav,fsd50k/204425,Alarm,1,train
FSD50K/204426.wav,fsd50k/204426,Alarm,1,train
FSD50K/204468.wav,fsd50k/204468,Footsteps,7,train
FSD50K/204491.wav,fsd50k/204491,Knocking,12,train
FSD50K/204684.wav,fsd50k/204684,Alarm,1,train
FSD50K/204685.wav,fsd50k/204685,Glass_Breaking,8,train
FSD50K/204686.wav,fsd50k/204686,Glass_Breaking,8,train
FSD50K/204687.wav,fsd50k/204687,Glass_Breaking,8,train
FSD50K/204688.wav,fsd50k/204688,Glass_Breaking,8,train
FSD50K/204692.wav,fsd50k/204692,Glass_Breaking,8,test
FSD50K/204697.wav,fsd50k/204697,Glass_Breaking,8,train
FSD50K/204920.wav,fsd50k/204920,Footsteps,7,test
FSD50K/204949.wav,fsd50k/204949,Gunshot,9,train
FSD50K/205011.wav,fsd50k/205011,Gunshot,9,train
FSD50K/205734.wav,fsd50k/205734,Help_Shouting,10,train
FSD50K/205735.wav,fsd50k/205735,Help_Shouting,10,train
FSD50K/205749.wav,fsd50k/205749,Footsteps,7,train
FSD50K/205949.wav,fsd50k/205949,Doorbell,5,train
FSD50K/206080.wav,fsd50k/206080,Alarm,1,val
FSD50K/206081.wav,fsd50k/206081,Alarm,1,train
FSD50K/207125.wav,fsd50k/207125,Footsteps,7,train
FSD50K/207126.wav,fsd50k/207126,Footsteps,7,train
FSD50K/207135.wav,fsd50k/207135,Alarm,1,train
FSD50K/207224.wav,fsd50k/207224,Footsteps,7,train
FSD50K/207247.wav,fsd50k/207247,Aircraft,0,train
FSD50K/207252.wav,fsd50k/207252,Aircraft,0,val
FSD50K/207451.wav,fsd50k/207451,Help_Shouting,10,train
FSD50K/207456.wav,fsd50k/207456,Aircraft,0,train
FSD50K/207457.wav,fsd50k/207457,Aircraft,0,test
FSD50K/207463.wav,fsd50k/207463,Aircraft,0,val
FSD50K/207470.wav,fsd50k/207470,Aircraft,0,train
FSD50K/207751.wav,fsd50k/207751,Alarm,1,test
FSD50K/207860.wav,fsd50k/207860,Help_Shouting,10,train
FSD50K/208034.wav,fsd50k/208034,Help_Shouting,10,test
FSD50K/208317.wav,fsd50k/208317,Knocking,12,train
FSD50K/208656.wav,fsd50k/208656,Glass_Breaking,8,train
FSD50K/208696.wav,fsd50k/208696,Glass_Breaking,8,train
FSD50K/208766.wav,fsd50k/208766,Footsteps,7,val
FSD50K/208840.wav,fsd50k/208840,Aircraft,0,val
FSD50K/208841.wav,fsd50k/208841,Aircraft,0,train
FSD50K/208846.wav,fsd50k/208846,Aircraft,0,test
FSD50K/208847.wav,fsd50k/208847,Aircraft,0,train
FSD50K/208854.wav,fsd50k/208854,Aircraft,0,val
FSD50K/208855.wav,fsd50k/208855,Aircraft,0,train
FSD50K/208861.wav,fsd50k/208861,Aircraft,0,train
FSD50K/209042.wav,fsd50k/209042,Aircraft,0,val
FSD50K/209220.wav,fsd50k/209220,Knocking,12,train
FSD50K/209221.wav,fsd50k/209221,Knocking,12,val
FSD50K/209222.wav,fsd50k/209222,Knocking,12,train
FSD50K/209223.wav,fsd50k/209223,Knocking,12,train
FSD50K/209420.wav,fsd50k/209420,Aircraft,0,test
FSD50K/209422.wav,fsd50k/209422,Aircraft,0,train
FSD50K/209434.wav,fsd50k/209434,Aircraft,0,train
FSD50K/209437.wav,fsd50k/209437,Aircraft,0,train
FSD50K/209442.wav,fsd50k/209442,Aircraft,0,train
FSD50K/209445.wav,fsd50k/209445,Aircraft,0,train
FSD50K/209523.wav,fsd50k/209523,Alarm,1,train
FSD50K/209536.wav,fsd50k/209536,Alarm,1,train
FSD50K/209661.wav,fsd50k/209661,Footsteps,7,train
FSD50K/209698.wav,fsd50k/209698,Alarm,1,val
FSD50K/209964.wav,fsd50k/209964,Footsteps,7,train
FSD50K/209969.wav,fsd50k/209969,Alarm,1,train
FSD50K/209970.wav,fsd50k/209970,Vehicle_Horn,16,train
FSD50K/209979.wav,fsd50k/209979,Footsteps,7,train
FSD50K/209990.wav,fsd50k/209990,Help_Shouting,10,train
FSD50K/209996.wav,fsd50k/209996,Glass_Breaking,8,train
FSD50K/210195.wav,fsd50k/210195,Footsteps,7,train
FSD50K/210254.wav,fsd50k/210254,Alarm,1,train
FSD50K/210262.wav,fsd50k/210262,Alarm,1,train
FSD50K/210270.wav,fsd50k/210270,Alarm,1,train
FSD50K/210363.wav,fsd50k/210363,Alarm,1,val
FSD50K/210513.wav,fsd50k/210513,Alarm,1,val
FSD50K/210535.wav,fsd50k/210535,Knocking,12,val
FSD50K/210536.wav,fsd50k/210536,Knocking,12,train
FSD50K/210731.wav,fsd50k/210731,Help_Shouting,10,train
FSD50K/210734.wav,fsd50k/210734,Help_Shouting,10,train
FSD50K/210901.wav,fsd50k/210901,Gunshot,9,train
FSD50K/210995.wav,fsd50k/210995,Help_Shouting,10,train
FSD50K/211103.wav,fsd50k/211103,Alarm,1,train
FSD50K/211408.wav,fsd50k/211408,Alarm,1,train
FSD50K/211496.wav,fsd50k/211496,Knocking,12,test
FSD50K/211497.wav,fsd50k/211497,Knocking,12,train
FSD50K/211498.wav,fsd50k/211498,Knocking,12,train
FSD50K/211499.wav,fsd50k/211499,Knocking,12,train
FSD50K/211501.wav,fsd50k/211501,Knocking,12,train
FSD50K/211503.wav,fsd50k/211503,Knocking,12,train
FSD50K/211667.wav,fsd50k/211667,Motorcycle,13,val
FSD50K/211668.wav,fsd50k/211668,Motorcycle,13,train
FSD50K/21191.wav,fsd50k/21191,Motorcycle,13,train
FSD50K/21192.wav,fsd50k/21192,Motorcycle,13,val
FSD50K/212127.wav,fsd50k/212127,Doorbell,5,train
FSD50K/212128.wav,fsd50k/212128,Alarm,1,train
FSD50K/212129.wav,fsd50k/212129,Alarm,1,test
FSD50K/212182.wav,fsd50k/212182,Alarm,1,train
FSD50K/212186.wav,fsd50k/212186,Alarm,1,test
FSD50K/212187.wav,fsd50k/212187,Vehicle_Horn,16,train
FSD50K/212594.wav,fsd50k/212594,Gunshot,9,train
FSD50K/212600.wav,fsd50k/212600,Gunshot,9,train
FSD50K/212710.wav,fsd50k/212710,Help_Shouting,10,val
FSD50K/213153.wav,fsd50k/213153,Glass_Breaking,8,train
FSD50K/213154.wav,fsd50k/213154,Glass_Breaking,8,train
FSD50K/213156.wav,fsd50k/213156,Glass_Breaking,8,train
FSD50K/213158.wav,fsd50k/213158,Glass_Breaking,8,train
FSD50K/213159.wav,fsd50k/213159,Glass_Breaking,8,train
FSD50K/213160.wav,fsd50k/213160,Glass_Breaking,8,val
FSD50K/213161.wav,fsd50k/213161,Glass_Breaking,8,train
FSD50K/213162.wav,fsd50k/213162,Glass_Breaking,8,train
FSD50K/213163.wav,fsd50k/213163,Glass_Breaking,8,train
FSD50K/213164.wav,fsd50k/213164,Glass_Breaking,8,train
FSD50K/213165.wav,fsd50k/213165,Glass_Breaking,8,train
FSD50K/213166.wav,fsd50k/213166,Glass_Breaking,8,test
FSD50K/21323.wav,fsd50k/21323,Help_Shouting,10,train
FSD50K/21324.wav,fsd50k/21324,Help_Shouting,10,train
FSD50K/213298.wav,fsd50k/213298,Footsteps,7,test
FSD50K/213305.wav,fsd50k/213305,Footsteps,7,train
FSD50K/213307.wav,fsd50k/213307,Footsteps,7,train
FSD50K/213560.wav,fsd50k/213560,Train,15,train
FSD50K/213583.wav,fsd50k/213583,Footsteps,7,test
FSD50K/213890.wav,fsd50k/213890,Alarm,1,val
FSD50K/214336.wav,fsd50k/214336,Glass_Breaking,8,train
FSD50K/214989.wav,fsd50k/214989,Help_Shouting,10,val
FSD50K/215137.wav,fsd50k/215137,Footsteps,7,val
FSD50K/21560.wav,fsd50k/21560,Aircraft,0,train
FSD50K/215842.wav,fsd50k/215842,Gunshot,9,train
FSD50K/215843.wav,fsd50k/215843,Gunshot,9,train
FSD50K/215845.wav,fsd50k/215845,Gunshot,9,train
FSD50K/215846.wav,fsd50k/215846,Gunshot,9,test
FSD50K/215847.wav,fsd50k/215847,Gunshot,9,train
FSD50K/215969.wav,fsd50k/215969,Footsteps,7,test
FSD50K/215990.wav,fsd50k/215990,Footsteps,7,train
FSD50K/216009.wav,fsd50k/216009,Alarm,1,test
FSD50K/216090.wav,fsd50k/216090,Alarm,1,train
FSD50K/216150.wav,fsd50k/216150,Aircraft,0,train
FSD50K/216279.wav,fsd50k/216279,Glass_Breaking,8,test
FSD50K/216282.wav,fsd50k/216282,Glass_Breaking,8,train
FSD50K/216283.wav,fsd50k/216283,Glass_Breaking,8,train
FSD50K/216286.wav,fsd50k/216286,Glass_Breaking,8,train
FSD50K/216287.wav,fsd50k/216287,Glass_Breaking,8,train
FSD50K/216288.wav,fsd50k/216288,Glass_Breaking,8,train
FSD50K/216289.wav,fsd50k/216289,Glass_Breaking,8,test
FSD50K/216290.wav,fsd50k/216290,Glass_Breaking,8,train
FSD50K/216291.wav,fsd50k/216291,Glass_Breaking,8,train
FSD50K/216292.wav,fsd50k/216292,Glass_Breaking,8,train
FSD50K/216293.wav,fsd50k/216293,Glass_Breaking,8,train
FSD50K/216294.wav,fsd50k/216294,Glass_Breaking,8,train
FSD50K/216296.wav,fsd50k/216296,Glass_Breaking,8,test
FSD50K/216298.wav,fsd50k/216298,Glass_Breaking,8,train
FSD50K/216299.wav,fsd50k/216299,Glass_Breaking,8,train
FSD50K/216312.wav,fsd50k/216312,Gunshot,9,train
FSD50K/216315.wav,fsd50k/216315,Gunshot,9,train
FSD50K/216317.wav,fsd50k/216317,Gunshot,9,train
FSD50K/216318.wav,fsd50k/216318,Gunshot,9,train
FSD50K/216319.wav,fsd50k/216319,Gunshot,9,train
FSD50K/216534.wav,fsd50k/216534,Help_Shouting,10,train
FSD50K/216604.wav,fsd50k/216604,Gunshot,9,train
FSD50K/216748.wav,fsd50k/216748,Glass_Breaking,8,train
FSD50K/21687.wav,fsd50k/21687,Vehicle_Horn,16,train
FSD50K/217138.wav,fsd50k/217138,Alarm,1,test
FSD50K/217172.wav,fsd50k/217172,Help_Shouting,10,train
FSD50K/21737.wav,fsd50k/21737,Aircraft,0,test
FSD50K/217805.wav,fsd50k/217805,Gunshot,9,train
FSD50K/217806.wav,fsd50k/217806,Vehicle_Horn,16,train
FSD50K/217853.wav,fsd50k/217853,Train,15,val
FSD50K/217901.wav,fsd50k/217901,Footsteps,7,train
FSD50K/217947.wav,fsd50k/217947,Footsteps,7,val
FSD50K/217963.wav,fsd50k/217963,Footsteps,7,train
FSD50K/217984.wav,fsd50k/217984,Footsteps,7,val
FSD50K/218055.wav,fsd50k/218055,Help_Shouting,10,train
FSD50K/218162.wav,fsd50k/218162,Train,15,train
FSD50K/218178.wav,fsd50k/218178,Train,15,val
FSD50K/218179.wav,fsd50k/218179,Train,15,train
FSD50K/218317.wav,fsd50k/218317,Doorbell,5,train
FSD50K/218480.wav,fsd50k/218480,Gunshot,9,val
FSD50K/218484.wav,fsd50k/218484,Gunshot,9,train
FSD50K/218487.wav,fsd50k/218487,Gunshot,9,train
FSD50K/21871.wav,fsd50k/21871,Alarm,1,train
FSD50K/218843.wav,fsd50k/218843,Alarm,1,test
FSD50K/218984.wav,fsd50k/218984,Knocking,12,train
FSD50K/218985.wav,fsd50k/218985,Knocking,12,val
FSD50K/218987.wav,fsd50k/218987,Knocking,12,test
FSD50K/218988.wav,fsd50k/218988,Knocking,12,train
FSD50K/218989.wav,fsd50k/218989,Knocking,12,train
FSD50K/218999.wav,fsd50k/218999,Footsteps,7,train
FSD50K/21917.wav,fsd50k/21917,Motorcycle,13,train
FSD50K/219246.wav,fsd50k/219246,Alarm,1,train
FSD50K/21928.wav,fsd50k/21928,Train,15,train
FSD50K/219355.wav,fsd50k/219355,Alarm,1,train
FSD50K/219455.wav,fsd50k/219455,Gunshot,9,train
FSD50K/219457.wav,fsd50k/219457,Gunshot,9,val
FSD50K/219466.wav,fsd50k/219466,Aircraft,0,test
FSD50K/219467.wav,fsd50k/219467,Aircraft,0,train
FSD50K/219468.wav,fsd50k/219468,Aircraft,0,train
FSD50K/219469.wav,fsd50k/219469,Aircraft,0,train
FSD50K/219470.wav,fsd50k/219470,Aircraft,0,val
FSD50K/219471.wav,fsd50k/219471,Aircraft,0,train
FSD50K/219539.wav,fsd50k/219539,Aircraft,0,train
FSD50K/219591.wav,fsd50k/219591,Train,15,val
FSD50K/219644.wav,fsd50k/219644,Footsteps,7,train
FSD50K/219647.wav,fsd50k/219647,Help_Shouting,10,train
FSD50K/219657.wav,fsd50k/219657,Help_Shouting,10,train
FSD50K/219661.wav,fsd50k/219661,Help_Shouting,10,train
FSD50K/219663.wav,fsd50k/219663,Help_Shouting,10,train
FSD50K/219666.wav,fsd50k/219666,Help_Shouting,10,train
FSD50K/219668.wav,fsd50k/219668,Knocking,12,val
FSD50K/219673.wav,fsd50k/219673,Footsteps,7,train
FSD50K/219693.wav,fsd50k/219693,Help_Shouting,10,train
FSD50K/219724.wav,fsd50k/219724,Help_Shouting,10,train
FSD50K/219837.wav,fsd50k/219837,Glass_Breaking,8,test
FSD50K/219838.wav,fsd50k/219838,Glass_Breaking,8,test
FSD50K/219842.wav,fsd50k/219842,Glass_Breaking,8,val
FSD50K/219843.wav,fsd50k/219843,Glass_Breaking,8,train
FSD50K/219844.wav,fsd50k/219844,Glass_Breaking,8,train
FSD50K/219845.wav,fsd50k/219845,Glass_Breaking,8,train
FSD50K/219846.wav,fsd50k/219846,Glass_Breaking,8,train
FSD50K/219847.wav,fsd50k/219847,Glass_Breaking,8,train
FSD50K/21985.wav,fsd50k/21985,Alarm,1,train
FSD50K/219856.wav,fsd50k/219856,Help_Shouting,10,train
FSD50K/219858.wav,fsd50k/219858,Help_Shouting,10,train
FSD50K/21986.wav,fsd50k/21986,Alarm,1,val
FSD50K/219867.wav,fsd50k/219867,Help_Shouting,10,train
FSD50K/219882.wav,fsd50k/219882,Help_Shouting,10,train
FSD50K/219940.wav,fsd50k/219940,Glass_Breaking,8,val
FSD50K/220045.wav,fsd50k/220045,Help_Shouting,10,test
FSD50K/220130.wav,fsd50k/220130,Gunshot,9,train
FSD50K/220220.wav,fsd50k/220220,Train,15,test
FSD50K/220291.wav,fsd50k/220291,Help_Shouting,10,val
FSD50K/220292.wav,fsd50k/220292,Help_Shouting,10,val
FSD50K/220293.wav,fsd50k/220293,Help_Shouting,10,train
FSD50K/220295.wav,fsd50k/220295,Help_Shouting,10,train
FSD50K/220302.wav,fsd50k/220302,Help_Shouting,10,train
FSD50K/220307.wav,fsd50k/220307,Help_Shouting,10,train
FSD50K/220311.wav,fsd50k/220311,Help_Shouting,10,train
FSD50K/220365.wav,fsd50k/220365,Help_Shouting,10,train
FSD50K/220368.wav,fsd50k/220368,Help_Shouting,10,train
FSD50K/220612.wav,fsd50k/220612,Gunshot,9,train
FSD50K/220613.wav,fsd50k/220613,Gunshot,9,train
FSD50K/220619.wav,fsd50k/220619,Help_Shouting,10,train
FSD50K/220655.wav,fsd50k/220655,Help_Shouting,10,train
FSD50K/220657.wav,fsd50k/220657,Help_Shouting,10,val
FSD50K/220658.wav,fsd50k/220658,Help_Shouting,10,train
FSD50K/220660.wav,fsd50k/220660,Help_Shouting,10,train
FSD50K/220663.wav,fsd50k/220663,Help_Shouting,10,val
FSD50K/220665.wav,fsd50k/220665,Help_Shouting,10,train
FSD50K/220694.wav,fsd50k/220694,Help_Shouting,10,train
FSD50K/220815.wav,fsd50k/220815,Help_Shouting,10,val
FSD50K/220822.wav,fsd50k/220822,Help_Shouting,10,train
FSD50K/220823.wav,fsd50k/220823,Help_Shouting,10,test
FSD50K/221085.wav,fsd50k/221085,Alarm,1,train
FSD50K/221086.wav,fsd50k/221086,Alarm,1,train
FSD50K/221087.wav,fsd50k/221087,Alarm,1,test
FSD50K/221150.wav,fsd50k/221150,Help_Shouting,10,test
FSD50K/221151.wav,fsd50k/221151,Help_Shouting,10,train
FSD50K/221152.wav,fsd50k/221152,Help_Shouting,10,train
FSD50K/221153.wav,fsd50k/221153,Help_Shouting,10,train
FSD50K/221451.wav,fsd50k/221451,Gunshot,9,test
FSD50K/221455.wav,fsd50k/221455,Gunshot,9,train
FSD50K/221457.wav,fsd50k/221457,Gunshot,9,train
FSD50K/221522.wav,fsd50k/221522,Alarm,1,train
FSD50K/221531.wav,fsd50k/221531,Glass_Breaking,8,train
FSD50K/221532.wav,fsd50k/221532,Glass_Breaking,8,train
FSD50K/221533.wav,fsd50k/221533,Glass_Breaking,8,train
FSD50K/221548.wav,fsd50k/221548,Help_Shouting,10,val
FSD50K/221639.wav,fsd50k/221639,Alarm,1,train
FSD50K/221640.wav,fsd50k/221640,Gunshot,9,train
FSD50K/221644.wav,fsd50k/221644,Alarm,1,train
FSD50K/221650.wav,fsd50k/221650,Footsteps,7,val
FSD50K/221665.wav,fsd50k/221665,Aircraft,0,train
FSD50K/2217.wav,fsd50k/2217,Train,15,train
FSD50K/221958.wav,fsd50k/221958,Help_Shouting,10,train
FSD50K/222534.wav,fsd50k/222534,Help_Shouting,10,train
FSD50K/222535.wav,fsd50k/222535,Help_Shouting,10,val
FSD50K/222545.wav,fsd50k/222545,Help_Shouting,10,train
FSD50K/222584.wav,fsd50k/222584,Help_Shouting,10,train
FSD50K/222586.wav,fsd50k/222586,Help_Shouting,10,train
FSD50K/222589.wav,fsd50k/222589,Help_Shouting,10,train
FSD50K/222648.wav,fsd50k/222648,Help_Shouting,10,train
FSD50K/222671.wav,fsd50k/222671,Help_Shouting,10,train
FSD50K/222672.wav,fsd50k/222672,Help_Shouting,10,train
FSD50K/222674.wav,fsd50k/222674,Help_Shouting,10,train
FSD50K/222991.wav,fsd50k/222991,Knocking,12,train
FSD50K/223017.wav,fsd50k/223017,Knocking,12,val
FSD50K/223154.wav,fsd50k/223154,Footsteps,7,test
FSD50K/223176.wav,fsd50k/223176,Alarm,1,train
FSD50K/223320.wav,fsd50k/223320,Alarm,1,train
FSD50K/223521.wav,fsd50k/223521,Help_Shouting,10,train
FSD50K/223527.wav,fsd50k/223527,Help_Shouting,10,train
FSD50K/223552.wav,fsd50k/223552,Glass_Breaking,8,train
FSD50K/223671.wav,fsd50k/223671,Doorbell,5,train
FSD50K/223672.wav,fsd50k/223672,Alarm,1,train
FSD50K/223673.wav,fsd50k/223673,Alarm,1,val
FSD50K/223745.wav,fsd50k/223745,Help_Shouting,10,test
FSD50K/223824.wav,fsd50k/223824,Alarm,1,train
FSD50K/22457.wav,fsd50k/22457,Alarm,1,val
FSD50K/22459.wav,fsd50k/22459,Motorcycle,13,train
FSD50K/22460.wav,fsd50k/22460,Motorcycle,13,test
FSD50K/22591.wav,fsd50k/22591,Train,15,train
FSD50K/22615.wav,fsd50k/22615,Motorcycle,13,train
FSD50K/22627.wav,fsd50k/22627,Alarm,1,train
FSD50K/22718.wav,fsd50k/22718,Motorcycle,13,train
FSD50K/22719.wav,fsd50k/22719,Motorcycle,13,train
FSD50K/22722.wav,fsd50k/22722,Train,15,train
FSD50K/22724.wav,fsd50k/22724,Train,15,train
FSD50K/22732.wav,fsd50k/22732,Train,15,val
FSD50K/22733.wav,fsd50k/22733,Train,15,train
FSD50K/228611.wav,fsd50k/228611,Gunshot,9,test
FSD50K/22877.wav,fsd50k/22877,Alarm,1,train
FSD50K/22939.wav,fsd50k/22939,Footsteps,7,train
FSD50K/231245.wav,fsd50k/231245,Gunshot,9,train
FSD50K/231247.wav,fsd50k/231247,Gunshot,9,train
FSD50K/231248.wav,fsd50k/231248,Gunshot,9,train
FSD50K/231297.wav,fsd50k/231297,Glass_Breaking,8,train
FSD50K/231765.wav,fsd50k/231765,Gunshot,9,train
FSD50K/231852.wav,fsd50k/231852,Footsteps,7,train
FSD50K/231934.wav,fsd50k/231934,Aircraft,0,train
FSD50K/231936.wav,fsd50k/231936,Footsteps,7,test
FSD50K/231956.wav,fsd50k/231956,Aircraft,0,test
FSD50K/231959.wav,fsd50k/231959,Footsteps,7,train
FSD50K/231960.wav,fsd50k/231960,Aircraft,0,test
FSD50K/231961.wav,fsd50k/231961,Footsteps,7,test
FSD50K/231963.wav,fsd50k/231963,Aircraft,0,test
FSD50K/23212.wav,fsd50k/23212,Motorcycle,13,train
FSD50K/232164.wav,fsd50k/232164,Train,15,test
FSD50K/232176.wav,fsd50k/232176,Glass_Breaking,8,train
FSD50K/232178.wav,fsd50k/232178,Train,15,train
FSD50K/232210.wav,fsd50k/232210,Alarm,1,train
FSD50K/232442.wav,fsd50k/232442,Train,15,train
FSD50K/232443.wav,fsd50k/232443,Train,15,train
FSD50K/232567.wav,fsd50k/232567,Footsteps,7,train
FSD50K/232668.wav,fsd50k/232668,Knocking,12,train
FSD50K/232784.wav,fsd50k/232784,Alarm,1,val
FSD50K/232818.wav,fsd50k/232818,Aircraft,0,train
FSD50K/232824.wav,fsd50k/232824,Footsteps,7,train
FSD50K/232848.wav,fsd50k/232848,Knocking,12,train
FSD50K/232868.wav,fsd50k/232868,Gunshot,9,train
FSD50K/23288.wav,fsd50k/23288,Aircraft,0,train
FSD50K/232923.wav,fsd50k/232923,Knocking,12,train
FSD50K/232961.wav,fsd50k/232961,Gunshot,9,train
FSD50K/232963.wav,fsd50k/232963,Alarm,1,train
FSD50K/233016.wav,fsd50k/233016,Footsteps,7,train
FSD50K/233042.wav,fsd50k/233042,Motorcycle,13,train
FSD50K/233044.wav,fsd50k/233044,Gunshot,9,val
FSD50K/233062.wav,fsd50k/233062,Alarm,1,test
FSD50K/233065.wav,fsd50k/233065,Footsteps,7,train
FSD50K/233068.wav,fsd50k/233068,Help_Shouting,10,train
FSD50K/233261.wav,fsd50k/233261,Footsteps,7,train
FSD50K/233318.wav,fsd50k/233318,Gunshot,9,test
FSD50K/233321.wav,fsd50k/233321,Gunshot,9,train
FSD50K/233322.wav,fsd50k/233322,Gunshot,9,train
FSD50K/233323.wav,fsd50k/233323,Gunshot,9,train
FSD50K/233382.wav,fsd50k/233382,Footsteps,7,train
FSD50K/233383.wav,fsd50k/233383,Footsteps,7,train
FSD50K/233384.wav,fsd50k/233384,Footsteps,7,train
FSD50K/233458.wav,fsd50k/233458,Footsteps,7,train
FSD50K/233486.wav,fsd50k/233486,Knocking,12,test
FSD50K/233502.wav,fsd50k/233502,Alarm,1,val
FSD50K/233582.wav,fsd50k/233582,Aircraft,0,train
FSD50K/233606.wav,fsd50k/233606,Glass_Breaking,8,train
FSD50K/233645.wav,fsd50k/233645,Alarm,1,train
FSD50K/233795.wav,fsd50k/233795,Knocking,12,train
FSD50K/234034.wav,fsd50k/234034,Help_Shouting,10,val
FSD50K/234303.wav,fsd50k/234303,Train,15,train
FSD50K/234304.wav,fsd50k/234304,Train,15,train
FSD50K/234305.wav,fsd50k/234305,Gunshot,9,train
FSD50K/234573.wav,fsd50k/234573,Footsteps,7,train
FSD50K/234615.wav,fsd50k/234615,Gunshot,9,train
FSD50K/234616.wav,fsd50k/234616,Gunshot,9,train
FSD50K/234617.wav,fsd50k/234617,Gunshot,9,train
FSD50K/234618.wav,fsd50k/234618,Gunshot,9,val
FSD50K/234619.wav,fsd50k/234619,Gunshot,9,train
FSD50K/234634.wav,fsd50k/234634,Alarm,1,val
FSD50K/234681.wav,fsd50k/234681,Alarm,1,train
FSD50K/234860.wav,fsd50k/234860,Footsteps,7,train
FSD50K/23519.wav,fsd50k/23519,Aircraft,0,train
FSD50K/235191.wav,fsd50k/235191,Help_Shouting,10,train
FSD50K/235363.wav,fsd50k/235363,Alarm,1,train
FSD50K/235365.wav,fsd50k/235365,Aircraft,0,train
FSD50K/235506.wav,fsd50k/235506,Alarm,1,train
FSD50K/235514.wav,fsd50k/235514,Footsteps,7,train
FSD50K/235517.wav,fsd50k/235517,Aircraft,0,train
FSD50K/235524.wav,fsd50k/235524,Footsteps,7,val
FSD50K/235595.wav,fsd50k/235595,Help_Shouting,10,train
FSD50K/235942.wav,fsd50k/235942,Footsteps,7,train
FSD50K/235957.wav,fsd50k/235957,Aircraft,0,train
FSD50K/235962.wav,fsd50k/235962,Vehicle_Horn,16,train
FSD50K/236291.wav,fsd50k/236291,Train,15,train
FSD50K/23641.wav,fsd50k/23641,Train,15,train
FSD50K/23710.wav,fsd50k/23710,Knocking,12,train
FSD50K/237273.wav,fsd50k/237273,Gunshot,9,train
FSD50K/237471.wav,fsd50k/237471,Train,15,train
FSD50K/23750.wav,fsd50k/23750,Alarm,1,val
FSD50K/237937.wav,fsd50k/237937,Knocking,12,train
FSD50K/237974.wav,fsd50k/237974,Aircraft,0,train
FSD50K/238159.wav,fsd50k/238159,Gunshot,9,val
FSD50K/238209.wav,fsd50k/238209,Alarm,1,train
FSD50K/238241.wav,fsd50k/238241,Gunshot,9,train
FSD50K/238242.wav,fsd50k/238242,Gunshot,9,train
FSD50K/238243.wav,fsd50k/238243,Gunshot,9,train
FSD50K/238244.wav,fsd50k/238244,Gunshot,9,train
FSD50K/238245.wav,fsd50k/238245,Gunshot,9,val
FSD50K/238246.wav,fsd50k/238246,Gunshot,9,val
FSD50K/238247.wav,fsd50k/238247,Gunshot,9,train
FSD50K/238287.wav,fsd50k/238287,Knocking,12,test
FSD50K/238360.wav,fsd50k/238360,Footsteps,7,train
FSD50K/238390.wav,fsd50k/238390,Alarm,1,test
FSD50K/238562.wav,fsd50k/238562,Alarm,1,val
FSD50K/238675.wav,fsd50k/238675,Gunshot,9,train
FSD50K/238676.wav,fsd50k/238676,Gunshot,9,train
FSD50K/238677.wav,fsd50k/238677,Gunshot,9,val
FSD50K/239030.wav,fsd50k/239030,Alarm,1,train
FSD50K/239031.wav,fsd50k/239031,Alarm,1,train
FSD50K/239137.wav,fsd50k/239137,Gunshot,9,test
FSD50K/239138.wav,fsd50k/239138,Gunshot,9,train
FSD50K/239592.wav,fsd50k/239592,Help_Shouting,10,train
FSD50K/239596.wav,fsd50k/239596,Gunshot,9,train
FSD50K/239902.wav,fsd50k/239902,Help_Shouting,10,val
FSD50K/240356.wav,fsd50k/240356,Footsteps,7,train
FSD50K/240377.wav,fsd50k/240377,Gunshot,9,train
FSD50K/240688.wav,fsd50k/240688,Footsteps,7,train
FSD50K/241272.wav,fsd50k/241272,Footsteps,7,train
FSD50K/241591.wav,fsd50k/241591,Help_Shouting,10,train
FSD50K/241592.wav,fsd50k/241592,Help_Shouting,10,val
FSD50K/241644.wav,fsd50k/241644,Knocking,12,test
FSD50K/241721.wav,fsd50k/241721,Footsteps,7,test
FSD50K/241921.wav,fsd50k/241921,Alarm,1,train
FSD50K/242101.wav,fsd50k/242101,Alarm,1,train
FSD50K/242184.wav,fsd50k/242184,Knocking,12,test
FSD50K/24232.wav,fsd50k/24232,Alarm,1,val
FSD50K/24233.wav,fsd50k/24233,Alarm,1,train
FSD50K/242494.wav,fsd50k/242494,Alarm,1,train
FSD50K/242498.wav,fsd50k/242498,Help_Shouting,10,train
FSD50K/242846.wav,fsd50k/242846,Gunshot,9,train
FSD50K/242856.wav,fsd50k/242856,Alarm,1,train
FSD50K/242951.wav,fsd50k/242951,Aircraft,0,val
FSD50K/24332.wav,fsd50k/24332,Motorcycle,13,train
FSD50K/243607.wav,fsd50k/243607,Alarm,1,val
FSD50K/243654.wav,fsd50k/243654,Footsteps,7,train
FSD50K/243786.wav,fsd50k/243786,Knocking,12,test
FSD50K/243794.wav,fsd50k/243794,Footsteps,7,val
FSD50K/244238.wav,fsd50k/244238,Glass_Breaking,8,test
FSD50K/244500.wav,fsd50k/244500,Help_Shouting,10,train
FSD50K/244503.wav,fsd50k/244503,Motorcycle,13,val
FSD50K/244931.wav,fsd50k/244931,Train,15,train
FSD50K/245028.wav,fsd50k/245028,Alarm,1,train
FSD50K/245037.wav,fsd50k/245037,Footsteps,7,train
FSD50K/245167.wav,fsd50k/245167,Glass_Breaking,8,train
FSD50K/24519.wav,fsd50k/24519,Train,15,train
FSD50K/245399.wav,fsd50k/245399,Train,15,val
FSD50K/245400.wav,fsd50k/245400,Train,15,test
FSD50K/245410.wav,fsd50k/245410,Glass_Breaking,8,val
FSD50K/245602.wav,fsd50k/245602,Gunshot,9,train
FSD50K/245692.wav,fsd50k/245692,Motorcycle,13,val
FSD50K/245693.wav,fsd50k/245693,Motorcycle,13,train
FSD50K/245694.wav,fsd50k/245694,Motorcycle,13,train
FSD50K/245794.wav,fsd50k/245794,Motorcycle,13,train
FSD50K/245795.wav,fsd50k/245795,Motorcycle,13,train
FSD50K/245873.wav,fsd50k/245873,Train,15,train
FSD50K/245888.wav,fsd50k/245888,Alarm,1,train
FSD50K/245940.wav,fsd50k/245940,Alarm,1,train
FSD50K/245943.wav,fsd50k/245943,Alarm,1,test
FSD50K/246273.wav,fsd50k/246273,Glass_Breaking,8,test
FSD50K/246328.wav,fsd50k/246328,Alarm,1,train
FSD50K/246331.wav,fsd50k/246331,Train,15,train
FSD50K/249146.wav,fsd50k/249146,Gunshot,9,train
FSD50K/249150.wav,fsd50k/249150,Alarm,1,val
FSD50K/249298.wav,fsd50k/249298,Gunshot,9,train
FSD50K/249303.wav,fsd50k/249303,Alarm,1,val
FSD50K/249304.wav,fsd50k/249304,Alarm,1,test
FSD50K/249568.wav,fsd50k/249568,Aircraft,0,train
FSD50K/249679.wav,fsd50k/249679,Footsteps,7,train
FSD50K/24968.wav,fsd50k/24968,Train,15,test
FSD50K/249745.wav,fsd50k/249745,Help_Shouting,10,train
FSD50K/249807.wav,fsd50k/249807,Help_Shouting,10,train
FSD50K/249873.wav,fsd50k/249873,Glass_Breaking,8,val
FSD50K/249874.wav,fsd50k/249874,Glass_Breaking,8,val
FSD50K/249920.wav,fsd50k/249920,Motorcycle,13,train
FSD50K/250080.wav,fsd50k/250080,Train,15,test
FSD50K/250285.wav,fsd50k/250285,Alarm,1,test
FSD50K/25032.wav,fsd50k/25032,Alarm,1,val
FSD50K/250380.wav,fsd50k/250380,Help_Shouting,10,train
FSD50K/250506.wav,fsd50k/250506,Footsteps,7,train
FSD50K/250539.wav,fsd50k/250539,Knocking,12,train
FSD50K/250550.wav,fsd50k/250550,Help_Shouting,10,train
FSD50K/250629.wav,fsd50k/250629,Alarm,1,train
FSD50K/250654.wav,fsd50k/250654,Alarm,1,train
FSD50K/250709.wav,fsd50k/250709,Glass_Breaking,8,train
FSD50K/250724.wav,fsd50k/250724,Footsteps,7,train
FSD50K/250853.wav,fsd50k/250853,Help_Shouting,10,test
FSD50K/251004.wav,fsd50k/251004,Gunshot,9,train
FSD50K/251008.wav,fsd50k/251008,Motorcycle,13,train
FSD50K/251323.wav,fsd50k/251323,Aircraft,0,train
FSD50K/251325.wav,fsd50k/251325,Aircraft,0,train
FSD50K/251328.wav,fsd50k/251328,Aircraft,0,train
FSD50K/251424.wav,fsd50k/251424,Knocking,12,train
FSD50K/251564.wav,fsd50k/251564,Alarm,1,test
FSD50K/251788.wav,fsd50k/251788,Footsteps,7,train
FSD50K/251958.wav,fsd50k/251958,Aircraft,0,val
FSD50K/251961.wav,fsd50k/251961,Aircraft,0,val
FSD50K/251964.wav,fsd50k/251964,Aircraft,0,train
FSD50K/251965.wav,fsd50k/251965,Motorcycle,13,train
FSD50K/251966.wav,fsd50k/251966,Aircraft,0,val
FSD50K/251967.wav,fsd50k/251967,Aircraft,0,train
FSD50K/251968.wav,fsd50k/251968,Aircraft,0,train
FSD50K/251969.wav,fsd50k/251969,Motorcycle,13,train
FSD50K/251974.wav,fsd50k/251974,Aircraft,0,train
FSD50K/251975.wav,fsd50k/251975,Aircraft,0,train
FSD50K/251976.wav,fsd50k/251976,Aircraft,0,test
FSD50K/251977.wav,fsd50k/251977,Aircraft,0,train
FSD50K/25270.wav,fsd50k/25270,Help_Shouting,10,test
FSD50K/25293.wav,fsd50k/25293,Help_Shouting,10,test
FSD50K/25312.wav,fsd50k/25312,Help_Shouting,10,test
FSD50K/25328.wav,fsd50k/25328,Footsteps,7,train
FSD50K/253313.wav,fsd50k/253313,Alarm,1,train
FSD50K/253314.wav,fsd50k/253314,Alarm,1,train
FSD50K/253315.wav,fsd50k/253315,Alarm,1,train
FSD50K/253316.wav,fsd50k/253316,Alarm,1,val
FSD50K/253438.wav,fsd50k/253438,Gunshot,9,train
FSD50K/253603.wav,fsd50k/253603,Help_Shouting,10,val
FSD50K/253611.wav,fsd50k/253611,Help_Shouting,10,train
FSD50K/253719.wav,fsd50k/253719,Motorcycle,13,train
FSD50K/253721.wav,fsd50k/253721,Train,15,train
FSD50K/253724.wav,fsd50k/253724,Motorcycle,13,val
FSD50K/253734.wav,fsd50k/253734,Gunshot,9,train
FSD50K/253771.wav,fsd50k/253771,Help_Shouting,10,test
FSD50K/2539.wav,fsd50k/2539,Doorbell,5,train
FSD50K/253982.wav,fsd50k/253982,Alarm,1,train
FSD50K/254146.wav,fsd50k/254146,Alarm,1,train
FSD50K/254336.wav,fsd50k/254336,Help_Shouting,10,train
FSD50K/254477.wav,fsd50k/254477,Help_Shouting,10,val
FSD50K/254507.wav,fsd50k/254507,Alarm,1,test
FSD50K/254678.wav,fsd50k/254678,Vehicle_Horn,16,train
FSD50K/254721.wav,fsd50k/254721,Glass_Breaking,8,train
FSD50K/254772.wav,fsd50k/254772,Gunshot,9,train
FSD50K/254778.wav,fsd50k/254778,Train,15,test
FSD50K/254809.wav,fsd50k/254809,Train,15,train
FSD50K/254901.wav,fsd50k/254901,Motorcycle,13,val
FSD50K/254907.wav,fsd50k/254907,Alarm,1,train
FSD50K/254981.wav,fsd50k/254981,Knocking,12,train
FSD50K/254993.wav,fsd50k/254993,Glass_Breaking,8,val
FSD50K/255114.wav,fsd50k/255114,Glass_Breaking,8,train
FSD50K/255182.wav,fsd50k/255182,Glass_Breaking,8,train
FSD50K/255194.wav,fsd50k/255194,Alarm,1,train
FSD50K/255195.wav,fsd50k/255195,Alarm,1,train
FSD50K/255216.wav,fsd50k/255216,Gunshot,9,train
FSD50K/25527.wav,fsd50k/25527,Aircraft,0,val
FSD50K/255272.wav,fsd50k/255272,Gunshot,9,train
FSD50K/255699.wav,fsd50k/255699,Alarm,1,train
FSD50K/255700.wav,fsd50k/255700,Alarm,1,train
FSD50K/255706.wav,fsd50k/255706,Motorcycle,13,train
FSD50K/255850.wav,fsd50k/255850,Alarm,1,train
FSD50K/255977.wav,fsd50k/255977,Aircraft,0,train
FSD50K/256316.wav,fsd50k/256316,Footsteps,7,test
FSD50K/256494.wav,fsd50k/256494,Help_Shouting,10,train
FSD50K/256513.wav,fsd50k/256513,Knocking,12,train
FSD50K/256635.wav,fsd50k/256635,Help_Shouting,10,test
FSD50K/256993.wav,fsd50k/256993,Glass_Breaking,8,train
FSD50K/257001.wav,fsd50k/257001,Alarm,1,test
FSD50K/257002.wav,fsd50k/257002,Alarm,1,train
FSD50K/25713.wav,fsd50k/25713,Help_Shouting,10,train
FSD50K/257202.wav,fsd50k/257202,Alarm,1,val
FSD50K/257364.wav,fsd50k/257364,Gunshot,9,val
FSD50K/257430.wav,fsd50k/257430,Alarm,1,train
FSD50K/257496.wav,fsd50k/257496,Glass_Breaking,8,test
FSD50K/257579.wav,fsd50k/257579,Help_Shouting,10,train
FSD50K/257691.wav,fsd50k/257691,Help_Shouting,10,train
FSD50K/257791.wav,fsd50k/257791,Glass_Breaking,8,train
FSD50K/257815.wav,fsd50k/257815,Aircraft,0,train
FSD50K/257858.wav,fsd50k/257858,Help_Shouting,10,test
FSD50K/257873.wav,fsd50k/257873,Gunshot,9,train
FSD50K/257874.wav,fsd50k/257874,Gunshot,9,val
FSD50K/257875.wav,fsd50k/257875,Gunshot,9,train
FSD50K/257876.wav,fsd50k/257876,Gunshot,9,train
FSD50K/257963.wav,fsd50k/257963,Gunshot,9,train
FSD50K/258004.wav,fsd50k/258004,Footsteps,7,train
FSD50K/258089.wav,fsd50k/258089,Alarm,1,val
FSD50K/258140.wav,fsd50k/258140,Footsteps,7,test
FSD50K/258169.wav,fsd50k/258169,Alarm,1,train
FSD50K/258182.wav,fsd50k/258182,Train,15,test
FSD50K/25824.wav,fsd50k/25824,Train,15,train
FSD50K/258342.wav,fsd50k/258342,Help_Shouting,10,train
FSD50K/25888.wav,fsd50k/25888,Train,15,test
FSD50K/259181.wav,fsd50k/259181,Knocking,12,train
FSD50K/259537.wav,fsd50k/259537,Alarm,1,train
FSD50K/259539.wav,fsd50k/259539,Gunshot,9,val
FSD50K/259681.wav,fsd50k/259681,Help_Shouting,10,val
FSD50K/259697.wav,fsd50k/259697,Footsteps,7,train
FSD50K/259758.wav,fsd50k/259758,Gunshot,9,train
FSD50K/259870.wav,fsd50k/259870,Train,15,train
FSD50K/26010.wav,fsd50k/26010,Footsteps,7,train
FSD50K/260224.wav,fsd50k/260224,Knocking,12,train
FSD50K/260718.wav,fsd50k/260718,Footsteps,7,train
FSD50K/260939.wav,fsd50k/260939,Gunshot,9,train
FSD50K/26096.wav,fsd50k/26096,Aircraft,0,train
FSD50K/26128.wav,fsd50k/26128,Aircraft,0,val
FSD50K/26141.wav,fsd50k/26141,Gunshot,9,val
FSD50K/261593.wav,fsd50k/261593,Alarm,1,train
FSD50K/261853.wav,fsd50k/261853,Help_Shouting,10,train
FSD50K/261854.wav,fsd50k/261854,Help_Shouting,10,train
FSD50K/26211.wav,fsd50k/26211,Train,15,test
FSD50K/26213.wav,fsd50k/26213,Train,15,train
FSD50K/26215.wav,fsd50k/26215,Train,15,train
FSD50K/26217.wav,fsd50k/26217,Alarm,1,test
FSD50K/262278.wav,fsd50k/262278,Alarm,1,train
FSD50K/26247.wav,fsd50k/26247,Footsteps,7,train
FSD50K/262640.wav,fsd50k/262640,Train,15,test
FSD50K/262699.wav,fsd50k/262699,Footsteps,7,train
FSD50K/262753.wav,fsd50k/262753,Aircraft,0,test
FSD50K/26285.wav,fsd50k/26285,Train,15,val
FSD50K/262878.wav,fsd50k/262878,Alarm,1,train
FSD50K/262897.wav,fsd50k/262897,Alarm,1,val
FSD50K/263042.wav,fsd50k/263042,Footsteps,7,train
FSD50K/263078.wav,fsd50k/263078,Doorbell,5,train
FSD50K/263082.wav,fsd50k/263082,Footsteps,7,test
FSD50K/263395.wav,fsd50k/263395,Train,15,train
FSD50K/263396.wav,fsd50k/263396,Train,15,train
FSD50K/263458.wav,fsd50k/263458,Aircraft,0,train
FSD50K/263522.wav,fsd50k/263522,Aircraft,0,test
FSD50K/263680.wav,fsd50k/263680,Alarm,1,train
FSD50K/26385.wav,fsd50k/26385,Alarm,1,train
FSD50K/26386.wav,fsd50k/26386,Train,15,train
FSD50K/263920.wav,fsd50k/263920,Footsteps,7,test
FSD50K/263959.wav,fsd50k/263959,Aircraft,0,train
FSD50K/263960.wav,fsd50k/263960,Aircraft,0,test
FSD50K/263961.wav,fsd50k/263961,Aircraft,0,test
FSD50K/263962.wav,fsd50k/263962,Aircraft,0,train
FSD50K/263963.wav,fsd50k/263963,Aircraft,0,test
FSD50K/263964.wav,fsd50k/263964,Aircraft,0,train
FSD50K/264351.wav,fsd50k/264351,Help_Shouting,10,train
FSD50K/264470.wav,fsd50k/264470,Footsteps,7,train
FSD50K/264589.wav,fsd50k/264589,Footsteps,7,val
FSD50K/264653.wav,fsd50k/264653,Footsteps,7,train
FSD50K/264773.wav,fsd50k/264773,Motorcycle,13,train
FSD50K/264863.wav,fsd50k/264863,Alarm,1,train
FSD50K/264918.wav,fsd50k/264918,Help_Shouting,10,train
FSD50K/264993.wav,fsd50k/264993,Alarm,1,train
FSD50K/265003.wav,fsd50k/265003,Knocking,12,test
FSD50K/265017.wav,fsd50k/265017,Alarm,1,train
FSD50K/265044.wav,fsd50k/265044,Knocking,12,val
FSD50K/265110.wav,fsd50k/265110,Footsteps,7,train
FSD50K/265644.wav,fsd50k/265644,Alarm,1,train
FSD50K/265769.wav,fsd50k/265769,Alarm,1,val
FSD50K/265968.wav,fsd50k/265968,Knocking,12,train
FSD50K/265977.wav,fsd50k/265977,Alarm,1,val
FSD50K/266105.wav,fsd50k/266105,Gunshot,9,test
FSD50K/266184.wav,fsd50k/266184,Help_Shouting,10,train
FSD50K/266528.wav,fsd50k/266528,Footsteps,7,val
FSD50K/266600.wav,fsd50k/266600,Knocking,12,train
FSD50K/266824.wav,fsd50k/266824,Footsteps,7,train
FSD50K/266848.wav,fsd50k/266848,Alarm,1,train
FSD50K/266924.wav,fsd50k/266924,Alarm,1,train
FSD50K/266977.wav,fsd50k/266977,Gunshot,9,train
FSD50K/26720.wav,fsd50k/26720,Help_Shouting,10,val
FSD50K/267341.wav,fsd50k/267341,Gunshot,9,train
FSD50K/267499.wav,fsd50k/267499,Footsteps,7,train
FSD50K/267573.wav,fsd50k/267573,Glass_Breaking,8,train
FSD50K/26781.wav,fsd50k/26781,Knocking,12,train
FSD50K/267889.wav,fsd50k/267889,Glass_Breaking,8,train
FSD50K/267893.wav,fsd50k/267893,Gunshot,9,train
FSD50K/267900.wav,fsd50k/267900,Alarm,1,train
FSD50K/267901.wav,fsd50k/267901,Alarm,1,train
FSD50K/267931.wav,fsd50k/267931,Knocking,12,train
FSD50K/268015.wav,fsd50k/268015,Alarm,1,train
FSD50K/268074.wav,fsd50k/268074,Doorbell,5,train
FSD50K/268076.wav,fsd50k/268076,Alarm,1,train
FSD50K/268103.wav,fsd50k/268103,Help_Shouting,10,train
FSD50K/268126.wav,fsd50k/268126,Knocking,12,train
FSD50K/26839.wav,fsd50k/26839,Train,15,train
FSD50K/26840.wav,fsd50k/26840,Train,15,train
FSD50K/26841.wav,fsd50k/26841,Train,15,train
FSD50K/26842.wav,fsd50k/26842,Train,15,train
FSD50K/26843.wav,fsd50k/26843,Train,15,train
FSD50K/26845.wav,fsd50k/26845,Train,15,train
FSD50K/268500.wav,fsd50k/268500,Knocking,12,train
FSD50K/268809.wav,fsd50k/268809,Alarm,1,train
FSD50K/268823.wav,fsd50k/268823,Alarm,1,train
FSD50K/268884.wav,fsd50k/268884,Footsteps,7,train
FSD50K/269260.wav,fsd50k/269260,Train,15,train
FSD50K/269541.wav,fsd50k/269541,Alarm,1,train
FSD50K/269599.wav,fsd50k/269599,Footsteps,7,train
FSD50K/26960.wav,fsd50k/26960,Alarm,1,train
FSD50K/26962.wav,fsd50k/26962,Alarm,1,train
FSD50K/26963.wav,fsd50k/26963,Alarm,1,train
FSD50K/26964.wav,fsd50k/26964,Alarm,1,train
FSD50K/26965.wav,fsd50k/26965,Alarm,1,train
FSD50K/26971.wav,fsd50k/26971,Train,15,train
FSD50K/269847.wav,fsd50k/269847,Footsteps,7,train
FSD50K/269855.wav,fsd50k/269855,Footsteps,7,test
FSD50K/269860.wav,fsd50k/269860,Footsteps,7,val
FSD50K/269864.wav,fsd50k/269864,Footsteps,7,train
FSD50K/270251.wav,fsd50k/270251,Footsteps,7,train
FSD50K/270257.wav,fsd50k/270257,Footsteps,7,train
FSD50K/270271.wav,fsd50k/270271,Aircraft,0,train
FSD50K/270474.wav,fsd50k/270474,Help_Shouting,10,train
FSD50K/270515.wav,fsd50k/270515,Glass_Breaking,8,train
FSD50K/270516.wav,fsd50k/270516,Glass_Breaking,8,train
FSD50K/270517.wav,fsd50k/270517,Glass_Breaking,8,train
FSD50K/270518.wav,fsd50k/270518,Glass_Breaking,8,test
FSD50K/270643.wav,fsd50k/270643,Alarm,1,train
FSD50K/270811.wav,fsd50k/270811,Glass_Breaking,8,train
FSD50K/270815.wav,fsd50k/270815,Glass_Breaking,8,train
FSD50K/270816.wav,fsd50k/270816,Glass_Breaking,8,train
FSD50K/270883.wav,fsd50k/270883,Alarm,1,train
FSD50K/271063.wav,fsd50k/271063,Alarm,1,train
FSD50K/271110.wav,fsd50k/271110,Alarm,1,train
FSD50K/271925.wav,fsd50k/271925,Footsteps,7,test
FSD50K/272065.wav,fsd50k/272065,Glass_Breaking,8,train
FSD50K/272380.wav,fsd50k/272380,Footsteps,7,train
FSD50K/272381.wav,fsd50k/272381,Footsteps,7,train
FSD50K/272410.wav,fsd50k/272410,Help_Shouting,10,test
FSD50K/272489.wav,fsd50k/272489,Glass_Breaking,8,test
FSD50K/272563.wav,fsd50k/272563,Footsteps,7,train
FSD50K/273151.wav,fsd50k/273151,Help_Shouting,10,val
FSD50K/273153.wav,fsd50k/273153,Help_Shouting,10,train
FSD50K/273303.wav,fsd50k/273303,Gunshot,9,train
FSD50K/273320.wav,fsd50k/273320,Alarm,1,train
FSD50K/273384.wav,fsd50k/273384,Footsteps,7,train
FSD50K/273402.wav,fsd50k/273402,Footsteps,7,train
FSD50K/273421.wav,fsd50k/273421,Footsteps,7,train
FSD50K/273647.wav,fsd50k/273647,Glass_Breaking,8,test
FSD50K/273710.wav,fsd50k/273710,Help_Shouting,10,test
FSD50K/273719.wav,fsd50k/273719,Alarm,1,train
FSD50K/273750.wav,fsd50k/273750,Alarm,1,test
FSD50K/274559.wav,fsd50k/274559,Gunshot,9,test
FSD50K/274679.wav,fsd50k/274679,Footsteps,7,train
FSD50K/274814.wav,fsd50k/274814,Knocking,12,train
FSD50K/274892.wav,fsd50k/274892,Aircraft,0,train
FSD50K/274962.wav,fsd50k/274962,Motorcycle,13,train
FSD50K/275042.wav,fsd50k/275042,Aircraft,0,train
FSD50K/275068.wav,fsd50k/275068,Doorbell,5,train
FSD50K/275069.wav,fsd50k/275069,Alarm,1,train
FSD50K/275070.wav,fsd50k/275070,Alarm,1,val
FSD50K/275071.wav,fsd50k/275071,Alarm,1,test
FSD50K/275072.wav,fsd50k/275072,Alarm,1,test
FSD50K/275088.wav,fsd50k/275088,Footsteps,7,train
FSD50K/275252.wav,fsd50k/275252,Footsteps,7,train
FSD50K/275443.wav,fsd50k/275443,Train,15,test
FSD50K/275558.wav,fsd50k/275558,Vehicle_Horn,16,val
FSD50K/275564.wav,fsd50k/275564,Alarm,1,train
FSD50K/275565.wav,fsd50k/275565,Alarm,1,train
FSD50K/275566.wav,fsd50k/275566,Alarm,1,train
FSD50K/275567.wav,fsd50k/275567,Alarm,1,train
FSD50K/275568.wav,fsd50k/275568,Doorbell,5,train
FSD50K/275569.wav,fsd50k/275569,Doorbell,5,train
FSD50K/275570.wav,fsd50k/275570,Alarm,1,val
FSD50K/275571.wav,fsd50k/275571,Alarm,1,val
FSD50K/275581.wav,fsd50k/275581,Knocking,12,val
FSD50K/275588.wav,fsd50k/275588,Motorcycle,13,train
FSD50K/275629.wav,fsd50k/275629,Alarm,1,train
FSD50K/275910.wav,fsd50k/275910,Alarm,1,train
FSD50K/275911.wav,fsd50k/275911,Knocking,12,train
FSD50K/275912.wav,fsd50k/275912,Knocking,12,test
FSD50K/276291.wav,fsd50k/276291,Aircraft,0,train
FSD50K/276549.wav,fsd50k/276549,Footsteps,7,train
FSD50K/276682.wav,fsd50k/276682,Footsteps,7,train
FSD50K/276938.wav,fsd50k/276938,Glass_Breaking,8,test
FSD50K/276939.wav,fsd50k/276939,Glass_Breaking,8,train
FSD50K/276965.wav,fsd50k/276965,Alarm,1,test
FSD50K/277011.wav,fsd50k/277011,Train,15,val
FSD50K/277032.wav,fsd50k/277032,Alarm,1,test
FSD50K/277252.wav,fsd50k/277252,Motorcycle,13,train
FSD50K/277330.wav,fsd50k/277330,Motorcycle,13,train
FSD50K/277368.wav,fsd50k/277368,Train,15,train
FSD50K/277508.wav,fsd50k/277508,Alarm,1,val
FSD50K/277510.wav,fsd50k/277510,Alarm,1,train
FSD50K/277754.wav,fsd50k/277754,Train,15,train
FSD50K/27787.wav,fsd50k/27787,Alarm,1,train
FSD50K/278152.wav,fsd50k/278152,Glass_Breaking,8,train
FSD50K/278176.wav,fsd50k/278176,Train,15,train
FSD50K/27882.wav,fsd50k/27882,Alarm,1,train
FSD50K/278885.wav,fsd50k/278885,Train,15,train
FSD50K/278887.wav,fsd50k/278887,Train,15,train
FSD50K/27977.wav,fsd50k/27977,Footsteps,7,train
FSD50K/28085.wav,fsd50k/28085,Train,15,train
FSD50K/281.wav,fsd50k/281,Train,15,train
FSD50K/28132.wav,fsd50k/28132,Train,15,train
FSD50K/28138.wav,fsd50k/28138,Train,15,test
FSD50K/28165.wav,fsd50k/28165,Alarm,1,val
FSD50K/28167.wav,fsd50k/28167,Train,15,train
FSD50K/283.wav,fsd50k/283,Train,15,train
FSD50K/28396.wav,fsd50k/28396,Train,15,train
FSD50K/28451.wav,fsd50k/28451,Aircraft,0,train
FSD50K/28452.wav,fsd50k/28452,Aircraft,0,train
FSD50K/28453.wav,fsd50k/28453,Aircraft,0,val
FSD50K/28777.wav,fsd50k/28777,Train,15,train
FSD50K/29544.wav,fsd50k/29544,Footsteps,7,train
FSD50K/29579.wav,fsd50k/29579,Motorcycle,13,train
FSD50K/29712.wav,fsd50k/29712,Glass_Breaking,8,test
FSD50K/29724.wav,fsd50k/29724,Alarm,1,train
FSD50K/29726.wav,fsd50k/29726,Alarm,1,test
FSD50K/29739.wav,fsd50k/29739,Aircraft,0,train
FSD50K/30185.wav,fsd50k/30185,Gunshot,9,train
FSD50K/30203.wav,fsd50k/30203,Footsteps,7,train
FSD50K/30276.wav,fsd50k/30276,Help_Shouting,10,train
FSD50K/30277.wav,fsd50k/30277,Help_Shouting,10,train
FSD50K/30303.wav,fsd50k/30303,Alarm,1,train
FSD50K/30368.wav,fsd50k/30368,Glass_Breaking,8,val
FSD50K/30749.wav,fsd50k/30749,Gunshot,9,train
FSD50K/30934.wav,fsd50k/30934,Footsteps,7,train
FSD50K/30988.wav,fsd50k/30988,Help_Shouting,10,train
FSD50K/31000.wav,fsd50k/31000,Help_Shouting,10,val
FSD50K/31133.wav,fsd50k/31133,Alarm,1,test
FSD50K/31153.wav,fsd50k/31153,Footsteps,7,train
FSD50K/31371.wav,fsd50k/31371,Knocking,12,val
FSD50K/31447.wav,fsd50k/31447,Aircraft,0,train
FSD50K/31482.wav,fsd50k/31482,Alarm,1,train
FSD50K/315646.wav,fsd50k/315646,Glass_Breaking,8,train
FSD50K/315647.wav,fsd50k/315647,Glass_Breaking,8,train
FSD50K/315648.wav,fsd50k/315648,Glass_Breaking,8,train
FSD50K/315828.wav,fsd50k/315828,Help_Shouting,10,train
FSD50K/315858.wav,fsd50k/315858,Gunshot,9,test
FSD50K/315904.wav,fsd50k/315904,Alarm,1,val
FSD50K/315935.wav,fsd50k/315935,Knocking,12,train
FSD50K/31626.wav,fsd50k/31626,Train,15,train
FSD50K/316398.wav,fsd50k/316398,Help_Shouting,10,train
FSD50K/316409.wav,fsd50k/316409,Help_Shouting,10,train
FSD50K/316411.wav,fsd50k/316411,Help_Shouting,10,train
FSD50K/316416.wav,fsd50k/316416,Help_Shouting,10,train
FSD50K/316616.wav,fsd50k/316616,Train,15,train
FSD50K/316640.wav,fsd50k/316640,Help_Shouting,10,test
FSD50K/316645.wav,fsd50k/316645,Help_Shouting,10,train
FSD50K/316648.wav,fsd50k/316648,Help_Shouting,10,train
FSD50K/316689.wav,fsd50k/316689,Train,15,train
FSD50K/316750.wav,fsd50k/316750,Train,15,train
FSD50K/316977.wav,fsd50k/316977,Alarm,1,train
FSD50K/317330.wav,fsd50k/317330,Alarm,1,test
FSD50K/317533.wav,fsd50k/317533,Alarm,1,train
FSD50K/317552.wav,fsd50k/317552,Train,15,train
FSD50K/317680.wav,fsd50k/317680,Footsteps,7,train
FSD50K/31775.wav,fsd50k/31775,Alarm,1,train
FSD50K/31777.wav,fsd50k/31777,Footsteps,7,train
FSD50K/318193.wav,fsd50k/318193,Alarm,1,test
FSD50K/3186.wav,fsd50k/3186,Motorcycle,13,train
FSD50K/318614.wav,fsd50k/318614,Knocking,12,train
FSD50K/3187.wav,fsd50k/3187,Motorcycle,13,val
FSD50K/3188.wav,fsd50k/3188,Motorcycle,13,val
FSD50K/3189.wav,fsd50k/3189,Motorcycle,13,val
FSD50K/318900.wav,fsd50k/318900,Footsteps,7,val
FSD50K/318910.wav,fsd50k/318910,Alarm,1,train
FSD50K/318945.wav,fsd50k/318945,Alarm,1,train
FSD50K/318973.wav,fsd50k/318973,Gunshot,9,train
FSD50K/3190.wav,fsd50k/3190,Motorcycle,13,test
FSD50K/319008.wav,fsd50k/319008,Gunshot,9,train
FSD50K/319009.wav,fsd50k/319009,Gunshot,9,train
FSD50K/319010.wav,fsd50k/319010,Gunshot,9,val
FSD50K/319041.wav,fsd50k/319041,Doorbell,5,train
FSD50K/3191.wav,fsd50k/3191,Motorcycle,13,train
FSD50K/319206.wav,fsd50k/319206,Footsteps,7,val
FSD50K/319399.wav,fsd50k/319399,Gunshot,9,train
FSD50K/319400.wav,fsd50k/319400,Gunshot,9,train
FSD50K/319401.wav,fsd50k/319401,Gunshot,9,train
FSD50K/319751.wav,fsd50k/319751,Alarm,1,train
FSD50K/320128.wav,fsd50k/320128,Glass_Breaking,8,train
FSD50K/320135.wav,fsd50k/320135,Gunshot,9,train
FSD50K/320136.wav,fsd50k/320136,Gunshot,9,train
FSD50K/320167.wav,fsd50k/320167,Glass_Breaking,8,train
FSD50K/320234.wav,fsd50k/320234,Alarm,1,train
FSD50K/320512.wav,fsd50k/320512,Footsteps,7,train
FSD50K/320742.wav,fsd50k/320742,Gunshot,9,train
FSD50K/320767.wav,fsd50k/320767,Alarm,1,train
FSD50K/320786.wav,fsd50k/320786,Aircraft,0,train
FSD50K/321073.wav,fsd50k/321073,Motorcycle,13,train
FSD50K/321139.wav,fsd50k/321139,Glass_Breaking,8,train
FSD50K/321143.wav,fsd50k/321143,Glass_Breaking,8,train
FSD50K/321169.wav,fsd50k/321169,Aircraft,0,val
FSD50K/321230.wav,fsd50k/321230,Help_Shouting,10,train
FSD50K/321232.wav,fsd50k/321232,Train,15,train
FSD50K/321456.wav,fsd50k/321456,Aircraft,0,train
FSD50K/321457.wav,fsd50k/321457,Aircraft,0,train
FSD50K/321684.wav,fsd50k/321684,Alarm,1,train
FSD50K/321753.wav,fsd50k/321753,Footsteps,7,val
FSD50K/321783.wav,fsd50k/321783,Help_Shouting,10,test
FSD50K/321785.wav,fsd50k/321785,Help_Shouting,10,train
FSD50K/321832.wav,fsd50k/321832,Alarm,1,val
FSD50K/321841.wav,fsd50k/321841,Footsteps,7,val
FSD50K/321847.wav,fsd50k/321847,Footsteps,7,val
FSD50K/321848.wav,fsd50k/321848,Footsteps,7,train
FSD50K/321971.wav,fsd50k/321971,Help_Shouting,10,train
FSD50K/321980.wav,fsd50k/321980,Footsteps,7,train
FSD50K/322129.wav,fsd50k/322129,Vehicle_Horn,16,val
FSD50K/322130.wav,fsd50k/322130,Alarm,1,test
FSD50K/322179.wav,fsd50k/322179,Aircraft,0,train
FSD50K/322205.wav,fsd50k/322205,Alarm,1,train
FSD50K/322581.wav,fsd50k/322581,Alarm,1,train
FSD50K/322582.wav,fsd50k/322582,Alarm,1,val
FSD50K/322599.wav,fsd50k/322599,Aircraft,0,test
FSD50K/322602.wav,fsd50k/322602,Glass_Breaking,8,val
FSD50K/322603.wav,fsd50k/322603,Glass_Breaking,8,train
FSD50K/322887.wav,fsd50k/322887,Train,15,train
FSD50K/32296.wav,fsd50k/32296,Knocking,12,val
FSD50K/32297.wav,fsd50k/32297,Knocking,12,train
FSD50K/32298.wav,fsd50k/32298,Knocking,12,train
FSD50K/323016.wav,fsd50k/323016,Alarm,1,train
FSD50K/323019.wav,fsd50k/323019,Alarm,1,train
FSD50K/323055.wav,fsd50k/323055,Train,15,test
FSD50K/323056.wav,fsd50k/323056,Train,15,train
FSD50K/323059.wav,fsd50k/323059,Train,15,val
FSD50K/323077.wav,fsd50k/323077,Glass_Breaking,8,train
FSD50K/323079.wav,fsd50k/323079,Help_Shouting,10,test
FSD50K/323080.wav,fsd50k/323080,Help_Shouting,10,train
FSD50K/323081.wav,fsd50k/323081,Help_Shouting,10,val
FSD50K/323082.wav,fsd50k/323082,Help_Shouting,10,train
FSD50K/323122.wav,fsd50k/323122,Alarm,1,train
FSD50K/323123.wav,fsd50k/323123,Alarm,1,test
FSD50K/323125.wav,fsd50k/323125,Alarm,1,train
FSD50K/323129.wav,fsd50k/323129,Alarm,1,train
FSD50K/323131.wav,fsd50k/323131,Alarm,1,val
FSD50K/323132.wav,fsd50k/323132,Alarm,1,test
FSD50K/32320.wav,fsd50k/32320,Alarm,1,train
FSD50K/32321.wav,fsd50k/32321,Alarm,1,train
FSD50K/323238.wav,fsd50k/323238,Alarm,1,train
FSD50K/323481.wav,fsd50k/323481,Knocking,12,val
FSD50K/32402.wav,fsd50k/32402,Aircraft,0,train
FSD50K/324228.wav,fsd50k/324228,Aircraft,0,train
FSD50K/324230.wav,fsd50k/324230,Aircraft,0,train
FSD50K/324275.wav,fsd50k/324275,Alarm,1,val
FSD50K/324311.wav,fsd50k/324311,Aircraft,0,train
FSD50K/324318.wav,fsd50k/324318,Aircraft,0,train
FSD50K/324319.wav,fsd50k/324319,Aircraft,0,test
FSD50K/324415.wav,fsd50k/324415,Alarm,1,train
FSD50K/324567.wav,fsd50k/324567,Aircraft,0,train
FSD50K/324584.wav,fsd50k/324584,Footsteps,7,train
FSD50K/324585.wav,fsd50k/324585,Gunshot,9,test
FSD50K/324586.wav,fsd50k/324586,Alarm,1,train
FSD50K/324645.wav,fsd50k/324645,Glass_Breaking,8,test
FSD50K/32481.wav,fsd50k/32481,Train,15,train
FSD50K/325157.wav,fsd50k/325157,Gunshot,9,train
FSD50K/325161.wav,fsd50k/325161,Aircraft,0,train
FSD50K/325213.wav,fsd50k/325213,Knocking,12,train
FSD50K/325228.wav,fsd50k/325228,Knocking,12,val
FSD50K/325229.wav,fsd50k/325229,Knocking,12,val
FSD50K/325679.wav,fsd50k/325679,Aircraft,0,train
FSD50K/325683.wav,fsd50k/325683,Aircraft,0,train
FSD50K/325701.wav,fsd50k/325701,Alarm,1,val
FSD50K/32575.wav,fsd50k/32575,Footsteps,7,train
FSD50K/325844.wav,fsd50k/325844,Aircraft,0,train
FSD50K/325845.wav,fsd50k/325845,Aircraft,0,test
FSD50K/325894.wav,fsd50k/325894,Alarm,1,val
FSD50K/326074.wav,fsd50k/326074,Alarm,1,test
FSD50K/326353.wav,fsd50k/326353,Alarm,1,train
FSD50K/326366.wav,fsd50k/326366,Help_Shouting,10,test
FSD50K/326422.wav,fsd50k/326422,Glass_Breaking,8,train
FSD50K/32653.wav,fsd50k/32653,Alarm,1,test
FSD50K/326539.wav,fsd50k/326539,Help_Shouting,10,val
FSD50K/326565.wav,fsd50k/326565,Glass_Breaking,8,val
FSD50K/326645.wav,fsd50k/326645,Alarm,1,train
FSD50K/326883.wav,fsd50k/326883,Help_Shouting,10,train
FSD50K/326889.wav,fsd50k/326889,Help_Shouting,10,train
FSD50K/326922.wav,fsd50k/326922,Knocking,12,train
FSD50K/326965.wav,fsd50k/326965,Aircraft,0,test
FSD50K/327062.wav,fsd50k/327062,Aircraft,0,train
FSD50K/327381.wav,fsd50k/327381,Alarm,1,train
FSD50K/327417.wav,fsd50k/327417,Vehicle_Horn,16,val
FSD50K/327432.wav,fsd50k/327432,Knocking,12,train
FSD50K/327538.wav,fsd50k/327538,Aircraft,0,val
FSD50K/327548.wav,fsd50k/327548,Aircraft,0,train
FSD50K/327591.wav,fsd50k/327591,Glass_Breaking,8,train
FSD50K/327677.wav,fsd50k/327677,Motorcycle,13,train
FSD50K/327969.wav,fsd50k/327969,Alarm,1,train
FSD50K/327970.wav,fsd50k/327970,Alarm,1,train
FSD50K/32799.wav,fsd50k/32799,Gunshot,9,val
FSD50K/328003.wav,fsd50k/328003,Help_Shouting,10,train
FSD50K/328113.wav,fsd50k/328113,Train,15,train
FSD50K/328114.wav,fsd50k/328114,Train,15,train
FSD50K/328126.wav,fsd50k/328126,Knocking,12,train
FSD50K/32841.wav,fsd50k/32841,Gunshot,9,train
FSD50K/32842.wav,fsd50k/32842,Gunshot,9,train
FSD50K/328611.wav,fsd50k/328611,Glass_Breaking,8,train
FSD50K/328758.wav,fsd50k/328758,Alarm,1,train
FSD50K/32880.wav,fsd50k/32880,Glass_Breaking,8,train
FSD50K/328813.wav,fsd50k/328813,Help_Shouting,10,train
FSD50K/328825.wav,fsd50k/328825,Alarm,1,train
FSD50K/328842.wav,fsd50k/328842,Help_Shouting,10,train
FSD50K/329018.wav,fsd50k/329018,Knocking,12,train
FSD50K/329612.wav,fsd50k/329612,Alarm,1,train
FSD50K/329616.wav,fsd50k/329616,Aircraft,0,train
FSD50K/329716.wav,fsd50k/329716,Gunshot,9,val
FSD50K/32983.wav,fsd50k/32983,Help_Shouting,10,train
FSD50K/32984.wav,fsd50k/32984,Motorcycle,13,test
FSD50K/329893.wav,fsd50k/329893,Alarm,1,train
FSD50K/329894.wav,fsd50k/329894,Alarm,1,train
FSD50K/329911.wav,fsd50k/329911,Knocking,12,test
FSD50K/329924.wav,fsd50k/329924,Knocking,12,val
FSD50K/329978.wav,fsd50k/329978,Alarm,1,val
FSD50K/329986.wav,fsd50k/329986,Train,15,test
FSD50K/330400.wav,fsd50k/330400,Doorbell,5,test
FSD50K/330660.wav,fsd50k/330660,Train,15,train
FSD50K/330800.wav,fsd50k/330800,Glass_Breaking,8,train
FSD50K/330816.wav,fsd50k/330816,Aircraft,0,train
FSD50K/330856.wav,fsd50k/330856,Help_Shouting,10,test
FSD50K/330956.wav,fsd50k/330956,Alarm,1,train
FSD50K/331241.wav,fsd50k/331241,Footsteps,7,test
FSD50K/331327.wav,fsd50k/331327,Aircraft,0,val
FSD50K/331540.wav,fsd50k/331540,Alarm,1,val
FSD50K/331542.wav,fsd50k/331542,Alarm,1,train
FSD50K/331569.wav,fsd50k/331569,Alarm,1,train
FSD50K/331680.wav,fsd50k/331680,Doorbell,5,val
FSD50K/331703.wav,fsd50k/331703,Footsteps,7,train
FSD50K/331885.wav,fsd50k/331885,Train,15,train
FSD50K/331895.wav,fsd50k/331895,Motorcycle,13,val
FSD50K/331907.wav,fsd50k/331907,Help_Shouting,10,train
FSD50K/332014.wav,fsd50k/332014,Train,15,train
FSD50K/332015.wav,fsd50k/332015,Train,15,train
FSD50K/332066.wav,fsd50k/332066,Train,15,train
FSD50K/332184.wav,fsd50k/332184,Train,15,train
FSD50K/332415.wav,fsd50k/332415,Train,15,train
FSD50K/332416.wav,fsd50k/332416,Train,15,val
FSD50K/332451.wav,fsd50k/332451,Help_Shouting,10,val
FSD50K/332479.wav,fsd50k/332479,Gunshot,9,train
FSD50K/332516.wav,fsd50k/332516,Footsteps,7,train
FSD50K/332563.wav,fsd50k/332563,Alarm,1,train
FSD50K/332858.wav,fsd50k/332858,Alarm,1,train
FSD50K/332914.wav,fsd50k/332914,Alarm,1,val
FSD50K/333003.wav,fsd50k/333003,Train,15,test
FSD50K/333006.wav,fsd50k/333006,Train,15,train
FSD50K/333360.wav,fsd50k/333360,Help_Shouting,10,test
FSD50K/333659.wav,fsd50k/333659,Alarm,1,train
FSD50K/333821.wav,fsd50k/333821,Aircraft,0,train
FSD50K/334043.wav,fsd50k/334043,Knocking,12,train
FSD50K/334084.wav,fsd50k/334084,Alarm,1,train
FSD50K/33443.wav,fsd50k/33443,Help_Shouting,10,train
FSD50K/334468.wav,fsd50k/334468,Help_Shouting,10,train
FSD50K/334618.wav,fsd50k/334618,Train,15,train
FSD50K/334684.wav,fsd50k/334684,Alarm,1,val
FSD50K/334915.wav,fsd50k/334915,Help_Shouting,10,train
FSD50K/33497.wav,fsd50k/33497,Alarm,1,train
FSD50K/334988.wav,fsd50k/334988,Knocking,12,val
FSD50K/335176.wav,fsd50k/335176,Footsteps,7,test
FSD50K/335181.wav,fsd50k/335181,Footsteps,7,train
FSD50K/335224.wav,fsd50k/335224,Doorbell,5,val
FSD50K/335248.wav,fsd50k/335248,Alarm,1,train
FSD50K/335393.wav,fsd50k/335393,Knocking,12,train
FSD50K/33563.wav,fsd50k/33563,Help_Shouting,10,val
FSD50K/33564.wav,fsd50k/33564,Help_Shouting,10,test
FSD50K/335760.wav,fsd50k/335760,Footsteps,7,train
FSD50K/335988.wav,fsd50k/335988,Knocking,12,test
FSD50K/33629.wav,fsd50k/33629,Glass_Breaking,8,val
FSD50K/336332.wav,fsd50k/336332,Train,15,test
FSD50K/336390.wav,fsd50k/336390,Knocking,12,test
FSD50K/336391.wav,fsd50k/336391,Knocking,12,train
FSD50K/336392.wav,fsd50k/336392,Knocking,12,train
FSD50K/336425.wav,fsd50k/336425,Glass_Breaking,8,train
FSD50K/33651.wav,fsd50k/33651,Help_Shouting,10,train
FSD50K/336537.wav,fsd50k/336537,Help_Shouting,10,train
FSD50K/336549.wav,fsd50k/336549,Motorcycle,13,train
FSD50K/33655.wav,fsd50k/33655,Help_Shouting,10,train
FSD50K/33656.wav,fsd50k/33656,Help_Shouting,10,train
FSD50K/336841.wav,fsd50k/336841,Help_Shouting,10,train
FSD50K/33687.wav,fsd50k/33687,Help_Shouting,10,train
FSD50K/336877.wav,fsd50k/336877,Train,15,train
FSD50K/336894.wav,fsd50k/336894,Alarm,1,train
FSD50K/336896.wav,fsd50k/336896,Alarm,1,train
FSD50K/336897.wav,fsd50k/336897,Alarm,1,train
FSD50K/33691.wav,fsd50k/33691,Help_Shouting,10,train
FSD50K/33694.wav,fsd50k/33694,Help_Shouting,10,train
FSD50K/337102.wav,fsd50k/337102,Help_Shouting,10,test
FSD50K/337142.wav,fsd50k/337142,Footsteps,7,test
FSD50K/337166.wav,fsd50k/337166,Gunshot,9,train
FSD50K/33724.wav,fsd50k/33724,Alarm,1,test
FSD50K/33725.wav,fsd50k/33725,Alarm,1,val
FSD50K/337257.wav,fsd50k/337257,Alarm,1,train
FSD50K/33726.wav,fsd50k/33726,Alarm,1,val
FSD50K/33727.wav,fsd50k/33727,Alarm,1,train
FSD50K/33728.wav,fsd50k/33728,Alarm,1,train
FSD50K/337280.wav,fsd50k/337280,Footsteps,7,train
FSD50K/337281.wav,fsd50k/337281,Footsteps,7,train
FSD50K/33729.wav,fsd50k/33729,Alarm,1,train
FSD50K/337294.wav,fsd50k/337294,Footsteps,7,train
FSD50K/33731.wav,fsd50k/33731,Alarm,1,train
FSD50K/33732.wav,fsd50k/33732,Alarm,1,train
FSD50K/33733.wav,fsd50k/33733,Alarm,1,train
FSD50K/33734.wav,fsd50k/33734,Alarm,1,train
FSD50K/33735.wav,fsd50k/33735,Alarm,1,train
FSD50K/33737.wav,fsd50k/33737,Alarm,1,test
FSD50K/33739.wav,fsd50k/33739,Alarm,1,train
FSD50K/33740.wav,fsd50k/33740,Alarm,1,train
FSD50K/33742.wav,fsd50k/33742,Alarm,1,val
FSD50K/33744.wav,fsd50k/33744,Alarm,1,train
FSD50K/33745.wav,fsd50k/33745,Alarm,1,val
FSD50K/33746.wav,fsd50k/33746,Alarm,1,train
FSD50K/33747.wav,fsd50k/33747,Alarm,1,train
FSD50K/33748.wav,fsd50k/33748,Alarm,1,train
FSD50K/33749.wav,fsd50k/33749,Alarm,1,train
FSD50K/33750.wav,fsd50k/33750,Alarm,1,train
FSD50K/33751.wav,fsd50k/33751,Alarm,1,train
FSD50K/33752.wav,fsd50k/33752,Alarm,1,train
FSD50K/337721.wav,fsd50k/337721,Knocking,12,train
FSD50K/337754.wav,fsd50k/337754,Alarm,1,train
FSD50K/33804.wav,fsd50k/33804,Train,15,train
FSD50K/338046.wav,fsd50k/338046,Gunshot,9,train
FSD50K/33806.wav,fsd50k/33806,Train,15,train
FSD50K/338121.wav,fsd50k/338121,Motorcycle,13,train
FSD50K/338125.wav,fsd50k/338125,Motorcycle,13,val
FSD50K/338126.wav,fsd50k/338126,Motorcycle,13,train
FSD50K/338127.wav,fsd50k/338127,Motorcycle,13,train
FSD50K/338128.wav,fsd50k/338128,Motorcycle,13,train
FSD50K/338168.wav,fsd50k/338168,Alarm,1,train
FSD50K/338299.wav,fsd50k/338299,Knocking,12,train
FSD50K/338321.wav,fsd50k/338321,Help_Shouting,10,train
FSD50K/338324.wav,fsd50k/338324,Gunshot,9,train
FSD50K/338333.wav,fsd50k/338333,Footsteps,7,train
FSD50K/338691.wav,fsd50k/338691,Glass_Breaking,8,train
FSD50K/338692.wav,fsd50k/338692,Glass_Breaking,8,val
FSD50K/338694.wav,fsd50k/338694,Glass_Breaking,8,train
FSD50K/338853.wav,fsd50k/338853,Alarm,1,test
FSD50K/338936.wav,fsd50k/338936,Help_Shouting,10,test
FSD50K/338938.wav,fsd50k/338938,Help_Shouting,10,train
FSD50K/338939.wav,fsd50k/338939,Help_Shouting,10,test
FSD50K/339141.wav,fsd50k/339141,Train,15,test
FSD50K/339874.wav,fsd50k/339874,Train,15,test
FSD50K/339916.wav,fsd50k/339916,Train,15,train
FSD50K/339927.wav,fsd50k/339927,Footsteps,7,train
FSD50K/339932.wav,fsd50k/339932,Footsteps,7,train
FSD50K/340061.wav,fsd50k/340061,Footsteps,7,val
FSD50K/340206.wav,fsd50k/340206,Footsteps,7,train
FSD50K/340217.wav,fsd50k/340217,Footsteps,7,val
FSD50K/340224.wav,fsd50k/340224,Footsteps,7,test
FSD50K/340225.wav,fsd50k/340225,Footsteps,7,train
FSD50K/340361.wav,fsd50k/340361,Help_Shouting,10,train
FSD50K/340454.wav,fsd50k/340454,Footsteps,7,train
FSD50K/340462.wav,fsd50k/340462,Train,15,train
FSD50K/340463.wav,fsd50k/340463,Train,15,train
FSD50K/340464.wav,fsd50k/340464,Train,15,train
FSD50K/340466.wav,fsd50k/340466,Train,15,val
FSD50K/340750.wav,fsd50k/340750,Alarm,1,train
FSD50K/340862.wav,fsd50k/340862,Aircraft,0,train
FSD50K/340889.wav,fsd50k/340889,Help_Shouting,10,train
FSD50K/340898.wav,fsd50k/340898,Alarm,1,train
FSD50K/340905.wav,fsd50k/340905,Vehicle_Horn,16,train
FSD50K/340942.wav,fsd50k/340942,Alarm,1,train
FSD50K/341070.wav,fsd50k/341070,Glass_Breaking,8,train
FSD50K/341113.wav,fsd50k/341113,Aircraft,0,train
FSD50K/341197.wav,fsd50k/341197,Train,15,train
FSD50K/341198.wav,fsd50k/341198,Train,15,val
FSD50K/341203.wav,fsd50k/341203,Train,15,val
FSD50K/341328.wav,fsd50k/341328,Train,15,train
FSD50K/341329.wav,fsd50k/341329,Train,15,train
FSD50K/341395.wav,fsd50k/341395,Alarm,1,train
FSD50K/341509.wav,fsd50k/341509,Help_Shouting,10,train
FSD50K/341569.wav,fsd50k/341569,Footsteps,7,val
FSD50K/341905.wav,fsd50k/341905,Train,15,train
FSD50K/34201.wav,fsd50k/34201,Glass_Breaking,8,train
FSD50K/34202.wav,fsd50k/34202,Glass_Breaking,8,train
FSD50K/342184.wav,fsd50k/342184,Gunshot,9,train
FSD50K/34254.wav,fsd50k/34254,Footsteps,7,train
FSD50K/342551.wav,fsd50k/342551,Knocking,12,train
FSD50K/342552.wav,fsd50k/342552,Knocking,12,train
FSD50K/342568.wav,fsd50k/342568,Glass_Breaking,8,train
FSD50K/34260.wav,fsd50k/34260,Knocking,12,train
FSD50K/34261.wav,fsd50k/34261,Knocking,12,train
FSD50K/342654.wav,fsd50k/342654,Alarm,1,test
FSD50K/342656.wav,fsd50k/342656,Alarm,1,train
FSD50K/342663.wav,fsd50k/342663,Alarm,1,val
FSD50K/34281.wav,fsd50k/34281,Help_Shouting,10,val
FSD50K/34283.wav,fsd50k/34283,Help_Shouting,10,train
FSD50K/342952.wav,fsd50k/342952,Gunshot,9,train
FSD50K/343169.wav,fsd50k/343169,Help_Shouting,10,val
FSD50K/343367.wav,fsd50k/343367,Footsteps,7,test
FSD50K/343391.wav,fsd50k/343391,Glass_Breaking,8,train
FSD50K/343680.wav,fsd50k/343680,Gunshot,9,val
FSD50K/343685.wav,fsd50k/343685,Aircraft,0,val
FSD50K/343686.wav,fsd50k/343686,Motorcycle,13,test
FSD50K/343689.wav,fsd50k/343689,Footsteps,7,train
FSD50K/343690.wav,fsd50k/343690,Aircraft,0,train
FSD50K/343756.wav,fsd50k/343756,Glass_Breaking,8,train
FSD50K/343771.wav,fsd50k/343771,Help_Shouting,10,test
FSD50K/343877.wav,fsd50k/343877,Help_Shouting,10,val
FSD50K/343879.wav,fsd50k/343879,Help_Shouting,10,train
FSD50K/343887.wav,fsd50k/343887,Help_Shouting,10,test
FSD50K/343891.wav,fsd50k/343891,Help_Shouting,10,val
FSD50K/343897.wav,fsd50k/343897,Help_Shouting,10,test
FSD50K/343915.wav,fsd50k/343915,Help_Shouting,10,train
FSD50K/343918.wav,fsd50k/343918,Help_Shouting,10,train
FSD50K/343930.wav,fsd50k/343930,Help_Shouting,10,test
FSD50K/343954.wav,fsd50k/343954,Help_Shouting,10,train
FSD50K/343957.wav,fsd50k/343957,Help_Shouting,10,test
FSD50K/343960.wav,fsd50k/343960,Help_Shouting,10,val
FSD50K/343965.wav,fsd50k/343965,Help_Shouting,10,train
FSD50K/343967.wav,fsd50k/343967,Help_Shouting,10,train
FSD50K/343974.wav,fsd50k/343974,Help_Shouting,10,train
FSD50K/343985.wav,fsd50k/343985,Help_Shouting,10,train
FSD50K/344000.wav,fsd50k/344000,Help_Shouting,10,train
FSD50K/344028.wav,fsd50k/344028,Help_Shouting,10,val
FSD50K/344051.wav,fsd50k/344051,Help_Shouting,10,test
FSD50K/344056.wav,fsd50k/344056,Help_Shouting,10,train
FSD50K/344057.wav,fsd50k/344057,Help_Shouting,10,train
FSD50K/344142.wav,fsd50k/344142,Gunshot,9,train
FSD50K/344224.wav,fsd50k/344224,Alarm,1,train
FSD50K/344265.wav,fsd50k/344265,Glass_Breaking,8,test
FSD50K/344266.wav,fsd50k/344266,Glass_Breaking,8,train
FSD50K/344267.wav,fsd50k/344267,Glass_Breaking,8,val
FSD50K/344268.wav,fsd50k/344268,Glass_Breaking,8,train
FSD50K/344269.wav,fsd50k/344269,Glass_Breaking,8,train
FSD50K/344270.wav,fsd50k/344270,Glass_Breaking,8,train
FSD50K/344271.wav,fsd50k/344271,Glass_Breaking,8,train
FSD50K/344272.wav,fsd50k/344272,Glass_Breaking,8,train
FSD50K/344602.wav,fsd50k/344602,Footsteps,7,test
FSD50K/344723.wav,fsd50k/344723,Train,15,train
FSD50K/344769.wav,fsd50k/344769,Footsteps,7,train
FSD50K/345068.wav,fsd50k/345068,Alarm,1,val
FSD50K/34524.wav,fsd50k/34524,Alarm,1,train
FSD50K/34525.wav,fsd50k/34525,Alarm,1,train
FSD50K/345275.wav,fsd50k/345275,Doorbell,5,train
FSD50K/345474.wav,fsd50k/345474,Knocking,12,train
FSD50K/345599.wav,fsd50k/345599,Knocking,12,train
FSD50K/345685.wav,fsd50k/345685,Footsteps,7,train
FSD50K/345815.wav,fsd50k/345815,Alarm,1,train
FSD50K/345844.wav,fsd50k/345844,Gunshot,9,train
FSD50K/34585.wav,fsd50k/34585,Footsteps,7,train
FSD50K/345933.wav,fsd50k/345933,Help_Shouting,10,train
FSD50K/346108.wav,fsd50k/346108,Alarm,1,test
FSD50K/346173.wav,fsd50k/346173,Glass_Breaking,8,train
FSD50K/346370.wav,fsd50k/346370,Train,15,train
FSD50K/346372.wav,fsd50k/346372,Aircraft,0,val
FSD50K/346537.wav,fsd50k/346537,Gunshot,9,test
FSD50K/346572.wav,fsd50k/346572,Train,15,test
FSD50K/346715.wav,fsd50k/346715,Knocking,12,train
FSD50K/346759.wav,fsd50k/346759,Motorcycle,13,train
FSD50K/346814.wav,fsd50k/346814,Help_Shouting,10,test
FSD50K/346898.wav,fsd50k/346898,Help_Shouting,10,val
FSD50K/346904.wav,fsd50k/346904,Gunshot,9,train
FSD50K/346905.wav,fsd50k/346905,Gunshot,9,val
FSD50K/346957.wav,fsd50k/346957,Train,15,test
FSD50K/347216.wav,fsd50k/347216,Alarm,1,train
FSD50K/347217.wav,fsd50k/347217,Alarm,1,train
FSD50K/347246.wav,fsd50k/347246,Train,15,test
FSD50K/34733.wav,fsd50k/34733,Alarm,1,test
FSD50K/347400.wav,fsd50k/347400,Doorbell,5,train
FSD50K/347401.wav,fsd50k/347401,Knocking,12,test
FSD50K/347496.wav,fsd50k/347496,Glass_Breaking,8,train
FSD50K/347585.wav,fsd50k/347585,Knocking,12,train
FSD50K/347586.wav,fsd50k/347586,Alarm,1,val
FSD50K/347609.wav,fsd50k/347609,Knocking,12,train
FSD50K/347647.wav,fsd50k/347647,Gunshot,9,train
FSD50K/347648.wav,fsd50k/347648,Glass_Breaking,8,train
FSD50K/347677.wav,fsd50k/347677,Alarm,1,train
FSD50K/347709.wav,fsd50k/347709,Aircraft,0,train
FSD50K/347821.wav,fsd50k/347821,Train,15,train
FSD50K/347944.wav,fsd50k/347944,Knocking,12,test
FSD50K/347964.wav,fsd50k/347964,Alarm,1,train
FSD50K/348106.wav,fsd50k/348106,Glass_Breaking,8,train
FSD50K/348149.wav,fsd50k/348149,Train,15,train
FSD50K/348310.wav,fsd50k/348310,Help_Shouting,10,val
FSD50K/348322.wav,fsd50k/348322,Alarm,1,test
FSD50K/348323.wav,fsd50k/348323,Footsteps,7,train
FSD50K/348324.wav,fsd50k/348324,Footsteps,7,train
FSD50K/348325.wav,fsd50k/348325,Alarm,1,train
FSD50K/34853.wav,fsd50k/34853,Alarm,1,train
FSD50K/348551.wav,fsd50k/348551,Alarm,1,train
FSD50K/34859.wav,fsd50k/34859,Knocking,12,train
FSD50K/34865.wav,fsd50k/34865,Alarm,1,test
FSD50K/348663.wav,fsd50k/348663,Gunshot,9,train
FSD50K/348664.wav,fsd50k/348664,Gunshot,9,val
FSD50K/348665.wav,fsd50k/348665,Gunshot,9,val
FSD50K/348666.wav,fsd50k/348666,Gunshot,9,val
FSD50K/348670.wav,fsd50k/348670,Gunshot,9,train
FSD50K/348671.wav,fsd50k/348671,Gunshot,9,train
FSD50K/348752.wav,fsd50k/348752,Footsteps,7,train
FSD50K/349101.wav,fsd50k/349101,Footsteps,7,train
FSD50K/349102.wav,fsd50k/349102,Footsteps,7,train
FSD50K/349103.wav,fsd50k/349103,Footsteps,7,train
FSD50K/349105.wav,fsd50k/349105,Footsteps,7,train
FSD50K/349109.wav,fsd50k/349109,Footsteps,7,train
FSD50K/349136.wav,fsd50k/349136,Train,15,train
FSD50K/349137.wav,fsd50k/349137,Train,15,train
FSD50K/349138.wav,fsd50k/349138,Train,15,train
FSD50K/349139.wav,fsd50k/349139,Train,15,val
FSD50K/349140.wav,fsd50k/349140,Train,15,val
FSD50K/349141.wav,fsd50k/349141,Train,15,val
FSD50K/349152.wav,fsd50k/349152,Motorcycle,13,train
FSD50K/349217.wav,fsd50k/349217,Gunshot,9,train
FSD50K/349240.wav,fsd50k/349240,Glass_Breaking,8,train
FSD50K/349242.wav,fsd50k/349242,Knocking,12,test
FSD50K/349243.wav,fsd50k/349243,Knocking,12,train
FSD50K/349244.wav,fsd50k/349244,Knocking,12,train
FSD50K/349245.wav,fsd50k/349245,Knocking,12,train
FSD50K/349284.wav,fsd50k/349284,Knocking,12,train
FSD50K/349285.wav,fsd50k/349285,Knocking,12,train
FSD50K/349286.wav,fsd50k/349286,Knocking,12,train
FSD50K/349287.wav,fsd50k/349287,Knocking,12,train
FSD50K/349288.wav,fsd50k/349288,Knocking,12,train
FSD50K/349289.wav,fsd50k/349289,Knocking,12,train
FSD50K/349290.wav,fsd50k/349290,Knocking,12,train
FSD50K/349291.wav,fsd50k/349291,Knocking,12,test
FSD50K/349292.wav,fsd50k/349292,Knocking,12,train
FSD50K/349293.wav,fsd50k/349293,Knocking,12,train
FSD50K/349294.wav,fsd50k/349294,Knocking,12,train
FSD50K/349295.wav,fsd50k/349295,Knocking,12,train
FSD50K/349296.wav,fsd50k/349296,Knocking,12,train
FSD50K/349297.wav,fsd50k/349297,Knocking,12,train
FSD50K/349298.wav,fsd50k/349298,Knocking,12,train
FSD50K/349299.wav,fsd50k/349299,Knocking,12,train
FSD50K/349301.wav,fsd50k/349301,Knocking,12,val
FSD50K/349302.wav,fsd50k/349302,Knocking,12,train
FSD50K/349303.wav,fsd50k/349303,Knocking,12,train
FSD50K/349304.wav,fsd50k/349304,Knocking,12,train
FSD50K/349305.wav,fsd50k/349305,Knocking,12,test
FSD50K/349306.wav,fsd50k/349306,Knocking,12,train
FSD50K/349307.wav,fsd50k/349307,Knocking,12,train
FSD50K/349308.wav,fsd50k/349308,Knocking,12,val
FSD50K/349309.wav,fsd50k/349309,Knocking,12,train
FSD50K/349310.wav,fsd50k/349310,Knocking,12,train
FSD50K/349391.wav,fsd50k/349391,Alarm,1,train
FSD50K/349714.wav,fsd50k/349714,Aircraft,0,train
FSD50K/34979.wav,fsd50k/34979,Alarm,1,train
FSD50K/349905.wav,fsd50k/349905,Glass_Breaking,8,train
FSD50K/349922.wav,fsd50k/349922,Alarm,1,train
FSD50K/350264.wav,fsd50k/350264,Gunshot,9,test
FSD50K/350283.wav,fsd50k/350283,Alarm,1,train
FSD50K/350438.wav,fsd50k/350438,Help_Shouting,10,train
FSD50K/350439.wav,fsd50k/350439,Help_Shouting,10,train
FSD50K/350446.wav,fsd50k/350446,Help_Shouting,10,train
FSD50K/350448.wav,fsd50k/350448,Help_Shouting,10,train
FSD50K/350451.wav,fsd50k/350451,Help_Shouting,10,train
FSD50K/35058.wav,fsd50k/35058,Train,15,train
FSD50K/350605.wav,fsd50k/350605,Help_Shouting,10,train
FSD50K/350642.wav,fsd50k/350642,Alarm,1,train
FSD50K/350714.wav,fsd50k/350714,Help_Shouting,10,train
FSD50K/350745.wav,fsd50k/350745,Help_Shouting,10,train
FSD50K/350773.wav,fsd50k/350773,Alarm,1,train
FSD50K/351144.wav,fsd50k/351144,Knocking,12,train
FSD50K/351183.wav,fsd50k/351183,Aircraft,0,train
FSD50K/351257.wav,fsd50k/351257,Alarm,1,test
FSD50K/351337.wav,fsd50k/351337,Help_Shouting,10,val
FSD50K/351339.wav,fsd50k/351339,Help_Shouting,10,val
FSD50K/351483.wav,fsd50k/351483,Train,15,train
FSD50K/351598.wav,fsd50k/351598,Help_Shouting,10,train
FSD50K/351627.wav,fsd50k/351627,Help_Shouting,10,train
FSD50K/351628.wav,fsd50k/351628,Help_Shouting,10,train
FSD50K/351630.wav,fsd50k/351630,Help_Shouting,10,train
FSD50K/351631.wav,fsd50k/351631,Help_Shouting,10,train
FSD50K/351634.wav,fsd50k/351634,Help_Shouting,10,test
FSD50K/351777.wav,fsd50k/351777,Gunshot,9,train
FSD50K/351778.wav,fsd50k/351778,Gunshot,9,train
FSD50K/351785.wav,fsd50k/351785,Footsteps,7,test
FSD50K/352134.wav,fsd50k/352134,Aircraft,0,train
FSD50K/35220.wav,fsd50k/35220,Footsteps,7,test
FSD50K/352331.wav,fsd50k/352331,Glass_Breaking,8,train
FSD50K/352360.wav,fsd50k/352360,Footsteps,7,train
FSD50K/352374.wav,fsd50k/352374,Alarm,1,train
FSD50K/352418.wav,fsd50k/352418,Train,15,train
FSD50K/35252.wav,fsd50k/35252,Footsteps,7,test
FSD50K/352631.wav,fsd50k/352631,Train,15,train
FSD50K/352673.wav,fsd50k/352673,Knocking,12,val
FSD50K/352746.wav,fsd50k/352746,Glass_Breaking,8,test
FSD50K/352813.wav,fsd50k/352813,Aircraft,0,train
FSD50K/352905.wav,fsd50k/352905,Footsteps,7,train
FSD50K/353036.wav,fsd50k/353036,Knocking,12,train
FSD50K/353086.wav,fsd50k/353086,Help_Shouting,10,train
FSD50K/353093.wav,fsd50k/353093,Gunshot,9,train
FSD50K/353103.wav,fsd50k/353103,Help_Shouting,10,val
FSD50K/353104.wav,fsd50k/353104,Help_Shouting,10,train
FSD50K/353265.wav,fsd50k/353265,Alarm,1,train
FSD50K/353285.wav,fsd50k/353285,Help_Shouting,10,train
FSD50K/353287.wav,fsd50k/353287,Help_Shouting,10,test
FSD50K/353288.wav,fsd50k/353288,Help_Shouting,10,train
FSD50K/353291.wav,fsd50k/353291,Help_Shouting,10,train
FSD50K/353294.wav,fsd50k/353294,Help_Shouting,10,train
FSD50K/353295.wav,fsd50k/353295,Help_Shouting,10,train
FSD50K/353538.wav,fsd50k/353538,Footsteps,7,test
FSD50K/353615.wav,fsd50k/353615,Footsteps,7,train
FSD50K/353626.wav,fsd50k/353626,Glass_Breaking,8,val
FSD50K/353635.wav,fsd50k/353635,Alarm,1,train
FSD50K/353665.wav,fsd50k/353665,Train,15,train
FSD50K/353771.wav,fsd50k/353771,Motorcycle,13,test
FSD50K/353799.wav,fsd50k/353799,Footsteps,7,train
FSD50K/35384.wav,fsd50k/35384,Aircraft,0,train
FSD50K/353881.wav,fsd50k/353881,Motorcycle,13,train
FSD50K/353928.wav,fsd50k/353928,Glass_Breaking,8,val
FSD50K/353956.wav,fsd50k/353956,Alarm,1,train
FSD50K/353977.wav,fsd50k/353977,Motorcycle,13,val
FSD50K/353978.wav,fsd50k/353978,Motorcycle,13,train
FSD50K/353979.wav,fsd50k/353979,Motorcycle,13,val
FSD50K/353980.wav,fsd50k/353980,Motorcycle,13,val
FSD50K/354061.wav,fsd50k/354061,Footsteps,7,train
FSD50K/35433.wav,fsd50k/35433,Alarm,1,train
FSD50K/35436.wav,fsd50k/35436,Alarm,1,val
FSD50K/35437.wav,fsd50k/35437,Alarm,1,test
FSD50K/35439.wav,fsd50k/35439,Alarm,1,train
FSD50K/35498.wav,fsd50k/35498,Motorcycle,13,test
FSD50K/355057.wav,fsd50k/355057,Aircraft,0,val
FSD50K/355063.wav,fsd50k/355063,Help_Shouting,10,train
FSD50K/35534.wav,fsd50k/35534,Footsteps,7,train
FSD50K/355340.wav,fsd50k/355340,Glass_Breaking,8,val
FSD50K/356312.wav,fsd50k/356312,Glass_Breaking,8,train
FSD50K/359126.wav,fsd50k/359126,Glass_Breaking,8,test
FSD50K/360410.wav,fsd50k/360410,Glass_Breaking,8,train
FSD50K/360465.wav,fsd50k/360465,Help_Shouting,10,train
FSD50K/360481.wav,fsd50k/360481,Knocking,12,train
FSD50K/36052.wav,fsd50k/36052,Help_Shouting,10,train
FSD50K/360692.wav,fsd50k/360692,Alarm,1,train
FSD50K/360727.wav,fsd50k/360727,Train,15,test
FSD50K/360728.wav,fsd50k/360728,Motorcycle,13,train
FSD50K/360842.wav,fsd50k/360842,Alarm,1,train
FSD50K/361116.wav,fsd50k/361116,Knocking,12,test
FSD50K/361136.wav,fsd50k/361136,Gunshot,9,train
FSD50K/361172.wav,fsd50k/361172,Footsteps,7,train
FSD50K/361341.wav,fsd50k/361341,Glass_Breaking,8,test
FSD50K/361400.wav,fsd50k/361400,Help_Shouting,10,train
FSD50K/361403.wav,fsd50k/361403,Motorcycle,13,test
FSD50K/361404.wav,fsd50k/361404,Motorcycle,13,train
FSD50K/361406.wav,fsd50k/361406,Motorcycle,13,train
FSD50K/361498.wav,fsd50k/361498,Aircraft,0,train
FSD50K/361537.wav,fsd50k/361537,Alarm,1,test
FSD50K/361564.wav,fsd50k/361564,Alarm,1,train
FSD50K/361856.wav,fsd50k/361856,Alarm,1,train
FSD50K/362234.wav,fsd50k/362234,Motorcycle,13,train
FSD50K/362235.wav,fsd50k/362235,Motorcycle,13,train
FSD50K/362238.wav,fsd50k/362238,Glass_Breaking,8,test
FSD50K/362249.wav,fsd50k/362249,Footsteps,7,test
FSD50K/362310.wav,fsd50k/362310,Glass_Breaking,8,train
FSD50K/362357.wav,fsd50k/362357,Footsteps,7,val
FSD50K/362471.wav,fsd50k/362471,Gunshot,9,val
FSD50K/362486.wav,fsd50k/362486,Gunshot,9,test
FSD50K/362487.wav,fsd50k/362487,Gunshot,9,val
FSD50K/362633.wav,fsd50k/362633,Knocking,12,train
FSD50K/362665.wav,fsd50k/362665,Help_Shouting,10,test
FSD50K/362666.wav,fsd50k/362666,Help_Shouting,10,train
FSD50K/362799.wav,fsd50k/362799,Vehicle_Horn,16,test
FSD50K/362918.wav,fsd50k/362918,Alarm,1,train
FSD50K/36362.wav,fsd50k/36362,Footsteps,7,val
FSD50K/363874.wav,fsd50k/363874,Footsteps,7,val
FSD50K/364235.wav,fsd50k/364235,Footsteps,7,train
FSD50K/364244.wav,fsd50k/364244,Footsteps,7,train
FSD50K/364270.wav,fsd50k/364270,Alarm,1,val
FSD50K/364271.wav,fsd50k/364271,Alarm,1,train
FSD50K/364443.wav,fsd50k/364443,Footsteps,7,train
FSD50K/364458.wav,fsd50k/364458,Footsteps,7,train
FSD50K/364678.wav,fsd50k/364678,Knocking,12,train
FSD50K/364680.wav,fsd50k/364680,Knocking,12,val
FSD50K/364702.wav,fsd50k/364702,Footsteps,7,train
FSD50K/364806.wav,fsd50k/364806,Alarm,1,train
FSD50K/364835.wav,fsd50k/364835,Knocking,12,train
FSD50K/364839.wav,fsd50k/364839,Alarm,1,train
FSD50K/364863.wav,fsd50k/364863,Train,15,train
FSD50K/364876.wav,fsd50k/364876,Footsteps,7,train
FSD50K/364897.wav,fsd50k/364897,Help_Shouting,10,test
FSD50K/364911.wav,fsd50k/364911,Alarm,1,train
FSD50K/364976.wav,fsd50k/364976,Gunshot,9,test
FSD50K/365011.wav,fsd50k/365011,Footsteps,7,train
FSD50K/365220.wav,fsd50k/365220,Footsteps,7,train
FSD50K/365509.wav,fsd50k/365509,Footsteps,7,train
FSD50K/365544.wav,fsd50k/365544,Footsteps,7,test
FSD50K/365575.wav,fsd50k/365575,Doorbell,5,val
FSD50K/365620.wav,fsd50k/365620,Footsteps,7,train
FSD50K/365666.wav,fsd50k/365666,Knocking,12,train
FSD50K/365667.wav,fsd50k/365667,Alarm,1,train
FSD50K/365902.wav,fsd50k/365902,Knocking,12,train
FSD50K/365903.wav,fsd50k/365903,Alarm,1,train
FSD50K/365905.wav,fsd50k/365905,Gunshot,9,train
FSD50K/365907.wav,fsd50k/365907,Knocking,12,train
FSD50K/365908.wav,fsd50k/365908,Knocking,12,train
FSD50K/365916.wav,fsd50k/365916,Train,15,train
FSD50K/365917.wav,fsd50k/365917,Train,15,val
FSD50K/366111.wav,fsd50k/366111,Footsteps,7,train
FSD50K/366179.wav,fsd50k/366179,Glass_Breaking,8,val
FSD50K/366236.wav,fsd50k/366236,Knocking,12,val
FSD50K/366329.wav,fsd50k/366329,Knocking,12,train
FSD50K/366346.wav,fsd50k/366346,Knocking,12,train
FSD50K/366440.wav,fsd50k/366440,Alarm,1,train
FSD50K/366595.wav,fsd50k/366595,Glass_Breaking,8,test
FSD50K/366706.wav,fsd50k/366706,Aircraft,0,train
FSD50K/366738.wav,fsd50k/366738,Glass_Breaking,8,train
FSD50K/366766.wav,fsd50k/366766,Footsteps,7,train
FSD50K/366878.wav,fsd50k/366878,Gunshot,9,val
FSD50K/367129.wav,fsd50k/367129,Knocking,12,val
FSD50K/367178.wav,fsd50k/367178,Footsteps,7,train
FSD50K/367307.wav,fsd50k/367307,Help_Shouting,10,test
FSD50K/367437.wav,fsd50k/367437,Train,15,train
FSD50K/367438.wav,fsd50k/367438,Train,15,val
FSD50K/367441.wav,fsd50k/367441,Train,15,val
FSD50K/367448.wav,fsd50k/367448,Glass_Breaking,8,val
FSD50K/367624.wav,fsd50k/367624,Glass_Breaking,8,train
FSD50K/367744.wav,fsd50k/367744,Alarm,1,val
FSD50K/367770.wav,fsd50k/367770,Glass_Breaking,8,train
FSD50K/367811.wav,fsd50k/367811,Train,15,train
FSD50K/367839.wav,fsd50k/367839,Alarm,1,train
FSD50K/36815.wav,fsd50k/36815,Gunshot,9,val
FSD50K/368206.wav,fsd50k/368206,Motorcycle,13,train
FSD50K/368207.wav,fsd50k/368207,Motorcycle,13,train
FSD50K/368208.wav,fsd50k/368208,Motorcycle,13,train
FSD50K/368209.wav,fsd50k/368209,Motorcycle,13,train
FSD50K/368210.wav,fsd50k/368210,Motorcycle,13,train
FSD50K/368211.wav,fsd50k/368211,Motorcycle,13,test
FSD50K/368212.wav,fsd50k/368212,Motorcycle,13,train
FSD50K/368213.wav,fsd50k/368213,Motorcycle,13,test
FSD50K/368214.wav,fsd50k/368214,Motorcycle,13,train
FSD50K/368215.wav,fsd50k/368215,Motorcycle,13,train
FSD50K/368269.wav,fsd50k/368269,Gunshot,9,train
FSD50K/368270.wav,fsd50k/368270,Gunshot,9,train
FSD50K/368276.wav,fsd50k/368276,Help_Shouting,10,val
FSD50K/368283.wav,fsd50k/368283,Footsteps,7,train
FSD50K/368324.wav,fsd50k/368324,Glass_Breaking,8,test
FSD50K/368331.wav,fsd50k/368331,Glass_Breaking,8,train
FSD50K/368334.wav,fsd50k/368334,Glass_Breaking,8,train
FSD50K/368335.wav,fsd50k/368335,Glass_Breaking,8,train
FSD50K/368338.wav,fsd50k/368338,Glass_Breaking,8,train
FSD50K/368341.wav,fsd50k/368341,Glass_Breaking,8,test
FSD50K/368342.wav,fsd50k/368342,Glass_Breaking,8,train
FSD50K/368343.wav,fsd50k/368343,Glass_Breaking,8,val
FSD50K/368352.wav,fsd50k/368352,Glass_Breaking,8,train
FSD50K/368456.wav,fsd50k/368456,Help_Shouting,10,test
FSD50K/368471.wav,fsd50k/368471,Alarm,1,test
FSD50K/368525.wav,fsd50k/368525,Help_Shouting,10,train
FSD50K/368563.wav,fsd50k/368563,Alarm,1,train
FSD50K/368736.wav,fsd50k/368736,Gunshot,9,train
FSD50K/368805.wav,fsd50k/368805,Gunshot,9,train
FSD50K/368824.wav,fsd50k/368824,Help_Shouting,10,train
FSD50K/368841.wav,fsd50k/368841,Help_Shouting,10,train
FSD50K/368905.wav,fsd50k/368905,Glass_Breaking,8,train
FSD50K/368944.wav,fsd50k/368944,Glass_Breaking,8,train
FSD50K/36898.wav,fsd50k/36898,Train,15,val
FSD50K/36899.wav,fsd50k/36899,Train,15,train
FSD50K/36900.wav,fsd50k/36900,Train,15,test
FSD50K/369070.wav,fsd50k/369070,Glass_Breaking,8,train
FSD50K/369124.wav,fsd50k/369124,Gunshot,9,val
FSD50K/369126.wav,fsd50k/369126,Gunshot,9,train
FSD50K/369202.wav,fsd50k/369202,Alarm,1,test
FSD50K/369395.wav,fsd50k/369395,Gunshot,9,val
FSD50K/369482.wav,fsd50k/369482,Aircraft,0,test
FSD50K/369530.wav,fsd50k/369530,Gunshot,9,train
FSD50K/369710.wav,fsd50k/369710,Knocking,12,test
FSD50K/369781.wav,fsd50k/369781,Gunshot,9,test
FSD50K/369782.wav,fsd50k/369782,Gunshot,9,val
FSD50K/369818.wav,fsd50k/369818,Gunshot,9,val
FSD50K/369879.wav,fsd50k/369879,Alarm,1,train
FSD50K/370219.wav,fsd50k/370219,Gunshot,9,test
FSD50K/370220.wav,fsd50k/370220,Gunshot,9,train
FSD50K/370304.wav,fsd50k/370304,Gunshot,9,train
FSD50K/370340.wav,fsd50k/370340,Motorcycle,13,train
FSD50K/370899.wav,fsd50k/370899,Knocking,12,test
FSD50K/370913.wav,fsd50k/370913,Knocking,12,train
FSD50K/370916.wav,fsd50k/370916,Knocking,12,train
FSD50K/370919.wav,fsd50k/370919,Alarm,1,train
FSD50K/370920.wav,fsd50k/370920,Knocking,12,test
FSD50K/370931.wav,fsd50k/370931,Footsteps,7,test
FSD50K/370998.wav,fsd50k/370998,Gunshot,9,test
FSD50K/371001.wav,fsd50k/371001,Gunshot,9,train
FSD50K/371002.wav,fsd50k/371002,Gunshot,9,train
FSD50K/371004.wav,fsd50k/371004,Gunshot,9,train
FSD50K/371015.wav,fsd50k/371015,Footsteps,7,train
FSD50K/371017.wav,fsd50k/371017,Footsteps,7,train
FSD50K/371041.wav,fsd50k/371041,Gunshot,9,test
FSD50K/371091.wav,fsd50k/371091,Glass_Breaking,8,train
FSD50K/371092.wav,fsd50k/371092,Glass_Breaking,8,train
FSD50K/371093.wav,fsd50k/371093,Glass_Breaking,8,val
FSD50K/371158.wav,fsd50k/371158,Gunshot,9,train
FSD50K/371177.wav,fsd50k/371177,Alarm,1,train
FSD50K/371440.wav,fsd50k/371440,Gunshot,9,test
FSD50K/371450.wav,fsd50k/371450,Vehicle_Horn,16,train
FSD50K/371548.wav,fsd50k/371548,Gunshot,9,val
FSD50K/371575.wav,fsd50k/371575,Gunshot,9,val
FSD50K/371602.wav,fsd50k/371602,Help_Shouting,10,train
FSD50K/371661.wav,fsd50k/371661,Knocking,12,train
FSD50K/371782.wav,fsd50k/371782,Alarm,1,train
FSD50K/371786.wav,fsd50k/371786,Glass_Breaking,8,train
FSD50K/371833.wav,fsd50k/371833,Vehicle_Horn,16,train
FSD50K/371836.wav,fsd50k/371836,Alarm,1,test
FSD50K/371853.wav,fsd50k/371853,Vehicle_Horn,16,train
FSD50K/372002.wav,fsd50k/372002,Train,15,test
FSD50K/372087.wav,fsd50k/372087,Alarm,1,train
FSD50K/372230.wav,fsd50k/372230,Knocking,12,train
FSD50K/372231.wav,fsd50k/372231,Knocking,12,train
FSD50K/372232.wav,fsd50k/372232,Knocking,12,test
FSD50K/372251.wav,fsd50k/372251,Alarm,1,train
FSD50K/37237.wav,fsd50k/37237,Gunshot,9,val
FSD50K/372573.wav,fsd50k/372573,Knocking,12,train
FSD50K/372871.wav,fsd50k/372871,Alarm,1,train
FSD50K/372917.wav,fsd50k/372917,Knocking,12,train
FSD50K/372919.wav,fsd50k/372919,Glass_Breaking,8,test
FSD50K/376197.wav,fsd50k/376197,Glass_Breaking,8,train
FSD50K/376374.wav,fsd50k/376374,Alarm,1,train
FSD50K/376462.wav,fsd50k/376462,Glass_Breaking,8,train
FSD50K/376638.wav,fsd50k/376638,Help_Shouting,10,train
FSD50K/376697.wav,fsd50k/376697,Aircraft,0,train
FSD50K/376698.wav,fsd50k/376698,Aircraft,0,train
FSD50K/376699.wav,fsd50k/376699,Aircraft,0,test
FSD50K/377125.wav,fsd50k/377125,Alarm,1,train
FSD50K/377239.wav,fsd50k/377239,Aircraft,0,train
FSD50K/377245.wav,fsd50k/377245,Gunshot,9,train
FSD50K/377300.wav,fsd50k/377300,Vehicle_Horn,16,test
FSD50K/377302.wav,fsd50k/377302,Alarm,1,train
FSD50K/377491.wav,fsd50k/377491,Footsteps,7,test
FSD50K/377496.wav,fsd50k/377496,Vehicle_Horn,16,train
FSD50K/377500.wav,fsd50k/377500,Knocking,12,train
FSD50K/377547.wav,fsd50k/377547,Footsteps,7,train
FSD50K/377590.wav,fsd50k/377590,Footsteps,7,train
FSD50K/37789.wav,fsd50k/37789,Glass_Breaking,8,train
FSD50K/378204.wav,fsd50k/378204,Gunshot,9,train
FSD50K/378252.wav,fsd50k/378252,Alarm,1,train
FSD50K/378257.wav,fsd50k/378257,Alarm,1,val
FSD50K/378285.wav,fsd50k/378285,Glass_Breaking,8,train
FSD50K/378289.wav,fsd50k/378289,Glass_Breaking,8,val
FSD50K/378321.wav,fsd50k/378321,Glass_Breaking,8,train
FSD50K/378335.wav,fsd50k/378335,Motorcycle,13,train
FSD50K/378338.wav,fsd50k/378338,Motorcycle,13,train
FSD50K/378339.wav,fsd50k/378339,Motorcycle,13,train
FSD50K/378340.wav,fsd50k/378340,Motorcycle,13,train
FSD50K/378341.wav,fsd50k/378341,Motorcycle,13,test
FSD50K/378347.wav,fsd50k/378347,Motorcycle,13,train
FSD50K/378398.wav,fsd50k/378398,Footsteps,7,train
FSD50K/378563.wav,fsd50k/378563,Gunshot,9,test
FSD50K/378568.wav,fsd50k/378568,Glass_Breaking,8,test
FSD50K/378584.wav,fsd50k/378584,Footsteps,7,test
FSD50K/378586.wav,fsd50k/378586,Footsteps,7,train
FSD50K/378740.wav,fsd50k/378740,Knocking,12,train
FSD50K/378742.wav,fsd50k/378742,Knocking,12,train
FSD50K/378908.wav,fsd50k/378908,Alarm,1,val
FSD50K/378911.wav,fsd50k/378911,Alarm,1,train
FSD50K/378912.wav,fsd50k/378912,Alarm,1,train
FSD50K/379015.wav,fsd50k/379015,Glass_Breaking,8,train
FSD50K/379019.wav,fsd50k/379019,Footsteps,7,test
FSD50K/379034.wav,fsd50k/379034,Alarm,1,val
FSD50K/37908.wav,fsd50k/37908,Motorcycle,13,train
FSD50K/379093.wav,fsd50k/379093,Train,15,val
FSD50K/379121.wav,fsd50k/379121,Knocking,12,train
FSD50K/37915.wav,fsd50k/37915,Alarm,1,train
FSD50K/379175.wav,fsd50k/379175,Footsteps,7,test
FSD50K/379207.wav,fsd50k/379207,Footsteps,7,train
FSD50K/379212.wav,fsd50k/379212,Footsteps,7,train
FSD50K/37928.wav,fsd50k/37928,Train,15,train
FSD50K/379288.wav,fsd50k/379288,Footsteps,7,train
FSD50K/379297.wav,fsd50k/379297,Footsteps,7,train
FSD50K/379360.wav,fsd50k/379360,Footsteps,7,train
FSD50K/379375.wav,fsd50k/379375,Alarm,1,train
FSD50K/379387.wav,fsd50k/379387,Alarm,1,train
FSD50K/379388.wav,fsd50k/379388,Alarm,1,train
FSD50K/379754.wav,fsd50k/379754,Alarm,1,train
FSD50K/379756.wav,fsd50k/379756,Alarm,1,train
FSD50K/379915.wav,fsd50k/379915,Motorcycle,13,train
FSD50K/379916.wav,fsd50k/379916,Alarm,1,train
FSD50K/379969.wav,fsd50k/379969,Help_Shouting,10,train
FSD50K/379994.wav,fsd50k/379994,Train,15,val
FSD50K/380349.wav,fsd50k/380349,Gunshot,9,val
FSD50K/380398.wav,fsd50k/380398,Alarm,1,train
FSD50K/380400.wav,fsd50k/380400,Help_Shouting,10,train
FSD50K/380667.wav,fsd50k/380667,Train,15,test
FSD50K/380670.wav,fsd50k/380670,Train,15,train
FSD50K/380676.wav,fsd50k/380676,Train,15,train
FSD50K/380679.wav,fsd50k/380679,Train,15,train
FSD50K/380680.wav,fsd50k/380680,Train,15,train
FSD50K/380681.wav,fsd50k/380681,Train,15,test
FSD50K/380682.wav,fsd50k/380682,Train,15,train
FSD50K/380685.wav,fsd50k/380685,Train,15,train
FSD50K/380686.wav,fsd50k/380686,Train,15,train
FSD50K/380772.wav,fsd50k/380772,Vehicle_Horn,16,val
FSD50K/380811.wav,fsd50k/380811,Motorcycle,13,train
FSD50K/380812.wav,fsd50k/380812,Knocking,12,train
FSD50K/380840.wav,fsd50k/380840,Glass_Breaking,8,train
FSD50K/380886.wav,fsd50k/380886,Gunshot,9,train
FSD50K/381194.wav,fsd50k/381194,Footsteps,7,val
FSD50K/381382.wav,fsd50k/381382,Alarm,1,train
FSD50K/381397.wav,fsd50k/381397,Footsteps,7,val
FSD50K/381526.wav,fsd50k/381526,Gunshot,9,test
FSD50K/381535.wav,fsd50k/381535,Footsteps,7,train
FSD50K/381569.wav,fsd50k/381569,Gunshot,9,train
FSD50K/381702.wav,fsd50k/381702,Train,15,train
FSD50K/381712.wav,fsd50k/381712,Motorcycle,13,val
FSD50K/381774.wav,fsd50k/381774,Alarm,1,train
FSD50K/381775.wav,fsd50k/381775,Alarm,1,train
FSD50K/381801.wav,fsd50k/381801,Help_Shouting,10,train
FSD50K/381802.wav,fsd50k/381802,Help_Shouting,10,train
FSD50K/381894.wav,fsd50k/381894,Help_Shouting,10,train
FSD50K/381895.wav,fsd50k/381895,Help_Shouting,10,train
FSD50K/381943.wav,fsd50k/381943,Help_Shouting,10,train
FSD50K/381951.wav,fsd50k/381951,Help_Shouting,10,val
FSD50K/381957.wav,fsd50k/381957,Alarm,1,train
FSD50K/382016.wav,fsd50k/382016,Help_Shouting,10,val
FSD50K/382236.wav,fsd50k/382236,Alarm,1,train
FSD50K/382275.wav,fsd50k/382275,Footsteps,7,train
FSD50K/382302.wav,fsd50k/382302,Aircraft,0,train
FSD50K/382572.wav,fsd50k/382572,Vehicle_Horn,16,train
FSD50K/382579.wav,fsd50k/382579,Train,15,train
FSD50K/382586.wav,fsd50k/382586,Train,15,train
FSD50K/382589.wav,fsd50k/382589,Help_Shouting,10,train
FSD50K/382614.wav,fsd50k/382614,Alarm,1,train
FSD50K/382620.wav,fsd50k/382620,Alarm,1,train
FSD50K/382732.wav,fsd50k/382732,Glass_Breaking,8,train
FSD50K/382735.wav,fsd50k/382735,Gunshot,9,train
FSD50K/382989.wav,fsd50k/382989,Help_Shouting,10,val
FSD50K/382991.wav,fsd50k/382991,Help_Shouting,10,test
FSD50K/383021.wav,fsd50k/383021,Alarm,1,train
FSD50K/383594.wav,fsd50k/383594,Alarm,1,train
FSD50K/383595.wav,fsd50k/383595,Alarm,1,train
FSD50K/383596.wav,fsd50k/383596,Alarm,1,train
FSD50K/383597.wav,fsd50k/383597,Alarm,1,train
FSD50K/383598.wav,fsd50k/383598,Alarm,1,train
FSD50K/383599.wav,fsd50k/383599,Alarm,1,train
FSD50K/383624.wav,fsd50k/383624,Alarm,1,train
FSD50K/383626.wav,fsd50k/383626,Alarm,1,val
FSD50K/383627.wav,fsd50k/383627,Alarm,1,train
FSD50K/383628.wav,fsd50k/383628,Alarm,1,test
FSD50K/383630.wav,fsd50k/383630,Alarm,1,train
FSD50K/383761.wav,fsd50k/383761,Knocking,12,train
FSD50K/383796.wav,fsd50k/383796,Gunshot,9,train
FSD50K/383976.wav,fsd50k/383976,Doorbell,5,train
FSD50K/383978.wav,fsd50k/383978,Glass_Breaking,8,train
FSD50K/384100.wav,fsd50k/384100,Footsteps,7,train
FSD50K/384213.wav,fsd50k/384213,Help_Shouting,10,train
FSD50K/385821.wav,fsd50k/385821,Train,15,train
FSD50K/385946.wav,fsd50k/385946,Glass_Breaking,8,train
FSD50K/386006.wav,fsd50k/386006,Aircraft,0,train
FSD50K/386055.wav,fsd50k/386055,Help_Shouting,10,train
FSD50K/386140.wav,fsd50k/386140,Aircraft,0,train
FSD50K/386553.wav,fsd50k/386553,Footsteps,7,val
FSD50K/386695.wav,fsd50k/386695,Footsteps,7,train
FSD50K/386733.wav,fsd50k/386733,Alarm,1,train
FSD50K/386734.wav,fsd50k/386734,Alarm,1,train
FSD50K/386780.wav,fsd50k/386780,Gunshot,9,test
FSD50K/386842.wav,fsd50k/386842,Gunshot,9,train
FSD50K/386845.wav,fsd50k/386845,Gunshot,9,val
FSD50K/386879.wav,fsd50k/386879,Footsteps,7,train
FSD50K/386906.wav,fsd50k/386906,Glass_Breaking,8,train
FSD50K/387177.wav,fsd50k/387177,Glass_Breaking,8,train
FSD50K/387336.wav,fsd50k/387336,Gunshot,9,train
FSD50K/387337.wav,fsd50k/387337,Gunshot,9,train
FSD50K/387349.wav,fsd50k/387349,Glass_Breaking,8,train
FSD50K/387477.wav,fsd50k/387477,Gunshot,9,train
FSD50K/387537.wav,fsd50k/387537,Alarm,1,test
FSD50K/387829.wav,fsd50k/387829,Help_Shouting,10,train
FSD50K/388054.wav,fsd50k/388054,Gunshot,9,train
FSD50K/388080.wav,fsd50k/388080,Motorcycle,13,train
FSD50K/388270.wav,fsd50k/388270,Knocking,12,train
FSD50K/388273.wav,fsd50k/388273,Gunshot,9,val
FSD50K/388504.wav,fsd50k/388504,Footsteps,7,val
FSD50K/388518.wav,fsd50k/388518,Footsteps,7,train
FSD50K/388526.wav,fsd50k/388526,Glass_Breaking,8,train
FSD50K/388528.wav,fsd50k/388528,Gunshot,9,train
FSD50K/388565.wav,fsd50k/388565,Train,15,train
FSD50K/388568.wav,fsd50k/388568,Train,15,val
FSD50K/388569.wav,fsd50k/388569,Train,15,val
FSD50K/388579.wav,fsd50k/388579,Footsteps,7,train
FSD50K/388615.wav,fsd50k/388615,Footsteps,7,train
FSD50K/388709.wav,fsd50k/388709,Alarm,1,train
FSD50K/388824.wav,fsd50k/388824,Alarm,1,train
FSD50K/389295.wav,fsd50k/389295,Footsteps,7,val
FSD50K/389300.wav,fsd50k/389300,Footsteps,7,val
FSD50K/389518.wav,fsd50k/389518,Alarm,1,train
FSD50K/389775.wav,fsd50k/389775,Alarm,1,train
FSD50K/389793.wav,fsd50k/389793,Glass_Breaking,8,train
FSD50K/389798.wav,fsd50k/389798,Knocking,12,test
FSD50K/389804.wav,fsd50k/389804,Glass_Breaking,8,test
FSD50K/390119.wav,fsd50k/390119,Train,15,val
FSD50K/390242.wav,fsd50k/390242,Footsteps,7,train
FSD50K/390278.wav,fsd50k/390278,Alarm,1,train
FSD50K/390302.wav,fsd50k/390302,Train,15,val
FSD50K/390583.wav,fsd50k/390583,Footsteps,7,train
FSD50K/39065.wav,fsd50k/39065,Gunshot,9,train
FSD50K/39066.wav,fsd50k/39066,Gunshot,9,test
FSD50K/390663.wav,fsd50k/390663,Gunshot,9,train
FSD50K/39070.wav,fsd50k/39070,Gunshot,9,train
FSD50K/390700.wav,fsd50k/390700,Glass_Breaking,8,train
FSD50K/390701.wav,fsd50k/390701,Glass_Breaking,8,train
FSD50K/390702.wav,fsd50k/390702,Glass_Breaking,8,val
FSD50K/390703.wav,fsd50k/390703,Glass_Breaking,8,train
FSD50K/390704.wav,fsd50k/390704,Glass_Breaking,8,val
FSD50K/390705.wav,fsd50k/390705,Glass_Breaking,8,train
FSD50K/390706.wav,fsd50k/390706,Glass_Breaking,8,test
FSD50K/390707.wav,fsd50k/390707,Glass_Breaking,8,train
FSD50K/390708.wav,fsd50k/390708,Glass_Breaking,8,train
FSD50K/390709.wav,fsd50k/390709,Glass_Breaking,8,train
FSD50K/39071.wav,fsd50k/39071,Gunshot,9,train
FSD50K/390714.wav,fsd50k/390714,Glass_Breaking,8,train
FSD50K/390715.wav,fsd50k/390715,Glass_Breaking,8,train
FSD50K/390716.wav,fsd50k/390716,Glass_Breaking,8,train
FSD50K/390718.wav,fsd50k/390718,Glass_Breaking,8,test
FSD50K/390719.wav,fsd50k/390719,Glass_Breaking,8,train
FSD50K/390720.wav,fsd50k/390720,Glass_Breaking,8,train
FSD50K/390721.wav,fsd50k/390721,Glass_Breaking,8,train
FSD50K/390722.wav,fsd50k/390722,Glass_Breaking,8,test
FSD50K/390723.wav,fsd50k/390723,Glass_Breaking,8,val
FSD50K/390725.wav,fsd50k/390725,Glass_Breaking,8,train
FSD50K/390726.wav,fsd50k/390726,Glass_Breaking,8,test
FSD50K/390727.wav,fsd50k/390727,Glass_Breaking,8,train
FSD50K/390728.wav,fsd50k/390728,Glass_Breaking,8,train
FSD50K/390729.wav,fsd50k/390729,Glass_Breaking,8,val
FSD50K/391180.wav,fsd50k/391180,Gunshot,9,train
FSD50K/391293.wav,fsd50k/391293,Help_Shouting,10,val
FSD50K/391327.wav,fsd50k/391327,Glass_Breaking,8,train
FSD50K/391328.wav,fsd50k/391328,Gunshot,9,test
FSD50K/391358.wav,fsd50k/391358,Help_Shouting,10,train
FSD50K/391362.wav,fsd50k/391362,Help_Shouting,10,test
FSD50K/391436.wav,fsd50k/391436,Alarm,1,val
FSD50K/391515.wav,fsd50k/391515,Aircraft,0,test
FSD50K/391516.wav,fsd50k/391516,Aircraft,0,train
FSD50K/391747.wav,fsd50k/391747,Motorcycle,13,train
FSD50K/391748.wav,fsd50k/391748,Motorcycle,13,train
FSD50K/391893.wav,fsd50k/391893,Train,15,test
FSD50K/391920.wav,fsd50k/391920,Footsteps,7,train
FSD50K/392226.wav,fsd50k/392226,Gunshot,9,val
FSD50K/392229.wav,fsd50k/392229,Gunshot,9,train
FSD50K/392257.wav,fsd50k/392257,Alarm,1,train
FSD50K/392303.wav,fsd50k/392303,Footsteps,7,test
FSD50K/392319.wav,fsd50k/392319,Glass_Breaking,8,train
FSD50K/392324.wav,fsd50k/392324,Aircraft,0,train
FSD50K/392721.wav,fsd50k/392721,Alarm,1,train
FSD50K/392743.wav,fsd50k/392743,Alarm,1,train
FSD50K/392801.wav,fsd50k/392801,Alarm,1,val
FSD50K/392839.wav,fsd50k/392839,Footsteps,7,train
FSD50K/393179.wav,fsd50k/393179,Alarm,1,test
FSD50K/393333.wav,fsd50k/393333,Alarm,1,train
FSD50K/393651.wav,fsd50k/393651,Gunshot,9,train
FSD50K/393662.wav,fsd50k/393662,Alarm,1,train
FSD50K/393665.wav,fsd50k/393665,Alarm,1,train
FSD50K/393667.wav,fsd50k/393667,Alarm,1,test
FSD50K/393671.wav,fsd50k/393671,Gunshot,9,test
FSD50K/393780.wav,fsd50k/393780,Train,15,train
FSD50K/393918.wav,fsd50k/393918,Help_Shouting,10,val
FSD50K/39413.wav,fsd50k/39413,Train,15,val
FSD50K/394162.wav,fsd50k/394162,Knocking,12,train
FSD50K/394221.wav,fsd50k/394221,Alarm,1,test
FSD50K/394282.wav,fsd50k/394282,Help_Shouting,10,test
FSD50K/394608.wav,fsd50k/394608,Help_Shouting,10,val
FSD50K/394655.wav,fsd50k/394655,Alarm,1,train
FSD50K/395095.wav,fsd50k/395095,Knocking,12,val
FSD50K/395124.wav,fsd50k/395124,Help_Shouting,10,test
FSD50K/39514.wav,fsd50k/39514,Alarm,1,train
FSD50K/39518.wav,fsd50k/39518,Help_Shouting,10,test
FSD50K/39520.wav,fsd50k/39520,Help_Shouting,10,train
FSD50K/395213.wav,fsd50k/395213,Alarm,1,test
FSD50K/395282.wav,fsd50k/395282,Knocking,12,train
FSD50K/395626.wav,fsd50k/395626,Train,15,train
FSD50K/395736.wav,fsd50k/395736,Help_Shouting,10,train
FSD50K/395789.wav,fsd50k/395789,Gunshot,9,train
FSD50K/395810.wav,fsd50k/395810,Help_Shouting,10,train
FSD50K/395828.wav,fsd50k/395828,Help_Shouting,10,test
FSD50K/396137.wav,fsd50k/396137,Alarm,1,val
FSD50K/396270.wav,fsd50k/396270,Glass_Breaking,8,train
FSD50K/396271.wav,fsd50k/396271,Gunshot,9,train
FSD50K/396274.wav,fsd50k/396274,Gunshot,9,train
FSD50K/396276.wav,fsd50k/396276,Gunshot,9,train
FSD50K/396280.wav,fsd50k/396280,Knocking,12,val
FSD50K/396316.wav,fsd50k/396316,Gunshot,9,train
FSD50K/396982.wav,fsd50k/396982,Train,15,train
FSD50K/396983.wav,fsd50k/396983,Train,15,train
FSD50K/396984.wav,fsd50k/396984,Footsteps,7,train
FSD50K/396985.wav,fsd50k/396985,Train,15,test
FSD50K/396992.wav,fsd50k/396992,Aircraft,0,train
FSD50K/397010.wav,fsd50k/397010,Help_Shouting,10,train
FSD50K/397164.wav,fsd50k/397164,Aircraft,0,train
FSD50K/397165.wav,fsd50k/397165,Aircraft,0,train
FSD50K/397299.wav,fsd50k/397299,Help_Shouting,10,train
FSD50K/397313.wav,fsd50k/397313,Motorcycle,13,train
FSD50K/397317.wav,fsd50k/397317,Help_Shouting,10,train
FSD50K/397368.wav,fsd50k/397368,Train,15,train
FSD50K/397409.wav,fsd50k/397409,Motorcycle,13,val
FSD50K/397621.wav,fsd50k/397621,Doorbell,5,train
FSD50K/397657.wav,fsd50k/397657,Gunshot,9,val
FSD50K/397919.wav,fsd50k/397919,Alarm,1,train
FSD50K/397986.wav,fsd50k/397986,Gunshot,9,train
FSD50K/398004.wav,fsd50k/398004,Alarm,1,train
FSD50K/398121.wav,fsd50k/398121,Motorcycle,13,train
FSD50K/398123.wav,fsd50k/398123,Alarm,1,val
FSD50K/398415.wav,fsd50k/398415,Alarm,1,train
FSD50K/398461.wav,fsd50k/398461,Train,15,train
FSD50K/398485.wav,fsd50k/398485,Aircraft,0,train
FSD50K/39855.wav,fsd50k/39855,Motorcycle,13,train
FSD50K/398597.wav,fsd50k/398597,Gunshot,9,train
FSD50K/39865.wav,fsd50k/39865,Aircraft,0,train
FSD50K/398683.wav,fsd50k/398683,Train,15,train
FSD50K/398778.wav,fsd50k/398778,Footsteps,7,train
FSD50K/398873.wav,fsd50k/398873,Train,15,train
FSD50K/399065.wav,fsd50k/399065,Gunshot,9,train
FSD50K/399092.wav,fsd50k/399092,Doorbell,5,train
FSD50K/399205.wav,fsd50k/399205,Alarm,1,train
FSD50K/399254.wav,fsd50k/399254,Alarm,1,train
FSD50K/399266.wav,fsd50k/399266,Gunshot,9,val
FSD50K/399536.wav,fsd50k/399536,Alarm,1,train
FSD50K/399663.wav,fsd50k/399663,Knocking,12,val
FSD50K/399664.wav,fsd50k/399664,Knocking,12,val
FSD50K/399665.wav,fsd50k/399665,Knocking,12,test
FSD50K/399675.wav,fsd50k/399675,Help_Shouting,10,train
FSD50K/399811.wav,fsd50k/399811,Knocking,12,train
FSD50K/399825.wav,fsd50k/399825,Knocking,12,test
FSD50K/399826.wav,fsd50k/399826,Knocking,12,train
FSD50K/399828.wav,fsd50k/399828,Alarm,1,train
FSD50K/39983.wav,fsd50k/39983,Aircraft,0,train
FSD50K/39984.wav,fsd50k/39984,Aircraft,0,train
FSD50K/39985.wav,fsd50k/39985,Aircraft,0,train
FSD50K/400075.wav,fsd50k/400075,Train,15,test
FSD50K/400093.wav,fsd50k/400093,Train,15,test
FSD50K/400182.wav,fsd50k/400182,Help_Shouting,10,train
FSD50K/400356.wav,fsd50k/400356,Help_Shouting,10,train
FSD50K/400586.wav,fsd50k/400586,Help_Shouting,10,val
FSD50K/400587.wav,fsd50k/400587,Help_Shouting,10,train
FSD50K/400590.wav,fsd50k/400590,Help_Shouting,10,train
FSD50K/400695.wav,fsd50k/400695,Doorbell,5,test
FSD50K/400894.wav,fsd50k/400894,Alarm,1,train
FSD50K/401255.wav,fsd50k/401255,Aircraft,0,train
FSD50K/401619.wav,fsd50k/401619,Glass_Breaking,8,train
FSD50K/402010.wav,fsd50k/402010,Gunshot,9,train
FSD50K/402074.wav,fsd50k/402074,Train,15,train
FSD50K/402443.wav,fsd50k/402443,Knocking,12,train
FSD50K/402452.wav,fsd50k/402452,Knocking,12,train
FSD50K/402612.wav,fsd50k/402612,Knocking,12,test
FSD50K/402614.wav,fsd50k/402614,Footsteps,7,val
FSD50K/402642.wav,fsd50k/402642,Help_Shouting,10,train
FSD50K/402643.wav,fsd50k/402643,Help_Shouting,10,train
FSD50K/402861.wav,fsd50k/402861,Help_Shouting,10,train
FSD50K/402958.wav,fsd50k/402958,Alarm,1,val
FSD50K/403057.wav,fsd50k/403057,Help_Shouting,10,test
FSD50K/403164.wav,fsd50k/403164,Footsteps,7,train
FSD50K/403167.wav,fsd50k/403167,Footsteps,7,train
FSD50K/403213.wav,fsd50k/403213,Doorbell,5,train
FSD50K/403316.wav,fsd50k/403316,Aircraft,0,train
FSD50K/403430.wav,fsd50k/403430,Alarm,1,train
FSD50K/403439.wav,fsd50k/403439,Alarm,1,test
FSD50K/403449.wav,fsd50k/403449,Alarm,1,train
FSD50K/403455.wav,fsd50k/403455,Alarm,1,train
FSD50K/403457.wav,fsd50k/403457,Alarm,1,train
FSD50K/403471.wav,fsd50k/403471,Alarm,1,val
FSD50K/403474.wav,fsd50k/403474,Alarm,1,train
FSD50K/403575.wav,fsd50k/403575,Alarm,1,test
FSD50K/403600.wav,fsd50k/403600,Footsteps,7,train
FSD50K/403691.wav,fsd50k/403691,Knocking,12,train
FSD50K/403889.wav,fsd50k/403889,Footsteps,7,train
FSD50K/403890.wav,fsd50k/403890,Footsteps,7,train
FSD50K/403931.wav,fsd50k/403931,Train,15,train
FSD50K/403980.wav,fsd50k/403980,Alarm,1,train
FSD50K/403981.wav,fsd50k/403981,Alarm,1,train
FSD50K/404098.wav,fsd50k/404098,Alarm,1,train
FSD50K/404099.wav,fsd50k/404099,Alarm,1,train
FSD50K/404159.wav,fsd50k/404159,Train,15,train
FSD50K/404163.wav,fsd50k/404163,Train,15,train
FSD50K/404334.wav,fsd50k/404334,Gunshot,9,train
FSD50K/404456.wav,fsd50k/404456,Alarm,1,train
FSD50K/404472.wav,fsd50k/404472,Footsteps,7,train
FSD50K/404561.wav,fsd50k/404561,Gunshot,9,val
FSD50K/404562.wav,fsd50k/404562,Gunshot,9,val
FSD50K/404816.wav,fsd50k/404816,Gunshot,9,train
FSD50K/404923.wav,fsd50k/404923,Glass_Breaking,8,test
FSD50K/404993.wav,fsd50k/404993,Motorcycle,13,train
FSD50K/404994.wav,fsd50k/404994,Motorcycle,13,train
FSD50K/405019.wav,fsd50k/405019,Motorcycle,13,train
FSD50K/405020.wav,fsd50k/405020,Motorcycle,13,train
FSD50K/405112.wav,fsd50k/405112,Footsteps,7,train
FSD50K/405114.wav,fsd50k/405114,Footsteps,7,train
FSD50K/405343.wav,fsd50k/405343,Train,15,val
FSD50K/405358.wav,fsd50k/405358,Alarm,1,train
FSD50K/405504.wav,fsd50k/405504,Gunshot,9,train
FSD50K/405572.wav,fsd50k/405572,Alarm,1,train
FSD50K/405573.wav,fsd50k/405573,Alarm,1,train
FSD50K/405590.wav,fsd50k/405590,Alarm,1,test
FSD50K/405592.wav,fsd50k/405592,Alarm,1,train
FSD50K/405627.wav,fsd50k/405627,Alarm,1,train
FSD50K/405632.wav,fsd50k/405632,Footsteps,7,train
FSD50K/405633.wav,fsd50k/405633,Footsteps,7,val
FSD50K/405634.wav,fsd50k/405634,Footsteps,7,train
FSD50K/406112.wav,fsd50k/406112,Glass_Breaking,8,train
FSD50K/406256.wav,fsd50k/406256,Glass_Breaking,8,train
FSD50K/406257.wav,fsd50k/406257,Glass_Breaking,8,train
FSD50K/406386.wav,fsd50k/406386,Motorcycle,13,train
FSD50K/406387.wav,fsd50k/406387,Motorcycle,13,train
FSD50K/406504.wav,fsd50k/406504,Help_Shouting,10,train
FSD50K/406674.wav,fsd50k/406674,Footsteps,7,val
FSD50K/406678.wav,fsd50k/406678,Footsteps,7,train
FSD50K/407191.wav,fsd50k/407191,Knocking,12,train
FSD50K/407349.wav,fsd50k/407349,Knocking,12,train
FSD50K/407363.wav,fsd50k/407363,Footsteps,7,train
FSD50K/407394.wav,fsd50k/407394,Train,15,train
FSD50K/407431.wav,fsd50k/407431,Glass_Breaking,8,train
FSD50K/407450.wav,fsd50k/407450,Footsteps,7,test
FSD50K/40751.wav,fsd50k/40751,Alarm,1,train
FSD50K/407589.wav,fsd50k/407589,Glass_Breaking,8,test
FSD50K/407604.wav,fsd50k/407604,Footsteps,7,train
FSD50K/407637.wav,fsd50k/407637,Alarm,1,test
FSD50K/407655.wav,fsd50k/407655,Footsteps,7,train
FSD50K/408099.wav,fsd50k/408099,Gunshot,9,train
FSD50K/408218.wav,fsd50k/408218,Glass_Breaking,8,train
FSD50K/408417.wav,fsd50k/408417,Alarm,1,test
FSD50K/408590.wav,fsd50k/408590,Knocking,12,train
FSD50K/408623.wav,fsd50k/408623,Motorcycle,13,train
FSD50K/408624.wav,fsd50k/408624,Motorcycle,13,train
FSD50K/408709.wav,fsd50k/408709,Alarm,1,train
FSD50K/408788.wav,fsd50k/408788,Knocking,12,train
FSD50K/408863.wav,fsd50k/408863,Footsteps,7,train
FSD50K/408967.wav,fsd50k/408967,Footsteps,7,train
FSD50K/409297.wav,fsd50k/409297,Glass_Breaking,8,train
FSD50K/40966.wav,fsd50k/40966,Help_Shouting,10,train
FSD50K/40971.wav,fsd50k/40971,Gunshot,9,train
FSD50K/409802.wav,fsd50k/409802,Footsteps,7,val
FSD50K/41004.wav,fsd50k/41004,Aircraft,0,train
FSD50K/410241.wav,fsd50k/410241,Footsteps,7,train
FSD50K/410260.wav,fsd50k/410260,Gunshot,9,train
FSD50K/410261.wav,fsd50k/410261,Gunshot,9,val
FSD50K/410262.wav,fsd50k/410262,Gunshot,9,train
FSD50K/410294.wav,fsd50k/410294,Knocking,12,val
FSD50K/410384.wav,fsd50k/410384,Alarm,1,train
FSD50K/410464.wav,fsd50k/410464,Footsteps,7,test
FSD50K/410483.wav,fsd50k/410483,Footsteps,7,train
FSD50K/410738.wav,fsd50k/410738,Train,15,train
FSD50K/410763.wav,fsd50k/410763,Knocking,12,train
FSD50K/410814.wav,fsd50k/410814,Footsteps,7,train
FSD50K/410827.wav,fsd50k/410827,Knocking,12,train
FSD50K/410851.wav,fsd50k/410851,Alarm,1,train
FSD50K/410868.wav,fsd50k/410868,Help_Shouting,10,train
FSD50K/411014.wav,fsd50k/411014,Alarm,1,train
FSD50K/411030.wav,fsd50k/411030,Alarm,1,train
FSD50K/411070.wav,fsd50k/411070,Footsteps,7,test
FSD50K/411451.wav,fsd50k/411451,Footsteps,7,train
FSD50K/411515.wav,fsd50k/411515,Alarm,1,val
FSD50K/411517.wav,fsd50k/411517,Alarm,1,test
FSD50K/411519.wav,fsd50k/411519,Doorbell,5,val
FSD50K/411521.wav,fsd50k/411521,Doorbell,5,val
FSD50K/411540.wav,fsd50k/411540,Footsteps,7,train
FSD50K/412054.wav,fsd50k/412054,Glass_Breaking,8,val
FSD50K/412375.wav,fsd50k/412375,Knocking,12,train
FSD50K/412376.wav,fsd50k/412376,Knocking,12,train
FSD50K/412381.wav,fsd50k/412381,Knocking,12,val
FSD50K/412431.wav,fsd50k/412431,Motorcycle,13,val
FSD50K/412432.wav,fsd50k/412432,Motorcycle,13,train
FSD50K/412433.wav,fsd50k/412433,Motorcycle,13,val
FSD50K/412434.wav,fsd50k/412434,Motorcycle,13,train
FSD50K/412435.wav,fsd50k/412435,Motorcycle,13,test
FSD50K/412436.wav,fsd50k/412436,Motorcycle,13,train
FSD50K/412437.wav,fsd50k/412437,Motorcycle,13,train
FSD50K/412785.wav,fsd50k/412785,Footsteps,7,test
FSD50K/412855.wav,fsd50k/412855,Knocking,12,train
FSD50K/412856.wav,fsd50k/412856,Knocking,12,train
FSD50K/412857.wav,fsd50k/412857,Knocking,12,val
FSD50K/412858.wav,fsd50k/412858,Knocking,12,test
FSD50K/413036.wav,fsd50k/413036,Footsteps,7,val
FSD50K/413105.wav,fsd50k/413105,Gunshot,9,test
FSD50K/413106.wav,fsd50k/413106,Gunshot,9,train
FSD50K/413117.wav,fsd50k/413117,Gunshot,9,train
FSD50K/413120.wav,fsd50k/413120,Gunshot,9,test
FSD50K/413122.wav,fsd50k/413122,Gunshot,9,train
FSD50K/413270.wav,fsd50k/413270,Knocking,12,train
FSD50K/413271.wav,fsd50k/413271,Knocking,12,train
FSD50K/41328.wav,fsd50k/41328,Help_Shouting,10,train
FSD50K/413391.wav,fsd50k/413391,Alarm,1,val
FSD50K/41348.wav,fsd50k/41348,Glass_Breaking,8,train
FSD50K/413657.wav,fsd50k/413657,Alarm,1,train
FSD50K/413742.wav,fsd50k/413742,Knocking,12,val
FSD50K/414023.wav,fsd50k/414023,Gunshot,9,train
FSD50K/414047.wav,fsd50k/414047,Glass_Breaking,8,train
FSD50K/414263.wav,fsd50k/414263,Motorcycle,13,test
FSD50K/414292.wav,fsd50k/414292,Help_Shouting,10,train
FSD50K/414366.wav,fsd50k/414366,Alarm,1,train
FSD50K/414494.wav,fsd50k/414494,Alarm,1,val
FSD50K/414827.wav,fsd50k/414827,Gunshot,9,train
FSD50K/414942.wav,fsd50k/414942,Knocking,12,val
FSD50K/414976.wav,fsd50k/414976,Aircraft,0,train
FSD50K/414985.wav,fsd50k/414985,Help_Shouting,10,train
FSD50K/415026.wav,fsd50k/415026,Help_Shouting,10,train
FSD50K/415160.wav,fsd50k/415160,Motorcycle,13,train
FSD50K/415164.wav,fsd50k/415164,Alarm,1,train
FSD50K/415298.wav,fsd50k/415298,Alarm,1,train
FSD50K/415352.wav,fsd50k/415352,Help_Shouting,10,train
FSD50K/415353.wav,fsd50k/415353,Help_Shouting,10,test
FSD50K/415508.wav,fsd50k/415508,Gunshot,9,train
FSD50K/416117.wav,fsd50k/416117,Knocking,12,test
FSD50K/41629.wav,fsd50k/41629,Doorbell,5,val
FSD50K/416418.wav,fsd50k/416418,Aircraft,0,train
FSD50K/416507.wav,fsd50k/416507,Help_Shouting,10,train
FSD50K/416537.wav,fsd50k/416537,Help_Shouting,10,train
FSD50K/416538.wav,fsd50k/416538,Help_Shouting,10,train
FSD50K/416545.wav,fsd50k/416545,Help_Shouting,10,train
FSD50K/416840.wav,fsd50k/416840,Help_Shouting,10,train
FSD50K/417608.wav,fsd50k/417608,Doorbell,5,train
FSD50K/417657.wav,fsd50k/417657,Train,15,val
FSD50K/417658.wav,fsd50k/417658,Train,15,train
FSD50K/417660.wav,fsd50k/417660,Train,15,train
FSD50K/417686.wav,fsd50k/417686,Gunshot,9,train
FSD50K/417688.wav,fsd50k/417688,Gunshot,9,train
FSD50K/417689.wav,fsd50k/417689,Gunshot,9,train
FSD50K/417768.wav,fsd50k/417768,Alarm,1,train
FSD50K/417858.wav,fsd50k/417858,Doorbell,5,test
FSD50K/418074.wav,fsd50k/418074,Alarm,1,train
FSD50K/418199.wav,fsd50k/418199,Aircraft,0,train
FSD50K/418200.wav,fsd50k/418200,Aircraft,0,train
FSD50K/418239.wav,fsd50k/418239,Footsteps,7,train
FSD50K/418296.wav,fsd50k/418296,Train,15,train
FSD50K/418385.wav,fsd50k/418385,Aircraft,0,train
FSD50K/41862.wav,fsd50k/41862,Knocking,12,train
FSD50K/418705.wav,fsd50k/418705,Alarm,1,train
FSD50K/418706.wav,fsd50k/418706,Vehicle_Horn,16,train
FSD50K/418786.wav,fsd50k/418786,Help_Shouting,10,train
FSD50K/418867.wav,fsd50k/418867,Doorbell,5,val
FSD50K/418898.wav,fsd50k/418898,Alarm,1,train
FSD50K/419086.wav,fsd50k/419086,Alarm,1,train
FSD50K/419089.wav,fsd50k/419089,Knocking,12,test
FSD50K/419091.wav,fsd50k/419091,Motorcycle,13,val
FSD50K/419447.wav,fsd50k/419447,Footsteps,7,train
FSD50K/419695.wav,fsd50k/419695,Alarm,1,train
FSD50K/419698.wav,fsd50k/419698,Alarm,1,test
FSD50K/419931.wav,fsd50k/419931,Footsteps,7,train
FSD50K/419932.wav,fsd50k/419932,Train,15,val
FSD50K/420015.wav,fsd50k/420015,Help_Shouting,10,val
FSD50K/420018.wav,fsd50k/420018,Help_Shouting,10,train
FSD50K/420356.wav,fsd50k/420356,Glass_Breaking,8,val
FSD50K/420442.wav,fsd50k/420442,Aircraft,0,train
FSD50K/420464.wav,fsd50k/420464,Motorcycle,13,train
FSD50K/420552.wav,fsd50k/420552,Footsteps,7,train
FSD50K/420560.wav,fsd50k/420560,Aircraft,0,train
FSD50K/420655.wav,fsd50k/420655,Train,15,test
FSD50K/420661.wav,fsd50k/420661,Alarm,1,train
FSD50K/420735.wav,fsd50k/420735,Knocking,12,test
FSD50K/420763.wav,fsd50k/420763,Footsteps,7,train
FSD50K/420830.wav,fsd50k/420830,Alarm,1,test
FSD50K/420931.wav,fsd50k/420931,Footsteps,7,train
FSD50K/420937.wav,fsd50k/420937,Footsteps,7,train
FSD50K/421017.wav,fsd50k/421017,Alarm,1,train
FSD50K/421141.wav,fsd50k/421141,Footsteps,7,train
FSD50K/421791.wav,fsd50k/421791,Footsteps,7,train
FSD50K/421872.wav,fsd50k/421872,Help_Shouting,10,train
FSD50K/421873.wav,fsd50k/421873,Help_Shouting,10,train
FSD50K/421874.wav,fsd50k/421874,Help_Shouting,10,train
FSD50K/422144.wav,fsd50k/422144,Footsteps,7,val
FSD50K/422145.wav,fsd50k/422145,Footsteps,7,test
FSD50K/422158.wav,fsd50k/422158,Footsteps,7,test
FSD50K/422161.wav,fsd50k/422161,Footsteps,7,train
FSD50K/422240.wav,fsd50k/422240,Glass_Breaking,8,train
FSD50K/422630.wav,fsd50k/422630,Footsteps,7,train
FSD50K/422633.wav,fsd50k/422633,Glass_Breaking,8,train
FSD50K/422639.wav,fsd50k/422639,Knocking,12,train
FSD50K/422640.wav,fsd50k/422640,Knocking,12,train
FSD50K/422668.wav,fsd50k/422668,Alarm,1,train
FSD50K/422687.wav,fsd50k/422687,Footsteps,7,train
FSD50K/422724.wav,fsd50k/422724,Help_Shouting,10,val
FSD50K/422739.wav,fsd50k/422739,Footsteps,7,train
FSD50K/422743.wav,fsd50k/422743,Footsteps,7,train
FSD50K/422745.wav,fsd50k/422745,Footsteps,7,train
FSD50K/422747.wav,fsd50k/422747,Footsteps,7,test
FSD50K/422751.wav,fsd50k/422751,Footsteps,7,train
FSD50K/422756.wav,fsd50k/422756,Footsteps,7,train
FSD50K/422758.wav,fsd50k/422758,Footsteps,7,train
FSD50K/422854.wav,fsd50k/422854,Footsteps,7,train
FSD50K/422856.wav,fsd50k/422856,Footsteps,7,val
FSD50K/423108.wav,fsd50k/423108,Gunshot,9,val
FSD50K/423109.wav,fsd50k/423109,Gunshot,9,val
FSD50K/423114.wav,fsd50k/423114,Gunshot,9,train
FSD50K/423115.wav,fsd50k/423115,Gunshot,9,test
FSD50K/423141.wav,fsd50k/423141,Alarm,1,train
FSD50K/423217.wav,fsd50k/423217,Alarm,1,train
FSD50K/423355.wav,fsd50k/423355,Train,15,train
FSD50K/423356.wav,fsd50k/423356,Train,15,train
FSD50K/423357.wav,fsd50k/423357,Train,15,test
FSD50K/423358.wav,fsd50k/423358,Train,15,train
FSD50K/423710.wav,fsd50k/423710,Footsteps,7,train
FSD50K/423906.wav,fsd50k/423906,Train,15,train
FSD50K/423929.wav,fsd50k/423929,Alarm,1,train
FSD50K/423990.wav,fsd50k/423990,Vehicle_Horn,16,train
FSD50K/424295.wav,fsd50k/424295,Alarm,1,train
FSD50K/424592.wav,fsd50k/424592,Aircraft,0,test
FSD50K/424600.wav,fsd50k/424600,Footsteps,7,train
FSD50K/424601.wav,fsd50k/424601,Vehicle_Horn,16,train
FSD50K/424603.wav,fsd50k/424603,Vehicle_Horn,16,train
FSD50K/424604.wav,fsd50k/424604,Alarm,1,train
FSD50K/424616.wav,fsd50k/424616,Aircraft,0,train
FSD50K/424619.wav,fsd50k/424619,Motorcycle,13,train
FSD50K/424739.wav,fsd50k/424739,Alarm,1,train
FSD50K/425076.wav,fsd50k/425076,Footsteps,7,train
FSD50K/425170.wav,fsd50k/425170,Motorcycle,13,val
FSD50K/425268.wav,fsd50k/425268,Aircraft,0,val
FSD50K/425496.wav,fsd50k/425496,Alarm,1,train
FSD50K/425672.wav,fsd50k/425672,Footsteps,7,val
FSD50K/425683.wav,fsd50k/425683,Footsteps,7,train
FSD50K/425848.wav,fsd50k/425848,Alarm,1,train
FSD50K/426019.wav,fsd50k/426019,Doorbell,5,test
FSD50K/426195.wav,fsd50k/426195,Help_Shouting,10,train
FSD50K/426204.wav,fsd50k/426204,Glass_Breaking,8,train
FSD50K/426205.wav,fsd50k/426205,Glass_Breaking,8,train
FSD50K/426372.wav,fsd50k/426372,Knocking,12,train
FSD50K/426559.wav,fsd50k/426559,Alarm,1,train
FSD50K/426736.wav,fsd50k/426736,Knocking,12,train
FSD50K/427111.wav,fsd50k/427111,Knocking,12,train
FSD50K/427116.wav,fsd50k/427116,Footsteps,7,train
FSD50K/427419.wav,fsd50k/427419,Footsteps,7,train
FSD50K/427592.wav,fsd50k/427592,Gunshot,9,test
FSD50K/427598.wav,fsd50k/427598,Gunshot,9,val
FSD50K/427613.wav,fsd50k/427613,Knocking,12,train
FSD50K/427619.wav,fsd50k/427619,Knocking,12,train
FSD50K/427650.wav,fsd50k/427650,Footsteps,7,train
FSD50K/427683.wav,fsd50k/427683,Footsteps,7,test
FSD50K/427684.wav,fsd50k/427684,Footsteps,7,train
FSD50K/427812.wav,fsd50k/427812,Footsteps,7,val
FSD50K/428144.wav,fsd50k/428144,Footsteps,7,val
FSD50K/428164.wav,fsd50k/428164,Knocking,12,test
FSD50K/428365.wav,fsd50k/428365,Footsteps,7,train
FSD50K/428484.wav,fsd50k/428484,Alarm,1,train
FSD50K/42849.wav,fsd50k/42849,Help_Shouting,10,train
FSD50K/428506.wav,fsd50k/428506,Footsteps,7,train
FSD50K/428513.wav,fsd50k/428513,Footsteps,7,train
FSD50K/428981.wav,fsd50k/428981,Footsteps,7,val
FSD50K/42900.wav,fsd50k/42900,Glass_Breaking,8,val
FSD50K/42901.wav,fsd50k/42901,Glass_Breaking,8,val
FSD50K/42902.wav,fsd50k/42902,Glass_Breaking,8,val
FSD50K/42903.wav,fsd50k/42903,Glass_Breaking,8,val
FSD50K/42904.wav,fsd50k/42904,Glass_Breaking,8,train
FSD50K/42906.wav,fsd50k/42906,Glass_Breaking,8,test
FSD50K/42907.wav,fsd50k/42907,Glass_Breaking,8,train
FSD50K/429149.wav,fsd50k/429149,Help_Shouting,10,train
FSD50K/429248.wav,fsd50k/429248,Footsteps,7,train
FSD50K/429310.wav,fsd50k/429310,Footsteps,7,train
FSD50K/429312.wav,fsd50k/429312,Knocking,12,train
FSD50K/429322.wav,fsd50k/429322,Footsteps,7,train
FSD50K/429370.wav,fsd50k/429370,Footsteps,7,train
FSD50K/429371.wav,fsd50k/429371,Footsteps,7,train
FSD50K/429491.wav,fsd50k/429491,Motorcycle,13,train
FSD50K/429802.wav,fsd50k/429802,Footsteps,7,train
FSD50K/429964.wav,fsd50k/429964,Knocking,12,train
FSD50K/430046.wav,fsd50k/430046,Help_Shouting,10,train
FSD50K/430173.wav,fsd50k/430173,Footsteps,7,train
FSD50K/430212.wav,fsd50k/430212,Footsteps,7,train
FSD50K/430213.wav,fsd50k/430213,Footsteps,7,train
FSD50K/430214.wav,fsd50k/430214,Footsteps,7,train
FSD50K/430221.wav,fsd50k/430221,Footsteps,7,train
FSD50K/430702.wav,fsd50k/430702,Glass_Breaking,8,train
FSD50K/430844.wav,fsd50k/430844,Knocking,12,train
FSD50K/430993.wav,fsd50k/430993,Train,15,train
FSD50K/431206.wav,fsd50k/431206,Aircraft,0,train
FSD50K/43122.wav,fsd50k/43122,Aircraft,0,train
FSD50K/431320.wav,fsd50k/431320,Alarm,1,train
FSD50K/431396.wav,fsd50k/431396,Alarm,1,train
FSD50K/431473.wav,fsd50k/431473,Aircraft,0,test
FSD50K/431651.wav,fsd50k/431651,Alarm,1,test
FSD50K/431745.wav,fsd50k/431745,Knocking,12,train
FSD50K/431822.wav,fsd50k/431822,Gunshot,9,train
FSD50K/431825.wav,fsd50k/431825,Gunshot,9,train
FSD50K/431827.wav,fsd50k/431827,Gunshot,9,train
FSD50K/431828.wav,fsd50k/431828,Gunshot,9,train
FSD50K/431831.wav,fsd50k/431831,Gunshot,9,train
FSD50K/431837.wav,fsd50k/431837,Gunshot,9,test
FSD50K/431841.wav,fsd50k/431841,Alarm,1,train
FSD50K/431893.wav,fsd50k/431893,Footsteps,7,train
FSD50K/431902.wav,fsd50k/431902,Footsteps,7,train
FSD50K/432063.wav,fsd50k/432063,Alarm,1,test
FSD50K/432304.wav,fsd50k/432304,Motorcycle,13,val
FSD50K/432366.wav,fsd50k/432366,Gunshot,9,test
FSD50K/432372.wav,fsd50k/432372,Train,15,train
FSD50K/432464.wav,fsd50k/432464,Footsteps,7,train
FSD50K/432465.wav,fsd50k/432465,Footsteps,7,train
FSD50K/432467.wav,fsd50k/432467,Footsteps,7,train
FSD50K/432641.wav,fsd50k/432641,Alarm,1,train
FSD50K/432804.wav,fsd50k/432804,Motorcycle,13,test
FSD50K/433537.wav,fsd50k/433537,Footsteps,7,val
FSD50K/433578.wav,fsd50k/433578,Alarm,1,test
FSD50K/43361.wav,fsd50k/43361,Train,15,train
FSD50K/433725.wav,fsd50k/433725,Footsteps,7,train
FSD50K/434437.wav,fsd50k/434437,Glass_Breaking,8,train
FSD50K/434438.wav,fsd50k/434438,Glass_Breaking,8,train
FSD50K/434439.wav,fsd50k/434439,Glass_Breaking,8,train
FSD50K/434440.wav,fsd50k/434440,Glass_Breaking,8,val
FSD50K/434441.wav,fsd50k/434441,Glass_Breaking,8,test
FSD50K/434442.wav,fsd50k/434442,Glass_Breaking,8,train
FSD50K/434443.wav,fsd50k/434443,Glass_Breaking,8,train
FSD50K/434444.wav,fsd50k/434444,Glass_Breaking,8,train
FSD50K/434446.wav,fsd50k/434446,Glass_Breaking,8,train
FSD50K/434447.wav,fsd50k/434447,Glass_Breaking,8,val
FSD50K/434448.wav,fsd50k/434448,Glass_Breaking,8,test
FSD50K/434449.wav,fsd50k/434449,Glass_Breaking,8,test
FSD50K/434450.wav,fsd50k/434450,Glass_Breaking,8,val
FSD50K/434451.wav,fsd50k/434451,Glass_Breaking,8,train
FSD50K/434634.wav,fsd50k/434634,Train,15,val
FSD50K/434714.wav,fsd50k/434714,Train,15,test
FSD50K/434818.wav,fsd50k/434818,Alarm,1,train
FSD50K/43945.wav,fsd50k/43945,Train,15,train
FSD50K/44261.wav,fsd50k/44261,Help_Shouting,10,test
FSD50K/44742.wav,fsd50k/44742,Train,15,train
FSD50K/44791.wav,fsd50k/44791,Vehicle_Horn,16,train
FSD50K/44814.wav,fsd50k/44814,Aircraft,0,train
FSD50K/45359.wav,fsd50k/45359,Train,15,train
FSD50K/45360.wav,fsd50k/45360,Train,15,train
FSD50K/45603.wav,fsd50k/45603,Help_Shouting,10,train
FSD50K/46063.wav,fsd50k/46063,Gunshot,9,train
FSD50K/46136.wav,fsd50k/46136,Knocking,12,val
FSD50K/46263.wav,fsd50k/46263,Gunshot,9,train
FSD50K/46731.wav,fsd50k/46731,Train,15,test
FSD50K/47012.wav,fsd50k/47012,Glass_Breaking,8,train
FSD50K/47013.wav,fsd50k/47013,Glass_Breaking,8,train
FSD50K/47275.wav,fsd50k/47275,Alarm,1,train
FSD50K/47276.wav,fsd50k/47276,Alarm,1,val
FSD50K/47395.wav,fsd50k/47395,Footsteps,7,train
FSD50K/47519.wav,fsd50k/47519,Train,15,train
FSD50K/47521.wav,fsd50k/47521,Train,15,train
FSD50K/47522.wav,fsd50k/47522,Train,15,train
FSD50K/47523.wav,fsd50k/47523,Train,15,train
FSD50K/47524.wav,fsd50k/47524,Train,15,train
FSD50K/47525.wav,fsd50k/47525,Train,15,train
FSD50K/47529.wav,fsd50k/47529,Train,15,train
FSD50K/47531.wav,fsd50k/47531,Train,15,train
FSD50K/47829.wav,fsd50k/47829,Help_Shouting,10,train
FSD50K/48212.wav,fsd50k/48212,Footsteps,7,train
FSD50K/48248.wav,fsd50k/48248,Footsteps,7,train
FSD50K/48402.wav,fsd50k/48402,Train,15,val
FSD50K/48935.wav,fsd50k/48935,Train,15,test
FSD50K/49310.wav,fsd50k/49310,Alarm,1,val
FSD50K/49326.wav,fsd50k/49326,Motorcycle,13,val
FSD50K/49327.wav,fsd50k/49327,Motorcycle,13,train
FSD50K/49328.wav,fsd50k/49328,Motorcycle,13,val
FSD50K/49329.wav,fsd50k/49329,Motorcycle,13,train
FSD50K/49481.wav,fsd50k/49481,Aircraft,0,train
FSD50K/49482.wav,fsd50k/49482,Aircraft,0,train
FSD50K/49512.wav,fsd50k/49512,Gunshot,9,val
FSD50K/49513.wav,fsd50k/49513,Gunshot,9,train
FSD50K/49777.wav,fsd50k/49777,Help_Shouting,10,train
FSD50K/49781.wav,fsd50k/49781,Help_Shouting,10,train
FSD50K/50156.wav,fsd50k/50156,Help_Shouting,10,train
FSD50K/50178.wav,fsd50k/50178,Help_Shouting,10,val
FSD50K/50179.wav,fsd50k/50179,Help_Shouting,10,train
FSD50K/50180.wav,fsd50k/50180,Help_Shouting,10,train
FSD50K/50181.wav,fsd50k/50181,Help_Shouting,10,train
FSD50K/50724.wav,fsd50k/50724,Footsteps,7,val
FSD50K/50776.wav,fsd50k/50776,Help_Shouting,10,train
FSD50K/50816.wav,fsd50k/50816,Train,15,train
FSD50K/51055.wav,fsd50k/51055,Gunshot,9,train
FSD50K/51227.wav,fsd50k/51227,Train,15,train
FSD50K/51228.wav,fsd50k/51228,Train,15,test
FSD50K/51470.wav,fsd50k/51470,Gunshot,9,test
FSD50K/51490.wav,fsd50k/51490,Aircraft,0,train
FSD50K/51491.wav,fsd50k/51491,Aircraft,0,train
FSD50K/51723.wav,fsd50k/51723,Train,15,train
FSD50K/51734.wav,fsd50k/51734,Glass_Breaking,8,val
FSD50K/51741.wav,fsd50k/51741,Train,15,test
FSD50K/51747.wav,fsd50k/51747,Alarm,1,train
FSD50K/51889.wav,fsd50k/51889,Train,15,train
FSD50K/52004.wav,fsd50k/52004,Alarm,1,test
FSD50K/52285.wav,fsd50k/52285,Footsteps,7,train
FSD50K/52322.wav,fsd50k/52322,Help_Shouting,10,train
FSD50K/52593.wav,fsd50k/52593,Gunshot,9,test
FSD50K/53268.wav,fsd50k/53268,Alarm,1,test
FSD50K/53379.wav,fsd50k/53379,Motorcycle,13,train
FSD50K/53383.wav,fsd50k/53383,Motorcycle,13,train
FSD50K/53442.wav,fsd50k/53442,Knocking,12,train
FSD50K/54193.wav,fsd50k/54193,Alarm,1,val
FSD50K/54271.wav,fsd50k/54271,Motorcycle,13,train
FSD50K/54404.wav,fsd50k/54404,Train,15,test
FSD50K/54512.wav,fsd50k/54512,Motorcycle,13,train
FSD50K/55003.wav,fsd50k/55003,Footsteps,7,train
FSD50K/55031.wav,fsd50k/55031,Alarm,1,train
FSD50K/55057.wav,fsd50k/55057,Motorcycle,13,train
FSD50K/55064.wav,fsd50k/55064,Footsteps,7,train
FSD50K/55214.wav,fsd50k/55214,Alarm,1,train
FSD50K/55245.wav,fsd50k/55245,Motorcycle,13,train
FSD50K/55348.wav,fsd50k/55348,Footsteps,7,train
FSD50K/55377.wav,fsd50k/55377,Train,15,train
FSD50K/55380.wav,fsd50k/55380,Train,15,train
FSD50K/55842.wav,fsd50k/55842,Gunshot,9,train
FSD50K/55851.wav,fsd50k/55851,Gunshot,9,train
FSD50K/5635.wav,fsd50k/5635,Alarm,1,val
FSD50K/56579.wav,fsd50k/56579,Help_Shouting,10,test
FSD50K/56652.wav,fsd50k/56652,Footsteps,7,train
FSD50K/56671.wav,fsd50k/56671,Alarm,1,train
FSD50K/56673.wav,fsd50k/56673,Footsteps,7,train
FSD50K/56899.wav,fsd50k/56899,Help_Shouting,10,test
FSD50K/56900.wav,fsd50k/56900,Help_Shouting,10,train
FSD50K/56901.wav,fsd50k/56901,Help_Shouting,10,train
FSD50K/57181.wav,fsd50k/57181,Help_Shouting,10,train
FSD50K/57193.wav,fsd50k/57193,Train,15,test
FSD50K/57194.wav,fsd50k/57194,Train,15,train
FSD50K/57196.wav,fsd50k/57196,Train,15,train
FSD50K/57325.wav,fsd50k/57325,Aircraft,0,train
FSD50K/57559.wav,fsd50k/57559,Train,15,train
FSD50K/57587.wav,fsd50k/57587,Help_Shouting,10,train
FSD50K/57770.wav,fsd50k/57770,Footsteps,7,train
FSD50K/57771.wav,fsd50k/57771,Alarm,1,val
FSD50K/57786.wav,fsd50k/57786,Train,15,train
FSD50K/57787.wav,fsd50k/57787,Train,15,train
FSD50K/57801.wav,fsd50k/57801,Footsteps,7,train
FSD50K/57809.wav,fsd50k/57809,Alarm,1,train
FSD50K/58015.wav,fsd50k/58015,Alarm,1,train
FSD50K/58325.wav,fsd50k/58325,Alarm,1,train
FSD50K/58369.wav,fsd50k/58369,Alarm,1,val
FSD50K/58371.wav,fsd50k/58371,Alarm,1,train
FSD50K/58388.wav,fsd50k/58388,Alarm,1,test
FSD50K/58454.wav,fsd50k/58454,Footsteps,7,test
FSD50K/58904.wav,fsd50k/58904,Gunshot,9,train
FSD50K/58905.wav,fsd50k/58905,Gunshot,9,train
FSD50K/58906.wav,fsd50k/58906,Gunshot,9,val
FSD50K/59163.wav,fsd50k/59163,Help_Shouting,10,test
FSD50K/59263.wav,fsd50k/59263,Glass_Breaking,8,train
FSD50K/59277.wav,fsd50k/59277,Aircraft,0,val
FSD50K/59440.wav,fsd50k/59440,Train,15,train
FSD50K/59441.wav,fsd50k/59441,Train,15,val
FSD50K/59442.wav,fsd50k/59442,Train,15,train
FSD50K/59512.wav,fsd50k/59512,Alarm,1,train
FSD50K/59586.wav,fsd50k/59586,Help_Shouting,10,train
FSD50K/59587.wav,fsd50k/59587,Alarm,1,train
FSD50K/59599.wav,fsd50k/59599,Help_Shouting,10,train
FSD50K/59666.wav,fsd50k/59666,Motorcycle,13,train
FSD50K/59667.wav,fsd50k/59667,Motorcycle,13,train
FSD50K/59668.wav,fsd50k/59668,Motorcycle,13,train
FSD50K/59782.wav,fsd50k/59782,Train,15,train
FSD50K/60163.wav,fsd50k/60163,Alarm,1,val
FSD50K/60446.wav,fsd50k/60446,Help_Shouting,10,test
FSD50K/60457.wav,fsd50k/60457,Help_Shouting,10,train
FSD50K/60748.wav,fsd50k/60748,Knocking,12,train
FSD50K/60930.wav,fsd50k/60930,Footsteps,7,train
FSD50K/61503.wav,fsd50k/61503,Help_Shouting,10,train
FSD50K/61504.wav,fsd50k/61504,Help_Shouting,10,train
FSD50K/62025.wav,fsd50k/62025,Help_Shouting,10,test
FSD50K/62058.wav,fsd50k/62058,Train,15,val
FSD50K/62222.wav,fsd50k/62222,Motorcycle,13,train
FSD50K/62303.wav,fsd50k/62303,Footsteps,7,train
FSD50K/62446.wav,fsd50k/62446,Train,15,train
FSD50K/62463.wav,fsd50k/62463,Motorcycle,13,test
FSD50K/62468.wav,fsd50k/62468,Train,15,train
FSD50K/62475.wav,fsd50k/62475,Train,15,val
FSD50K/62476.wav,fsd50k/62476,Train,15,train
FSD50K/62477.wav,fsd50k/62477,Train,15,val
FSD50K/62502.wav,fsd50k/62502,Alarm,1,train
FSD50K/62516.wav,fsd50k/62516,Footsteps,7,val
FSD50K/62591.wav,fsd50k/62591,Footsteps,7,train
FSD50K/62600.wav,fsd50k/62600,Footsteps,7,train
FSD50K/63276.wav,fsd50k/63276,Help_Shouting,10,train
FSD50K/63342.wav,fsd50k/63342,Help_Shouting,10,test
FSD50K/63632.wav,fsd50k/63632,Help_Shouting,10,train
FSD50K/63641.wav,fsd50k/63641,Help_Shouting,10,train
FSD50K/63708.wav,fsd50k/63708,Help_Shouting,10,train
FSD50K/63754.wav,fsd50k/63754,Help_Shouting,10,train
FSD50K/63805.wav,fsd50k/63805,Footsteps,7,train
FSD50K/64003.wav,fsd50k/64003,Train,15,train
FSD50K/64369.wav,fsd50k/64369,Train,15,train
FSD50K/64940.wav,fsd50k/64940,Help_Shouting,10,train
FSD50K/65290.wav,fsd50k/65290,Gunshot,9,train
FSD50K/65752.wav,fsd50k/65752,Gunshot,9,train
FSD50K/65902.wav,fsd50k/65902,Glass_Breaking,8,val
FSD50K/65918.wav,fsd50k/65918,Glass_Breaking,8,train
FSD50K/65923.wav,fsd50k/65923,Train,15,train
FSD50K/65925.wav,fsd50k/65925,Knocking,12,val
FSD50K/65987.wav,fsd50k/65987,Train,15,train
FSD50K/66099.wav,fsd50k/66099,Train,15,test
FSD50K/66397.wav,fsd50k/66397,Knocking,12,train
FSD50K/66519.wav,fsd50k/66519,Glass_Breaking,8,test
FSD50K/66520.wav,fsd50k/66520,Glass_Breaking,8,val
FSD50K/66585.wav,fsd50k/66585,Alarm,1,train
FSD50K/66586.wav,fsd50k/66586,Alarm,1,train
FSD50K/66664.wav,fsd50k/66664,Footsteps,7,test
FSD50K/66756.wav,fsd50k/66756,Footsteps,7,val
FSD50K/66949.wav,fsd50k/66949,Help_Shouting,10,train
FSD50K/66973.wav,fsd50k/66973,Alarm,1,val
FSD50K/66974.wav,fsd50k/66974,Train,15,train
FSD50K/67010.wav,fsd50k/67010,Alarm,1,train
FSD50K/67020.wav,fsd50k/67020,Gunshot,9,train
FSD50K/67048.wav,fsd50k/67048,Alarm,1,train
FSD50K/67114.wav,fsd50k/67114,Footsteps,7,train
FSD50K/67145.wav,fsd50k/67145,Footsteps,7,train
FSD50K/67254.wav,fsd50k/67254,Footsteps,7,train
FSD50K/67304.wav,fsd50k/67304,Knocking,12,train
FSD50K/67330.wav,fsd50k/67330,Help_Shouting,10,train
FSD50K/67332.wav,fsd50k/67332,Help_Shouting,10,val
FSD50K/67333.wav,fsd50k/67333,Help_Shouting,10,test
FSD50K/67334.wav,fsd50k/67334,Help_Shouting,10,train
FSD50K/67335.wav,fsd50k/67335,Help_Shouting,10,train
FSD50K/67336.wav,fsd50k/67336,Help_Shouting,10,train
FSD50K/67339.wav,fsd50k/67339,Help_Shouting,10,train
FSD50K/67340.wav,fsd50k/67340,Help_Shouting,10,test
FSD50K/67341.wav,fsd50k/67341,Help_Shouting,10,val
FSD50K/67345.wav,fsd50k/67345,Help_Shouting,10,val
FSD50K/67358.wav,fsd50k/67358,Alarm,1,train
FSD50K/67359.wav,fsd50k/67359,Alarm,1,train
FSD50K/67556.wav,fsd50k/67556,Gunshot,9,train
FSD50K/67557.wav,fsd50k/67557,Gunshot,9,train
FSD50K/67560.wav,fsd50k/67560,Gunshot,9,train
FSD50K/67561.wav,fsd50k/67561,Gunshot,9,val
FSD50K/67562.wav,fsd50k/67562,Gunshot,9,train
FSD50K/67563.wav,fsd50k/67563,Gunshot,9,train
FSD50K/67564.wav,fsd50k/67564,Gunshot,9,train
FSD50K/67573.wav,fsd50k/67573,Gunshot,9,val
FSD50K/67575.wav,fsd50k/67575,Gunshot,9,train
FSD50K/67577.wav,fsd50k/67577,Gunshot,9,test
FSD50K/67578.wav,fsd50k/67578,Gunshot,9,train
FSD50K/67580.wav,fsd50k/67580,Gunshot,9,train
FSD50K/67581.wav,fsd50k/67581,Gunshot,9,train
FSD50K/67582.wav,fsd50k/67582,Gunshot,9,train
FSD50K/67593.wav,fsd50k/67593,Gunshot,9,train
FSD50K/67616.wav,fsd50k/67616,Alarm,1,train
FSD50K/68036.wav,fsd50k/68036,Gunshot,9,train
FSD50K/68038.wav,fsd50k/68038,Help_Shouting,10,train
FSD50K/68058.wav,fsd50k/68058,Help_Shouting,10,train
FSD50K/68272.wav,fsd50k/68272,Footsteps,7,train
FSD50K/68449.wav,fsd50k/68449,Glass_Breaking,8,train
FSD50K/68654.wav,fsd50k/68654,Glass_Breaking,8,train
FSD50K/68685.wav,fsd50k/68685,Footsteps,7,train
FSD50K/68687.wav,fsd50k/68687,Footsteps,7,train
FSD50K/68688.wav,fsd50k/68688,Footsteps,7,train
FSD50K/68690.wav,fsd50k/68690,Footsteps,7,train
FSD50K/68702.wav,fsd50k/68702,Knocking,12,test
FSD50K/68708.wav,fsd50k/68708,Motorcycle,13,train
FSD50K/68709.wav,fsd50k/68709,Motorcycle,13,train
FSD50K/68710.wav,fsd50k/68710,Motorcycle,13,train
FSD50K/68739.wav,fsd50k/68739,Footsteps,7,train
FSD50K/68740.wav,fsd50k/68740,Footsteps,7,train
FSD50K/68999.wav,fsd50k/68999,Alarm,1,train
FSD50K/69181.wav,fsd50k/69181,Alarm,1,train
FSD50K/69182.wav,fsd50k/69182,Doorbell,5,train
FSD50K/69184.wav,fsd50k/69184,Doorbell,5,test
FSD50K/69185.wav,fsd50k/69185,Doorbell,5,train
FSD50K/69202.wav,fsd50k/69202,Train,15,test
FSD50K/69298.wav,fsd50k/69298,Footsteps,7,train
FSD50K/69384.wav,fsd50k/69384,Doorbell,5,val
FSD50K/69385.wav,fsd50k/69385,Doorbell,5,train
FSD50K/69386.wav,fsd50k/69386,Doorbell,5,train
FSD50K/69390.wav,fsd50k/69390,Help_Shouting,10,train
FSD50K/69494.wav,fsd50k/69494,Train,15,train
FSD50K/69496.wav,fsd50k/69496,Train,15,train
FSD50K/69552.wav,fsd50k/69552,Alarm,1,train
FSD50K/69607.wav,fsd50k/69607,Aircraft,0,test
FSD50K/69608.wav,fsd50k/69608,Aircraft,0,val
FSD50K/69609.wav,fsd50k/69609,Aircraft,0,val
FSD50K/69646.wav,fsd50k/69646,Train,15,test
FSD50K/69663.wav,fsd50k/69663,Alarm,1,train
FSD50K/70052.wav,fsd50k/70052,Alarm,1,test
FSD50K/70102.wav,fsd50k/70102,Alarm,1,val
FSD50K/70289.wav,fsd50k/70289,Alarm,1,train
FSD50K/70292.wav,fsd50k/70292,Footsteps,7,test
FSD50K/70305.wav,fsd50k/70305,Train,15,train
FSD50K/70938.wav,fsd50k/70938,Alarm,1,train
FSD50K/70939.wav,fsd50k/70939,Alarm,1,test
FSD50K/70954.wav,fsd50k/70954,Train,15,test
FSD50K/71053.wav,fsd50k/71053,Motorcycle,13,train
FSD50K/71121.wav,fsd50k/71121,Train,15,val
FSD50K/71136.wav,fsd50k/71136,Footsteps,7,train
FSD50K/71242.wav,fsd50k/71242,Train,15,train
FSD50K/71299.wav,fsd50k/71299,Help_Shouting,10,val
FSD50K/71300.wav,fsd50k/71300,Gunshot,9,train
FSD50K/71686.wav,fsd50k/71686,Train,15,train
FSD50K/71698.wav,fsd50k/71698,Footsteps,7,train
FSD50K/71778.wav,fsd50k/71778,Train,15,test
FSD50K/71897.wav,fsd50k/71897,Glass_Breaking,8,train
FSD50K/71925.wav,fsd50k/71925,Footsteps,7,test
FSD50K/71947.wav,fsd50k/71947,Glass_Breaking,8,val
FSD50K/72030.wav,fsd50k/72030,Footsteps,7,test
FSD50K/72125.wav,fsd50k/72125,Alarm,1,val
FSD50K/72126.wav,fsd50k/72126,Alarm,1,train
FSD50K/72127.wav,fsd50k/72127,Alarm,1,train
FSD50K/72128.wav,fsd50k/72128,Alarm,1,train
FSD50K/72129.wav,fsd50k/72129,Alarm,1,train
FSD50K/72240.wav,fsd50k/72240,Vehicle_Horn,16,val
FSD50K/72531.wav,fsd50k/72531,Train,15,val
FSD50K/72737.wav,fsd50k/72737,Footsteps,7,train
FSD50K/72836.wav,fsd50k/72836,Help_Shouting,10,val
FSD50K/72837.wav,fsd50k/72837,Help_Shouting,10,train
FSD50K/72838.wav,fsd50k/72838,Help_Shouting,10,train
FSD50K/72840.wav,fsd50k/72840,Help_Shouting,10,train
FSD50K/72846.wav,fsd50k/72846,Help_Shouting,10,train
FSD50K/72950.wav,fsd50k/72950,Help_Shouting,10,test
FSD50K/73095.wav,fsd50k/73095,Footsteps,7,train
FSD50K/73288.wav,fsd50k/73288,Aircraft,0,test
FSD50K/73289.wav,fsd50k/73289,Aircraft,0,val
FSD50K/73290.wav,fsd50k/73290,Aircraft,0,val
FSD50K/73292.wav,fsd50k/73292,Aircraft,0,val
FSD50K/73297.wav,fsd50k/73297,Aircraft,0,train
FSD50K/73369.wav,fsd50k/73369,Motorcycle,13,train
FSD50K/74382.wav,fsd50k/74382,Motorcycle,13,train
FSD50K/74384.wav,fsd50k/74384,Motorcycle,13,train
FSD50K/74471.wav,fsd50k/74471,Alarm,1,train
FSD50K/74924.wav,fsd50k/74924,Footsteps,7,train
FSD50K/75270.wav,fsd50k/75270,Footsteps,7,train
FSD50K/76095.wav,fsd50k/76095,Footsteps,7,train
FSD50K/76220.wav,fsd50k/76220,Motorcycle,13,test
FSD50K/76325.wav,fsd50k/76325,Aircraft,0,val
FSD50K/76522.wav,fsd50k/76522,Help_Shouting,10,train
FSD50K/76644.wav,fsd50k/76644,Help_Shouting,10,test
FSD50K/76662.wav,fsd50k/76662,Help_Shouting,10,train
FSD50K/76732.wav,fsd50k/76732,Footsteps,7,test
FSD50K/76736.wav,fsd50k/76736,Footsteps,7,train
FSD50K/76813.wav,fsd50k/76813,Knocking,12,train
FSD50K/76925.wav,fsd50k/76925,Alarm,1,test
FSD50K/77056.wav,fsd50k/77056,Motorcycle,13,train
FSD50K/77113.wav,fsd50k/77113,Aircraft,0,train
FSD50K/77148.wav,fsd50k/77148,Help_Shouting,10,test
FSD50K/77165.wav,fsd50k/77165,Knocking,12,val
FSD50K/7722.wav,fsd50k/7722,Motorcycle,13,train
FSD50K/77528.wav,fsd50k/77528,Glass_Breaking,8,train
FSD50K/77529.wav,fsd50k/77529,Glass_Breaking,8,train
FSD50K/77530.wav,fsd50k/77530,Glass_Breaking,8,val
FSD50K/77531.wav,fsd50k/77531,Glass_Breaking,8,test
FSD50K/77533.wav,fsd50k/77533,Glass_Breaking,8,train
FSD50K/77534.wav,fsd50k/77534,Glass_Breaking,8,train
FSD50K/77598.wav,fsd50k/77598,Footsteps,7,train
FSD50K/77599.wav,fsd50k/77599,Footsteps,7,val
FSD50K/77601.wav,fsd50k/77601,Footsteps,7,train
FSD50K/77603.wav,fsd50k/77603,Footsteps,7,train
FSD50K/77892.wav,fsd50k/77892,Doorbell,5,train
FSD50K/7790.wav,fsd50k/7790,Train,15,train
FSD50K/78369.wav,fsd50k/78369,Footsteps,7,test
FSD50K/78396.wav,fsd50k/78396,Footsteps,7,train
FSD50K/78417.wav,fsd50k/78417,Help_Shouting,10,train
FSD50K/78483.wav,fsd50k/78483,Footsteps,7,train
FSD50K/78484.wav,fsd50k/78484,Glass_Breaking,8,train
FSD50K/78490.wav,fsd50k/78490,Help_Shouting,10,train
FSD50K/78880.wav,fsd50k/78880,Motorcycle,13,train
FSD50K/78948.wav,fsd50k/78948,Alarm,1,test
FSD50K/78957.wav,fsd50k/78957,Alarm,1,val
FSD50K/78958.wav,fsd50k/78958,Alarm,1,train
FSD50K/78968.wav,fsd50k/78968,Alarm,1,train
FSD50K/78970.wav,fsd50k/78970,Alarm,1,train
FSD50K/78984.wav,fsd50k/78984,Alarm,1,train
FSD50K/78991.wav,fsd50k/78991,Footsteps,7,train
FSD50K/7917.wav,fsd50k/7917,Motorcycle,13,test
FSD50K/79180.wav,fsd50k/79180,Alarm,1,val
FSD50K/79356.wav,fsd50k/79356,Alarm,1,train
FSD50K/79874.wav,fsd50k/79874,Footsteps,7,train
FSD50K/80372.wav,fsd50k/80372,Train,15,train
FSD50K/80373.wav,fsd50k/80373,Train,15,train
FSD50K/80374.wav,fsd50k/80374,Train,15,train
FSD50K/80558.wav,fsd50k/80558,Motorcycle,13,test
FSD50K/80590.wav,fsd50k/80590,Motorcycle,13,train
FSD50K/81065.wav,fsd50k/81065,Alarm,1,train
FSD50K/81072.wav,fsd50k/81072,Alarm,1,val
FSD50K/81085.wav,fsd50k/81085,Alarm,1,train
FSD50K/81086.wav,fsd50k/81086,Alarm,1,train
FSD50K/81163.wav,fsd50k/81163,Alarm,1,train
FSD50K/81166.wav,fsd50k/81166,Alarm,1,train
FSD50K/81207.wav,fsd50k/81207,Train,15,train
FSD50K/8135.wav,fsd50k/8135,Aircraft,0,train
FSD50K/81432.wav,fsd50k/81432,Alarm,1,val
FSD50K/81554.wav,fsd50k/81554,Train,15,train
FSD50K/81555.wav,fsd50k/81555,Train,15,val
FSD50K/81875.wav,fsd50k/81875,Alarm,1,test
FSD50K/82083.wav,fsd50k/82083,Motorcycle,13,train
FSD50K/82228.wav,fsd50k/82228,Alarm,1,train
FSD50K/82418.wav,fsd50k/82418,Help_Shouting,10,test
FSD50K/82421.wav,fsd50k/82421,Knocking,12,val
FSD50K/82797.wav,fsd50k/82797,Alarm,1,train
FSD50K/83136.wav,fsd50k/83136,Knocking,12,val
FSD50K/83241.wav,fsd50k/83241,Knocking,12,train
FSD50K/83280.wav,fsd50k/83280,Alarm,1,train
FSD50K/83296.wav,fsd50k/83296,Train,15,train
FSD50K/83298.wav,fsd50k/83298,Train,15,train
FSD50K/83299.wav,fsd50k/83299,Train,15,train
FSD50K/83479.wav,fsd50k/83479,Knocking,12,train
FSD50K/83486.wav,fsd50k/83486,Motorcycle,13,val
FSD50K/83640.wav,fsd50k/83640,Knocking,12,train
FSD50K/83790.wav,fsd50k/83790,Train,15,train
FSD50K/8380.wav,fsd50k/8380,Train,15,train
FSD50K/83910.wav,fsd50k/83910,Knocking,12,train
FSD50K/83914.wav,fsd50k/83914,Footsteps,7,train
FSD50K/84359.wav,fsd50k/84359,Help_Shouting,10,train
FSD50K/84387.wav,fsd50k/84387,Help_Shouting,10,train
FSD50K/84423.wav,fsd50k/84423,Alarm,1,val
FSD50K/84702.wav,fsd50k/84702,Glass_Breaking,8,train
FSD50K/85016.wav,fsd50k/85016,Knocking,12,train
FSD50K/85087.wav,fsd50k/85087,Knocking,12,test
FSD50K/85107.wav,fsd50k/85107,Glass_Breaking,8,val
FSD50K/85110.wav,fsd50k/85110,Footsteps,7,train
FSD50K/85132.wav,fsd50k/85132,Footsteps,7,train
FSD50K/85253.wav,fsd50k/85253,Knocking,12,train
FSD50K/85365.wav,fsd50k/85365,Motorcycle,13,test
FSD50K/85550.wav,fsd50k/85550,Glass_Breaking,8,train
FSD50K/85554.wav,fsd50k/85554,Help_Shouting,10,test
FSD50K/85602.wav,fsd50k/85602,Footsteps,7,val
FSD50K/85603.wav,fsd50k/85603,Footsteps,7,train
FSD50K/85604.wav,fsd50k/85604,Footsteps,7,val
FSD50K/85655.wav,fsd50k/85655,Footsteps,7,train
FSD50K/85731.wav,fsd50k/85731,Footsteps,7,train
FSD50K/85919.wav,fsd50k/85919,Knocking,12,train
FSD50K/86014.wav,fsd50k/86014,Footsteps,7,train
FSD50K/86036.wav,fsd50k/86036,Footsteps,7,test
FSD50K/86040.wav,fsd50k/86040,Aircraft,0,test
FSD50K/86047.wav,fsd50k/86047,Gunshot,9,train
FSD50K/86324.wav,fsd50k/86324,Glass_Breaking,8,train
FSD50K/86346.wav,fsd50k/86346,Gunshot,9,test
FSD50K/86568.wav,fsd50k/86568,Train,15,test
FSD50K/86753.wav,fsd50k/86753,Train,15,train
FSD50K/87151.wav,fsd50k/87151,Alarm,1,train
FSD50K/87315.wav,fsd50k/87315,Footsteps,7,train
FSD50K/87316.wav,fsd50k/87316,Alarm,1,test
FSD50K/87376.wav,fsd50k/87376,Train,15,train
FSD50K/87393.wav,fsd50k/87393,Alarm,1,train
FSD50K/87457.wav,fsd50k/87457,Gunshot,9,train
FSD50K/87518.wav,fsd50k/87518,Footsteps,7,train
FSD50K/88445.wav,fsd50k/88445,Alarm,1,train
FSD50K/88447.wav,fsd50k/88447,Help_Shouting,10,train
FSD50K/88467.wav,fsd50k/88467,Gunshot,9,train
FSD50K/88528.wav,fsd50k/88528,Alarm,1,test
FSD50K/88771.wav,fsd50k/88771,Motorcycle,13,train
FSD50K/88787.wav,fsd50k/88787,Alarm,1,train
FSD50K/88800.wav,fsd50k/88800,Glass_Breaking,8,val
FSD50K/88808.wav,fsd50k/88808,Glass_Breaking,8,train
FSD50K/88809.wav,fsd50k/88809,Glass_Breaking,8,val
FSD50K/88917.wav,fsd50k/88917,Glass_Breaking,8,train
FSD50K/88920.wav,fsd50k/88920,Glass_Breaking,8,test
FSD50K/88921.wav,fsd50k/88921,Glass_Breaking,8,val
FSD50K/88922.wav,fsd50k/88922,Glass_Breaking,8,val
FSD50K/88924.wav,fsd50k/88924,Glass_Breaking,8,train
FSD50K/88925.wav,fsd50k/88925,Glass_Breaking,8,test
FSD50K/88926.wav,fsd50k/88926,Glass_Breaking,8,val
FSD50K/88927.wav,fsd50k/88927,Glass_Breaking,8,val
FSD50K/88931.wav,fsd50k/88931,Glass_Breaking,8,test
FSD50K/88932.wav,fsd50k/88932,Glass_Breaking,8,train
FSD50K/88933.wav,fsd50k/88933,Glass_Breaking,8,val
FSD50K/88935.wav,fsd50k/88935,Glass_Breaking,8,test
FSD50K/88936.wav,fsd50k/88936,Glass_Breaking,8,train
FSD50K/88937.wav,fsd50k/88937,Glass_Breaking,8,train
FSD50K/88941.wav,fsd50k/88941,Glass_Breaking,8,val
FSD50K/88942.wav,fsd50k/88942,Glass_Breaking,8,train
FSD50K/88944.wav,fsd50k/88944,Glass_Breaking,8,train
FSD50K/88945.wav,fsd50k/88945,Glass_Breaking,8,train
FSD50K/88948.wav,fsd50k/88948,Glass_Breaking,8,train
FSD50K/88949.wav,fsd50k/88949,Glass_Breaking,8,train
FSD50K/88950.wav,fsd50k/88950,Glass_Breaking,8,train
FSD50K/89147.wav,fsd50k/89147,Gunshot,9,train
FSD50K/89290.wav,fsd50k/89290,Footsteps,7,train
FSD50K/89362.wav,fsd50k/89362,Help_Shouting,10,train
FSD50K/89589.wav,fsd50k/89589,Alarm,1,train
FSD50K/89680.wav,fsd50k/89680,Motorcycle,13,train
FSD50K/89682.wav,fsd50k/89682,Alarm,1,val
FSD50K/89887.wav,fsd50k/89887,Glass_Breaking,8,train
FSD50K/89888.wav,fsd50k/89888,Glass_Breaking,8,test
FSD50K/89889.wav,fsd50k/89889,Glass_Breaking,8,val
FSD50K/89890.wav,fsd50k/89890,Glass_Breaking,8,train
FSD50K/89894.wav,fsd50k/89894,Glass_Breaking,8,test
FSD50K/89895.wav,fsd50k/89895,Glass_Breaking,8,train
FSD50K/89900.wav,fsd50k/89900,Glass_Breaking,8,train
FSD50K/89901.wav,fsd50k/89901,Glass_Breaking,8,train
FSD50K/89902.wav,fsd50k/89902,Glass_Breaking,8,train
FSD50K/89903.wav,fsd50k/89903,Glass_Breaking,8,train
FSD50K/89904.wav,fsd50k/89904,Glass_Breaking,8,train
FSD50K/89905.wav,fsd50k/89905,Glass_Breaking,8,train
FSD50K/90336.wav,fsd50k/90336,Footsteps,7,val
FSD50K/90344.wav,fsd50k/90344,Train,15,val
FSD50K/90386.wav,fsd50k/90386,Glass_Breaking,8,test
FSD50K/90418.wav,fsd50k/90418,Train,15,train
FSD50K/90756.wav,fsd50k/90756,Footsteps,7,train
FSD50K/9077.wav,fsd50k/9077,Alarm,1,test
FSD50K/90787.wav,fsd50k/90787,Footsteps,7,train
FSD50K/91038.wav,fsd50k/91038,Footsteps,7,val
FSD50K/91083.wav,fsd50k/91083,Footsteps,7,train
FSD50K/91294.wav,fsd50k/91294,Help_Shouting,10,val
FSD50K/91366.wav,fsd50k/91366,Alarm,1,test
FSD50K/91557.wav,fsd50k/91557,Alarm,1,val
FSD50K/91558.wav,fsd50k/91558,Train,15,train
FSD50K/91559.wav,fsd50k/91559,Train,15,train
FSD50K/91571.wav,fsd50k/91571,Motorcycle,13,test
FSD50K/91777.wav,fsd50k/91777,Footsteps,7,train
FSD50K/9197.wav,fsd50k/9197,Motorcycle,13,train
FSD50K/9199.wav,fsd50k/9199,Motorcycle,13,train
FSD50K/92019.wav,fsd50k/92019,Glass_Breaking,8,test
FSD50K/9218.wav,fsd50k/9218,Alarm,1,train
FSD50K/92642.wav,fsd50k/92642,Glass_Breaking,8,test
FSD50K/92643.wav,fsd50k/92643,Glass_Breaking,8,val
FSD50K/92644.wav,fsd50k/92644,Glass_Breaking,8,train
FSD50K/92887.wav,fsd50k/92887,Train,15,train
FSD50K/92992.wav,fsd50k/92992,Motorcycle,13,test
FSD50K/92999.wav,fsd50k/92999,Footsteps,7,train
FSD50K/93020.wav,fsd50k/93020,Alarm,1,test
FSD50K/93076.wav,fsd50k/93076,Aircraft,0,train
FSD50K/93299.wav,fsd50k/93299,Glass_Breaking,8,train
FSD50K/93449.wav,fsd50k/93449,Glass_Breaking,8,train
FSD50K/93639.wav,fsd50k/93639,Alarm,1,train
FSD50K/93643.wav,fsd50k/93643,Alarm,1,train
FSD50K/93646.wav,fsd50k/93646,Alarm,1,train
FSD50K/93676.wav,fsd50k/93676,Alarm,1,test
FSD50K/93964.wav,fsd50k/93964,Glass_Breaking,8,train
FSD50K/9432.wav,fsd50k/9432,Help_Shouting,10,train
FSD50K/94322.wav,fsd50k/94322,Footsteps,7,train
FSD50K/9433.wav,fsd50k/9433,Help_Shouting,10,train
FSD50K/94348.wav,fsd50k/94348,Footsteps,7,val
FSD50K/9435.wav,fsd50k/9435,Help_Shouting,10,val
FSD50K/94367.wav,fsd50k/94367,Footsteps,7,train
FSD50K/94370.wav,fsd50k/94370,Footsteps,7,train
FSD50K/94633.wav,fsd50k/94633,Train,15,test
FSD50K/94735.wav,fsd50k/94735,Alarm,1,train
FSD50K/94773.wav,fsd50k/94773,Knocking,12,train
FSD50K/94789.wav,fsd50k/94789,Knocking,12,train
FSD50K/94867.wav,fsd50k/94867,Aircraft,0,train
FSD50K/95067.wav,fsd50k/95067,Train,15,test
FSD50K/95078.wav,fsd50k/95078,Glass_Breaking,8,test
FSD50K/95864.wav,fsd50k/95864,Motorcycle,13,test
FSD50K/96210.wav,fsd50k/96210,Aircraft,0,train
FSD50K/96376.wav,fsd50k/96376,Gunshot,9,train
FSD50K/96630.wav,fsd50k/96630,Gunshot,9,train
FSD50K/96635.wav,fsd50k/96635,Gunshot,9,train
FSD50K/96636.wav,fsd50k/96636,Gunshot,9,train
FSD50K/96832.wav,fsd50k/96832,Footsteps,7,val
FSD50K/96838.wav,fsd50k/96838,Knocking,12,train
FSD50K/96890.wav,fsd50k/96890,Alarm,1,train
FSD50K/96973.wav,fsd50k/96973,Alarm,1,train
FSD50K/9704.wav,fsd50k/9704,Help_Shouting,10,val
FSD50K/9706.wav,fsd50k/9706,Help_Shouting,10,train
FSD50K/97194.wav,fsd50k/97194,Train,15,train
FSD50K/97669.wav,fsd50k/97669,Glass_Breaking,8,train
FSD50K/97758.wav,fsd50k/97758,Alarm,1,train
FSD50K/978.wav,fsd50k/978,Glass_Breaking,8,train
FSD50K/979.wav,fsd50k/979,Glass_Breaking,8,val
FSD50K/980.wav,fsd50k/980,Glass_Breaking,8,val
FSD50K/98054.wav,fsd50k/98054,Glass_Breaking,8,train
FSD50K/98055.wav,fsd50k/98055,Glass_Breaking,8,train
FSD50K/981.wav,fsd50k/981,Glass_Breaking,8,train
FSD50K/98247.wav,fsd50k/98247,Aircraft,0,val
FSD50K/98378.wav,fsd50k/98378,Glass_Breaking,8,train
FSD50K/98538.wav,fsd50k/98538,Motorcycle,13,train
FSD50K/98650.wav,fsd50k/98650,Glass_Breaking,8,train
FSD50K/98685.wav,fsd50k/98685,Train,15,val
FSD50K/98748.wav,fsd50k/98748,Gunshot,9,train
FSD50K/98851.wav,fsd50k/98851,Knocking,12,train
FSD50K/98853.wav,fsd50k/98853,Train,15,test
FSD50K/98943.wav,fsd50k/98943,Motorcycle,13,train
FSD50K/9913.wav,fsd50k/9913,Footsteps,7,train
FSD50K/9922.wav,fsd50k/9922,Alarm,1,test
FSD50K/9923.wav,fsd50k/9923,Alarm,1,train
FSD50K/99282.wav,fsd50k/99282,Alarm,1,train
FSD50K/99579.wav,fsd50k/99579,Footsteps,7,test
FSD50K/99633.wav,fsd50k/99633,Help_Shouting,10,train
FSD50K/99634.wav,fsd50k/99634,Help_Shouting,10,test
FSD50K/99966.wav,fsd50k/99966,Help_Shouting,10,test
UrbanSound8K/100648-1-0-0.wav,urbansound8k/100648,Vehicle_Horn,16,train
UrbanSound8K/100648-1-1-0.wav,urbansound8k/100648,Vehicle_Horn,16,train
UrbanSound8K/100648-1-3-0.wav,urbansound8k/100648,Vehicle_Horn,16,train
UrbanSound8K/100648-1-4-0.wav,urbansound8k/100648,Vehicle_Horn,16,train
UrbanSound8K/100652-3-0-0.wav,urbansound8k/100652,Dog_Bark,4,train
UrbanSound8K/100652-3-0-1.wav,urbansound8k/100652,Dog_Bark,4,train
UrbanSound8K/100652-3-0-2.wav,urbansound8k/100652,Dog_Bark,4,train
UrbanSound8K/100652-3-0-3.wav,urbansound8k/100652,Dog_Bark,4,train
UrbanSound8K/100795-3-0-0.wav,urbansound8k/100795,Dog_Bark,4,val
UrbanSound8K/100795-3-1-0.wav,urbansound8k/100795,Dog_Bark,4,val
UrbanSound8K/100795-3-1-1.wav,urbansound8k/100795,Dog_Bark,4,val
UrbanSound8K/100795-3-1-2.wav,urbansound8k/100795,Dog_Bark,4,val
UrbanSound8K/101281-3-0-0.wav,urbansound8k/101281,Dog_Bark,4,test
UrbanSound8K/101281-3-0-14.wav,urbansound8k/101281,Dog_Bark,4,test
UrbanSound8K/101281-3-0-5.wav,urbansound8k/101281,Dog_Bark,4,test
UrbanSound8K/101415-3-0-2.wav,urbansound8k/101415,Dog_Bark,4,train
UrbanSound8K/101415-3-0-3.wav,urbansound8k/101415,Dog_Bark,4,train
UrbanSound8K/101415-3-0-8.wav,urbansound8k/101415,Dog_Bark,4,train
UrbanSound8K/102102-3-0-0.wav,urbansound8k/102102,Dog_Bark,4,train
UrbanSound8K/102103-3-0-0.wav,urbansound8k/102103,Dog_Bark,4,train
UrbanSound8K/102104-3-0-0.wav,urbansound8k/102104,Dog_Bark,4,test
UrbanSound8K/102105-3-0-0.wav,urbansound8k/102105,Dog_Bark,4,train
UrbanSound8K/102106-3-0-0.wav,urbansound8k/102106,Dog_Bark,4,train
UrbanSound8K/102305-6-0-0.wav,urbansound8k/102305,Gunshot,9,train
UrbanSound8K/102547-3-0-2.wav,urbansound8k/102547,Dog_Bark,4,train
UrbanSound8K/102547-3-0-7.wav,urbansound8k/102547,Dog_Bark,4,train
UrbanSound8K/102547-3-0-8.wav,urbansound8k/102547,Dog_Bark,4,train
UrbanSound8K/102842-3-0-1.wav,urbansound8k/102842,Dog_Bark,4,train
UrbanSound8K/102842-3-1-0.wav,urbansound8k/102842,Dog_Bark,4,train
UrbanSound8K/102842-3-1-5.wav,urbansound8k/102842,Dog_Bark,4,train
UrbanSound8K/102842-3-1-6.wav,urbansound8k/102842,Dog_Bark,4,train
UrbanSound8K/102853-8-0-0.wav,urbansound8k/102853,Siren,14,train
UrbanSound8K/102853-8-0-1.wav,urbansound8k/102853,Siren,14,train
UrbanSound8K/102853-8-0-2.wav,urbansound8k/102853,Siren,14,train
UrbanSound8K/102853-8-0-3.wav,urbansound8k/102853,Siren,14,train
UrbanSound8K/102853-8-0-4.wav,urbansound8k/102853,Siren,14,train
UrbanSound8K/102853-8-0-5.wav,urbansound8k/102853,Siren,14,train
UrbanSound8K/102853-8-0-6.wav,urbansound8k/102853,Siren,14,train
UrbanSound8K/102853-8-1-0.wav,urbansound8k/102853,Siren,14,train
UrbanSound8K/102857-5-0-0.wav,urbansound8k/102857,Car_Engine,3,train
UrbanSound8K/102857-5-0-1.wav,urbansound8k/102857,Car_Engine,3,train
UrbanSound8K/102857-5-0-10.wav,urbansound8k/102857,Car_Engine,3,train
UrbanSound8K/102857-5-0-11.wav,urbansound8k/102857,Car_Engine,3,train
UrbanSound8K/102857-5-0-12.wav,urbansound8k/102857,Car_Engine,3,train
UrbanSound8K/102857-5-0-13.wav,urbansound8k/102857,Car_Engine,3,train
UrbanSound8K/102857-5-0-14.wav,urbansound8k/102857,Car_Engine,3,train
UrbanSound8K/102857-5-0-15.wav,urbansound8k/102857,Car_Engine,3,train
UrbanSound8K/102857-5-0-16.wav,urbansound8k/102857,Car_Engine,3,train
UrbanSound8K/102857-5-0-17.wav,urbansound8k/102857,Car_Engine,3,train
UrbanSound8K/102857-5-0-18.wav,urbansound8k/102857,Car_Engine,3,train
UrbanSound8K/102857-5-0-19.wav,urbansound8k/102857,Car_Engine,3,train
UrbanSound8K/102857-5-0-2.wav,urbansound8k/102857,Car_Engine,3,train
UrbanSound8K/102857-5-0-20.wav,urbansound8k/102857,Car_Engine,3,train
UrbanSound8K/102857-5-0-21.wav,urbansound8k/102857,Car_Engine,3,train
UrbanSound8K/102857-5-0-22.wav,urbansound8k/102857,Car_Engine,3,train
UrbanSound8K/102857-5-0-23.wav,urbansound8k/102857,Car_Engine,3,train
UrbanSound8K/102857-5-0-24.wav,urbansound8k/102857,Car_Engine,3,train
UrbanSound8K/102857-5-0-25.wav,urbansound8k/102857,Car_Engine,3,train
UrbanSound8K/102857-5-0-26.wav,urbansound8k/102857,Car_Engine,3,train
UrbanSound8K/102857-5-0-27.wav,urbansound8k/102857,Car_Engine,3,train
UrbanSound8K/102857-5-0-28.wav,urbansound8k/102857,Car_Engine,3,train
UrbanSound8K/102857-5-0-29.wav,urbansound8k/102857,Car_Engine,3,train
UrbanSound8K/102857-5-0-3.wav,urbansound8k/102857,Car_Engine,3,train
UrbanSound8K/102857-5-0-30.wav,urbansound8k/102857,Car_Engine,3,train
UrbanSound8K/102857-5-0-4.wav,urbansound8k/102857,Car_Engine,3,train
UrbanSound8K/102857-5-0-5.wav,urbansound8k/102857,Car_Engine,3,train
UrbanSound8K/102857-5-0-6.wav,urbansound8k/102857,Car_Engine,3,train
UrbanSound8K/102857-5-0-7.wav,urbansound8k/102857,Car_Engine,3,train
UrbanSound8K/102857-5-0-8.wav,urbansound8k/102857,Car_Engine,3,train
UrbanSound8K/102857-5-0-9.wav,urbansound8k/102857,Car_Engine,3,train
UrbanSound8K/102858-5-0-0.wav,urbansound8k/102858,Car_Engine,3,val
UrbanSound8K/102858-5-0-1.wav,urbansound8k/102858,Car_Engine,3,val
UrbanSound8K/102871-8-0-0.wav,urbansound8k/102871,Siren,14,train
UrbanSound8K/102871-8-0-1.wav,urbansound8k/102871,Siren,14,train
UrbanSound8K/102871-8-0-10.wav,urbansound8k/102871,Siren,14,train
UrbanSound8K/102871-8-0-11.wav,urbansound8k/102871,Siren,14,train
UrbanSound8K/102871-8-0-12.wav,urbansound8k/102871,Siren,14,train
UrbanSound8K/102871-8-0-13.wav,urbansound8k/102871,Siren,14,train
UrbanSound8K/102871-8-0-14.wav,urbansound8k/102871,Siren,14,train
UrbanSound8K/102871-8-0-15.wav,urbansound8k/102871,Siren,14,train
UrbanSound8K/102871-8-0-2.wav,urbansound8k/102871,Siren,14,train
UrbanSound8K/102871-8-0-3.wav,urbansound8k/102871,Siren,14,train
UrbanSound8K/102871-8-0-4.wav,urbansound8k/102871,Siren,14,train
UrbanSound8K/102871-8-0-5.wav,urbansound8k/102871,Siren,14,train
UrbanSound8K/102871-8-0-6.wav,urbansound8k/102871,Siren,14,train
UrbanSound8K/102871-8-0-7.wav,urbansound8k/102871,Siren,14,train
UrbanSound8K/102871-8-0-8.wav,urbansound8k/102871,Siren,14,train
UrbanSound8K/102871-8-0-9.wav,urbansound8k/102871,Siren,14,train
UrbanSound8K/103074-7-0-0.wav,urbansound8k/103074,Jackhammer,11,val
UrbanSound8K/103074-7-0-1.wav,urbansound8k/103074,Jackhammer,11,val
UrbanSound8K/103074-7-0-2.wav,urbansound8k/103074,Jackhammer,11,val
UrbanSound8K/103074-7-1-0.wav,urbansound8k/103074,Jackhammer,11,val
UrbanSound8K/103074-7-1-1.wav,urbansound8k/103074,Jackhammer,11,val
UrbanSound8K/103074-7-1-2.wav,urbansound8k/103074,Jackhammer,11,val
UrbanSound8K/103074-7-1-3.wav,urbansound8k/103074,Jackhammer,11,val
UrbanSound8K/103074-7-1-4.wav,urbansound8k/103074,Jackhammer,11,val
UrbanSound8K/103074-7-1-5.wav,urbansound8k/103074,Jackhammer,11,val
UrbanSound8K/103074-7-1-6.wav,urbansound8k/103074,Jackhammer,11,val
UrbanSound8K/103074-7-2-0.wav,urbansound8k/103074,Jackhammer,11,val
UrbanSound8K/103074-7-3-0.wav,urbansound8k/103074,Jackhammer,11,val
UrbanSound8K/103074-7-3-1.wav,urbansound8k/103074,Jackhammer,11,val
UrbanSound8K/103074-7-3-2.wav,urbansound8k/103074,Jackhammer,11,val
UrbanSound8K/103074-7-3-3.wav,urbansound8k/103074,Jackhammer,11,val
UrbanSound8K/103074-7-4-0.wav,urbansound8k/103074,Jackhammer,11,val
UrbanSound8K/103074-7-4-1.wav,urbansound8k/103074,Jackhammer,11,val
UrbanSound8K/103074-7-4-2.wav,urbansound8k/103074,Jackhammer,11,val
UrbanSound8K/103074-7-4-3.wav,urbansound8k/103074,Jackhammer,11,val
UrbanSound8K/103074-7-4-4.wav,urbansound8k/103074,Jackhammer,11,val
UrbanSound8K/103074-7-4-5.wav,urbansound8k/103074,Jackhammer,11,val
UrbanSound8K/103074-7-4-6.wav,urbansound8k/103074,Jackhammer,11,val
UrbanSound8K/103076-3-0-0.wav,urbansound8k/103076,Dog_Bark,4,train
UrbanSound8K/103076-3-1-0.wav,urbansound8k/103076,Dog_Bark,4,train
UrbanSound8K/103199-4-0-0.wav,urbansound8k/103199,Drilling,6,train
UrbanSound8K/103199-4-0-3.wav,urbansound8k/103199,Drilling,6,train
UrbanSound8K/103199-4-0-4.wav,urbansound8k/103199,Drilling,6,train
UrbanSound8K/103199-4-0-5.wav,urbansound8k/103199,Drilling,6,train
UrbanSound8K/103199-4-0-6.wav,urbansound8k/103199,Drilling,6,train
UrbanSound8K/103199-4-1-0.wav,urbansound8k/103199,Drilling,6,train
UrbanSound8K/103199-4-2-0.wav,urbansound8k/103199,Drilling,6,train
UrbanSound8K/103199-4-2-1.wav,urbansound8k/103199,Drilling,6,train
UrbanSound8K/103199-4-2-10.wav,urbansound8k/103199,Drilling,6,train
UrbanSound8K/103199-4-2-11.wav,urbansound8k/103199,Drilling,6,train
UrbanSound8K/103199-4-2-2.wav,urbansound8k/103199,Drilling,6,train
UrbanSound8K/103199-4-2-3.wav,urbansound8k/103199,Drilling,6,train
UrbanSound8K/103199-4-2-4.wav,urbansound8k/103199,Drilling,6,train
UrbanSound8K/103199-4-2-5.wav,urbansound8k/103199,Drilling,6,train
UrbanSound8K/103199-4-2-6.wav,urbansound8k/103199,Drilling,6,train
UrbanSound8K/103199-4-2-7.wav,urbansound8k/103199,Drilling,6,train
UrbanSound8K/103199-4-2-8.wav,urbansound8k/103199,Drilling,6,train
UrbanSound8K/103199-4-2-9.wav,urbansound8k/103199,Drilling,6,train
UrbanSound8K/103199-4-4-0.wav,urbansound8k/103199,Drilling,6,train
UrbanSound8K/103199-4-6-0.wav,urbansound8k/103199,Drilling,6,train
UrbanSound8K/103199-4-7-2.wav,urbansound8k/103199,Drilling,6,train
UrbanSound8K/103249-5-0-0.wav,urbansound8k/103249,Car_Engine,3,train
UrbanSound8K/103249-5-0-1.wav,urbansound8k/103249,Car_Engine,3,train
UrbanSound8K/103249-5-0-10.wav,urbansound8k/103249,Car_Engine,3,train
UrbanSound8K/103249-5-0-11.wav,urbansound8k/103249,Car_Engine,3,train
UrbanSound8K/103249-5-0-12.wav,urbansound8k/103249,Car_Engine,3,train
UrbanSound8K/103249-5-0-13.wav,urbansound8k/103249,Car_Engine,3,train
UrbanSound8K/103249-5-0-14.wav,urbansound8k/103249,Car_Engine,3,train
UrbanSound8K/103249-5-0-15.wav,urbansound8k/103249,Car_Engine,3,train
UrbanSound8K/103249-5-0-16.wav,urbansound8k/103249,Car_Engine,3,train
UrbanSound8K/103249-5-0-17.wav,urbansound8k/103249,Car_Engine,3,train
UrbanSound8K/103249-5-0-18.wav,urbansound8k/103249,Car_Engine,3,train
UrbanSound8K/103249-5-0-19.wav,urbansound8k/103249,Car_Engine,3,train
UrbanSound8K/103249-5-0-2.wav,urbansound8k/103249,Car_Engine,3,train
UrbanSound8K/103249-5-0-3.wav,urbansound8k/103249,Car_Engine,3,train
UrbanSound8K/103249-5-0-4.wav,urbansound8k/103249,Car_Engine,3,train
UrbanSound8K/103249-5-0-5.wav,urbansound8k/103249,Car_Engine,3,train
UrbanSound8K/103249-5-0-6.wav,urbansound8k/103249,Car_Engine,3,train
UrbanSound8K/103249-5-0-7.wav,urbansound8k/103249,Car_Engine,3,train
UrbanSound8K/103249-5-0-8.wav,urbansound8k/103249,Car_Engine,3,train
UrbanSound8K/103249-5-0-9.wav,urbansound8k/103249,Car_Engine,3,train
UrbanSound8K/103258-5-0-0.wav,urbansound8k/103258,Car_Engine,3,train
UrbanSound8K/103258-5-0-1.wav,urbansound8k/103258,Car_Engine,3,train
UrbanSound8K/103258-5-0-10.wav,urbansound8k/103258,Car_Engine,3,train
UrbanSound8K/103258-5-0-11.wav,urbansound8k/103258,Car_Engine,3,train
UrbanSound8K/103258-5-0-12.wav,urbansound8k/103258,Car_Engine,3,train
UrbanSound8K/103258-5-0-13.wav,urbansound8k/103258,Car_Engine,3,train
UrbanSound8K/103258-5-0-14.wav,urbansound8k/103258,Car_Engine,3,train
UrbanSound8K/103258-5-0-15.wav,urbansound8k/103258,Car_Engine,3,train
UrbanSound8K/103258-5-0-16.wav,urbansound8k/103258,Car_Engine,3,train
UrbanSound8K/103258-5-0-17.wav,urbansound8k/103258,Car_Engine,3,train
UrbanSound8K/103258-5-0-18.wav,urbansound8k/103258,Car_Engine,3,train
UrbanSound8K/103258-5-0-19.wav,urbansound8k/103258,Car_Engine,3,train
UrbanSound8K/103258-5-0-2.wav,urbansound8k/103258,Car_Engine,3,train
UrbanSound8K/103258-5-0-3.wav,urbansound8k/103258,Car_Engine,3,train
UrbanSound8K/103258-5-0-4.wav,urbansound8k/103258,Car_Engine,3,train
UrbanSound8K/103258-5-0-5.wav,urbansound8k/103258,Car_Engine,3,train
UrbanSound8K/103258-5-0-6.wav,urbansound8k/103258,Car_Engine,3,train
UrbanSound8K/103258-5-0-7.wav,urbansound8k/103258,Car_Engine,3,train
UrbanSound8K/103258-5-0-8.wav,urbansound8k/103258,Car_Engine,3,train
UrbanSound8K/103258-5-0-9.wav,urbansound8k/103258,Car_Engine,3,train
UrbanSound8K/103357-4-0-0.wav,urbansound8k/103357,Drilling,6,test
UrbanSound8K/103357-4-0-1.wav,urbansound8k/103357,Drilling,6,test
UrbanSound8K/103438-5-0-0.wav,urbansound8k/103438,Car_Engine,3,val
UrbanSound8K/103438-5-0-1.wav,urbansound8k/103438,Car_Engine,3,val
UrbanSound8K/103438-5-0-2.wav,urbansound8k/103438,Car_Engine,3,val
UrbanSound8K/104625-4-0-15.wav,urbansound8k/104625,Drilling,6,test
UrbanSound8K/104625-4-0-21.wav,urbansound8k/104625,Drilling,6,test
UrbanSound8K/104625-4-0-27.wav,urbansound8k/104625,Drilling,6,test
UrbanSound8K/104625-4-0-29.wav,urbansound8k/104625,Drilling,6,test
UrbanSound8K/104625-4-0-3.wav,urbansound8k/104625,Drilling,6,test
UrbanSound8K/104625-4-0-35.wav,urbansound8k/104625,Drilling,6,test
UrbanSound8K/104625-4-0-40.wav,urbansound8k/104625,Drilling,6,test
UrbanSound8K/104625-4-0-41.wav,urbansound8k/104625,Drilling,6,test
UrbanSound8K/104625-4-0-45.wav,urbansound8k/104625,Drilling,6,test
UrbanSound8K/104625-4-0-48.wav,urbansound8k/104625,Drilling,6,test
UrbanSound8K/104625-4-0-51.wav,urbansound8k/104625,Drilling,6,test
UrbanSound8K/104625-4-0-52.wav,urbansound8k/104625,Drilling,6,test
UrbanSound8K/104625-4-0-53.wav,urbansound8k/104625,Drilling,6,test
UrbanSound8K/104625-4-0-55.wav,urbansound8k/104625,Drilling,6,test
UrbanSound8K/104625-4-0-57.wav,urbansound8k/104625,Drilling,6,test
UrbanSound8K/104625-4-0-66.wav,urbansound8k/104625,Drilling,6,test
UrbanSound8K/104625-4-1-20.wav,urbansound8k/104625,Drilling,6,test
UrbanSound8K/104625-4-1-8.wav,urbansound8k/104625,Drilling,6,test
UrbanSound8K/104817-4-0-0.wav,urbansound8k/104817,Drilling,6,train
UrbanSound8K/104817-4-0-1.wav,urbansound8k/104817,Drilling,6,train
UrbanSound8K/104817-4-0-10.wav,urbansound8k/104817,Drilling,6,train
UrbanSound8K/104817-4-0-11.wav,urbansound8k/104817,Drilling,6,train
UrbanSound8K/104817-4-0-2.wav,urbansound8k/104817,Drilling,6,train
UrbanSound8K/104817-4-0-3.wav,urbansound8k/104817,Drilling,6,train
UrbanSound8K/104817-4-0-4.wav,urbansound8k/104817,Drilling,6,train
UrbanSound8K/104817-4-0-5.wav,urbansound8k/104817,Drilling,6,train
UrbanSound8K/104817-4-0-6.wav,urbansound8k/104817,Drilling,6,train
UrbanSound8K/104817-4-0-7.wav,urbansound8k/104817,Drilling,6,train
UrbanSound8K/104817-4-0-8.wav,urbansound8k/104817,Drilling,6,train
UrbanSound8K/104817-4-0-9.wav,urbansound8k/104817,Drilling,6,train
UrbanSound8K/104998-7-0-5.wav,urbansound8k/104998,Jackhammer,11,train
UrbanSound8K/104998-7-10-1.wav,urbansound8k/104998,Jackhammer,11,train
UrbanSound8K/104998-7-10-10.wav,urbansound8k/104998,Jackhammer,11,train
UrbanSound8K/104998-7-10-13.wav,urbansound8k/104998,Jackhammer,11,train
UrbanSound8K/104998-7-10-15.wav,urbansound8k/104998,Jackhammer,11,train
UrbanSound8K/104998-7-10-8.wav,urbansound8k/104998,Jackhammer,11,train
UrbanSound8K/104998-7-10-9.wav,urbansound8k/104998,Jackhammer,11,train
UrbanSound8K/104998-7-11-0.wav,urbansound8k/104998,Jackhammer,11,train
UrbanSound8K/104998-7-11-2.wav,urbansound8k/104998,Jackhammer,11,train
UrbanSound8K/104998-7-12-2.wav,urbansound8k/104998,Jackhammer,11,train
UrbanSound8K/104998-7-14-1.wav,urbansound8k/104998,Jackhammer,11,train
UrbanSound8K/104998-7-14-5.wav,urbansound8k/104998,Jackhammer,11,train
UrbanSound8K/104998-7-14-6.wav,urbansound8k/104998,Jackhammer,11,train
UrbanSound8K/104998-7-15-1.wav,urbansound8k/104998,Jackhammer,11,train
UrbanSound8K/104998-7-15-3.wav,urbansound8k/104998,Jackhammer,11,train
UrbanSound8K/104998-7-15-5.wav,urbansound8k/104998,Jackhammer,11,train
UrbanSound8K/104998-7-15-9.wav,urbansound8k/104998,Jackhammer,11,train
UrbanSound8K/104998-7-16-0.wav,urbansound8k/104998,Jackhammer,11,train
UrbanSound8K/104998-7-16-10.wav,urbansound8k/104998,Jackhammer,11,train
UrbanSound8K/104998-7-16-11.wav,urbansound8k/104998,Jackhammer,11,train
UrbanSound8K/104998-7-16-5.wav,urbansound8k/104998,Jackhammer,11,train
UrbanSound8K/104998-7-16-6.wav,urbansound8k/104998,Jackhammer,11,train
UrbanSound8K/104998-7-16-7.wav,urbansound8k/104998,Jackhammer,11,train
UrbanSound8K/104998-7-17-0.wav,urbansound8k/104998,Jackhammer,11,train
UrbanSound8K/104998-7-17-1.wav,urbansound8k/104998,Jackhammer,11,train
UrbanSound8K/104998-7-17-12.wav,urbansound8k/104998,Jackhammer,11,train
UrbanSound8K/104998-7-17-14.wav,urbansound8k/104998,Jackhammer,11,train
UrbanSound8K/104998-7-17-4.wav,urbansound8k/104998,Jackhammer,11,train
UrbanSound8K/104998-7-17-7.wav,urbansound8k/104998,Jackhammer,11,train
UrbanSound8K/104998-7-17-8.wav,urbansound8k/104998,Jackhammer,11,train
UrbanSound8K/104998-7-18-12.wav,urbansound8k/104998,Jackhammer,11,train
UrbanSound8K/104998-7-18-13.wav,urbansound8k/104998,Jackhammer,11,train
UrbanSound8K/104998-7-18-3.wav,urbansound8k/104998,Jackhammer,11,train
UrbanSound8K/104998-7-18-9.wav,urbansound8k/104998,Jackhammer,11,train
UrbanSound8K/104998-7-19-0.wav,urbansound8k/104998,Jackhammer,11,train
UrbanSound8K/104998-7-19-3.wav,urbansound8k/104998,Jackhammer,11,train
UrbanSound8K/104998-7-19-6.wav,urbansound8k/104998,Jackhammer,11,train
UrbanSound8K/104998-7-19-7.wav,urbansound8k/104998,Jackhammer,11,train
UrbanSound8K/104998-7-19-8.wav,urbansound8k/104998,Jackhammer,11,train
UrbanSound8K/104998-7-19-9.wav,urbansound8k/104998,Jackhammer,11,train
UrbanSound8K/104998-7-2-4.wav,urbansound8k/104998,Jackhammer,11,train
UrbanSound8K/104998-7-2-5.wav,urbansound8k/104998,Jackhammer,11,train
UrbanSound8K/104998-7-2-6.wav,urbansound8k/104998,Jackhammer,11,train
UrbanSound8K/104998-7-3-1.wav,urbansound8k/104998,Jackhammer,11,train
UrbanSound8K/104998-7-7-0.wav,urbansound8k/104998,Jackhammer,11,train
UrbanSound8K/104998-7-7-1.wav,urbansound8k/104998,Jackhammer,11,train
UrbanSound8K/104998-7-7-4.wav,urbansound8k/104998,Jackhammer,11,train
UrbanSound8K/104998-7-7-7.wav,urbansound8k/104998,Jackhammer,11,train
UrbanSound8K/104998-7-7-9.wav,urbansound8k/104998,Jackhammer,11,train
UrbanSound8K/104998-7-8-13.wav,urbansound8k/104998,Jackhammer,11,train
UrbanSound8K/104998-7-8-14.wav,urbansound8k/104998,Jackhammer,11,train
UrbanSound8K/104998-7-8-15.wav,urbansound8k/104998,Jackhammer,11,train
UrbanSound8K/104998-7-8-17.wav,urbansound8k/104998,Jackhammer,11,train
UrbanSound8K/104998-7-8-4.wav,urbansound8k/104998,Jackhammer,11,train
UrbanSound8K/104998-7-8-6.wav,urbansound8k/104998,Jackhammer,11,train
UrbanSound8K/104998-7-8-7.wav,urbansound8k/104998,Jackhammer,11,train
UrbanSound8K/104998-7-9-0.wav,urbansound8k/104998,Jackhammer,11,train
UrbanSound8K/104998-7-9-13.wav,urbansound8k/104998,Jackhammer,11,train
UrbanSound8K/104998-7-9-9.wav,urbansound8k/104998,Jackhammer,11,train
UrbanSound8K/105029-7-0-0.wav,urbansound8k/105029,Jackhammer,11,train
UrbanSound8K/105029-7-0-1.wav,urbansound8k/105029,Jackhammer,11,train
UrbanSound8K/105029-7-0-2.wav,urbansound8k/105029,Jackhammer,11,train
UrbanSound8K/105029-7-0-3.wav,urbansound8k/105029,Jackhammer,11,train
UrbanSound8K/105029-7-0-4.wav,urbansound8k/105029,Jackhammer,11,train
UrbanSound8K/105029-7-0-5.wav,urbansound8k/105029,Jackhammer,11,train
UrbanSound8K/105029-7-0-6.wav,urbansound8k/105029,Jackhammer,11,train
UrbanSound8K/105029-7-1-0.wav,urbansound8k/105029,Jackhammer,11,train
UrbanSound8K/105029-7-1-1.wav,urbansound8k/105029,Jackhammer,11,train
UrbanSound8K/105029-7-1-10.wav,urbansound8k/105029,Jackhammer,11,train
UrbanSound8K/105029-7-1-11.wav,urbansound8k/105029,Jackhammer,11,train
UrbanSound8K/105029-7-1-12.wav,urbansound8k/105029,Jackhammer,11,train
UrbanSound8K/105029-7-1-13.wav,urbansound8k/105029,Jackhammer,11,train
UrbanSound8K/105029-7-1-2.wav,urbansound8k/105029,Jackhammer,11,train
UrbanSound8K/105029-7-1-3.wav,urbansound8k/105029,Jackhammer,11,train
UrbanSound8K/105029-7-1-4.wav,urbansound8k/105029,Jackhammer,11,train
UrbanSound8K/105029-7-1-5.wav,urbansound8k/105029,Jackhammer,11,train
UrbanSound8K/105029-7-1-6.wav,urbansound8k/105029,Jackhammer,11,train
UrbanSound8K/105029-7-1-7.wav,urbansound8k/105029,Jackhammer,11,train
UrbanSound8K/105029-7-1-8.wav,urbansound8k/105029,Jackhammer,11,train
UrbanSound8K/105029-7-1-9.wav,urbansound8k/105029,Jackhammer,11,train
UrbanSound8K/105029-7-2-0.wav,urbansound8k/105029,Jackhammer,11,train
UrbanSound8K/105029-7-2-1.wav,urbansound8k/105029,Jackhammer,11,train
UrbanSound8K/105029-7-2-10.wav,urbansound8k/105029,Jackhammer,11,train
UrbanSound8K/105029-7-2-11.wav,urbansound8k/105029,Jackhammer,11,train
UrbanSound8K/105029-7-2-12.wav,urbansound8k/105029,Jackhammer,11,train
UrbanSound8K/105029-7-2-13.wav,urbansound8k/105029,Jackhammer,11,train
UrbanSound8K/105029-7-2-14.wav,urbansound8k/105029,Jackhammer,11,train
UrbanSound8K/105029-7-2-15.wav,urbansound8k/105029,Jackhammer,11,train
UrbanSound8K/105029-7-2-16.wav,urbansound8k/105029,Jackhammer,11,train
UrbanSound8K/105029-7-2-2.wav,urbansound8k/105029,Jackhammer,11,train
UrbanSound8K/105029-7-2-3.wav,urbansound8k/105029,Jackhammer,11,train
UrbanSound8K/105029-7-2-4.wav,urbansound8k/105029,Jackhammer,11,train
UrbanSound8K/105029-7-2-5.wav,urbansound8k/105029,Jackhammer,11,train
UrbanSound8K/105029-7-2-6.wav,urbansound8k/105029,Jackhammer,11,train
UrbanSound8K/105029-7-2-7.wav,urbansound8k/105029,Jackhammer,11,train
UrbanSound8K/105029-7-2-8.wav,urbansound8k/105029,Jackhammer,11,train
UrbanSound8K/105029-7-2-9.wav,urbansound8k/105029,Jackhammer,11,train
UrbanSound8K/105029-7-3-0.wav,urbansound8k/105029,Jackhammer,11,train
UrbanSound8K/105029-7-3-1.wav,urbansound8k/105029,Jackhammer,11,train
UrbanSound8K/105029-7-3-2.wav,urbansound8k/105029,Jackhammer,11,train
UrbanSound8K/105029-7-3-3.wav,urbansound8k/105029,Jackhammer,11,train
UrbanSound8K/105029-7-3-4.wav,urbansound8k/105029,Jackhammer,11,train
UrbanSound8K/105029-7-3-5.wav,urbansound8k/105029,Jackhammer,11,train
UrbanSound8K/105029-7-3-6.wav,urbansound8k/105029,Jackhammer,11,train
UrbanSound8K/105029-7-3-7.wav,urbansound8k/105029,Jackhammer,11,train
UrbanSound8K/105029-7-4-0.wav,urbansound8k/105029,Jackhammer,11,train
UrbanSound8K/105029-7-4-1.wav,urbansound8k/105029,Jackhammer,11,train
UrbanSound8K/105029-7-4-2.wav,urbansound8k/105029,Jackhammer,11,train
UrbanSound8K/105029-7-4-3.wav,urbansound8k/105029,Jackhammer,11,train
UrbanSound8K/105088-3-0-10.wav,urbansound8k/105088,Dog_Bark,4,train
UrbanSound8K/105088-3-0-11.wav,urbansound8k/105088,Dog_Bark,4,train
UrbanSound8K/105088-3-0-19.wav,urbansound8k/105088,Dog_Bark,4,train
UrbanSound8K/105088-3-0-8.wav,urbansound8k/105088,Dog_Bark,4,train
UrbanSound8K/105289-8-0-0.wav,urbansound8k/105289,Siren,14,test
UrbanSound8K/105289-8-0-1.wav,urbansound8k/105289,Siren,14,test
UrbanSound8K/105289-8-0-2.wav,urbansound8k/105289,Siren,14,test
UrbanSound8K/105289-8-0-3.wav,urbansound8k/105289,Siren,14,test
UrbanSound8K/105289-8-0-4.wav,urbansound8k/105289,Siren,14,test
UrbanSound8K/105289-8-0-5.wav,urbansound8k/105289,Siren,14,test
UrbanSound8K/105289-8-1-0.wav,urbansound8k/105289,Siren,14,test
UrbanSound8K/105289-8-1-1.wav,urbansound8k/105289,Siren,14,test
UrbanSound8K/105289-8-1-2.wav,urbansound8k/105289,Siren,14,test
UrbanSound8K/105289-8-1-3.wav,urbansound8k/105289,Siren,14,test
UrbanSound8K/105289-8-1-4.wav,urbansound8k/105289,Siren,14,test
UrbanSound8K/105289-8-2-0.wav,urbansound8k/105289,Siren,14,test
UrbanSound8K/105289-8-2-1.wav,urbansound8k/105289,Siren,14,test
UrbanSound8K/105289-8-2-2.wav,urbansound8k/105289,Siren,14,test
UrbanSound8K/105289-8-2-3.wav,urbansound8k/105289,Siren,14,test
UrbanSound8K/105289-8-2-4.wav,urbansound8k/105289,Siren,14,test
UrbanSound8K/105289-8-2-5.wav,urbansound8k/105289,Siren,14,test
UrbanSound8K/105289-8-2-6.wav,urbansound8k/105289,Siren,14,test
UrbanSound8K/105289-8-2-7.wav,urbansound8k/105289,Siren,14,test
UrbanSound8K/105319-3-0-22.wav,urbansound8k/105319,Dog_Bark,4,train
UrbanSound8K/105319-3-0-29.wav,urbansound8k/105319,Dog_Bark,4,train
UrbanSound8K/105319-3-0-39.wav,urbansound8k/105319,Dog_Bark,4,train
UrbanSound8K/106014-5-0-0.wav,urbansound8k/106014,Car_Engine,3,train
UrbanSound8K/106014-5-0-1.wav,urbansound8k/106014,Car_Engine,3,train
UrbanSound8K/106014-5-0-2.wav,urbansound8k/106014,Car_Engine,3,train
UrbanSound8K/106014-5-0-3.wav,urbansound8k/106014,Car_Engine,3,train
UrbanSound8K/106014-5-0-4.wav,urbansound8k/106014,Car_Engine,3,train
UrbanSound8K/106015-5-0-0.wav,urbansound8k/106015,Car_Engine,3,val
UrbanSound8K/106015-5-0-1.wav,urbansound8k/106015,Car_Engine,3,val
UrbanSound8K/106015-5-0-10.wav,urbansound8k/106015,Car_Engine,3,val
UrbanSound8K/106015-5-0-11.wav,urbansound8k/106015,Car_Engine,3,val
UrbanSound8K/106015-5-0-12.wav,urbansound8k/106015,Car_Engine,3,val
UrbanSound8K/106015-5-0-13.wav,urbansound8k/106015,Car_Engine,3,val
UrbanSound8K/106015-5-0-14.wav,urbansound8k/106015,Car_Engine,3,val
UrbanSound8K/106015-5-0-15.wav,urbansound8k/106015,Car_Engine,3,val
UrbanSound8K/106015-5-0-16.wav,urbansound8k/106015,Car_Engine,3,val
UrbanSound8K/106015-5-0-17.wav,urbansound8k/106015,Car_Engine,3,val
UrbanSound8K/106015-5-0-18.wav,urbansound8k/106015,Car_Engine,3,val
UrbanSound8K/106015-5-0-19.wav,urbansound8k/106015,Car_Engine,3,val
UrbanSound8K/106015-5-0-2.wav,urbansound8k/106015,Car_Engine,3,val
UrbanSound8K/106015-5-0-20.wav,urbansound8k/106015,Car_Engine,3,val
UrbanSound8K/106015-5-0-3.wav,urbansound8k/106015,Car_Engine,3,val
UrbanSound8K/106015-5-0-4.wav,urbansound8k/106015,Car_Engine,3,val
UrbanSound8K/106015-5-0-5.wav,urbansound8k/106015,Car_Engine,3,val
UrbanSound8K/106015-5-0-6.wav,urbansound8k/106015,Car_Engine,3,val
UrbanSound8K/106015-5-0-7.wav,urbansound8k/106015,Car_Engine,3,val
UrbanSound8K/106015-5-0-8.wav,urbansound8k/106015,Car_Engine,3,val
UrbanSound8K/106015-5-0-9.wav,urbansound8k/106015,Car_Engine,3,val
UrbanSound8K/106486-5-0-0.wav,urbansound8k/106486,Car_Engine,3,train
UrbanSound8K/106486-5-0-1.wav,urbansound8k/106486,Car_Engine,3,train
UrbanSound8K/106486-5-0-2.wav,urbansound8k/106486,Car_Engine,3,train
UrbanSound8K/106487-5-0-0.wav,urbansound8k/106487,Car_Engine,3,train
UrbanSound8K/106487-5-0-1.wav,urbansound8k/106487,Car_Engine,3,train
UrbanSound8K/106487-5-0-2.wav,urbansound8k/106487,Car_Engine,3,train
UrbanSound8K/106905-5-0-0.wav,urbansound8k/106905,Car_Engine,3,train
UrbanSound8K/106905-5-0-1.wav,urbansound8k/106905,Car_Engine,3,train
UrbanSound8K/106905-5-0-2.wav,urbansound8k/106905,Car_Engine,3,train
UrbanSound8K/106905-8-0-0.wav,urbansound8k/106905,Siren,14,train
UrbanSound8K/106905-8-0-1.wav,urbansound8k/106905,Siren,14,train
UrbanSound8K/106905-8-0-2.wav,urbansound8k/106905,Siren,14,train
UrbanSound8K/106905-8-0-3.wav,urbansound8k/106905,Siren,14,train
UrbanSound8K/106955-6-0-0.wav,urbansound8k/106955,Gunshot,9,train
UrbanSound8K/107090-1-0-0.wav,urbansound8k/107090,Vehicle_Horn,16,train
UrbanSound8K/107090-1-1-0.wav,urbansound8k/107090,Vehicle_Horn,16,train
UrbanSound8K/107190-3-0-0.wav,urbansound8k/107190,Dog_Bark,4,val
UrbanSound8K/107228-5-0-0.wav,urbansound8k/107228,Car_Engine,3,test
UrbanSound8K/107228-5-0-1.wav,urbansound8k/107228,Car_Engine,3,test
UrbanSound8K/107228-5-0-2.wav,urbansound8k/107228,Car_Engine,3,test
UrbanSound8K/107228-5-0-3.wav,urbansound8k/107228,Car_Engine,3,test
UrbanSound8K/107228-5-0-4.wav,urbansound8k/107228,Car_Engine,3,test
UrbanSound8K/107228-5-0-5.wav,urbansound8k/107228,Car_Engine,3,test
UrbanSound8K/107228-5-0-6.wav,urbansound8k/107228,Car_Engine,3,test
UrbanSound8K/107228-5-0-7.wav,urbansound8k/107228,Car_Engine,3,test
UrbanSound8K/107357-8-0-0.wav,urbansound8k/107357,Siren,14,test
UrbanSound8K/107357-8-0-1.wav,urbansound8k/107357,Siren,14,test
UrbanSound8K/107357-8-0-2.wav,urbansound8k/107357,Siren,14,test
UrbanSound8K/107357-8-0-3.wav,urbansound8k/107357,Siren,14,test
UrbanSound8K/107357-8-0-4.wav,urbansound8k/107357,Siren,14,test
UrbanSound8K/107357-8-0-5.wav,urbansound8k/107357,Siren,14,test
UrbanSound8K/107357-8-0-6.wav,urbansound8k/107357,Siren,14,test
UrbanSound8K/107357-8-0-7.wav,urbansound8k/107357,Siren,14,test
UrbanSound8K/107357-8-0-8.wav,urbansound8k/107357,Siren,14,test
UrbanSound8K/107357-8-1-0.wav,urbansound8k/107357,Siren,14,test
UrbanSound8K/107357-8-1-1.wav,urbansound8k/107357,Siren,14,test
UrbanSound8K/107357-8-1-10.wav,urbansound8k/107357,Siren,14,test
UrbanSound8K/107357-8-1-11.wav,urbansound8k/107357,Siren,14,test
UrbanSound8K/107357-8-1-12.wav,urbansound8k/107357,Siren,14,test
UrbanSound8K/107357-8-1-13.wav,urbansound8k/107357,Siren,14,test
UrbanSound8K/107357-8-1-14.wav,urbansound8k/107357,Siren,14,test
UrbanSound8K/107357-8-1-15.wav,urbansound8k/107357,Siren,14,test
UrbanSound8K/107357-8-1-16.wav,urbansound8k/107357,Siren,14,test
UrbanSound8K/107357-8-1-17.wav,urbansound8k/107357,Siren,14,test
UrbanSound8K/107357-8-1-18.wav,urbansound8k/107357,Siren,14,test
UrbanSound8K/107357-8-1-2.wav,urbansound8k/107357,Siren,14,test
UrbanSound8K/107357-8-1-3.wav,urbansound8k/107357,Siren,14,test
UrbanSound8K/107357-8-1-4.wav,urbansound8k/107357,Siren,14,test
UrbanSound8K/107357-8-1-5.wav,urbansound8k/107357,Siren,14,test
UrbanSound8K/107357-8-1-6.wav,urbansound8k/107357,Siren,14,test
UrbanSound8K/107357-8-1-7.wav,urbansound8k/107357,Siren,14,test
UrbanSound8K/107357-8-1-8.wav,urbansound8k/107357,Siren,14,test
UrbanSound8K/107357-8-1-9.wav,urbansound8k/107357,Siren,14,test
UrbanSound8K/107842-4-0-0.wav,urbansound8k/107842,Drilling,6,train
UrbanSound8K/107842-4-0-1.wav,urbansound8k/107842,Drilling,6,train
UrbanSound8K/107842-4-0-2.wav,urbansound8k/107842,Drilling,6,train
UrbanSound8K/107842-4-1-0.wav,urbansound8k/107842,Drilling,6,train
UrbanSound8K/107842-4-2-0.wav,urbansound8k/107842,Drilling,6,train
UrbanSound8K/107842-4-2-1.wav,urbansound8k/107842,Drilling,6,train
UrbanSound8K/107842-4-2-2.wav,urbansound8k/107842,Drilling,6,train
UrbanSound8K/107842-4-2-3.wav,urbansound8k/107842,Drilling,6,train
UrbanSound8K/107842-4-2-4.wav,urbansound8k/107842,Drilling,6,train
UrbanSound8K/107842-4-3-0.wav,urbansound8k/107842,Drilling,6,train
UrbanSound8K/108187-3-3-0.wav,urbansound8k/108187,Dog_Bark,4,train
UrbanSound8K/108187-3-4-0.wav,urbansound8k/108187,Dog_Bark,4,train
UrbanSound8K/108187-3-6-0.wav,urbansound8k/108187,Dog_Bark,4,train
UrbanSound8K/109233-3-0-3.wav,urbansound8k/109233,Dog_Bark,4,val
UrbanSound8K/109233-3-0-4.wav,urbansound8k/109233,Dog_Bark,4,val
UrbanSound8K/109233-3-0-5.wav,urbansound8k/109233,Dog_Bark,4,val
UrbanSound8K/109233-3-0-6.wav,urbansound8k/109233,Dog_Bark,4,val
UrbanSound8K/109711-3-1-0.wav,urbansound8k/109711,Dog_Bark,4,test
UrbanSound8K/109711-3-2-4.wav,urbansound8k/109711,Dog_Bark,4,test
UrbanSound8K/109711-3-2-6.wav,urbansound8k/109711,Dog_Bark,4,test
UrbanSound8K/110134-3-0-0.wav,urbansound8k/110134,Dog_Bark,4,train
UrbanSound8K/110371-3-0-1.wav,urbansound8k/110371,Dog_Bark,4,train
UrbanSound8K/110371-3-1-0.wav,urbansound8k/110371,Dog_Bark,4,train
UrbanSound8K/110371-3-1-1.wav,urbansound8k/110371,Dog_Bark,4,train
UrbanSound8K/110389-3-0-0.wav,urbansound8k/110389,Dog_Bark,4,train
UrbanSound8K/110621-7-0-0.wav,urbansound8k/110621,Jackhammer,11,train
UrbanSound8K/110621-7-0-1.wav,urbansound8k/110621,Jackhammer,11,train
UrbanSound8K/110621-7-0-2.wav,urbansound8k/110621,Jackhammer,11,train
UrbanSound8K/110621-7-0-3.wav,urbansound8k/110621,Jackhammer,11,train
UrbanSound8K/110622-6-0-0.wav,urbansound8k/110622,Gunshot,9,train
UrbanSound8K/110688-3-0-11.wav,urbansound8k/110688,Dog_Bark,4,train
UrbanSound8K/110688-3-0-17.wav,urbansound8k/110688,Dog_Bark,4,train
UrbanSound8K/110688-3-0-2.wav,urbansound8k/110688,Dog_Bark,4,train
UrbanSound8K/110688-3-0-32.wav,urbansound8k/110688,Dog_Bark,4,train
UrbanSound8K/110918-3-0-1.wav,urbansound8k/110918,Dog_Bark,4,test
UrbanSound8K/110918-3-0-26.wav,urbansound8k/110918,Dog_Bark,4,test
UrbanSound8K/110918-3-0-40.wav,urbansound8k/110918,Dog_Bark,4,test
UrbanSound8K/110918-3-0-9.wav,urbansound8k/110918,Dog_Bark,4,test
UrbanSound8K/111048-6-0-0.wav,urbansound8k/111048,Gunshot,9,test
UrbanSound8K/111386-5-0-0.wav,urbansound8k/111386,Car_Engine,3,train
UrbanSound8K/111386-5-0-1.wav,urbansound8k/111386,Car_Engine,3,train
UrbanSound8K/111386-5-0-2.wav,urbansound8k/111386,Car_Engine,3,train
UrbanSound8K/111386-5-0-3.wav,urbansound8k/111386,Car_Engine,3,train
UrbanSound8K/111386-5-0-4.wav,urbansound8k/111386,Car_Engine,3,train
UrbanSound8K/111386-5-0-5.wav,urbansound8k/111386,Car_Engine,3,train
UrbanSound8K/111386-5-0-6.wav,urbansound8k/111386,Car_Engine,3,train
UrbanSound8K/111386-5-0-7.wav,urbansound8k/111386,Car_Engine,3,train
UrbanSound8K/111386-5-1-0.wav,urbansound8k/111386,Car_Engine,3,train
UrbanSound8K/111386-5-1-1.wav,urbansound8k/111386,Car_Engine,3,train
UrbanSound8K/111386-5-1-10.wav,urbansound8k/111386,Car_Engine,3,train
UrbanSound8K/111386-5-1-11.wav,urbansound8k/111386,Car_Engine,3,train
UrbanSound8K/111386-5-1-12.wav,urbansound8k/111386,Car_Engine,3,train
UrbanSound8K/111386-5-1-13.wav,urbansound8k/111386,Car_Engine,3,train
UrbanSound8K/111386-5-1-14.wav,urbansound8k/111386,Car_Engine,3,train
UrbanSound8K/111386-5-1-2.wav,urbansound8k/111386,Car_Engine,3,train
UrbanSound8K/111386-5-1-3.wav,urbansound8k/111386,Car_Engine,3,train
UrbanSound8K/111386-5-1-4.wav,urbansound8k/111386,Car_Engine,3,train
UrbanSound8K/111386-5-1-5.wav,urbansound8k/111386,Car_Engine,3,train
UrbanSound8K/111386-5-1-6.wav,urbansound8k/111386,Car_Engine,3,train
UrbanSound8K/111386-5-1-7.wav,urbansound8k/111386,Car_Engine,3,train
UrbanSound8K/111386-5-1-8.wav,urbansound8k/111386,Car_Engine,3,train
UrbanSound8K/111386-5-1-9.wav,urbansound8k/111386,Car_Engine,3,train
UrbanSound8K/111671-8-0-0.wav,urbansound8k/111671,Siren,14,train
UrbanSound8K/111671-8-0-1.wav,urbansound8k/111671,Siren,14,train
UrbanSound8K/111671-8-0-10.wav,urbansound8k/111671,Siren,14,train
UrbanSound8K/111671-8-0-11.wav,urbansound8k/111671,Siren,14,train
UrbanSound8K/111671-8-0-12.wav,urbansound8k/111671,Siren,14,train
UrbanSound8K/111671-8-0-13.wav,urbansound8k/111671,Siren,14,train
UrbanSound8K/111671-8-0-14.wav,urbansound8k/111671,Siren,14,train
UrbanSound8K/111671-8-0-15.wav,urbansound8k/111671,Siren,14,train
UrbanSound8K/111671-8-0-16.wav,urbansound8k/111671,Siren,14,train
UrbanSound8K/111671-8-0-17.wav,urbansound8k/111671,Siren,14,train
UrbanSound8K/111671-8-0-18.wav,urbansound8k/111671,Siren,14,train
UrbanSound8K/111671-8-0-19.wav,urbansound8k/111671,Siren,14,train
UrbanSound8K/111671-8-0-2.wav,urbansound8k/111671,Siren,14,train
UrbanSound8K/111671-8-0-20.wav,urbansound8k/111671,Siren,14,train
UrbanSound8K/111671-8-0-21.wav,urbansound8k/111671,Siren,14,train
UrbanSound8K/111671-8-0-22.wav,urbansound8k/111671,Siren,14,train
UrbanSound8K/111671-8-0-3.wav,urbansound8k/111671,Siren,14,train
UrbanSound8K/111671-8-0-4.wav,urbansound8k/111671,Siren,14,train
UrbanSound8K/111671-8-0-5.wav,urbansound8k/111671,Siren,14,train
UrbanSound8K/111671-8-0-6.wav,urbansound8k/111671,Siren,14,train
UrbanSound8K/111671-8-0-7.wav,urbansound8k/111671,Siren,14,train
UrbanSound8K/111671-8-0-8.wav,urbansound8k/111671,Siren,14,train
UrbanSound8K/111671-8-0-9.wav,urbansound8k/111671,Siren,14,train
UrbanSound8K/112075-5-0-0.wav,urbansound8k/112075,Car_Engine,3,train
UrbanSound8K/112075-5-0-1.wav,urbansound8k/112075,Car_Engine,3,train
UrbanSound8K/112075-5-0-2.wav,urbansound8k/112075,Car_Engine,3,train
UrbanSound8K/112195-3-0-38.wav,urbansound8k/112195,Dog_Bark,4,train
UrbanSound8K/112195-3-0-48.wav,urbansound8k/112195,Dog_Bark,4,train
UrbanSound8K/112195-3-0-57.wav,urbansound8k/112195,Dog_Bark,4,train
UrbanSound8K/112195-3-0-80.wav,urbansound8k/112195,Dog_Bark,4,train
UrbanSound8K/113160-8-0-0.wav,urbansound8k/113160,Siren,14,train
UrbanSound8K/113201-5-0-0.wav,urbansound8k/113201,Car_Engine,3,train
UrbanSound8K/113201-5-0-1.wav,urbansound8k/113201,Car_Engine,3,train
UrbanSound8K/113201-5-0-2.wav,urbansound8k/113201,Car_Engine,3,train
UrbanSound8K/113201-5-0-3.wav,urbansound8k/113201,Car_Engine,3,train
UrbanSound8K/113201-5-0-4.wav,urbansound8k/113201,Car_Engine,3,train
UrbanSound8K/113201-5-0-5.wav,urbansound8k/113201,Car_Engine,3,train
UrbanSound8K/113201-5-0-6.wav,urbansound8k/113201,Car_Engine,3,train
UrbanSound8K/113201-5-0-7.wav,urbansound8k/113201,Car_Engine,3,train
UrbanSound8K/113202-5-0-0.wav,urbansound8k/113202,Car_Engine,3,train
UrbanSound8K/113202-5-0-1.wav,urbansound8k/113202,Car_Engine,3,train
UrbanSound8K/113202-5-0-10.wav,urbansound8k/113202,Car_Engine,3,train
UrbanSound8K/113202-5-0-11.wav,urbansound8k/113202,Car_Engine,3,train
UrbanSound8K/113202-5-0-12.wav,urbansound8k/113202,Car_Engine,3,train
UrbanSound8K/113202-5-0-13.wav,urbansound8k/113202,Car_Engine,3,train
UrbanSound8K/113202-5-0-14.wav,urbansound8k/113202,Car_Engine,3,train
UrbanSound8K/113202-5-0-15.wav,urbansound8k/113202,Car_Engine,3,train
UrbanSound8K/113202-5-0-16.wav,urbansound8k/113202,Car_Engine,3,train
UrbanSound8K/113202-5-0-17.wav,urbansound8k/113202,Car_Engine,3,train
UrbanSound8K/113202-5-0-18.wav,urbansound8k/113202,Car_Engine,3,train
UrbanSound8K/113202-5-0-19.wav,urbansound8k/113202,Car_Engine,3,train
UrbanSound8K/113202-5-0-2.wav,urbansound8k/113202,Car_Engine,3,train
UrbanSound8K/113202-5-0-20.wav,urbansound8k/113202,Car_Engine,3,train
UrbanSound8K/113202-5-0-21.wav,urbansound8k/113202,Car_Engine,3,train
UrbanSound8K/113202-5-0-22.wav,urbansound8k/113202,Car_Engine,3,train
UrbanSound8K/113202-5-0-23.wav,urbansound8k/113202,Car_Engine,3,train
UrbanSound8K/113202-5-0-24.wav,urbansound8k/113202,Car_Engine,3,train
UrbanSound8K/113202-5-0-25.wav,urbansound8k/113202,Car_Engine,3,train
UrbanSound8K/113202-5-0-26.wav,urbansound8k/113202,Car_Engine,3,train
UrbanSound8K/113202-5-0-27.wav,urbansound8k/113202,Car_Engine,3,train
UrbanSound8K/113202-5-0-28.wav,urbansound8k/113202,Car_Engine,3,train
UrbanSound8K/113202-5-0-3.wav,urbansound8k/113202,Car_Engine,3,train
UrbanSound8K/113202-5-0-4.wav,urbansound8k/113202,Car_Engine,3,train
UrbanSound8K/113202-5-0-5.wav,urbansound8k/113202,Car_Engine,3,train
UrbanSound8K/113202-5-0-6.wav,urbansound8k/113202,Car_Engine,3,train
UrbanSound8K/113202-5-0-7.wav,urbansound8k/113202,Car_Engine,3,train
UrbanSound8K/113202-5-0-8.wav,urbansound8k/113202,Car_Engine,3,train
UrbanSound8K/113202-5-0-9.wav,urbansound8k/113202,Car_Engine,3,train
UrbanSound8K/113203-5-0-0.wav,urbansound8k/113203,Car_Engine,3,test
UrbanSound8K/113203-5-0-1.wav,urbansound8k/113203,Car_Engine,3,test
UrbanSound8K/113203-5-0-2.wav,urbansound8k/113203,Car_Engine,3,test
UrbanSound8K/113203-5-0-3.wav,urbansound8k/113203,Car_Engine,3,test
UrbanSound8K/113203-5-0-4.wav,urbansound8k/113203,Car_Engine,3,test
UrbanSound8K/113203-5-0-5.wav,urbansound8k/113203,Car_Engine,3,test
UrbanSound8K/113203-5-0-6.wav,urbansound8k/113203,Car_Engine,3,test
UrbanSound8K/113203-5-0-7.wav,urbansound8k/113203,Car_Engine,3,test
UrbanSound8K/113203-5-0-8.wav,urbansound8k/113203,Car_Engine,3,test
UrbanSound8K/113203-5-1-0.wav,urbansound8k/113203,Car_Engine,3,test
UrbanSound8K/113203-5-1-1.wav,urbansound8k/113203,Car_Engine,3,test
UrbanSound8K/113203-5-1-2.wav,urbansound8k/113203,Car_Engine,3,test
UrbanSound8K/113203-5-2-0.wav,urbansound8k/113203,Car_Engine,3,test
UrbanSound8K/113203-5-3-0.wav,urbansound8k/113203,Car_Engine,3,test
UrbanSound8K/113203-5-3-1.wav,urbansound8k/113203,Car_Engine,3,test
UrbanSound8K/113203-5-4-0.wav,urbansound8k/113203,Car_Engine,3,test
UrbanSound8K/113203-5-5-0.wav,urbansound8k/113203,Car_Engine,3,test
UrbanSound8K/113203-5-6-0.wav,urbansound8k/113203,Car_Engine,3,test
UrbanSound8K/113203-5-7-0.wav,urbansound8k/113203,Car_Engine,3,test
UrbanSound8K/113203-5-8-0.wav,urbansound8k/113203,Car_Engine,3,test
UrbanSound8K/113205-5-0-0.wav,urbansound8k/113205,Car_Engine,3,test
UrbanSound8K/113205-5-1-0.wav,urbansound8k/113205,Car_Engine,3,test
UrbanSound8K/113205-5-1-1.wav,urbansound8k/113205,Car_Engine,3,test
UrbanSound8K/113205-5-1-2.wav,urbansound8k/113205,Car_Engine,3,test
UrbanSound8K/113205-5-1-3.wav,urbansound8k/113205,Car_Engine,3,test
UrbanSound8K/113205-5-1-4.wav,urbansound8k/113205,Car_Engine,3,test
UrbanSound8K/113205-5-1-5.wav,urbansound8k/113205,Car_Engine,3,test
UrbanSound8K/113205-5-1-6.wav,urbansound8k/113205,Car_Engine,3,test
UrbanSound8K/113205-5-1-7.wav,urbansound8k/113205,Car_Engine,3,test
UrbanSound8K/113205-5-1-8.wav,urbansound8k/113205,Car_Engine,3,test
UrbanSound8K/113205-5-1-9.wav,urbansound8k/113205,Car_Engine,3,test
UrbanSound8K/113216-5-0-0.wav,urbansound8k/113216,Car_Engine,3,train
UrbanSound8K/113216-5-0-1.wav,urbansound8k/113216,Car_Engine,3,train
UrbanSound8K/113216-5-0-2.wav,urbansound8k/113216,Car_Engine,3,train
UrbanSound8K/113216-5-0-3.wav,urbansound8k/113216,Car_Engine,3,train
UrbanSound8K/113216-5-0-4.wav,urbansound8k/113216,Car_Engine,3,train
UrbanSound8K/113785-3-1-0.wav,urbansound8k/113785,Dog_Bark,4,test
UrbanSound8K/114280-3-0-0.wav,urbansound8k/114280,Dog_Bark,4,train
UrbanSound8K/114280-3-0-1.wav,urbansound8k/114280,Dog_Bark,4,train
UrbanSound8K/114587-3-0-2.wav,urbansound8k/114587,Dog_Bark,4,val
UrbanSound8K/114587-3-0-4.wav,urbansound8k/114587,Dog_Bark,4,val
UrbanSound8K/114587-3-0-5.wav,urbansound8k/114587,Dog_Bark,4,val
UrbanSound8K/114587-3-0-7.wav,urbansound8k/114587,Dog_Bark,4,val
UrbanSound8K/115411-3-0-0.wav,urbansound8k/115411,Dog_Bark,4,train
UrbanSound8K/115411-3-2-0.wav,urbansound8k/115411,Dog_Bark,4,train
UrbanSound8K/115411-3-3-0.wav,urbansound8k/115411,Dog_Bark,4,train
UrbanSound8K/115536-3-0-0.wav,urbansound8k/115536,Dog_Bark,4,train
UrbanSound8K/115537-3-0-0.wav,urbansound8k/115537,Dog_Bark,4,test
UrbanSound8K/116163-3-2-0.wav,urbansound8k/116163,Dog_Bark,4,train
UrbanSound8K/116400-3-0-2.wav,urbansound8k/116400,Dog_Bark,4,train
UrbanSound8K/116400-3-1-0.wav,urbansound8k/116400,Dog_Bark,4,train
UrbanSound8K/116400-3-1-1.wav,urbansound8k/116400,Dog_Bark,4,train
UrbanSound8K/116400-3-1-2.wav,urbansound8k/116400,Dog_Bark,4,train
UrbanSound8K/116483-3-0-1.wav,urbansound8k/116483,Dog_Bark,4,test
UrbanSound8K/116483-3-0-2.wav,urbansound8k/116483,Dog_Bark,4,test
UrbanSound8K/116483-3-1-0.wav,urbansound8k/116483,Dog_Bark,4,test
UrbanSound8K/116483-3-1-2.wav,urbansound8k/116483,Dog_Bark,4,test
UrbanSound8K/116484-3-0-12.wav,urbansound8k/116484,Dog_Bark,4,train
UrbanSound8K/116484-3-0-16.wav,urbansound8k/116484,Dog_Bark,4,train
UrbanSound8K/116484-3-0-6.wav,urbansound8k/116484,Dog_Bark,4,train
UrbanSound8K/116484-3-0-8.wav,urbansound8k/116484,Dog_Bark,4,train
UrbanSound8K/116485-3-0-4.wav,urbansound8k/116485,Dog_Bark,4,train
UrbanSound8K/116485-3-0-6.wav,urbansound8k/116485,Dog_Bark,4,train
UrbanSound8K/116485-3-2-0.wav,urbansound8k/116485,Dog_Bark,4,train
UrbanSound8K/116485-3-2-4.wav,urbansound8k/116485,Dog_Bark,4,train
UrbanSound8K/117048-3-0-17.wav,urbansound8k/117048,Dog_Bark,4,train
UrbanSound8K/117048-3-0-23.wav,urbansound8k/117048,Dog_Bark,4,train
UrbanSound8K/117048-3-0-25.wav,urbansound8k/117048,Dog_Bark,4,train
UrbanSound8K/117048-3-0-35.wav,urbansound8k/117048,Dog_Bark,4,train
UrbanSound8K/117072-3-0-11.wav,urbansound8k/117072,Dog_Bark,4,train
UrbanSound8K/117072-3-0-14.wav,urbansound8k/117072,Dog_Bark,4,train
UrbanSound8K/117072-3-0-19.wav,urbansound8k/117072,Dog_Bark,4,train
UrbanSound8K/117072-3-0-8.wav,urbansound8k/117072,Dog_Bark,4,train
UrbanSound8K/117181-8-0-0.wav,urbansound8k/117181,Siren,14,train
UrbanSound8K/117181-8-0-1.wav,urbansound8k/117181,Siren,14,train
UrbanSound8K/117181-8-0-10.wav,urbansound8k/117181,Siren,14,train
UrbanSound8K/117181-8-0-11.wav,urbansound8k/117181,Siren,14,train
UrbanSound8K/117181-8-0-12.wav,urbansound8k/117181,Siren,14,train
UrbanSound8K/117181-8-0-2.wav,urbansound8k/117181,Siren,14,train
UrbanSound8K/117181-8-0-3.wav,urbansound8k/117181,Siren,14,train
UrbanSound8K/117181-8-0-4.wav,urbansound8k/117181,Siren,14,train
UrbanSound8K/117181-8-0-5.wav,urbansound8k/117181,Siren,14,train
UrbanSound8K/117181-8-0-6.wav,urbansound8k/117181,Siren,14,train
UrbanSound8K/117181-8-0-7.wav,urbansound8k/117181,Siren,14,train
UrbanSound8K/117181-8-0-8.wav,urbansound8k/117181,Siren,14,train
UrbanSound8K/117181-8-0-9.wav,urbansound8k/117181,Siren,14,train
UrbanSound8K/11722-3-0-0.wav,urbansound8k/11722,Dog_Bark,4,train
UrbanSound8K/117271-3-0-0.wav,urbansound8k/117271,Dog_Bark,4,train
UrbanSound8K/117271-3-0-1.wav,urbansound8k/117271,Dog_Bark,4,train
UrbanSound8K/117271-3-0-2.wav,urbansound8k/117271,Dog_Bark,4,train
UrbanSound8K/117271-3-0-3.wav,urbansound8k/117271,Dog_Bark,4,train
UrbanSound8K/117536-1-0-0.wav,urbansound8k/117536,Vehicle_Horn,16,test
UrbanSound8K/118072-3-0-0.wav,urbansound8k/118072,Dog_Bark,4,train
UrbanSound8K/118101-3-0-0.wav,urbansound8k/118101,Dog_Bark,4,test
UrbanSound8K/118101-3-0-3.wav,urbansound8k/118101,Dog_Bark,4,test
UrbanSound8K/118101-3-0-4.wav,urbansound8k/118101,Dog_Bark,4,test
UrbanSound8K/118101-3-0-6.wav,urbansound8k/118101,Dog_Bark,4,test
UrbanSound8K/118278-4-0-0.wav,urbansound8k/118278,Drilling,6,train
UrbanSound8K/118278-4-0-1.wav,urbansound8k/118278,Drilling,6,train
UrbanSound8K/118278-4-0-10.wav,urbansound8k/118278,Drilling,6,train
UrbanSound8K/118278-4-0-11.wav,urbansound8k/118278,Drilling,6,train
UrbanSound8K/118278-4-0-12.wav,urbansound8k/118278,Drilling,6,train
UrbanSound8K/118278-4-0-13.wav,urbansound8k/118278,Drilling,6,train
UrbanSound8K/118278-4-0-2.wav,urbansound8k/118278,Drilling,6,train
UrbanSound8K/118278-4-0-3.wav,urbansound8k/118278,Drilling,6,train
UrbanSound8K/118278-4-0-4.wav,urbansound8k/118278,Drilling,6,train
UrbanSound8K/118278-4-0-5.wav,urbansound8k/118278,Drilling,6,train
UrbanSound8K/118278-4-0-6.wav,urbansound8k/118278,Drilling,6,train
UrbanSound8K/118278-4-0-7.wav,urbansound8k/118278,Drilling,6,train
UrbanSound8K/118278-4-0-8.wav,urbansound8k/118278,Drilling,6,train
UrbanSound8K/118278-4-0-9.wav,urbansound8k/118278,Drilling,6,train
UrbanSound8K/118279-8-0-0.wav,urbansound8k/118279,Siren,14,train
UrbanSound8K/118279-8-0-1.wav,urbansound8k/118279,Siren,14,train
UrbanSound8K/118279-8-0-10.wav,urbansound8k/118279,Siren,14,train
UrbanSound8K/118279-8-0-11.wav,urbansound8k/118279,Siren,14,train
UrbanSound8K/118279-8-0-12.wav,urbansound8k/118279,Siren,14,train
UrbanSound8K/118279-8-0-13.wav,urbansound8k/118279,Siren,14,train
UrbanSound8K/118279-8-0-14.wav,urbansound8k/118279,Siren,14,train
UrbanSound8K/118279-8-0-2.wav,urbansound8k/118279,Siren,14,train
UrbanSound8K/118279-8-0-3.wav,urbansound8k/118279,Siren,14,train
UrbanSound8K/118279-8-0-4.wav,urbansound8k/118279,Siren,14,train
UrbanSound8K/118279-8-0-5.wav,urbansound8k/118279,Siren,14,train
UrbanSound8K/118279-8-0-6.wav,urbansound8k/118279,Siren,14,train
UrbanSound8K/118279-8-0-7.wav,urbansound8k/118279,Siren,14,train
UrbanSound8K/118279-8-0-8.wav,urbansound8k/118279,Siren,14,train
UrbanSound8K/118279-8-0-9.wav,urbansound8k/118279,Siren,14,train
UrbanSound8K/118440-4-0-0.wav,urbansound8k/118440,Drilling,6,train
UrbanSound8K/118440-4-1-0.wav,urbansound8k/118440,Drilling,6,train
UrbanSound8K/118440-4-2-0.wav,urbansound8k/118440,Drilling,6,train
UrbanSound8K/118440-4-3-0.wav,urbansound8k/118440,Drilling,6,train
UrbanSound8K/118440-4-4-0.wav,urbansound8k/118440,Drilling,6,train
UrbanSound8K/118440-4-5-0.wav,urbansound8k/118440,Drilling,6,train
UrbanSound8K/118440-4-6-0.wav,urbansound8k/118440,Drilling,6,train
UrbanSound8K/118558-5-0-0.wav,urbansound8k/118558,Car_Engine,3,train
UrbanSound8K/118558-5-0-1.wav,urbansound8k/118558,Car_Engine,3,train
UrbanSound8K/118558-5-0-2.wav,urbansound8k/118558,Car_Engine,3,train
UrbanSound8K/118558-5-1-0.wav,urbansound8k/118558,Car_Engine,3,train
UrbanSound8K/118558-5-1-1.wav,urbansound8k/118558,Car_Engine,3,train
UrbanSound8K/118558-5-1-2.wav,urbansound8k/118558,Car_Engine,3,train
UrbanSound8K/118558-5-2-0.wav,urbansound8k/118558,Car_Engine,3,train
UrbanSound8K/118558-5-2-1.wav,urbansound8k/118558,Car_Engine,3,train
UrbanSound8K/118558-5-2-2.wav,urbansound8k/118558,Car_Engine,3,train
UrbanSound8K/118558-5-2-3.wav,urbansound8k/118558,Car_Engine,3,train
UrbanSound8K/118587-3-0-2.wav,urbansound8k/118587,Dog_Bark,4,train
UrbanSound8K/118587-3-0-21.wav,urbansound8k/118587,Dog_Bark,4,train
UrbanSound8K/118587-3-0-6.wav,urbansound8k/118587,Dog_Bark,4,train
UrbanSound8K/118723-4-0-0.wav,urbansound8k/118723,Drilling,6,train
UrbanSound8K/118961-3-0-0.wav,urbansound8k/118961,Dog_Bark,4,train
UrbanSound8K/118962-3-0-0.wav,urbansound8k/118962,Dog_Bark,4,train
UrbanSound8K/118963-3-0-0.wav,urbansound8k/118963,Dog_Bark,4,test
UrbanSound8K/118964-3-0-0.wav,urbansound8k/118964,Dog_Bark,4,train
UrbanSound8K/119420-3-0-0.wav,urbansound8k/119420,Dog_Bark,4,train
UrbanSound8K/119420-3-1-0.wav,urbansound8k/119420,Dog_Bark,4,train
UrbanSound8K/119449-5-0-0.wav,urbansound8k/119449,Car_Engine,3,val
UrbanSound8K/119449-5-0-1.wav,urbansound8k/119449,Car_Engine,3,val
UrbanSound8K/119449-5-0-2.wav,urbansound8k/119449,Car_Engine,3,val
UrbanSound8K/119449-5-0-3.wav,urbansound8k/119449,Car_Engine,3,val
UrbanSound8K/119449-5-0-4.wav,urbansound8k/119449,Car_Engine,3,val
UrbanSound8K/119449-5-0-5.wav,urbansound8k/119449,Car_Engine,3,val
UrbanSound8K/119449-5-0-6.wav,urbansound8k/119449,Car_Engine,3,val
UrbanSound8K/119455-5-0-0.wav,urbansound8k/119455,Car_Engine,3,train
UrbanSound8K/119455-5-0-1.wav,urbansound8k/119455,Car_Engine,3,train
UrbanSound8K/119455-5-0-2.wav,urbansound8k/119455,Car_Engine,3,train
UrbanSound8K/119455-5-0-3.wav,urbansound8k/119455,Car_Engine,3,train
UrbanSound8K/119455-5-0-4.wav,urbansound8k/119455,Car_Engine,3,train
UrbanSound8K/119455-5-0-5.wav,urbansound8k/119455,Car_Engine,3,train
UrbanSound8K/119455-5-0-6.wav,urbansound8k/119455,Car_Engine,3,train
UrbanSound8K/119455-5-0-7.wav,urbansound8k/119455,Car_Engine,3,train
UrbanSound8K/119809-7-0-0.wav,urbansound8k/119809,Jackhammer,11,train
UrbanSound8K/119809-7-0-1.wav,urbansound8k/119809,Jackhammer,11,train
UrbanSound8K/119809-7-0-2.wav,urbansound8k/119809,Jackhammer,11,train
UrbanSound8K/119809-7-0-3.wav,urbansound8k/119809,Jackhammer,11,train
UrbanSound8K/119809-7-0-4.wav,urbansound8k/119809,Jackhammer,11,train
UrbanSound8K/119809-7-0-5.wav,urbansound8k/119809,Jackhammer,11,train
UrbanSound8K/119809-7-0-6.wav,urbansound8k/119809,Jackhammer,11,train
UrbanSound8K/121299-1-0-0.wav,urbansound8k/121299,Vehicle_Horn,16,val
UrbanSound8K/121528-8-1-0.wav,urbansound8k/121528,Siren,14,test
UrbanSound8K/121528-8-1-1.wav,urbansound8k/121528,Siren,14,test
UrbanSound8K/121888-3-0-0.wav,urbansound8k/121888,Dog_Bark,4,val
UrbanSound8K/122199-3-1-1.wav,urbansound8k/122199,Dog_Bark,4,train
UrbanSound8K/122199-3-1-2.wav,urbansound8k/122199,Dog_Bark,4,train
UrbanSound8K/122199-3-1-3.wav,urbansound8k/122199,Dog_Bark,4,train
UrbanSound8K/122199-3-1-6.wav,urbansound8k/122199,Dog_Bark,4,train
UrbanSound8K/122690-6-0-0.wav,urbansound8k/122690,Gunshot,9,val
UrbanSound8K/123685-5-0-0.wav,urbansound8k/123685,Car_Engine,3,train
UrbanSound8K/123685-5-0-1.wav,urbansound8k/123685,Car_Engine,3,train
UrbanSound8K/123685-5-0-2.wav,urbansound8k/123685,Car_Engine,3,train
UrbanSound8K/123685-5-0-3.wav,urbansound8k/123685,Car_Engine,3,train
UrbanSound8K/123685-5-0-4.wav,urbansound8k/123685,Car_Engine,3,train
UrbanSound8K/123685-5-0-5.wav,urbansound8k/123685,Car_Engine,3,train
UrbanSound8K/123685-5-0-6.wav,urbansound8k/123685,Car_Engine,3,train
UrbanSound8K/123685-5-0-7.wav,urbansound8k/123685,Car_Engine,3,train
UrbanSound8K/123685-5-0-8.wav,urbansound8k/123685,Car_Engine,3,train
UrbanSound8K/123688-8-0-0.wav,urbansound8k/123688,Siren,14,train
UrbanSound8K/123688-8-0-1.wav,urbansound8k/123688,Siren,14,train
UrbanSound8K/123688-8-0-10.wav,urbansound8k/123688,Siren,14,train
UrbanSound8K/123688-8-0-11.wav,urbansound8k/123688,Siren,14,train
UrbanSound8K/123688-8-0-12.wav,urbansound8k/123688,Siren,14,train
UrbanSound8K/123688-8-0-13.wav,urbansound8k/123688,Siren,14,train
UrbanSound8K/123688-8-0-14.wav,urbansound8k/123688,Siren,14,train
UrbanSound8K/123688-8-0-15.wav,urbansound8k/123688,Siren,14,train
UrbanSound8K/123688-8-0-16.wav,urbansound8k/123688,Siren,14,train
UrbanSound8K/123688-8-0-17.wav,urbansound8k/123688,Siren,14,train
UrbanSound8K/123688-8-0-18.wav,urbansound8k/123688,Siren,14,train
UrbanSound8K/123688-8-0-2.wav,urbansound8k/123688,Siren,14,train
UrbanSound8K/123688-8-0-3.wav,urbansound8k/123688,Siren,14,train
UrbanSound8K/123688-8-0-4.wav,urbansound8k/123688,Siren,14,train
UrbanSound8K/123688-8-0-5.wav,urbansound8k/123688,Siren,14,train
UrbanSound8K/123688-8-0-6.wav,urbansound8k/123688,Siren,14,train
UrbanSound8K/123688-8-0-7.wav,urbansound8k/123688,Siren,14,train
UrbanSound8K/123688-8-0-8.wav,urbansound8k/123688,Siren,14,train
UrbanSound8K/123688-8-0-9.wav,urbansound8k/123688,Siren,14,train
UrbanSound8K/123688-8-1-0.wav,urbansound8k/123688,Siren,14,train
UrbanSound8K/123688-8-1-1.wav,urbansound8k/123688,Siren,14,train
UrbanSound8K/123688-8-1-2.wav,urbansound8k/123688,Siren,14,train
UrbanSound8K/123688-8-1-3.wav,urbansound8k/123688,Siren,14,train
UrbanSound8K/123688-8-1-4.wav,urbansound8k/123688,Siren,14,train
UrbanSound8K/123688-8-1-5.wav,urbansound8k/123688,Siren,14,train
UrbanSound8K/123688-8-2-0.wav,urbansound8k/123688,Siren,14,train
UrbanSound8K/123688-8-2-1.wav,urbansound8k/123688,Siren,14,train
UrbanSound8K/123688-8-2-2.wav,urbansound8k/123688,Siren,14,train
UrbanSound8K/123688-8-2-3.wav,urbansound8k/123688,Siren,14,train
UrbanSound8K/123688-8-2-4.wav,urbansound8k/123688,Siren,14,train
UrbanSound8K/124389-8-1-0.wav,urbansound8k/124389,Siren,14,train
UrbanSound8K/124389-8-1-1.wav,urbansound8k/124389,Siren,14,train
UrbanSound8K/124389-8-1-10.wav,urbansound8k/124389,Siren,14,train
UrbanSound8K/124389-8-1-11.wav,urbansound8k/124389,Siren,14,train
UrbanSound8K/124389-8-1-12.wav,urbansound8k/124389,Siren,14,train
UrbanSound8K/124389-8-1-13.wav,urbansound8k/124389,Siren,14,train
UrbanSound8K/124389-8-1-14.wav,urbansound8k/124389,Siren,14,train
UrbanSound8K/124389-8-1-15.wav,urbansound8k/124389,Siren,14,train
UrbanSound8K/124389-8-1-16.wav,urbansound8k/124389,Siren,14,train
UrbanSound8K/124389-8-1-17.wav,urbansound8k/124389,Siren,14,train
UrbanSound8K/124389-8-1-18.wav,urbansound8k/124389,Siren,14,train
UrbanSound8K/124389-8-1-2.wav,urbansound8k/124389,Siren,14,train
UrbanSound8K/124389-8-1-3.wav,urbansound8k/124389,Siren,14,train
UrbanSound8K/124389-8-1-4.wav,urbansound8k/124389,Siren,14,train
UrbanSound8K/124389-8-1-5.wav,urbansound8k/124389,Siren,14,train
UrbanSound8K/124389-8-1-6.wav,urbansound8k/124389,Siren,14,train
UrbanSound8K/124389-8-1-7.wav,urbansound8k/124389,Siren,14,train
UrbanSound8K/124389-8-1-8.wav,urbansound8k/124389,Siren,14,train
UrbanSound8K/124389-8-1-9.wav,urbansound8k/124389,Siren,14,train
UrbanSound8K/125520-1-0-0.wav,urbansound8k/125520,Vehicle_Horn,16,train
UrbanSound8K/125520-1-1-0.wav,urbansound8k/125520,Vehicle_Horn,16,train
UrbanSound8K/125520-1-2-0.wav,urbansound8k/125520,Vehicle_Horn,16,train
UrbanSound8K/125520-1-3-0.wav,urbansound8k/125520,Vehicle_Horn,16,train
UrbanSound8K/125520-1-4-0.wav,urbansound8k/125520,Vehicle_Horn,16,train
UrbanSound8K/125523-3-0-1.wav,urbansound8k/125523,Dog_Bark,4,train
UrbanSound8K/125523-3-0-11.wav,urbansound8k/125523,Dog_Bark,4,train
UrbanSound8K/125523-3-0-3.wav,urbansound8k/125523,Dog_Bark,4,train
UrbanSound8K/125554-3-0-0.wav,urbansound8k/125554,Dog_Bark,4,val
UrbanSound8K/125574-3-0-0.wav,urbansound8k/125574,Dog_Bark,4,train
UrbanSound8K/125678-7-0-0.wav,urbansound8k/125678,Jackhammer,11,test
UrbanSound8K/125678-7-0-1.wav,urbansound8k/125678,Jackhammer,11,test
UrbanSound8K/125678-7-0-2.wav,urbansound8k/125678,Jackhammer,11,test
UrbanSound8K/125678-7-0-3.wav,urbansound8k/125678,Jackhammer,11,test
UrbanSound8K/125678-7-0-4.wav,urbansound8k/125678,Jackhammer,11,test
UrbanSound8K/125678-7-0-5.wav,urbansound8k/125678,Jackhammer,11,test
UrbanSound8K/125678-7-0-6.wav,urbansound8k/125678,Jackhammer,11,test
UrbanSound8K/125678-7-0-7.wav,urbansound8k/125678,Jackhammer,11,test
UrbanSound8K/125678-7-0-8.wav,urbansound8k/125678,Jackhammer,11,test
UrbanSound8K/125678-7-0-9.wav,urbansound8k/125678,Jackhammer,11,test
UrbanSound8K/125678-7-1-0.wav,urbansound8k/125678,Jackhammer,11,test
UrbanSound8K/125678-7-1-1.wav,urbansound8k/125678,Jackhammer,11,test
UrbanSound8K/125678-7-1-2.wav,urbansound8k/125678,Jackhammer,11,test
UrbanSound8K/125678-7-1-3.wav,urbansound8k/125678,Jackhammer,11,test
UrbanSound8K/125678-7-1-4.wav,urbansound8k/125678,Jackhammer,11,test
UrbanSound8K/125678-7-1-5.wav,urbansound8k/125678,Jackhammer,11,test
UrbanSound8K/125678-7-1-6.wav,urbansound8k/125678,Jackhammer,11,test
UrbanSound8K/125678-7-1-7.wav,urbansound8k/125678,Jackhammer,11,test
UrbanSound8K/125678-7-1-8.wav,urbansound8k/125678,Jackhammer,11,test
UrbanSound8K/125678-7-2-0.wav,urbansound8k/125678,Jackhammer,11,test
UrbanSound8K/125678-7-2-1.wav,urbansound8k/125678,Jackhammer,11,test
UrbanSound8K/125678-7-2-2.wav,urbansound8k/125678,Jackhammer,11,test
UrbanSound8K/125678-7-2-3.wav,urbansound8k/125678,Jackhammer,11,test
UrbanSound8K/125678-7-2-4.wav,urbansound8k/125678,Jackhammer,11,test
UrbanSound8K/125678-7-2-5.wav,urbansound8k/125678,Jackhammer,11,test
UrbanSound8K/125678-7-2-6.wav,urbansound8k/125678,Jackhammer,11,test
UrbanSound8K/125678-7-2-7.wav,urbansound8k/125678,Jackhammer,11,test
UrbanSound8K/125678-7-2-8.wav,urbansound8k/125678,Jackhammer,11,test
UrbanSound8K/125678-7-3-0.wav,urbansound8k/125678,Jackhammer,11,test
UrbanSound8K/125678-7-3-1.wav,urbansound8k/125678,Jackhammer,11,test
UrbanSound8K/125678-7-3-2.wav,urbansound8k/125678,Jackhammer,11,test
UrbanSound8K/125678-7-3-3.wav,urbansound8k/125678,Jackhammer,11,test
UrbanSound8K/125678-7-3-4.wav,urbansound8k/125678,Jackhammer,11,test
UrbanSound8K/125678-7-3-5.wav,urbansound8k/125678,Jackhammer,11,test
UrbanSound8K/125678-7-3-6.wav,urbansound8k/125678,Jackhammer,11,test
UrbanSound8K/125678-7-3-7.wav,urbansound8k/125678,Jackhammer,11,test
UrbanSound8K/125678-7-4-0.wav,urbansound8k/125678,Jackhammer,11,test
UrbanSound8K/125678-7-4-1.wav,urbansound8k/125678,Jackhammer,11,test
UrbanSound8K/125678-7-4-2.wav,urbansound8k/125678,Jackhammer,11,test
UrbanSound8K/125678-7-4-3.wav,urbansound8k/125678,Jackhammer,11,test
UrbanSound8K/125678-7-4-4.wav,urbansound8k/125678,Jackhammer,11,test
UrbanSound8K/125678-7-4-5.wav,urbansound8k/125678,Jackhammer,11,test
UrbanSound8K/125678-7-4-6.wav,urbansound8k/125678,Jackhammer,11,test
UrbanSound8K/125678-7-4-7.wav,urbansound8k/125678,Jackhammer,11,test
UrbanSound8K/125678-7-4-8.wav,urbansound8k/125678,Jackhammer,11,test
UrbanSound8K/125791-3-0-12.wav,urbansound8k/125791,Dog_Bark,4,train
UrbanSound8K/125791-3-0-13.wav,urbansound8k/125791,Dog_Bark,4,train
UrbanSound8K/125791-3-0-15.wav,urbansound8k/125791,Dog_Bark,4,train
UrbanSound8K/125791-3-0-9.wav,urbansound8k/125791,Dog_Bark,4,train
UrbanSound8K/12647-3-0-0.wav,urbansound8k/12647,Dog_Bark,4,train
UrbanSound8K/12647-3-1-0.wav,urbansound8k/12647,Dog_Bark,4,train
UrbanSound8K/12647-3-2-0.wav,urbansound8k/12647,Dog_Bark,4,train
UrbanSound8K/12647-3-3-0.wav,urbansound8k/12647,Dog_Bark,4,train
UrbanSound8K/126521-3-0-12.wav,urbansound8k/126521,Dog_Bark,4,train
UrbanSound8K/126521-3-0-17.wav,urbansound8k/126521,Dog_Bark,4,train
UrbanSound8K/126521-3-0-18.wav,urbansound8k/126521,Dog_Bark,4,train
UrbanSound8K/126521-3-0-2.wav,urbansound8k/126521,Dog_Bark,4,train
UrbanSound8K/127443-4-0-0.wav,urbansound8k/127443,Drilling,6,train
UrbanSound8K/127443-4-0-1.wav,urbansound8k/127443,Drilling,6,train
UrbanSound8K/127443-4-0-10.wav,urbansound8k/127443,Drilling,6,train
UrbanSound8K/127443-4-0-11.wav,urbansound8k/127443,Drilling,6,train
UrbanSound8K/127443-4-0-12.wav,urbansound8k/127443,Drilling,6,train
UrbanSound8K/127443-4-0-2.wav,urbansound8k/127443,Drilling,6,train
UrbanSound8K/127443-4-0-3.wav,urbansound8k/127443,Drilling,6,train
UrbanSound8K/127443-4-0-4.wav,urbansound8k/127443,Drilling,6,train
UrbanSound8K/127443-4-0-5.wav,urbansound8k/127443,Drilling,6,train
UrbanSound8K/127443-4-0-6.wav,urbansound8k/127443,Drilling,6,train
UrbanSound8K/127443-4-0-7.wav,urbansound8k/127443,Drilling,6,train
UrbanSound8K/127443-4-0-8.wav,urbansound8k/127443,Drilling,6,train
UrbanSound8K/127443-4-0-9.wav,urbansound8k/127443,Drilling,6,train
UrbanSound8K/127538-4-0-0.wav,urbansound8k/127538,Drilling,6,train
UrbanSound8K/127538-4-1-0.wav,urbansound8k/127538,Drilling,6,train
UrbanSound8K/127538-4-2-0.wav,urbansound8k/127538,Drilling,6,train
UrbanSound8K/128030-3-0-0.wav,urbansound8k/128030,Dog_Bark,4,test
UrbanSound8K/128030-3-1-0.wav,urbansound8k/128030,Dog_Bark,4,test
UrbanSound8K/128030-3-2-0.wav,urbansound8k/128030,Dog_Bark,4,test
UrbanSound8K/12812-5-0-0.wav,urbansound8k/12812,Car_Engine,3,train
UrbanSound8K/12812-5-0-1.wav,urbansound8k/12812,Car_Engine,3,train
UrbanSound8K/12812-5-0-2.wav,urbansound8k/12812,Car_Engine,3,train
UrbanSound8K/128160-5-0-0.wav,urbansound8k/128160,Car_Engine,3,train
UrbanSound8K/128160-5-0-1.wav,urbansound8k/128160,Car_Engine,3,train
UrbanSound8K/128160-5-0-10.wav,urbansound8k/128160,Car_Engine,3,train
UrbanSound8K/128160-5-0-11.wav,urbansound8k/128160,Car_Engine,3,train
UrbanSound8K/128160-5-0-12.wav,urbansound8k/128160,Car_Engine,3,train
UrbanSound8K/128160-5-0-13.wav,urbansound8k/128160,Car_Engine,3,train
UrbanSound8K/128160-5-0-14.wav,urbansound8k/128160,Car_Engine,3,train
UrbanSound8K/128160-5-0-15.wav,urbansound8k/128160,Car_Engine,3,train
UrbanSound8K/128160-5-0-2.wav,urbansound8k/128160,Car_Engine,3,train
UrbanSound8K/128160-5-0-3.wav,urbansound8k/128160,Car_Engine,3,train
UrbanSound8K/128160-5-0-4.wav,urbansound8k/128160,Car_Engine,3,train
UrbanSound8K/128160-5-0-5.wav,urbansound8k/128160,Car_Engine,3,train
UrbanSound8K/128160-5-0-6.wav,urbansound8k/128160,Car_Engine,3,train
UrbanSound8K/128160-5-0-7.wav,urbansound8k/128160,Car_Engine,3,train
UrbanSound8K/128160-5-0-8.wav,urbansound8k/128160,Car_Engine,3,train
UrbanSound8K/128160-5-0-9.wav,urbansound8k/128160,Car_Engine,3,train
UrbanSound8K/128240-3-0-1.wav,urbansound8k/128240,Dog_Bark,4,test
UrbanSound8K/128240-3-0-20.wav,urbansound8k/128240,Dog_Bark,4,test
UrbanSound8K/128240-3-0-39.wav,urbansound8k/128240,Dog_Bark,4,test
UrbanSound8K/128240-3-0-42.wav,urbansound8k/128240,Dog_Bark,4,test
UrbanSound8K/128465-1-0-0.wav,urbansound8k/128465,Vehicle_Horn,16,train
UrbanSound8K/128465-1-0-1.wav,urbansound8k/128465,Vehicle_Horn,16,train
UrbanSound8K/128465-1-0-2.wav,urbansound8k/128465,Vehicle_Horn,16,train
UrbanSound8K/128465-1-0-3.wav,urbansound8k/128465,Vehicle_Horn,16,train
UrbanSound8K/128465-1-0-4.wav,urbansound8k/128465,Vehicle_Horn,16,train
UrbanSound8K/128465-1-0-5.wav,urbansound8k/128465,Vehicle_Horn,16,train
UrbanSound8K/128465-1-0-6.wav,urbansound8k/128465,Vehicle_Horn,16,train
UrbanSound8K/128465-1-0-7.wav,urbansound8k/128465,Vehicle_Horn,16,train
UrbanSound8K/128465-1-0-8.wav,urbansound8k/128465,Vehicle_Horn,16,train
UrbanSound8K/128470-3-0-0.wav,urbansound8k/128470,Dog_Bark,4,val
UrbanSound8K/128470-3-0-1.wav,urbansound8k/128470,Dog_Bark,4,val
UrbanSound8K/128470-3-0-5.wav,urbansound8k/128470,Dog_Bark,4,val
UrbanSound8K/128470-3-0-8.wav,urbansound8k/128470,Dog_Bark,4,val
UrbanSound8K/128607-4-0-0.wav,urbansound8k/128607,Drilling,6,test
UrbanSound8K/128607-4-0-1.wav,urbansound8k/128607,Drilling,6,test
UrbanSound8K/128607-4-0-2.wav,urbansound8k/128607,Drilling,6,test
UrbanSound8K/128607-4-0-3.wav,urbansound8k/128607,Drilling,6,test
UrbanSound8K/128607-4-0-4.wav,urbansound8k/128607,Drilling,6,test
UrbanSound8K/128607-4-1-0.wav,urbansound8k/128607,Drilling,6,test
UrbanSound8K/128607-4-1-1.wav,urbansound8k/128607,Drilling,6,test
UrbanSound8K/128607-4-1-2.wav,urbansound8k/128607,Drilling,6,test
UrbanSound8K/128607-4-1-3.wav,urbansound8k/128607,Drilling,6,test
UrbanSound8K/128891-3-0-2.wav,urbansound8k/128891,Dog_Bark,4,train
UrbanSound8K/128891-3-0-4.wav,urbansound8k/128891,Dog_Bark,4,train
UrbanSound8K/128891-3-0-5.wav,urbansound8k/128891,Dog_Bark,4,train
UrbanSound8K/130030-3-0-0.wav,urbansound8k/130030,Dog_Bark,4,val
UrbanSound8K/130961-4-0-0.wav,urbansound8k/130961,Drilling,6,test
UrbanSound8K/130961-4-1-1.wav,urbansound8k/130961,Drilling,6,test
UrbanSound8K/130961-4-1-2.wav,urbansound8k/130961,Drilling,6,test
UrbanSound8K/130961-4-1-3.wav,urbansound8k/130961,Drilling,6,test
UrbanSound8K/130961-4-1-4.wav,urbansound8k/130961,Drilling,6,test
UrbanSound8K/130961-4-2-1.wav,urbansound8k/130961,Drilling,6,test
UrbanSound8K/130961-4-2-2.wav,urbansound8k/130961,Drilling,6,test
UrbanSound8K/130961-4-3-0.wav,urbansound8k/130961,Drilling,6,test
UrbanSound8K/130961-4-3-1.wav,urbansound8k/130961,Drilling,6,test
UrbanSound8K/130961-4-3-2.wav,urbansound8k/130961,Drilling,6,test
UrbanSound8K/130961-4-4-0.wav,urbansound8k/130961,Drilling,6,test
UrbanSound8K/130961-4-5-0.wav,urbansound8k/130961,Drilling,6,test
UrbanSound8K/130961-4-5-1.wav,urbansound8k/130961,Drilling,6,test
UrbanSound8K/130961-4-5-2.wav,urbansound8k/130961,Drilling,6,test
UrbanSound8K/130961-4-5-3.wav,urbansound8k/130961,Drilling,6,test
UrbanSound8K/130961-4-5-4.wav,urbansound8k/130961,Drilling,6,test
UrbanSound8K/130961-4-5-5.wav,urbansound8k/130961,Drilling,6,test
UrbanSound8K/131571-6-0-0.wav,urbansound8k/131571,Gunshot,9,val
UrbanSound8K/131918-7-0-0.wav,urbansound8k/131918,Jackhammer,11,test
UrbanSound8K/131918-7-0-1.wav,urbansound8k/131918,Jackhammer,11,test
UrbanSound8K/131918-7-0-2.wav,urbansound8k/131918,Jackhammer,11,test
UrbanSound8K/131918-7-0-3.wav,urbansound8k/131918,Jackhammer,11,test
UrbanSound8K/131918-7-0-4.wav,urbansound8k/131918,Jackhammer,11,test
UrbanSound8K/131918-7-0-5.wav,urbansound8k/131918,Jackhammer,11,test
UrbanSound8K/131918-7-0-6.wav,urbansound8k/131918,Jackhammer,11,test
UrbanSound8K/131918-7-0-7.wav,urbansound8k/131918,Jackhammer,11,test
UrbanSound8K/131918-7-0-8.wav,urbansound8k/131918,Jackhammer,11,test
UrbanSound8K/132016-7-0-0.wav,urbansound8k/132016,Jackhammer,11,train
UrbanSound8K/132016-7-0-1.wav,urbansound8k/132016,Jackhammer,11,train
UrbanSound8K/132016-7-0-2.wav,urbansound8k/132016,Jackhammer,11,train
UrbanSound8K/132016-7-0-3.wav,urbansound8k/132016,Jackhammer,11,train
UrbanSound8K/132016-7-0-4.wav,urbansound8k/132016,Jackhammer,11,train
UrbanSound8K/132016-7-0-5.wav,urbansound8k/132016,Jackhammer,11,train
UrbanSound8K/132016-7-0-6.wav,urbansound8k/132016,Jackhammer,11,train
UrbanSound8K/132016-7-0-7.wav,urbansound8k/132016,Jackhammer,11,train
UrbanSound8K/132016-7-0-8.wav,urbansound8k/132016,Jackhammer,11,train
UrbanSound8K/132021-7-0-0.wav,urbansound8k/132021,Jackhammer,11,train
UrbanSound8K/132021-7-0-1.wav,urbansound8k/132021,Jackhammer,11,train
UrbanSound8K/132021-7-0-10.wav,urbansound8k/132021,Jackhammer,11,train
UrbanSound8K/132021-7-0-11.wav,urbansound8k/132021,Jackhammer,11,train
UrbanSound8K/132021-7-0-12.wav,urbansound8k/132021,Jackhammer,11,train
UrbanSound8K/132021-7-0-2.wav,urbansound8k/132021,Jackhammer,11,train
UrbanSound8K/132021-7-0-3.wav,urbansound8k/132021,Jackhammer,11,train
UrbanSound8K/132021-7-0-4.wav,urbansound8k/132021,Jackhammer,11,train
UrbanSound8K/132021-7-0-5.wav,urbansound8k/132021,Jackhammer,11,train
UrbanSound8K/132021-7-0-6.wav,urbansound8k/132021,Jackhammer,11,train
UrbanSound8K/132021-7-0-7.wav,urbansound8k/132021,Jackhammer,11,train
UrbanSound8K/132021-7-0-8.wav,urbansound8k/132021,Jackhammer,11,train
UrbanSound8K/132021-7-0-9.wav,urbansound8k/132021,Jackhammer,11,train
UrbanSound8K/132021-7-1-0.wav,urbansound8k/132021,Jackhammer,11,train
UrbanSound8K/132073-1-0-0.wav,urbansound8k/132073,Vehicle_Horn,16,train
UrbanSound8K/132073-1-1-0.wav,urbansound8k/132073,Vehicle_Horn,16,train
UrbanSound8K/132073-1-3-0.wav,urbansound8k/132073,Vehicle_Horn,16,train
UrbanSound8K/132073-1-4-0.wav,urbansound8k/132073,Vehicle_Horn,16,train
UrbanSound8K/132073-1-5-0.wav,urbansound8k/132073,Vehicle_Horn,16,train
UrbanSound8K/133473-8-0-0.wav,urbansound8k/133473,Siren,14,train
UrbanSound8K/133473-8-0-1.wav,urbansound8k/133473,Siren,14,train
UrbanSound8K/133473-8-0-2.wav,urbansound8k/133473,Siren,14,train
UrbanSound8K/133473-8-0-3.wav,urbansound8k/133473,Siren,14,train
UrbanSound8K/133473-8-0-4.wav,urbansound8k/133473,Siren,14,train
UrbanSound8K/133473-8-0-5.wav,urbansound8k/133473,Siren,14,train
UrbanSound8K/133797-6-0-0.wav,urbansound8k/133797,Gunshot,9,val
UrbanSound8K/133797-6-1-0.wav,urbansound8k/133797,Gunshot,9,val
UrbanSound8K/133797-6-2-0.wav,urbansound8k/133797,Gunshot,9,val
UrbanSound8K/135160-8-0-0.wav,urbansound8k/135160,Siren,14,train
UrbanSound8K/135160-8-0-1.wav,urbansound8k/135160,Siren,14,train
UrbanSound8K/135160-8-0-10.wav,urbansound8k/135160,Siren,14,train
UrbanSound8K/135160-8-0-11.wav,urbansound8k/135160,Siren,14,train
UrbanSound8K/135160-8-0-2.wav,urbansound8k/135160,Siren,14,train
UrbanSound8K/135160-8-0-3.wav,urbansound8k/135160,Siren,14,train
UrbanSound8K/135160-8-0-4.wav,urbansound8k/135160,Siren,14,train
UrbanSound8K/135160-8-0-5.wav,urbansound8k/135160,Siren,14,train
UrbanSound8K/135160-8-0-6.wav,urbansound8k/135160,Siren,14,train
UrbanSound8K/135160-8-0-7.wav,urbansound8k/135160,Siren,14,train
UrbanSound8K/135160-8-0-8.wav,urbansound8k/135160,Siren,14,train
UrbanSound8K/135160-8-0-9.wav,urbansound8k/135160,Siren,14,train
UrbanSound8K/135526-6-0-0.wav,urbansound8k/135526,Gunshot,9,train
UrbanSound8K/135526-6-1-0.wav,urbansound8k/135526,Gunshot,9,train
UrbanSound8K/135526-6-10-0.wav,urbansound8k/135526,Gunshot,9,train
UrbanSound8K/135526-6-11-0.wav,urbansound8k/135526,Gunshot,9,train
UrbanSound8K/135526-6-12-0.wav,urbansound8k/135526,Gunshot,9,train
UrbanSound8K/135526-6-13-0.wav,urbansound8k/135526,Gunshot,9,train
UrbanSound8K/135526-6-2-0.wav,urbansound8k/135526,Gunshot,9,train
UrbanSound8K/135526-6-3-0.wav,urbansound8k/135526,Gunshot,9,train
UrbanSound8K/135526-6-4-0.wav,urbansound8k/135526,Gunshot,9,train
UrbanSound8K/135526-6-5-0.wav,urbansound8k/135526,Gunshot,9,train
UrbanSound8K/135526-6-6-0.wav,urbansound8k/135526,Gunshot,9,train
UrbanSound8K/135526-6-7-0.wav,urbansound8k/135526,Gunshot,9,train
UrbanSound8K/135526-6-8-0.wav,urbansound8k/135526,Gunshot,9,train
UrbanSound8K/135526-6-9-0.wav,urbansound8k/135526,Gunshot,9,train
UrbanSound8K/135527-6-0-0.wav,urbansound8k/135527,Gunshot,9,val
UrbanSound8K/135527-6-1-0.wav,urbansound8k/135527,Gunshot,9,val
UrbanSound8K/135527-6-10-0.wav,urbansound8k/135527,Gunshot,9,val
UrbanSound8K/135527-6-11-0.wav,urbansound8k/135527,Gunshot,9,val
UrbanSound8K/135527-6-12-0.wav,urbansound8k/135527,Gunshot,9,val
UrbanSound8K/135527-6-13-0.wav,urbansound8k/135527,Gunshot,9,val
UrbanSound8K/135527-6-14-0.wav,urbansound8k/135527,Gunshot,9,val
UrbanSound8K/135527-6-14-1.wav,urbansound8k/135527,Gunshot,9,val
UrbanSound8K/135527-6-14-10.wav,urbansound8k/135527,Gunshot,9,val
UrbanSound8K/135527-6-14-2.wav,urbansound8k/135527,Gunshot,9,val
UrbanSound8K/135527-6-14-3.wav,urbansound8k/135527,Gunshot,9,val
UrbanSound8K/135527-6-14-4.wav,urbansound8k/135527,Gunshot,9,val
UrbanSound8K/135527-6-14-5.wav,urbansound8k/135527,Gunshot,9,val
UrbanSound8K/135527-6-14-6.wav,urbansound8k/135527,Gunshot,9,val
UrbanSound8K/135527-6-14-7.wav,urbansound8k/135527,Gunshot,9,val
UrbanSound8K/135527-6-14-8.wav,urbansound8k/135527,Gunshot,9,val
UrbanSound8K/135527-6-14-9.wav,urbansound8k/135527,Gunshot,9,val
UrbanSound8K/135527-6-2-0.wav,urbansound8k/135527,Gunshot,9,val
UrbanSound8K/135527-6-3-0.wav,urbansound8k/135527,Gunshot,9,val
UrbanSound8K/135527-6-4-0.wav,urbansound8k/135527,Gunshot,9,val
UrbanSound8K/135527-6-5-0.wav,urbansound8k/135527,Gunshot,9,val
UrbanSound8K/135527-6-6-0.wav,urbansound8k/135527,Gunshot,9,val
UrbanSound8K/135527-6-7-0.wav,urbansound8k/135527,Gunshot,9,val
UrbanSound8K/135527-6-8-0.wav,urbansound8k/135527,Gunshot,9,val
UrbanSound8K/135527-6-9-0.wav,urbansound8k/135527,Gunshot,9,val
UrbanSound8K/135528-6-0-0.wav,urbansound8k/135528,Gunshot,9,train
UrbanSound8K/135528-6-1-0.wav,urbansound8k/135528,Gunshot,9,train
UrbanSound8K/135528-6-10-0.wav,urbansound8k/135528,Gunshot,9,train
UrbanSound8K/135528-6-11-0.wav,urbansound8k/135528,Gunshot,9,train
UrbanSound8K/135528-6-12-0.wav,urbansound8k/135528,Gunshot,9,train
UrbanSound8K/135528-6-2-0.wav,urbansound8k/135528,Gunshot,9,train
UrbanSound8K/135528-6-3-0.wav,urbansound8k/135528,Gunshot,9,train
UrbanSound8K/135528-6-4-0.wav,urbansound8k/135528,Gunshot,9,train
UrbanSound8K/135528-6-4-1.wav,urbansound8k/135528,Gunshot,9,train
UrbanSound8K/135528-6-4-2.wav,urbansound8k/135528,Gunshot,9,train
UrbanSound8K/135528-6-5-0.wav,urbansound8k/135528,Gunshot,9,train
UrbanSound8K/135528-6-6-0.wav,urbansound8k/135528,Gunshot,9,train
UrbanSound8K/135528-6-7-0.wav,urbansound8k/135528,Gunshot,9,train
UrbanSound8K/135528-6-8-0.wav,urbansound8k/135528,Gunshot,9,train
UrbanSound8K/135528-6-9-0.wav,urbansound8k/135528,Gunshot,9,train
UrbanSound8K/135544-6-0-0.wav,urbansound8k/135544,Gunshot,9,train
UrbanSound8K/135544-6-1-0.wav,urbansound8k/135544,Gunshot,9,train
UrbanSound8K/135544-6-10-0.wav,urbansound8k/135544,Gunshot,9,train
UrbanSound8K/135544-6-12-0.wav,urbansound8k/135544,Gunshot,9,train
UrbanSound8K/135544-6-13-0.wav,urbansound8k/135544,Gunshot,9,train
UrbanSound8K/135544-6-14-0.wav,urbansound8k/135544,Gunshot,9,train
UrbanSound8K/135544-6-15-0.wav,urbansound8k/135544,Gunshot,9,train
UrbanSound8K/135544-6-16-0.wav,urbansound8k/135544,Gunshot,9,train
UrbanSound8K/135544-6-17-0.wav,urbansound8k/135544,Gunshot,9,train
UrbanSound8K/135544-6-18-0.wav,urbansound8k/135544,Gunshot,9,train
UrbanSound8K/135544-6-19-0.wav,urbansound8k/135544,Gunshot,9,train
UrbanSound8K/135544-6-2-0.wav,urbansound8k/135544,Gunshot,9,train
UrbanSound8K/135544-6-3-0.wav,urbansound8k/135544,Gunshot,9,train
UrbanSound8K/135544-6-4-0.wav,urbansound8k/135544,Gunshot,9,train
UrbanSound8K/135544-6-5-0.wav,urbansound8k/135544,Gunshot,9,train
UrbanSound8K/135544-6-6-0.wav,urbansound8k/135544,Gunshot,9,train
UrbanSound8K/135544-6-7-0.wav,urbansound8k/135544,Gunshot,9,train
UrbanSound8K/135544-6-8-0.wav,urbansound8k/135544,Gunshot,9,train
UrbanSound8K/135544-6-9-0.wav,urbansound8k/135544,Gunshot,9,train
UrbanSound8K/13577-3-0-0.wav,urbansound8k/13577,Dog_Bark,4,train
UrbanSound8K/13577-3-0-2.wav,urbansound8k/13577,Dog_Bark,4,train
UrbanSound8K/13577-3-5-0.wav,urbansound8k/13577,Dog_Bark,4,train
UrbanSound8K/135849-4-0-0.wav,urbansound8k/135849,Drilling,6,train
UrbanSound8K/136399-6-0-0.wav,urbansound8k/136399,Gunshot,9,train
UrbanSound8K/136399-6-1-0.wav,urbansound8k/136399,Gunshot,9,train
UrbanSound8K/136399-6-2-0.wav,urbansound8k/136399,Gunshot,9,train
UrbanSound8K/136399-6-3-0.wav,urbansound8k/136399,Gunshot,9,train
UrbanSound8K/136399-6-4-0.wav,urbansound8k/136399,Gunshot,9,train
UrbanSound8K/136399-6-5-0.wav,urbansound8k/136399,Gunshot,9,train
UrbanSound8K/136399-6-6-0.wav,urbansound8k/136399,Gunshot,9,train
UrbanSound8K/136399-6-7-0.wav,urbansound8k/136399,Gunshot,9,train
UrbanSound8K/136399-6-8-0.wav,urbansound8k/136399,Gunshot,9,train
UrbanSound8K/136399-6-9-0.wav,urbansound8k/136399,Gunshot,9,train
UrbanSound8K/137803-3-0-0.wav,urbansound8k/137803,Dog_Bark,4,train
UrbanSound8K/137803-3-0-1.wav,urbansound8k/137803,Dog_Bark,4,train
UrbanSound8K/137803-3-0-2.wav,urbansound8k/137803,Dog_Bark,4,train
UrbanSound8K/137815-4-0-0.wav,urbansound8k/137815,Drilling,6,val
UrbanSound8K/137815-4-0-1.wav,urbansound8k/137815,Drilling,6,val
UrbanSound8K/137815-4-0-10.wav,urbansound8k/137815,Drilling,6,val
UrbanSound8K/137815-4-0-2.wav,urbansound8k/137815,Drilling,6,val
UrbanSound8K/137815-4-0-3.wav,urbansound8k/137815,Drilling,6,val
UrbanSound8K/137815-4-0-4.wav,urbansound8k/137815,Drilling,6,val
UrbanSound8K/137815-4-0-5.wav,urbansound8k/137815,Drilling,6,val
UrbanSound8K/137815-4-0-6.wav,urbansound8k/137815,Drilling,6,val
UrbanSound8K/137815-4-0-7.wav,urbansound8k/137815,Drilling,6,val
UrbanSound8K/137815-4-0-8.wav,urbansound8k/137815,Drilling,6,val
UrbanSound8K/137815-4-0-9.wav,urbansound8k/137815,Drilling,6,val
UrbanSound8K/138015-3-0-1.wav,urbansound8k/138015,Dog_Bark,4,val
UrbanSound8K/138015-3-0-5.wav,urbansound8k/138015,Dog_Bark,4,val
UrbanSound8K/138015-3-0-7.wav,urbansound8k/138015,Dog_Bark,4,val
UrbanSound8K/138465-1-0-0.wav,urbansound8k/138465,Vehicle_Horn,16,train
UrbanSound8K/138468-1-0-0.wav,urbansound8k/138468,Vehicle_Horn,16,train
UrbanSound8K/139000-4-0-0.wav,urbansound8k/139000,Drilling,6,val
UrbanSound8K/139000-4-0-1.wav,urbansound8k/139000,Drilling,6,val
UrbanSound8K/139000-4-0-2.wav,urbansound8k/139000,Drilling,6,val
UrbanSound8K/139948-3-0-0.wav,urbansound8k/139948,Dog_Bark,4,train
UrbanSound8K/139948-3-1-0.wav,urbansound8k/139948,Dog_Bark,4,train
UrbanSound8K/139948-3-2-0.wav,urbansound8k/139948,Dog_Bark,4,train
UrbanSound8K/139948-3-4-0.wav,urbansound8k/139948,Dog_Bark,4,train
UrbanSound8K/140824-4-0-0.wav,urbansound8k/140824,Drilling,6,val
UrbanSound8K/14110-4-0-0.wav,urbansound8k/14110,Drilling,6,train
UrbanSound8K/14110-4-0-1.wav,urbansound8k/14110,Drilling,6,train
UrbanSound8K/14110-4-0-2.wav,urbansound8k/14110,Drilling,6,train
UrbanSound8K/14111-4-0-0.wav,urbansound8k/14111,Drilling,6,train
UrbanSound8K/14111-4-0-1.wav,urbansound8k/14111,Drilling,6,train
UrbanSound8K/14111-4-0-2.wav,urbansound8k/14111,Drilling,6,train
UrbanSound8K/14111-4-0-3.wav,urbansound8k/14111,Drilling,6,train
UrbanSound8K/14111-4-0-4.wav,urbansound8k/14111,Drilling,6,train
UrbanSound8K/14111-4-0-5.wav,urbansound8k/14111,Drilling,6,train
UrbanSound8K/14111-4-0-6.wav,urbansound8k/14111,Drilling,6,train
UrbanSound8K/14111-4-0-7.wav,urbansound8k/14111,Drilling,6,train
UrbanSound8K/14113-4-0-0.wav,urbansound8k/14113,Drilling,6,train
UrbanSound8K/14113-4-0-1.wav,urbansound8k/14113,Drilling,6,train
UrbanSound8K/14114-4-0-0.wav,urbansound8k/14114,Drilling,6,val
UrbanSound8K/14114-4-0-1.wav,urbansound8k/14114,Drilling,6,val
UrbanSound8K/14114-4-0-2.wav,urbansound8k/14114,Drilling,6,val
UrbanSound8K/14114-4-0-3.wav,urbansound8k/14114,Drilling,6,val
UrbanSound8K/14115-4-0-0.wav,urbansound8k/14115,Drilling,6,train
UrbanSound8K/141240-5-0-0.wav,urbansound8k/141240,Car_Engine,3,train
UrbanSound8K/141240-5-1-0.wav,urbansound8k/141240,Car_Engine,3,train
UrbanSound8K/143115-1-0-0.wav,urbansound8k/143115,Vehicle_Horn,16,train
UrbanSound8K/143115-1-1-0.wav,urbansound8k/143115,Vehicle_Horn,16,train
UrbanSound8K/143115-1-2-0.wav,urbansound8k/143115,Vehicle_Horn,16,train
UrbanSound8K/14358-3-0-26.wav,urbansound8k/14358,Dog_Bark,4,val
UrbanSound8K/14358-3-0-7.wav,urbansound8k/14358,Dog_Bark,4,val
UrbanSound8K/14358-3-0-85.wav,urbansound8k/14358,Dog_Bark,4,val
UrbanSound8K/14358-3-0-90.wav,urbansound8k/14358,Dog_Bark,4,val
UrbanSound8K/143604-5-0-0.wav,urbansound8k/143604,Car_Engine,3,train
UrbanSound8K/143970-5-0-0.wav,urbansound8k/143970,Car_Engine,3,train
UrbanSound8K/143970-5-0-1.wav,urbansound8k/143970,Car_Engine,3,train
UrbanSound8K/143970-5-0-2.wav,urbansound8k/143970,Car_Engine,3,train
UrbanSound8K/143970-5-0-3.wav,urbansound8k/143970,Car_Engine,3,train
UrbanSound8K/144007-5-0-0.wav,urbansound8k/144007,Car_Engine,3,train
UrbanSound8K/144007-5-0-1.wav,urbansound8k/144007,Car_Engine,3,train
UrbanSound8K/144007-5-0-10.wav,urbansound8k/144007,Car_Engine,3,train
UrbanSound8K/144007-5-0-11.wav,urbansound8k/144007,Car_Engine,3,train
UrbanSound8K/144007-5-0-12.wav,urbansound8k/144007,Car_Engine,3,train
UrbanSound8K/144007-5-0-13.wav,urbansound8k/144007,Car_Engine,3,train
UrbanSound8K/144007-5-0-14.wav,urbansound8k/144007,Car_Engine,3,train
UrbanSound8K/144007-5-0-15.wav,urbansound8k/144007,Car_Engine,3,train
UrbanSound8K/144007-5-0-16.wav,urbansound8k/144007,Car_Engine,3,train
UrbanSound8K/144007-5-0-17.wav,urbansound8k/144007,Car_Engine,3,train
UrbanSound8K/144007-5-0-18.wav,urbansound8k/144007,Car_Engine,3,train
UrbanSound8K/144007-5-0-19.wav,urbansound8k/144007,Car_Engine,3,train
UrbanSound8K/144007-5-0-2.wav,urbansound8k/144007,Car_Engine,3,train
UrbanSound8K/144007-5-0-20.wav,urbansound8k/144007,Car_Engine,3,train
UrbanSound8K/144007-5-0-21.wav,urbansound8k/144007,Car_Engine,3,train
UrbanSound8K/144007-5-0-3.wav,urbansound8k/144007,Car_Engine,3,train
UrbanSound8K/144007-5-0-4.wav,urbansound8k/144007,Car_Engine,3,train
UrbanSound8K/144007-5-0-5.wav,urbansound8k/144007,Car_Engine,3,train
UrbanSound8K/144007-5-0-6.wav,urbansound8k/144007,Car_Engine,3,train
UrbanSound8K/144007-5-0-7.wav,urbansound8k/144007,Car_Engine,3,train
UrbanSound8K/144007-5-0-8.wav,urbansound8k/144007,Car_Engine,3,train
UrbanSound8K/144007-5-0-9.wav,urbansound8k/144007,Car_Engine,3,train
UrbanSound8K/144007-5-1-0.wav,urbansound8k/144007,Car_Engine,3,train
UrbanSound8K/144007-5-1-1.wav,urbansound8k/144007,Car_Engine,3,train
UrbanSound8K/144007-5-1-10.wav,urbansound8k/144007,Car_Engine,3,train
UrbanSound8K/144007-5-1-11.wav,urbansound8k/144007,Car_Engine,3,train
UrbanSound8K/144007-5-1-2.wav,urbansound8k/144007,Car_Engine,3,train
UrbanSound8K/144007-5-1-3.wav,urbansound8k/144007,Car_Engine,3,train
UrbanSound8K/144007-5-1-4.wav,urbansound8k/144007,Car_Engine,3,train
UrbanSound8K/144007-5-1-5.wav,urbansound8k/144007,Car_Engine,3,train
UrbanSound8K/144007-5-1-6.wav,urbansound8k/144007,Car_Engine,3,train
UrbanSound8K/144007-5-1-7.wav,urbansound8k/144007,Car_Engine,3,train
UrbanSound8K/144007-5-1-8.wav,urbansound8k/144007,Car_Engine,3,train
UrbanSound8K/144007-5-1-9.wav,urbansound8k/144007,Car_Engine,3,train
UrbanSound8K/144028-3-0-0.wav,urbansound8k/144028,Dog_Bark,4,train
UrbanSound8K/144028-3-1-0.wav,urbansound8k/144028,Dog_Bark,4,train
UrbanSound8K/144028-3-1-1.wav,urbansound8k/144028,Dog_Bark,4,train
UrbanSound8K/144068-5-0-0.wav,urbansound8k/144068,Car_Engine,3,train
UrbanSound8K/144068-5-0-1.wav,urbansound8k/144068,Car_Engine,3,train
UrbanSound8K/144068-5-0-10.wav,urbansound8k/144068,Car_Engine,3,train
UrbanSound8K/144068-5-0-11.wav,urbansound8k/144068,Car_Engine,3,train
UrbanSound8K/144068-5-0-12.wav,urbansound8k/144068,Car_Engine,3,train
UrbanSound8K/144068-5-0-13.wav,urbansound8k/144068,Car_Engine,3,train
UrbanSound8K/144068-5-0-14.wav,urbansound8k/144068,Car_Engine,3,train
UrbanSound8K/144068-5-0-15.wav,urbansound8k/144068,Car_Engine,3,train
UrbanSound8K/144068-5-0-16.wav,urbansound8k/144068,Car_Engine,3,train
UrbanSound8K/144068-5-0-17.wav,urbansound8k/144068,Car_Engine,3,train
UrbanSound8K/144068-5-0-18.wav,urbansound8k/144068,Car_Engine,3,train
UrbanSound8K/144068-5-0-2.wav,urbansound8k/144068,Car_Engine,3,train
UrbanSound8K/144068-5-0-3.wav,urbansound8k/144068,Car_Engine,3,train
UrbanSound8K/144068-5-0-4.wav,urbansound8k/144068,Car_Engine,3,train
UrbanSound8K/144068-5-0-5.wav,urbansound8k/144068,Car_Engine,3,train
UrbanSound8K/144068-5-0-6.wav,urbansound8k/144068,Car_Engine,3,train
UrbanSound8K/144068-5-0-7.wav,urbansound8k/144068,Car_Engine,3,train
UrbanSound8K/144068-5-0-8.wav,urbansound8k/144068,Car_Engine,3,train
UrbanSound8K/144068-5-0-9.wav,urbansound8k/144068,Car_Engine,3,train
UrbanSound8K/144068-5-1-0.wav,urbansound8k/144068,Car_Engine,3,train
UrbanSound8K/144068-5-2-0.wav,urbansound8k/144068,Car_Engine,3,train
UrbanSound8K/144068-5-3-0.wav,urbansound8k/144068,Car_Engine,3,train
UrbanSound8K/144068-5-4-0.wav,urbansound8k/144068,Car_Engine,3,train
UrbanSound8K/144068-5-4-1.wav,urbansound8k/144068,Car_Engine,3,train
UrbanSound8K/144068-5-4-2.wav,urbansound8k/144068,Car_Engine,3,train
UrbanSound8K/144068-5-4-3.wav,urbansound8k/144068,Car_Engine,3,train
UrbanSound8K/144068-5-4-4.wav,urbansound8k/144068,Car_Engine,3,train
UrbanSound8K/144068-5-4-5.wav,urbansound8k/144068,Car_Engine,3,train
UrbanSound8K/144068-5-4-6.wav,urbansound8k/144068,Car_Engine,3,train
UrbanSound8K/144068-5-4-7.wav,urbansound8k/144068,Car_Engine,3,train
UrbanSound8K/144068-5-4-8.wav,urbansound8k/144068,Car_Engine,3,train
UrbanSound8K/144068-5-5-0.wav,urbansound8k/144068,Car_Engine,3,train
UrbanSound8K/144068-5-5-1.wav,urbansound8k/144068,Car_Engine,3,train
UrbanSound8K/144068-5-5-2.wav,urbansound8k/144068,Car_Engine,3,train
UrbanSound8K/144351-4-0-0.wav,urbansound8k/144351,Drilling,6,train
UrbanSound8K/144351-4-0-1.wav,urbansound8k/144351,Drilling,6,train
UrbanSound8K/144351-4-0-2.wav,urbansound8k/144351,Drilling,6,train
UrbanSound8K/144351-4-1-1.wav,urbansound8k/144351,Drilling,6,train
UrbanSound8K/144351-4-2-0.wav,urbansound8k/144351,Drilling,6,train
UrbanSound8K/144351-4-2-2.wav,urbansound8k/144351,Drilling,6,train
UrbanSound8K/144351-4-2-4.wav,urbansound8k/144351,Drilling,6,train
UrbanSound8K/144351-4-2-5.wav,urbansound8k/144351,Drilling,6,train
UrbanSound8K/144351-4-2-6.wav,urbansound8k/144351,Drilling,6,train
UrbanSound8K/144351-4-3-1.wav,urbansound8k/144351,Drilling,6,train
UrbanSound8K/144351-4-3-10.wav,urbansound8k/144351,Drilling,6,train
UrbanSound8K/144351-4-3-11.wav,urbansound8k/144351,Drilling,6,train
UrbanSound8K/144351-4-3-12.wav,urbansound8k/144351,Drilling,6,train
UrbanSound8K/144351-4-3-14.wav,urbansound8k/144351,Drilling,6,train
UrbanSound8K/144351-4-3-15.wav,urbansound8k/144351,Drilling,6,train
UrbanSound8K/144351-4-3-2.wav,urbansound8k/144351,Drilling,6,train
UrbanSound8K/144351-4-3-3.wav,urbansound8k/144351,Drilling,6,train
UrbanSound8K/144351-4-3-4.wav,urbansound8k/144351,Drilling,6,train
UrbanSound8K/144351-4-3-5.wav,urbansound8k/144351,Drilling,6,train
UrbanSound8K/144351-4-3-7.wav,urbansound8k/144351,Drilling,6,train
UrbanSound8K/14468-3-0-2.wav,urbansound8k/14468,Dog_Bark,4,train
UrbanSound8K/14468-3-0-3.wav,urbansound8k/14468,Dog_Bark,4,train
UrbanSound8K/14468-3-1-0.wav,urbansound8k/14468,Dog_Bark,4,train
UrbanSound8K/14468-3-5-0.wav,urbansound8k/14468,Dog_Bark,4,train
UrbanSound8K/145206-6-0-0.wav,urbansound8k/145206,Gunshot,9,train
UrbanSound8K/145206-6-1-0.wav,urbansound8k/145206,Gunshot,9,train
UrbanSound8K/145206-6-2-0.wav,urbansound8k/145206,Gunshot,9,train
UrbanSound8K/145206-6-3-0.wav,urbansound8k/145206,Gunshot,9,train
UrbanSound8K/145206-6-4-0.wav,urbansound8k/145206,Gunshot,9,train
UrbanSound8K/145206-6-5-0.wav,urbansound8k/145206,Gunshot,9,train
UrbanSound8K/14524-1-0-0.wav,urbansound8k/14524,Vehicle_Horn,16,train
UrbanSound8K/145577-1-0-0.wav,urbansound8k/145577,Vehicle_Horn,16,test
UrbanSound8K/145608-6-0-0.wav,urbansound8k/145608,Gunshot,9,train
UrbanSound8K/145608-6-1-0.wav,urbansound8k/145608,Gunshot,9,train
UrbanSound8K/145608-6-2-0.wav,urbansound8k/145608,Gunshot,9,train
UrbanSound8K/145608-6-3-0.wav,urbansound8k/145608,Gunshot,9,train
UrbanSound8K/145609-6-0-0.wav,urbansound8k/145609,Gunshot,9,train
UrbanSound8K/145609-6-1-0.wav,urbansound8k/145609,Gunshot,9,train
UrbanSound8K/145611-6-0-0.wav,urbansound8k/145611,Gunshot,9,train
UrbanSound8K/145611-6-1-0.wav,urbansound8k/145611,Gunshot,9,train
UrbanSound8K/145611-6-2-0.wav,urbansound8k/145611,Gunshot,9,train
UrbanSound8K/145611-6-3-0.wav,urbansound8k/145611,Gunshot,9,train
UrbanSound8K/145611-6-4-0.wav,urbansound8k/145611,Gunshot,9,train
UrbanSound8K/145612-6-0-0.wav,urbansound8k/145612,Gunshot,9,train
UrbanSound8K/145612-6-1-0.wav,urbansound8k/145612,Gunshot,9,train
UrbanSound8K/145612-6-2-0.wav,urbansound8k/145612,Gunshot,9,train
UrbanSound8K/145612-6-3-0.wav,urbansound8k/145612,Gunshot,9,train
UrbanSound8K/145683-6-0-0.wav,urbansound8k/145683,Gunshot,9,train
UrbanSound8K/145683-6-1-0.wav,urbansound8k/145683,Gunshot,9,train
UrbanSound8K/145683-6-2-0.wav,urbansound8k/145683,Gunshot,9,train
UrbanSound8K/145683-6-3-0.wav,urbansound8k/145683,Gunshot,9,train
UrbanSound8K/145683-6-4-0.wav,urbansound8k/145683,Gunshot,9,train
UrbanSound8K/145683-6-5-0.wav,urbansound8k/145683,Gunshot,9,train
UrbanSound8K/146186-5-0-0.wav,urbansound8k/146186,Car_Engine,3,train
UrbanSound8K/146186-5-0-1.wav,urbansound8k/146186,Car_Engine,3,train
UrbanSound8K/146186-5-0-10.wav,urbansound8k/146186,Car_Engine,3,train
UrbanSound8K/146186-5-0-11.wav,urbansound8k/146186,Car_Engine,3,train
UrbanSound8K/146186-5-0-12.wav,urbansound8k/146186,Car_Engine,3,train
UrbanSound8K/146186-5-0-13.wav,urbansound8k/146186,Car_Engine,3,train
UrbanSound8K/146186-5-0-2.wav,urbansound8k/146186,Car_Engine,3,train
UrbanSound8K/146186-5-0-3.wav,urbansound8k/146186,Car_Engine,3,train
UrbanSound8K/146186-5-0-4.wav,urbansound8k/146186,Car_Engine,3,train
UrbanSound8K/146186-5-0-5.wav,urbansound8k/146186,Car_Engine,3,train
UrbanSound8K/146186-5-0-6.wav,urbansound8k/146186,Car_Engine,3,train
UrbanSound8K/146186-5-0-7.wav,urbansound8k/146186,Car_Engine,3,train
UrbanSound8K/146186-5-0-8.wav,urbansound8k/146186,Car_Engine,3,train
UrbanSound8K/146186-5-0-9.wav,urbansound8k/146186,Car_Engine,3,train
UrbanSound8K/146244-4-0-0.wav,urbansound8k/146244,Drilling,6,train
UrbanSound8K/146249-4-0-0.wav,urbansound8k/146249,Drilling,6,val
UrbanSound8K/146343-3-0-0.wav,urbansound8k/146343,Dog_Bark,4,train
UrbanSound8K/147019-4-0-0.wav,urbansound8k/147019,Drilling,6,test
UrbanSound8K/147317-6-0-0.wav,urbansound8k/147317,Gunshot,9,train
UrbanSound8K/14772-7-0-0.wav,urbansound8k/14772,Jackhammer,11,train
UrbanSound8K/14772-7-1-0.wav,urbansound8k/14772,Jackhammer,11,train
UrbanSound8K/14772-7-2-0.wav,urbansound8k/14772,Jackhammer,11,train
UrbanSound8K/14772-7-3-0.wav,urbansound8k/14772,Jackhammer,11,train
UrbanSound8K/14772-7-4-0.wav,urbansound8k/14772,Jackhammer,11,train
UrbanSound8K/14772-7-5-0.wav,urbansound8k/14772,Jackhammer,11,train
UrbanSound8K/14772-7-6-0.wav,urbansound8k/14772,Jackhammer,11,train
UrbanSound8K/14772-7-7-0.wav,urbansound8k/14772,Jackhammer,11,train
UrbanSound8K/14772-7-8-0.wav,urbansound8k/14772,Jackhammer,11,train
UrbanSound8K/14772-7-9-0.wav,urbansound8k/14772,Jackhammer,11,train
UrbanSound8K/147764-4-0-0.wav,urbansound8k/147764,Drilling,6,test
UrbanSound8K/147764-4-1-0.wav,urbansound8k/147764,Drilling,6,test
UrbanSound8K/147764-4-2-0.wav,urbansound8k/147764,Drilling,6,test
UrbanSound8K/147764-4-3-0.wav,urbansound8k/147764,Drilling,6,test
UrbanSound8K/147764-4-4-0.wav,urbansound8k/147764,Drilling,6,test
UrbanSound8K/147764-4-4-1.wav,urbansound8k/147764,Drilling,6,test
UrbanSound8K/147764-4-4-2.wav,urbansound8k/147764,Drilling,6,test
UrbanSound8K/147764-4-5-0.wav,urbansound8k/147764,Drilling,6,test
UrbanSound8K/147764-4-6-0.wav,urbansound8k/147764,Drilling,6,test
UrbanSound8K/147764-4-7-0.wav,urbansound8k/147764,Drilling,6,test
UrbanSound8K/147764-4-8-0.wav,urbansound8k/147764,Drilling,6,test
UrbanSound8K/148166-6-0-0.wav,urbansound8k/148166,Gunshot,9,train
UrbanSound8K/148463-7-2-0.wav,urbansound8k/148463,Jackhammer,11,val
UrbanSound8K/148463-7-2-1.wav,urbansound8k/148463,Jackhammer,11,val
UrbanSound8K/148463-7-2-2.wav,urbansound8k/148463,Jackhammer,11,val
UrbanSound8K/148463-7-3-0.wav,urbansound8k/148463,Jackhammer,11,val
UrbanSound8K/148463-7-3-1.wav,urbansound8k/148463,Jackhammer,11,val
UrbanSound8K/148463-7-3-10.wav,urbansound8k/148463,Jackhammer,11,val
UrbanSound8K/148463-7-3-2.wav,urbansound8k/148463,Jackhammer,11,val
UrbanSound8K/148463-7-3-3.wav,urbansound8k/148463,Jackhammer,11,val
UrbanSound8K/148463-7-3-4.wav,urbansound8k/148463,Jackhammer,11,val
UrbanSound8K/148463-7-3-5.wav,urbansound8k/148463,Jackhammer,11,val
UrbanSound8K/148463-7-3-6.wav,urbansound8k/148463,Jackhammer,11,val
UrbanSound8K/148463-7-3-7.wav,urbansound8k/148463,Jackhammer,11,val
UrbanSound8K/148463-7-3-8.wav,urbansound8k/148463,Jackhammer,11,val
UrbanSound8K/148463-7-3-9.wav,urbansound8k/148463,Jackhammer,11,val
UrbanSound8K/148632-8-0-0.wav,urbansound8k/148632,Siren,14,test
UrbanSound8K/148632-8-0-1.wav,urbansound8k/148632,Siren,14,test
UrbanSound8K/148632-8-0-10.wav,urbansound8k/148632,Siren,14,test
UrbanSound8K/148632-8-0-11.wav,urbansound8k/148632,Siren,14,test
UrbanSound8K/148632-8-0-12.wav,urbansound8k/148632,Siren,14,test
UrbanSound8K/148632-8-0-13.wav,urbansound8k/148632,Siren,14,test
UrbanSound8K/148632-8-0-14.wav,urbansound8k/148632,Siren,14,test
UrbanSound8K/148632-8-0-15.wav,urbansound8k/148632,Siren,14,test
UrbanSound8K/148632-8-0-16.wav,urbansound8k/148632,Siren,14,test
UrbanSound8K/148632-8-0-17.wav,urbansound8k/148632,Siren,14,test
UrbanSound8K/148632-8-0-18.wav,urbansound8k/148632,Siren,14,test
UrbanSound8K/148632-8-0-2.wav,urbansound8k/148632,Siren,14,test
UrbanSound8K/148632-8-0-3.wav,urbansound8k/148632,Siren,14,test
UrbanSound8K/148632-8-0-4.wav,urbansound8k/148632,Siren,14,test
UrbanSound8K/148632-8-0-5.wav,urbansound8k/148632,Siren,14,test
UrbanSound8K/148632-8-0-6.wav,urbansound8k/148632,Siren,14,test
UrbanSound8K/148632-8-0-7.wav,urbansound8k/148632,Siren,14,test
UrbanSound8K/148632-8-0-8.wav,urbansound8k/148632,Siren,14,test
UrbanSound8K/148632-8-0-9.wav,urbansound8k/148632,Siren,14,test
UrbanSound8K/148827-6-0-0.wav,urbansound8k/148827,Gunshot,9,test
UrbanSound8K/148827-6-1-0.wav,urbansound8k/148827,Gunshot,9,test
UrbanSound8K/148827-6-2-0.wav,urbansound8k/148827,Gunshot,9,test
UrbanSound8K/148827-6-3-0.wav,urbansound8k/148827,Gunshot,9,test
UrbanSound8K/148827-6-4-0.wav,urbansound8k/148827,Gunshot,9,test
UrbanSound8K/148828-6-0-0.wav,urbansound8k/148828,Gunshot,9,val
UrbanSound8K/148828-6-1-0.wav,urbansound8k/148828,Gunshot,9,val
UrbanSound8K/148833-6-0-0.wav,urbansound8k/148833,Gunshot,9,train
UrbanSound8K/148833-6-1-0.wav,urbansound8k/148833,Gunshot,9,train
UrbanSound8K/148834-6-0-0.wav,urbansound8k/148834,Gunshot,9,train
UrbanSound8K/148835-6-0-0.wav,urbansound8k/148835,Gunshot,9,test
UrbanSound8K/148835-6-1-0.wav,urbansound8k/148835,Gunshot,9,test
UrbanSound8K/148835-6-2-0.wav,urbansound8k/148835,Gunshot,9,test
UrbanSound8K/148835-6-3-0.wav,urbansound8k/148835,Gunshot,9,test
UrbanSound8K/148835-6-4-0.wav,urbansound8k/148835,Gunshot,9,test
UrbanSound8K/148837-6-0-0.wav,urbansound8k/148837,Gunshot,9,train
UrbanSound8K/148837-6-1-0.wav,urbansound8k/148837,Gunshot,9,train
UrbanSound8K/148837-6-2-0.wav,urbansound8k/148837,Gunshot,9,train
UrbanSound8K/148838-6-0-0.wav,urbansound8k/148838,Gunshot,9,train
UrbanSound8K/148838-6-1-0.wav,urbansound8k/148838,Gunshot,9,train
UrbanSound8K/148838-6-2-0.wav,urbansound8k/148838,Gunshot,9,train
UrbanSound8K/148841-6-0-0.wav,urbansound8k/148841,Gunshot,9,train
UrbanSound8K/148841-6-1-0.wav,urbansound8k/148841,Gunshot,9,train
UrbanSound8K/148841-6-2-0.wav,urbansound8k/148841,Gunshot,9,train
UrbanSound8K/149177-6-0-0.wav,urbansound8k/149177,Gunshot,9,train
UrbanSound8K/149193-5-0-0.wav,urbansound8k/149193,Car_Engine,3,train
UrbanSound8K/149193-5-0-1.wav,urbansound8k/149193,Car_Engine,3,train
UrbanSound8K/149193-5-0-2.wav,urbansound8k/149193,Car_Engine,3,train
UrbanSound8K/149193-5-0-3.wav,urbansound8k/149193,Car_Engine,3,train
UrbanSound8K/149193-5-0-4.wav,urbansound8k/149193,Car_Engine,3,train
UrbanSound8K/149193-5-0-5.wav,urbansound8k/149193,Car_Engine,3,train
UrbanSound8K/151005-4-0-0.wav,urbansound8k/151005,Drilling,6,train
UrbanSound8K/151005-4-0-1.wav,urbansound8k/151005,Drilling,6,train
UrbanSound8K/151005-4-0-2.wav,urbansound8k/151005,Drilling,6,train
UrbanSound8K/151005-4-0-3.wav,urbansound8k/151005,Drilling,6,train
UrbanSound8K/151005-4-1-0.wav,urbansound8k/151005,Drilling,6,train
UrbanSound8K/151005-4-1-1.wav,urbansound8k/151005,Drilling,6,train
UrbanSound8K/151005-4-1-2.wav,urbansound8k/151005,Drilling,6,train
UrbanSound8K/151005-4-2-0.wav,urbansound8k/151005,Drilling,6,train
UrbanSound8K/151005-4-2-1.wav,urbansound8k/151005,Drilling,6,train
UrbanSound8K/151005-4-3-0.wav,urbansound8k/151005,Drilling,6,train
UrbanSound8K/151005-4-3-1.wav,urbansound8k/151005,Drilling,6,train
UrbanSound8K/151005-4-3-2.wav,urbansound8k/151005,Drilling,6,train
UrbanSound8K/151065-6-0-0.wav,urbansound8k/151065,Gunshot,9,test
UrbanSound8K/151069-6-0-0.wav,urbansound8k/151069,Gunshot,9,train
UrbanSound8K/151071-6-0-0.wav,urbansound8k/151071,Gunshot,9,train
UrbanSound8K/151877-5-0-0.wav,urbansound8k/151877,Car_Engine,3,train
UrbanSound8K/151877-5-1-0.wav,urbansound8k/151877,Car_Engine,3,train
UrbanSound8K/152588-3-0-0.wav,urbansound8k/152588,Dog_Bark,4,train
UrbanSound8K/152588-3-1-0.wav,urbansound8k/152588,Dog_Bark,4,train
UrbanSound8K/152588-3-2-0.wav,urbansound8k/152588,Dog_Bark,4,train
UrbanSound8K/152588-3-3-0.wav,urbansound8k/152588,Dog_Bark,4,train
UrbanSound8K/152908-5-0-0.wav,urbansound8k/152908,Car_Engine,3,train
UrbanSound8K/152908-5-0-1.wav,urbansound8k/152908,Car_Engine,3,train
UrbanSound8K/152908-5-0-10.wav,urbansound8k/152908,Car_Engine,3,train
UrbanSound8K/152908-5-0-11.wav,urbansound8k/152908,Car_Engine,3,train
UrbanSound8K/152908-5-0-12.wav,urbansound8k/152908,Car_Engine,3,train
UrbanSound8K/152908-5-0-13.wav,urbansound8k/152908,Car_Engine,3,train
UrbanSound8K/152908-5-0-2.wav,urbansound8k/152908,Car_Engine,3,train
UrbanSound8K/152908-5-0-3.wav,urbansound8k/152908,Car_Engine,3,train
UrbanSound8K/152908-5-0-4.wav,urbansound8k/152908,Car_Engine,3,train
UrbanSound8K/152908-5-0-5.wav,urbansound8k/152908,Car_Engine,3,train
UrbanSound8K/152908-5-0-6.wav,urbansound8k/152908,Car_Engine,3,train
UrbanSound8K/152908-5-0-7.wav,urbansound8k/152908,Car_Engine,3,train
UrbanSound8K/152908-5-0-8.wav,urbansound8k/152908,Car_Engine,3,train
UrbanSound8K/152908-5-0-9.wav,urbansound8k/152908,Car_Engine,3,train
UrbanSound8K/153057-1-0-0.wav,urbansound8k/153057,Vehicle_Horn,16,val
UrbanSound8K/154758-5-0-0.wav,urbansound8k/154758,Car_Engine,3,train
UrbanSound8K/154758-5-0-1.wav,urbansound8k/154758,Car_Engine,3,train
UrbanSound8K/154758-5-0-10.wav,urbansound8k/154758,Car_Engine,3,train
UrbanSound8K/154758-5-0-11.wav,urbansound8k/154758,Car_Engine,3,train
UrbanSound8K/154758-5-0-12.wav,urbansound8k/154758,Car_Engine,3,train
UrbanSound8K/154758-5-0-13.wav,urbansound8k/154758,Car_Engine,3,train
UrbanSound8K/154758-5-0-14.wav,urbansound8k/154758,Car_Engine,3,train
UrbanSound8K/154758-5-0-15.wav,urbansound8k/154758,Car_Engine,3,train
UrbanSound8K/154758-5-0-16.wav,urbansound8k/154758,Car_Engine,3,train
UrbanSound8K/154758-5-0-17.wav,urbansound8k/154758,Car_Engine,3,train
UrbanSound8K/154758-5-0-18.wav,urbansound8k/154758,Car_Engine,3,train
UrbanSound8K/154758-5-0-19.wav,urbansound8k/154758,Car_Engine,3,train
UrbanSound8K/154758-5-0-2.wav,urbansound8k/154758,Car_Engine,3,train
UrbanSound8K/154758-5-0-20.wav,urbansound8k/154758,Car_Engine,3,train
UrbanSound8K/154758-5-0-21.wav,urbansound8k/154758,Car_Engine,3,train
UrbanSound8K/154758-5-0-3.wav,urbansound8k/154758,Car_Engine,3,train
UrbanSound8K/154758-5-0-4.wav,urbansound8k/154758,Car_Engine,3,train
UrbanSound8K/154758-5-0-5.wav,urbansound8k/154758,Car_Engine,3,train
UrbanSound8K/154758-5-0-6.wav,urbansound8k/154758,Car_Engine,3,train
UrbanSound8K/154758-5-0-7.wav,urbansound8k/154758,Car_Engine,3,train
UrbanSound8K/154758-5-0-8.wav,urbansound8k/154758,Car_Engine,3,train
UrbanSound8K/154758-5-0-9.wav,urbansound8k/154758,Car_Engine,3,train
UrbanSound8K/155129-1-2-0.wav,urbansound8k/155129,Vehicle_Horn,16,train
UrbanSound8K/155130-1-1-0.wav,urbansound8k/155130,Vehicle_Horn,16,train
UrbanSound8K/155234-1-0-0.wav,urbansound8k/155234,Vehicle_Horn,16,train
UrbanSound8K/155283-1-0-0.wav,urbansound8k/155283,Vehicle_Horn,16,train
UrbanSound8K/155283-1-1-0.wav,urbansound8k/155283,Vehicle_Horn,16,train
UrbanSound8K/155294-3-0-0.wav,urbansound8k/155294,Dog_Bark,4,train
UrbanSound8K/155299-3-0-1.wav,urbansound8k/155299,Dog_Bark,4,train
UrbanSound8K/155299-3-1-0.wav,urbansound8k/155299,Dog_Bark,4,train
UrbanSound8K/155299-3-1-1.wav,urbansound8k/155299,Dog_Bark,4,train
UrbanSound8K/155299-3-1-2.wav,urbansound8k/155299,Dog_Bark,4,train
UrbanSound8K/155309-3-0-0.wav,urbansound8k/155309,Dog_Bark,4,train
UrbanSound8K/155310-3-0-0.wav,urbansound8k/155310,Dog_Bark,4,val
UrbanSound8K/155311-3-0-0.wav,urbansound8k/155311,Dog_Bark,4,train
UrbanSound8K/155312-3-0-0.wav,urbansound8k/155312,Dog_Bark,4,train
UrbanSound8K/155313-3-0-0.wav,urbansound8k/155313,Dog_Bark,4,train
UrbanSound8K/155314-3-0-1.wav,urbansound8k/155314,Dog_Bark,4,val
UrbanSound8K/155314-3-0-2.wav,urbansound8k/155314,Dog_Bark,4,val
UrbanSound8K/155314-3-0-5.wav,urbansound8k/155314,Dog_Bark,4,val
UrbanSound8K/155315-3-0-0.wav,urbansound8k/155315,Dog_Bark,4,val
UrbanSound8K/155317-3-0-0.wav,urbansound8k/155317,Dog_Bark,4,train
UrbanSound8K/155320-3-0-0.wav,urbansound8k/155320,Dog_Bark,4,train
UrbanSound8K/15544-5-0-0.wav,urbansound8k/15544,Car_Engine,3,val
UrbanSound8K/15544-5-0-1.wav,urbansound8k/15544,Car_Engine,3,val
UrbanSound8K/15544-5-0-10.wav,urbansound8k/15544,Car_Engine,3,val
UrbanSound8K/15544-5-0-11.wav,urbansound8k/15544,Car_Engine,3,val
UrbanSound8K/15544-5-0-12.wav,urbansound8k/15544,Car_Engine,3,val
UrbanSound8K/15544-5-0-13.wav,urbansound8k/15544,Car_Engine,3,val
UrbanSound8K/15544-5-0-14.wav,urbansound8k/15544,Car_Engine,3,val
UrbanSound8K/15544-5-0-15.wav,urbansound8k/15544,Car_Engine,3,val
UrbanSound8K/15544-5-0-16.wav,urbansound8k/15544,Car_Engine,3,val
UrbanSound8K/15544-5-0-17.wav,urbansound8k/15544,Car_Engine,3,val
UrbanSound8K/15544-5-0-18.wav,urbansound8k/15544,Car_Engine,3,val
UrbanSound8K/15544-5-0-19.wav,urbansound8k/15544,Car_Engine,3,val
UrbanSound8K/15544-5-0-2.wav,urbansound8k/15544,Car_Engine,3,val
UrbanSound8K/15544-5-0-3.wav,urbansound8k/15544,Car_Engine,3,val
UrbanSound8K/15544-5-0-4.wav,urbansound8k/15544,Car_Engine,3,val
UrbanSound8K/15544-5-0-5.wav,urbansound8k/15544,Car_Engine,3,val
UrbanSound8K/15544-5-0-6.wav,urbansound8k/15544,Car_Engine,3,val
UrbanSound8K/15544-5-0-7.wav,urbansound8k/15544,Car_Engine,3,val
UrbanSound8K/15544-5-0-8.wav,urbansound8k/15544,Car_Engine,3,val
UrbanSound8K/15544-5-0-9.wav,urbansound8k/15544,Car_Engine,3,val
UrbanSound8K/155488-3-0-6.wav,urbansound8k/155488,Dog_Bark,4,train
UrbanSound8K/155488-3-2-0.wav,urbansound8k/155488,Dog_Bark,4,train
UrbanSound8K/155488-3-3-0.wav,urbansound8k/155488,Dog_Bark,4,train
UrbanSound8K/155488-3-3-1.wav,urbansound8k/155488,Dog_Bark,4,train
UrbanSound8K/156091-1-0-0.wav,urbansound8k/156091,Vehicle_Horn,16,train
UrbanSound8K/156358-5-0-0.wav,urbansound8k/156358,Car_Engine,3,train
UrbanSound8K/156358-5-0-1.wav,urbansound8k/156358,Car_Engine,3,train
UrbanSound8K/156358-5-0-2.wav,urbansound8k/156358,Car_Engine,3,train
UrbanSound8K/156358-5-0-3.wav,urbansound8k/156358,Car_Engine,3,train
UrbanSound8K/156358-5-0-4.wav,urbansound8k/156358,Car_Engine,3,train
UrbanSound8K/156358-5-0-5.wav,urbansound8k/156358,Car_Engine,3,train
UrbanSound8K/156358-5-0-6.wav,urbansound8k/156358,Car_Engine,3,train
UrbanSound8K/156362-4-0-0.wav,urbansound8k/156362,Drilling,6,train
UrbanSound8K/156362-4-0-1.wav,urbansound8k/156362,Drilling,6,train
UrbanSound8K/156362-4-0-2.wav,urbansound8k/156362,Drilling,6,train
UrbanSound8K/156362-4-0-3.wav,urbansound8k/156362,Drilling,6,train
UrbanSound8K/156362-4-1-0.wav,urbansound8k/156362,Drilling,6,train
UrbanSound8K/156362-4-2-0.wav,urbansound8k/156362,Drilling,6,train
UrbanSound8K/156362-4-2-1.wav,urbansound8k/156362,Drilling,6,train
UrbanSound8K/156362-4-3-0.wav,urbansound8k/156362,Drilling,6,train
UrbanSound8K/156362-4-3-1.wav,urbansound8k/156362,Drilling,6,train
UrbanSound8K/156362-4-3-2.wav,urbansound8k/156362,Drilling,6,train
UrbanSound8K/156362-4-3-3.wav,urbansound8k/156362,Drilling,6,train
UrbanSound8K/156362-4-3-4.wav,urbansound8k/156362,Drilling,6,train
UrbanSound8K/156362-4-3-5.wav,urbansound8k/156362,Drilling,6,train
UrbanSound8K/156362-4-3-6.wav,urbansound8k/156362,Drilling,6,train
UrbanSound8K/156362-4-3-7.wav,urbansound8k/156362,Drilling,6,train
UrbanSound8K/156362-4-3-8.wav,urbansound8k/156362,Drilling,6,train
UrbanSound8K/156418-3-0-0.wav,urbansound8k/156418,Dog_Bark,4,val
UrbanSound8K/156418-3-0-1.wav,urbansound8k/156418,Dog_Bark,4,val
UrbanSound8K/156418-3-1-0.wav,urbansound8k/156418,Dog_Bark,4,val
UrbanSound8K/156418-3-2-0.wav,urbansound8k/156418,Dog_Bark,4,val
UrbanSound8K/156634-5-0-0.wav,urbansound8k/156634,Car_Engine,3,train
UrbanSound8K/156634-5-0-1.wav,urbansound8k/156634,Car_Engine,3,train
UrbanSound8K/156634-5-0-10.wav,urbansound8k/156634,Car_Engine,3,train
UrbanSound8K/156634-5-0-11.wav,urbansound8k/156634,Car_Engine,3,train
UrbanSound8K/156634-5-0-12.wav,urbansound8k/156634,Car_Engine,3,train
UrbanSound8K/156634-5-0-2.wav,urbansound8k/156634,Car_Engine,3,train
UrbanSound8K/156634-5-0-3.wav,urbansound8k/156634,Car_Engine,3,train
UrbanSound8K/156634-5-0-4.wav,urbansound8k/156634,Car_Engine,3,train
UrbanSound8K/156634-5-0-5.wav,urbansound8k/156634,Car_Engine,3,train
UrbanSound8K/156634-5-0-6.wav,urbansound8k/156634,Car_Engine,3,train
UrbanSound8K/156634-5-0-7.wav,urbansound8k/156634,Car_Engine,3,train
UrbanSound8K/156634-5-0-8.wav,urbansound8k/156634,Car_Engine,3,train
UrbanSound8K/156634-5-0-9.wav,urbansound8k/156634,Car_Engine,3,train
UrbanSound8K/156634-5-1-0.wav,urbansound8k/156634,Car_Engine,3,train
UrbanSound8K/156634-5-2-0.wav,urbansound8k/156634,Car_Engine,3,train
UrbanSound8K/156634-5-2-1.wav,urbansound8k/156634,Car_Engine,3,train
UrbanSound8K/156634-5-2-2.wav,urbansound8k/156634,Car_Engine,3,train
UrbanSound8K/156634-5-2-3.wav,urbansound8k/156634,Car_Engine,3,train
UrbanSound8K/156634-5-2-4.wav,urbansound8k/156634,Car_Engine,3,train
UrbanSound8K/156634-5-2-5.wav,urbansound8k/156634,Car_Engine,3,train
UrbanSound8K/156634-5-2-6.wav,urbansound8k/156634,Car_Engine,3,train
UrbanSound8K/156634-5-2-7.wav,urbansound8k/156634,Car_Engine,3,train
UrbanSound8K/156634-5-2-8.wav,urbansound8k/156634,Car_Engine,3,train
UrbanSound8K/156868-8-0-0.wav,urbansound8k/156868,Siren,14,train
UrbanSound8K/156868-8-1-0.wav,urbansound8k/156868,Siren,14,train
UrbanSound8K/156868-8-2-0.wav,urbansound8k/156868,Siren,14,train
UrbanSound8K/156868-8-3-0.wav,urbansound8k/156868,Siren,14,train
UrbanSound8K/156868-8-4-0.wav,urbansound8k/156868,Siren,14,train
UrbanSound8K/156869-8-0-0.wav,urbansound8k/156869,Siren,14,train
UrbanSound8K/156869-8-0-1.wav,urbansound8k/156869,Siren,14,train
UrbanSound8K/156869-8-0-10.wav,urbansound8k/156869,Siren,14,train
UrbanSound8K/156869-8-0-11.wav,urbansound8k/156869,Siren,14,train
UrbanSound8K/156869-8-0-2.wav,urbansound8k/156869,Siren,14,train
UrbanSound8K/156869-8-0-3.wav,urbansound8k/156869,Siren,14,train
UrbanSound8K/156869-8-0-4.wav,urbansound8k/156869,Siren,14,train
UrbanSound8K/156869-8-0-5.wav,urbansound8k/156869,Siren,14,train
UrbanSound8K/156869-8-0-6.wav,urbansound8k/156869,Siren,14,train
UrbanSound8K/156869-8-0-7.wav,urbansound8k/156869,Siren,14,train
UrbanSound8K/156869-8-0-8.wav,urbansound8k/156869,Siren,14,train
UrbanSound8K/156869-8-0-9.wav,urbansound8k/156869,Siren,14,train
UrbanSound8K/156893-7-0-0.wav,urbansound8k/156893,Jackhammer,11,train
UrbanSound8K/156893-7-1-0.wav,urbansound8k/156893,Jackhammer,11,train
UrbanSound8K/156893-7-10-0.wav,urbansound8k/156893,Jackhammer,11,train
UrbanSound8K/156893-7-11-0.wav,urbansound8k/156893,Jackhammer,11,train
UrbanSound8K/156893-7-2-0.wav,urbansound8k/156893,Jackhammer,11,train
UrbanSound8K/156893-7-3-0.wav,urbansound8k/156893,Jackhammer,11,train
UrbanSound8K/156893-7-4-0.wav,urbansound8k/156893,Jackhammer,11,train
UrbanSound8K/156893-7-5-0.wav,urbansound8k/156893,Jackhammer,11,train
UrbanSound8K/156893-7-6-0.wav,urbansound8k/156893,Jackhammer,11,train
UrbanSound8K/156893-7-7-0.wav,urbansound8k/156893,Jackhammer,11,train
UrbanSound8K/156893-7-8-0.wav,urbansound8k/156893,Jackhammer,11,train
UrbanSound8K/156893-7-9-0.wav,urbansound8k/156893,Jackhammer,11,train
UrbanSound8K/156897-6-0-0.wav,urbansound8k/156897,Gunshot,9,train
UrbanSound8K/157207-6-0-0.wav,urbansound8k/157207,Gunshot,9,train
UrbanSound8K/157207-6-1-0.wav,urbansound8k/157207,Gunshot,9,train
UrbanSound8K/157207-6-10-0.wav,urbansound8k/157207,Gunshot,9,train
UrbanSound8K/157207-6-2-0.wav,urbansound8k/157207,Gunshot,9,train
UrbanSound8K/157207-6-3-0.wav,urbansound8k/157207,Gunshot,9,train
UrbanSound8K/157207-6-4-0.wav,urbansound8k/157207,Gunshot,9,train
UrbanSound8K/157207-6-5-0.wav,urbansound8k/157207,Gunshot,9,train
UrbanSound8K/157207-6-6-0.wav,urbansound8k/157207,Gunshot,9,train
UrbanSound8K/157207-6-7-0.wav,urbansound8k/157207,Gunshot,9,train
UrbanSound8K/157207-6-8-0.wav,urbansound8k/157207,Gunshot,9,train
UrbanSound8K/157207-6-9-0.wav,urbansound8k/157207,Gunshot,9,train
UrbanSound8K/157322-3-0-3.wav,urbansound8k/157322,Dog_Bark,4,train
UrbanSound8K/157322-3-0-4.wav,urbansound8k/157322,Dog_Bark,4,train
UrbanSound8K/157322-3-0-5.wav,urbansound8k/157322,Dog_Bark,4,train
UrbanSound8K/157322-3-0-6.wav,urbansound8k/157322,Dog_Bark,4,train
UrbanSound8K/157648-8-0-0.wav,urbansound8k/157648,Siren,14,train
UrbanSound8K/157649-3-0-0.wav,urbansound8k/157649,Dog_Bark,4,test
UrbanSound8K/157649-3-0-1.wav,urbansound8k/157649,Dog_Bark,4,test
UrbanSound8K/157649-3-1-1.wav,urbansound8k/157649,Dog_Bark,4,test
UrbanSound8K/157649-3-2-0.wav,urbansound8k/157649,Dog_Bark,4,test
UrbanSound8K/157695-3-0-19.wav,urbansound8k/157695,Dog_Bark,4,val
UrbanSound8K/157695-3-0-2.wav,urbansound8k/157695,Dog_Bark,4,val
UrbanSound8K/157695-3-0-27.wav,urbansound8k/157695,Dog_Bark,4,val
UrbanSound8K/157695-3-0-8.wav,urbansound8k/157695,Dog_Bark,4,val
UrbanSound8K/157799-6-0-0.wav,urbansound8k/157799,Gunshot,9,train
UrbanSound8K/157800-6-0-0.wav,urbansound8k/157800,Gunshot,9,train
UrbanSound8K/157801-6-0-0.wav,urbansound8k/157801,Gunshot,9,train
UrbanSound8K/157866-8-0-0.wav,urbansound8k/157866,Siren,14,train
UrbanSound8K/157866-8-0-1.wav,urbansound8k/157866,Siren,14,train
UrbanSound8K/157866-8-0-10.wav,urbansound8k/157866,Siren,14,train
UrbanSound8K/157866-8-0-11.wav,urbansound8k/157866,Siren,14,train
UrbanSound8K/157866-8-0-12.wav,urbansound8k/157866,Siren,14,train
UrbanSound8K/157866-8-0-13.wav,urbansound8k/157866,Siren,14,train
UrbanSound8K/157866-8-0-14.wav,urbansound8k/157866,Siren,14,train
UrbanSound8K/157866-8-0-15.wav,urbansound8k/157866,Siren,14,train
UrbanSound8K/157866-8-0-16.wav,urbansound8k/157866,Siren,14,train
UrbanSound8K/157866-8-0-17.wav,urbansound8k/157866,Siren,14,train
UrbanSound8K/157866-8-0-18.wav,urbansound8k/157866,Siren,14,train
UrbanSound8K/157866-8-0-19.wav,urbansound8k/157866,Siren,14,train
UrbanSound8K/157866-8-0-2.wav,urbansound8k/157866,Siren,14,train
UrbanSound8K/157866-8-0-20.wav,urbansound8k/157866,Siren,14,train
UrbanSound8K/157866-8-0-21.wav,urbansound8k/157866,Siren,14,train
UrbanSound8K/157866-8-0-22.wav,urbansound8k/157866,Siren,14,train
UrbanSound8K/157866-8-0-23.wav,urbansound8k/157866,Siren,14,train
UrbanSound8K/157866-8-0-24.wav,urbansound8k/157866,Siren,14,train
UrbanSound8K/157866-8-0-25.wav,urbansound8k/157866,Siren,14,train
UrbanSound8K/157866-8-0-26.wav,urbansound8k/157866,Siren,14,train
UrbanSound8K/157866-8-0-27.wav,urbansound8k/157866,Siren,14,train
UrbanSound8K/157866-8-0-3.wav,urbansound8k/157866,Siren,14,train
UrbanSound8K/157866-8-0-4.wav,urbansound8k/157866,Siren,14,train
UrbanSound8K/157866-8-0-5.wav,urbansound8k/157866,Siren,14,train
UrbanSound8K/157866-8-0-6.wav,urbansound8k/157866,Siren,14,train
UrbanSound8K/157866-8-0-7.wav,urbansound8k/157866,Siren,14,train
UrbanSound8K/157866-8-0-8.wav,urbansound8k/157866,Siren,14,train
UrbanSound8K/157866-8-0-9.wav,urbansound8k/157866,Siren,14,train
UrbanSound8K/157867-8-0-0.wav,urbansound8k/157867,Siren,14,test
UrbanSound8K/157867-8-0-1.wav,urbansound8k/157867,Siren,14,test
UrbanSound8K/157867-8-0-10.wav,urbansound8k/157867,Siren,14,test
UrbanSound8K/157867-8-0-11.wav,urbansound8k/157867,Siren,14,test
UrbanSound8K/157867-8-0-12.wav,urbansound8k/157867,Siren,14,test
UrbanSound8K/157867-8-0-13.wav,urbansound8k/157867,Siren,14,test
UrbanSound8K/157867-8-0-14.wav,urbansound8k/157867,Siren,14,test
UrbanSound8K/157867-8-0-15.wav,urbansound8k/157867,Siren,14,test
UrbanSound8K/157867-8-0-16.wav,urbansound8k/157867,Siren,14,test
UrbanSound8K/157867-8-0-17.wav,urbansound8k/157867,Siren,14,test
UrbanSound8K/157867-8-0-18.wav,urbansound8k/157867,Siren,14,test
UrbanSound8K/157867-8-0-19.wav,urbansound8k/157867,Siren,14,test
UrbanSound8K/157867-8-0-2.wav,urbansound8k/157867,Siren,14,test
UrbanSound8K/157867-8-0-20.wav,urbansound8k/157867,Siren,14,test
UrbanSound8K/157867-8-0-21.wav,urbansound8k/157867,Siren,14,test
UrbanSound8K/157867-8-0-22.wav,urbansound8k/157867,Siren,14,test
UrbanSound8K/157867-8-0-23.wav,urbansound8k/157867,Siren,14,test
UrbanSound8K/157867-8-0-24.wav,urbansound8k/157867,Siren,14,test
UrbanSound8K/157867-8-0-25.wav,urbansound8k/157867,Siren,14,test
UrbanSound8K/157867-8-0-26.wav,urbansound8k/157867,Siren,14,test
UrbanSound8K/157867-8-0-27.wav,urbansound8k/157867,Siren,14,test
UrbanSound8K/157867-8-0-28.wav,urbansound8k/157867,Siren,14,test
UrbanSound8K/157867-8-0-3.wav,urbansound8k/157867,Siren,14,test
UrbanSound8K/157867-8-0-4.wav,urbansound8k/157867,Siren,14,test
UrbanSound8K/157867-8-0-5.wav,urbansound8k/157867,Siren,14,test
UrbanSound8K/157867-8-0-6.wav,urbansound8k/157867,Siren,14,test
UrbanSound8K/157867-8-0-7.wav,urbansound8k/157867,Siren,14,test
UrbanSound8K/157867-8-0-8.wav,urbansound8k/157867,Siren,14,test
UrbanSound8K/157867-8-0-9.wav,urbansound8k/157867,Siren,14,test
UrbanSound8K/157868-8-0-0.wav,urbansound8k/157868,Siren,14,val
UrbanSound8K/157868-8-0-1.wav,urbansound8k/157868,Siren,14,val
UrbanSound8K/157868-8-0-10.wav,urbansound8k/157868,Siren,14,val
UrbanSound8K/157868-8-0-11.wav,urbansound8k/157868,Siren,14,val
UrbanSound8K/157868-8-0-12.wav,urbansound8k/157868,Siren,14,val
UrbanSound8K/157868-8-0-13.wav,urbansound8k/157868,Siren,14,val
UrbanSound8K/157868-8-0-14.wav,urbansound8k/157868,Siren,14,val
UrbanSound8K/157868-8-0-15.wav,urbansound8k/157868,Siren,14,val
UrbanSound8K/157868-8-0-16.wav,urbansound8k/157868,Siren,14,val
UrbanSound8K/157868-8-0-17.wav,urbansound8k/157868,Siren,14,val
UrbanSound8K/157868-8-0-18.wav,urbansound8k/157868,Siren,14,val
UrbanSound8K/157868-8-0-19.wav,urbansound8k/157868,Siren,14,val
UrbanSound8K/157868-8-0-2.wav,urbansound8k/157868,Siren,14,val
UrbanSound8K/157868-8-0-20.wav,urbansound8k/157868,Siren,14,val
UrbanSound8K/157868-8-0-21.wav,urbansound8k/157868,Siren,14,val
UrbanSound8K/157868-8-0-22.wav,urbansound8k/157868,Siren,14,val
UrbanSound8K/157868-8-0-23.wav,urbansound8k/157868,Siren,14,val
UrbanSound8K/157868-8-0-24.wav,urbansound8k/157868,Siren,14,val
UrbanSound8K/157868-8-0-25.wav,urbansound8k/157868,Siren,14,val
UrbanSound8K/157868-8-0-26.wav,urbansound8k/157868,Siren,14,val
UrbanSound8K/157868-8-0-27.wav,urbansound8k/157868,Siren,14,val
UrbanSound8K/157868-8-0-3.wav,urbansound8k/157868,Siren,14,val
UrbanSound8K/157868-8-0-4.wav,urbansound8k/157868,Siren,14,val
UrbanSound8K/157868-8-0-5.wav,urbansound8k/157868,Siren,14,val
UrbanSound8K/157868-8-0-6.wav,urbansound8k/157868,Siren,14,val
UrbanSound8K/157868-8-0-7.wav,urbansound8k/157868,Siren,14,val
UrbanSound8K/157868-8-0-8.wav,urbansound8k/157868,Siren,14,val
UrbanSound8K/157868-8-0-9.wav,urbansound8k/157868,Siren,14,val
UrbanSound8K/157950-3-0-0.wav,urbansound8k/157950,Dog_Bark,4,val
UrbanSound8K/158607-3-0-0.wav,urbansound8k/158607,Dog_Bark,4,test
UrbanSound8K/158607-3-1-0.wav,urbansound8k/158607,Dog_Bark,4,test
UrbanSound8K/158607-3-2-0.wav,urbansound8k/158607,Dog_Bark,4,test
UrbanSound8K/158608-8-0-0.wav,urbansound8k/158608,Siren,14,train
UrbanSound8K/158608-8-0-1.wav,urbansound8k/158608,Siren,14,train
UrbanSound8K/158608-8-0-10.wav,urbansound8k/158608,Siren,14,train
UrbanSound8K/158608-8-0-2.wav,urbansound8k/158608,Siren,14,train
UrbanSound8K/158608-8-0-3.wav,urbansound8k/158608,Siren,14,train
UrbanSound8K/158608-8-0-4.wav,urbansound8k/158608,Siren,14,train
UrbanSound8K/158608-8-0-5.wav,urbansound8k/158608,Siren,14,train
UrbanSound8K/158608-8-0-6.wav,urbansound8k/158608,Siren,14,train
UrbanSound8K/158608-8-0-7.wav,urbansound8k/158608,Siren,14,train
UrbanSound8K/158608-8-0-8.wav,urbansound8k/158608,Siren,14,train
UrbanSound8K/158608-8-0-9.wav,urbansound8k/158608,Siren,14,train
UrbanSound8K/158977-6-0-0.wav,urbansound8k/158977,Gunshot,9,train
UrbanSound8K/158978-6-0-0.wav,urbansound8k/158978,Gunshot,9,val
UrbanSound8K/158979-6-0-0.wav,urbansound8k/158979,Gunshot,9,train
UrbanSound8K/159176-3-0-0.wav,urbansound8k/159176,Dog_Bark,4,train
UrbanSound8K/159701-6-0-0.wav,urbansound8k/159701,Gunshot,9,train
UrbanSound8K/159701-6-1-0.wav,urbansound8k/159701,Gunshot,9,train
UrbanSound8K/159701-6-2-0.wav,urbansound8k/159701,Gunshot,9,train
UrbanSound8K/159701-6-3-0.wav,urbansound8k/159701,Gunshot,9,train
UrbanSound8K/159701-6-4-0.wav,urbansound8k/159701,Gunshot,9,train
UrbanSound8K/159701-6-5-0.wav,urbansound8k/159701,Gunshot,9,train
UrbanSound8K/159701-6-6-0.wav,urbansound8k/159701,Gunshot,9,train
UrbanSound8K/159702-6-0-0.wav,urbansound8k/159702,Gunshot,9,val
UrbanSound8K/159702-6-1-0.wav,urbansound8k/159702,Gunshot,9,val
UrbanSound8K/159702-6-2-0.wav,urbansound8k/159702,Gunshot,9,val
UrbanSound8K/159702-6-3-0.wav,urbansound8k/159702,Gunshot,9,val
UrbanSound8K/159702-6-4-0.wav,urbansound8k/159702,Gunshot,9,val
UrbanSound8K/159702-6-5-0.wav,urbansound8k/159702,Gunshot,9,val
UrbanSound8K/159702-6-6-0.wav,urbansound8k/159702,Gunshot,9,val
UrbanSound8K/159703-6-0-0.wav,urbansound8k/159703,Gunshot,9,train
UrbanSound8K/159704-6-0-0.wav,urbansound8k/159704,Gunshot,9,train
UrbanSound8K/159705-6-0-0.wav,urbansound8k/159705,Gunshot,9,val
UrbanSound8K/159706-6-0-0.wav,urbansound8k/159706,Gunshot,9,train
UrbanSound8K/159707-6-0-0.wav,urbansound8k/159707,Gunshot,9,test
UrbanSound8K/159708-6-6-0.wav,urbansound8k/159708,Gunshot,9,train
UrbanSound8K/159709-6-0-0.wav,urbansound8k/159709,Gunshot,9,train
UrbanSound8K/159710-6-0-0.wav,urbansound8k/159710,Gunshot,9,train
UrbanSound8K/159726-3-0-0.wav,urbansound8k/159726,Dog_Bark,4,train
UrbanSound8K/159726-3-1-0.wav,urbansound8k/159726,Dog_Bark,4,train
UrbanSound8K/159738-8-0-10.wav,urbansound8k/159738,Siren,14,train
UrbanSound8K/159738-8-0-11.wav,urbansound8k/159738,Siren,14,train
UrbanSound8K/159738-8-0-12.wav,urbansound8k/159738,Siren,14,train
UrbanSound8K/159738-8-0-13.wav,urbansound8k/159738,Siren,14,train
UrbanSound8K/159738-8-0-14.wav,urbansound8k/159738,Siren,14,train
UrbanSound8K/159738-8-0-15.wav,urbansound8k/159738,Siren,14,train
UrbanSound8K/159738-8-0-16.wav,urbansound8k/159738,Siren,14,train
UrbanSound8K/159738-8-0-17.wav,urbansound8k/159738,Siren,14,train
UrbanSound8K/159738-8-0-2.wav,urbansound8k/159738,Siren,14,train
UrbanSound8K/159738-8-0-3.wav,urbansound8k/159738,Siren,14,train
UrbanSound8K/159738-8-0-4.wav,urbansound8k/159738,Siren,14,train
UrbanSound8K/159738-8-0-5.wav,urbansound8k/159738,Siren,14,train
UrbanSound8K/159738-8-0-6.wav,urbansound8k/159738,Siren,14,train
UrbanSound8K/159738-8-0-7.wav,urbansound8k/159738,Siren,14,train
UrbanSound8K/159738-8-0-8.wav,urbansound8k/159738,Siren,14,train
UrbanSound8K/159738-8-0-9.wav,urbansound8k/159738,Siren,14,train
UrbanSound8K/159742-8-0-10.wav,urbansound8k/159742,Siren,14,train
UrbanSound8K/159742-8-0-11.wav,urbansound8k/159742,Siren,14,train
UrbanSound8K/159742-8-0-12.wav,urbansound8k/159742,Siren,14,train
UrbanSound8K/159742-8-0-13.wav,urbansound8k/159742,Siren,14,train
UrbanSound8K/159742-8-0-14.wav,urbansound8k/159742,Siren,14,train
UrbanSound8K/159742-8-0-5.wav,urbansound8k/159742,Siren,14,train
UrbanSound8K/159742-8-0-6.wav,urbansound8k/159742,Siren,14,train
UrbanSound8K/159742-8-0-7.wav,urbansound8k/159742,Siren,14,train
UrbanSound8K/159742-8-0-8.wav,urbansound8k/159742,Siren,14,train
UrbanSound8K/159742-8-0-9.wav,urbansound8k/159742,Siren,14,train
UrbanSound8K/159743-8-0-0.wav,urbansound8k/159743,Siren,14,train
UrbanSound8K/159744-8-0-0.wav,urbansound8k/159744,Siren,14,train
UrbanSound8K/159744-8-0-1.wav,urbansound8k/159744,Siren,14,train
UrbanSound8K/159744-8-0-10.wav,urbansound8k/159744,Siren,14,train
UrbanSound8K/159744-8-0-11.wav,urbansound8k/159744,Siren,14,train
UrbanSound8K/159744-8-0-12.wav,urbansound8k/159744,Siren,14,train
UrbanSound8K/159744-8-0-2.wav,urbansound8k/159744,Siren,14,train
UrbanSound8K/159744-8-0-3.wav,urbansound8k/159744,Siren,14,train
UrbanSound8K/159744-8-0-4.wav,urbansound8k/159744,Siren,14,train
UrbanSound8K/159744-8-0-5.wav,urbansound8k/159744,Siren,14,train
UrbanSound8K/159744-8-0-6.wav,urbansound8k/159744,Siren,14,train
UrbanSound8K/159744-8-0-7.wav,urbansound8k/159744,Siren,14,train
UrbanSound8K/159744-8-0-8.wav,urbansound8k/159744,Siren,14,train
UrbanSound8K/159744-8-0-9.wav,urbansound8k/159744,Siren,14,train
UrbanSound8K/159745-8-0-0.wav,urbansound8k/159745,Siren,14,train
UrbanSound8K/159745-8-1-0.wav,urbansound8k/159745,Siren,14,train
UrbanSound8K/159745-8-1-1.wav,urbansound8k/159745,Siren,14,train
UrbanSound8K/159745-8-1-2.wav,urbansound8k/159745,Siren,14,train
UrbanSound8K/159745-8-1-3.wav,urbansound8k/159745,Siren,14,train
UrbanSound8K/159745-8-1-4.wav,urbansound8k/159745,Siren,14,train
UrbanSound8K/159747-8-0-10.wav,urbansound8k/159747,Siren,14,train
UrbanSound8K/159747-8-0-11.wav,urbansound8k/159747,Siren,14,train
UrbanSound8K/159747-8-0-12.wav,urbansound8k/159747,Siren,14,train
UrbanSound8K/159747-8-0-13.wav,urbansound8k/159747,Siren,14,train
UrbanSound8K/159747-8-0-14.wav,urbansound8k/159747,Siren,14,train
UrbanSound8K/159747-8-0-15.wav,urbansound8k/159747,Siren,14,train
UrbanSound8K/159747-8-0-16.wav,urbansound8k/159747,Siren,14,train
UrbanSound8K/159747-8-0-17.wav,urbansound8k/159747,Siren,14,train
UrbanSound8K/159747-8-0-18.wav,urbansound8k/159747,Siren,14,train
UrbanSound8K/159747-8-0-2.wav,urbansound8k/159747,Siren,14,train
UrbanSound8K/159747-8-0-3.wav,urbansound8k/159747,Siren,14,train
UrbanSound8K/159747-8-0-4.wav,urbansound8k/159747,Siren,14,train
UrbanSound8K/159747-8-0-5.wav,urbansound8k/159747,Siren,14,train
UrbanSound8K/159747-8-0-6.wav,urbansound8k/159747,Siren,14,train
UrbanSound8K/159747-8-0-7.wav,urbansound8k/159747,Siren,14,train
UrbanSound8K/159747-8-0-8.wav,urbansound8k/159747,Siren,14,train
UrbanSound8K/159747-8-0-9.wav,urbansound8k/159747,Siren,14,train
UrbanSound8K/159748-8-0-0.wav,urbansound8k/159748,Siren,14,train
UrbanSound8K/159748-8-0-1.wav,urbansound8k/159748,Siren,14,train
UrbanSound8K/159748-8-0-2.wav,urbansound8k/159748,Siren,14,train
UrbanSound8K/159748-8-0-3.wav,urbansound8k/159748,Siren,14,train
UrbanSound8K/159748-8-0-4.wav,urbansound8k/159748,Siren,14,train
UrbanSound8K/159748-8-0-5.wav,urbansound8k/159748,Siren,14,train
UrbanSound8K/159748-8-0-6.wav,urbansound8k/159748,Siren,14,train
UrbanSound8K/159748-8-0-7.wav,urbansound8k/159748,Siren,14,train
UrbanSound8K/159748-8-0-8.wav,urbansound8k/159748,Siren,14,train
UrbanSound8K/159748-8-0-9.wav,urbansound8k/159748,Siren,14,train
UrbanSound8K/159748-8-1-0.wav,urbansound8k/159748,Siren,14,train
UrbanSound8K/159748-8-2-0.wav,urbansound8k/159748,Siren,14,train
UrbanSound8K/159748-8-2-1.wav,urbansound8k/159748,Siren,14,train
UrbanSound8K/159748-8-2-2.wav,urbansound8k/159748,Siren,14,train
UrbanSound8K/159748-8-2-3.wav,urbansound8k/159748,Siren,14,train
UrbanSound8K/159748-8-2-4.wav,urbansound8k/159748,Siren,14,train
UrbanSound8K/159748-8-2-5.wav,urbansound8k/159748,Siren,14,train
UrbanSound8K/159748-8-2-6.wav,urbansound8k/159748,Siren,14,train
UrbanSound8K/159748-8-2-7.wav,urbansound8k/159748,Siren,14,train
UrbanSound8K/159748-8-2-8.wav,urbansound8k/159748,Siren,14,train
UrbanSound8K/159750-8-0-0.wav,urbansound8k/159750,Siren,14,train
UrbanSound8K/159750-8-0-1.wav,urbansound8k/159750,Siren,14,train
UrbanSound8K/159750-8-0-2.wav,urbansound8k/159750,Siren,14,train
UrbanSound8K/159750-8-0-3.wav,urbansound8k/159750,Siren,14,train
UrbanSound8K/159750-8-0-4.wav,urbansound8k/159750,Siren,14,train
UrbanSound8K/159750-8-0-5.wav,urbansound8k/159750,Siren,14,train
UrbanSound8K/159751-8-0-0.wav,urbansound8k/159751,Siren,14,train
UrbanSound8K/159751-8-0-1.wav,urbansound8k/159751,Siren,14,train
UrbanSound8K/159751-8-0-10.wav,urbansound8k/159751,Siren,14,train
UrbanSound8K/159751-8-0-11.wav,urbansound8k/159751,Siren,14,train
UrbanSound8K/159751-8-0-12.wav,urbansound8k/159751,Siren,14,train
UrbanSound8K/159751-8-0-13.wav,urbansound8k/159751,Siren,14,train
UrbanSound8K/159751-8-0-14.wav,urbansound8k/159751,Siren,14,train
UrbanSound8K/159751-8-0-15.wav,urbansound8k/159751,Siren,14,train
UrbanSound8K/159751-8-0-16.wav,urbansound8k/159751,Siren,14,train
UrbanSound8K/159751-8-0-17.wav,urbansound8k/159751,Siren,14,train
UrbanSound8K/159751-8-0-18.wav,urbansound8k/159751,Siren,14,train
UrbanSound8K/159751-8-0-19.wav,urbansound8k/159751,Siren,14,train
UrbanSound8K/159751-8-0-2.wav,urbansound8k/159751,Siren,14,train
UrbanSound8K/159751-8-0-20.wav,urbansound8k/159751,Siren,14,train
UrbanSound8K/159751-8-0-21.wav,urbansound8k/159751,Siren,14,train
UrbanSound8K/159751-8-0-3.wav,urbansound8k/159751,Siren,14,train
UrbanSound8K/159751-8-0-4.wav,urbansound8k/159751,Siren,14,train
UrbanSound8K/159751-8-0-5.wav,urbansound8k/159751,Siren,14,train
UrbanSound8K/159751-8-0-6.wav,urbansound8k/159751,Siren,14,train
UrbanSound8K/159751-8-0-7.wav,urbansound8k/159751,Siren,14,train
UrbanSound8K/159751-8-0-8.wav,urbansound8k/159751,Siren,14,train
UrbanSound8K/159751-8-0-9.wav,urbansound8k/159751,Siren,14,train
UrbanSound8K/159752-8-0-0.wav,urbansound8k/159752,Siren,14,train
UrbanSound8K/159752-8-0-1.wav,urbansound8k/159752,Siren,14,train
UrbanSound8K/159752-8-0-10.wav,urbansound8k/159752,Siren,14,train
UrbanSound8K/159752-8-0-11.wav,urbansound8k/159752,Siren,14,train
UrbanSound8K/159752-8-0-12.wav,urbansound8k/159752,Siren,14,train
UrbanSound8K/159752-8-0-2.wav,urbansound8k/159752,Siren,14,train
UrbanSound8K/159752-8-0-3.wav,urbansound8k/159752,Siren,14,train
UrbanSound8K/159752-8-0-4.wav,urbansound8k/159752,Siren,14,train
UrbanSound8K/159752-8-0-5.wav,urbansound8k/159752,Siren,14,train
UrbanSound8K/159752-8-0-6.wav,urbansound8k/159752,Siren,14,train
UrbanSound8K/159752-8-0-7.wav,urbansound8k/159752,Siren,14,train
UrbanSound8K/159752-8-0-8.wav,urbansound8k/159752,Siren,14,train
UrbanSound8K/159752-8-0-9.wav,urbansound8k/159752,Siren,14,train
UrbanSound8K/159752-8-1-0.wav,urbansound8k/159752,Siren,14,train
UrbanSound8K/159752-8-2-0.wav,urbansound8k/159752,Siren,14,train
UrbanSound8K/159752-8-2-1.wav,urbansound8k/159752,Siren,14,train
UrbanSound8K/159752-8-2-2.wav,urbansound8k/159752,Siren,14,train
UrbanSound8K/159752-8-2-3.wav,urbansound8k/159752,Siren,14,train
UrbanSound8K/159753-8-0-0.wav,urbansound8k/159753,Siren,14,train
UrbanSound8K/159753-8-0-1.wav,urbansound8k/159753,Siren,14,train
UrbanSound8K/159753-8-0-2.wav,urbansound8k/159753,Siren,14,train
UrbanSound8K/159753-8-0-3.wav,urbansound8k/159753,Siren,14,train
UrbanSound8K/159753-8-0-4.wav,urbansound8k/159753,Siren,14,train
UrbanSound8K/159753-8-0-5.wav,urbansound8k/159753,Siren,14,train
UrbanSound8K/159753-8-0-6.wav,urbansound8k/159753,Siren,14,train
UrbanSound8K/159754-8-0-0.wav,urbansound8k/159754,Siren,14,train
UrbanSound8K/159754-8-1-0.wav,urbansound8k/159754,Siren,14,train
UrbanSound8K/159754-8-2-0.wav,urbansound8k/159754,Siren,14,train
UrbanSound8K/159754-8-3-0.wav,urbansound8k/159754,Siren,14,train
UrbanSound8K/159754-8-4-0.wav,urbansound8k/159754,Siren,14,train
UrbanSound8K/159755-8-0-0.wav,urbansound8k/159755,Siren,14,train
UrbanSound8K/159755-8-0-1.wav,urbansound8k/159755,Siren,14,train
UrbanSound8K/159755-8-0-2.wav,urbansound8k/159755,Siren,14,train
UrbanSound8K/159755-8-0-3.wav,urbansound8k/159755,Siren,14,train
UrbanSound8K/160366-3-0-13.wav,urbansound8k/160366,Dog_Bark,4,train
UrbanSound8K/160366-3-0-4.wav,urbansound8k/160366,Dog_Bark,4,train
UrbanSound8K/160366-3-0-7.wav,urbansound8k/160366,Dog_Bark,4,train
UrbanSound8K/160366-3-0-8.wav,urbansound8k/160366,Dog_Bark,4,train
UrbanSound8K/160575-3-0-0.wav,urbansound8k/160575,Dog_Bark,4,val
UrbanSound8K/160575-3-1-0.wav,urbansound8k/160575,Dog_Bark,4,val
UrbanSound8K/160575-3-4-0.wav,urbansound8k/160575,Dog_Bark,4,val
UrbanSound8K/160575-3-7-0.wav,urbansound8k/160575,Dog_Bark,4,val
UrbanSound8K/161010-1-0-0.wav,urbansound8k/161010,Vehicle_Horn,16,train
UrbanSound8K/161010-1-1-0.wav,urbansound8k/161010,Vehicle_Horn,16,train
UrbanSound8K/161010-1-2-0.wav,urbansound8k/161010,Vehicle_Horn,16,train
UrbanSound8K/161010-1-3-0.wav,urbansound8k/161010,Vehicle_Horn,16,train
UrbanSound8K/161129-4-0-1.wav,urbansound8k/161129,Drilling,6,train
UrbanSound8K/161129-4-0-10.wav,urbansound8k/161129,Drilling,6,train
UrbanSound8K/161129-4-0-11.wav,urbansound8k/161129,Drilling,6,train
UrbanSound8K/161129-4-0-12.wav,urbansound8k/161129,Drilling,6,train
UrbanSound8K/161129-4-0-13.wav,urbansound8k/161129,Drilling,6,train
UrbanSound8K/161129-4-0-15.wav,urbansound8k/161129,Drilling,6,train
UrbanSound8K/161129-4-0-16.wav,urbansound8k/161129,Drilling,6,train
UrbanSound8K/161129-4-0-19.wav,urbansound8k/161129,Drilling,6,train
UrbanSound8K/161129-4-0-2.wav,urbansound8k/161129,Drilling,6,train
UrbanSound8K/161129-4-0-20.wav,urbansound8k/161129,Drilling,6,train
UrbanSound8K/161129-4-0-3.wav,urbansound8k/161129,Drilling,6,train
UrbanSound8K/161129-4-0-4.wav,urbansound8k/161129,Drilling,6,train
UrbanSound8K/161129-4-0-5.wav,urbansound8k/161129,Drilling,6,train
UrbanSound8K/161129-4-0-6.wav,urbansound8k/161129,Drilling,6,train
UrbanSound8K/161129-4-0-7.wav,urbansound8k/161129,Drilling,6,train
UrbanSound8K/161129-4-0-8.wav,urbansound8k/161129,Drilling,6,train
UrbanSound8K/161129-4-0-9.wav,urbansound8k/161129,Drilling,6,train
UrbanSound8K/161195-6-0-0.wav,urbansound8k/161195,Gunshot,9,train
UrbanSound8K/161922-3-1-4.wav,urbansound8k/161922,Dog_Bark,4,train
UrbanSound8K/161922-3-1-5.wav,urbansound8k/161922,Dog_Bark,4,train
UrbanSound8K/161922-3-1-6.wav,urbansound8k/161922,Dog_Bark,4,train
UrbanSound8K/161922-3-2-0.wav,urbansound8k/161922,Dog_Bark,4,train
UrbanSound8K/161923-3-0-0.wav,urbansound8k/161923,Dog_Bark,4,test
UrbanSound8K/161923-3-0-12.wav,urbansound8k/161923,Dog_Bark,4,test
UrbanSound8K/161923-3-0-19.wav,urbansound8k/161923,Dog_Bark,4,test
UrbanSound8K/161923-3-0-5.wav,urbansound8k/161923,Dog_Bark,4,test
UrbanSound8K/162134-7-0-0.wav,urbansound8k/162134,Jackhammer,11,train
UrbanSound8K/162134-7-0-1.wav,urbansound8k/162134,Jackhammer,11,train
UrbanSound8K/162134-7-0-2.wav,urbansound8k/162134,Jackhammer,11,train
UrbanSound8K/162134-7-1-0.wav,urbansound8k/162134,Jackhammer,11,train
UrbanSound8K/162134-7-10-0.wav,urbansound8k/162134,Jackhammer,11,train
UrbanSound8K/162134-7-10-1.wav,urbansound8k/162134,Jackhammer,11,train
UrbanSound8K/162134-7-10-2.wav,urbansound8k/162134,Jackhammer,11,train
UrbanSound8K/162134-7-10-3.wav,urbansound8k/162134,Jackhammer,11,train
UrbanSound8K/162134-7-11-0.wav,urbansound8k/162134,Jackhammer,11,train
UrbanSound8K/162134-7-11-1.wav,urbansound8k/162134,Jackhammer,11,train
UrbanSound8K/162134-7-11-2.wav,urbansound8k/162134,Jackhammer,11,train
UrbanSound8K/162134-7-11-3.wav,urbansound8k/162134,Jackhammer,11,train
UrbanSound8K/162134-7-11-4.wav,urbansound8k/162134,Jackhammer,11,train
UrbanSound8K/162134-7-11-5.wav,urbansound8k/162134,Jackhammer,11,train
UrbanSound8K/162134-7-11-6.wav,urbansound8k/162134,Jackhammer,11,train
UrbanSound8K/162134-7-11-7.wav,urbansound8k/162134,Jackhammer,11,train
UrbanSound8K/162134-7-12-0.wav,urbansound8k/162134,Jackhammer,11,train
UrbanSound8K/162134-7-12-1.wav,urbansound8k/162134,Jackhammer,11,train
UrbanSound8K/162134-7-12-2.wav,urbansound8k/162134,Jackhammer,11,train
UrbanSound8K/162134-7-12-3.wav,urbansound8k/162134,Jackhammer,11,train
UrbanSound8K/162134-7-12-4.wav,urbansound8k/162134,Jackhammer,11,train
UrbanSound8K/162134-7-13-0.wav,urbansound8k/162134,Jackhammer,11,train
UrbanSound8K/162134-7-13-1.wav,urbansound8k/162134,Jackhammer,11,train
UrbanSound8K/162134-7-13-2.wav,urbansound8k/162134,Jackhammer,11,train
UrbanSound8K/162134-7-13-3.wav,urbansound8k/162134,Jackhammer,11,train
UrbanSound8K/162134-7-13-4.wav,urbansound8k/162134,Jackhammer,11,train
UrbanSound8K/162134-7-14-0.wav,urbansound8k/162134,Jackhammer,11,train
UrbanSound8K/162134-7-14-1.wav,urbansound8k/162134,Jackhammer,11,train
UrbanSound8K/162134-7-14-2.wav,urbansound8k/162134,Jackhammer,11,train
UrbanSound8K/162134-7-15-0.wav,urbansound8k/162134,Jackhammer,11,train
UrbanSound8K/162134-7-15-1.wav,urbansound8k/162134,Jackhammer,11,train
UrbanSound8K/162134-7-15-2.wav,urbansound8k/162134,Jackhammer,11,train
UrbanSound8K/162134-7-15-3.wav,urbansound8k/162134,Jackhammer,11,train
UrbanSound8K/162134-7-15-4.wav,urbansound8k/162134,Jackhammer,11,train
UrbanSound8K/162134-7-16-0.wav,urbansound8k/162134,Jackhammer,11,train
UrbanSound8K/162134-7-16-1.wav,urbansound8k/162134,Jackhammer,11,train
UrbanSound8K/162134-7-17-0.wav,urbansound8k/162134,Jackhammer,11,train
UrbanSound8K/162134-7-17-1.wav,urbansound8k/162134,Jackhammer,11,train
UrbanSound8K/162134-7-17-2.wav,urbansound8k/162134,Jackhammer,11,train
UrbanSound8K/162134-7-17-3.wav,urbansound8k/162134,Jackhammer,11,train
UrbanSound8K/162134-7-17-4.wav,urbansound8k/162134,Jackhammer,11,train
UrbanSound8K/162134-7-2-0.wav,urbansound8k/162134,Jackhammer,11,train
UrbanSound8K/162134-7-3-0.wav,urbansound8k/162134,Jackhammer,11,train
UrbanSound8K/162134-7-4-0.wav,urbansound8k/162134,Jackhammer,11,train
UrbanSound8K/162134-7-5-0.wav,urbansound8k/162134,Jackhammer,11,train
UrbanSound8K/162134-7-6-0.wav,urbansound8k/162134,Jackhammer,11,train
UrbanSound8K/162134-7-7-0.wav,urbansound8k/162134,Jackhammer,11,train
UrbanSound8K/162134-7-7-1.wav,urbansound8k/162134,Jackhammer,11,train
UrbanSound8K/162134-7-8-0.wav,urbansound8k/162134,Jackhammer,11,train
UrbanSound8K/162134-7-8-1.wav,urbansound8k/162134,Jackhammer,11,train
UrbanSound8K/162134-7-8-2.wav,urbansound8k/162134,Jackhammer,11,train
UrbanSound8K/162134-7-8-3.wav,urbansound8k/162134,Jackhammer,11,train
UrbanSound8K/162134-7-8-4.wav,urbansound8k/162134,Jackhammer,11,train
UrbanSound8K/162134-7-8-5.wav,urbansound8k/162134,Jackhammer,11,train
UrbanSound8K/162134-7-8-6.wav,urbansound8k/162134,Jackhammer,11,train
UrbanSound8K/162134-7-8-7.wav,urbansound8k/162134,Jackhammer,11,train
UrbanSound8K/162134-7-9-0.wav,urbansound8k/162134,Jackhammer,11,train
UrbanSound8K/162134-7-9-1.wav,urbansound8k/162134,Jackhammer,11,train
UrbanSound8K/162134-7-9-2.wav,urbansound8k/162134,Jackhammer,11,train
UrbanSound8K/162134-7-9-3.wav,urbansound8k/162134,Jackhammer,11,train
UrbanSound8K/162134-7-9-4.wav,urbansound8k/162134,Jackhammer,11,train
UrbanSound8K/162431-6-0-0.wav,urbansound8k/162431,Gunshot,9,train
UrbanSound8K/162431-6-1-0.wav,urbansound8k/162431,Gunshot,9,train
UrbanSound8K/162431-6-2-0.wav,urbansound8k/162431,Gunshot,9,train
UrbanSound8K/162431-6-3-0.wav,urbansound8k/162431,Gunshot,9,train
UrbanSound8K/162432-6-0-0.wav,urbansound8k/162432,Gunshot,9,train
UrbanSound8K/162432-6-1-0.wav,urbansound8k/162432,Gunshot,9,train
UrbanSound8K/162432-6-10-0.wav,urbansound8k/162432,Gunshot,9,train
UrbanSound8K/162432-6-11-0.wav,urbansound8k/162432,Gunshot,9,train
UrbanSound8K/162432-6-12-0.wav,urbansound8k/162432,Gunshot,9,train
UrbanSound8K/162432-6-13-0.wav,urbansound8k/162432,Gunshot,9,train
UrbanSound8K/162432-6-14-0.wav,urbansound8k/162432,Gunshot,9,train
UrbanSound8K/162432-6-2-0.wav,urbansound8k/162432,Gunshot,9,train
UrbanSound8K/162432-6-3-0.wav,urbansound8k/162432,Gunshot,9,train
UrbanSound8K/162432-6-4-0.wav,urbansound8k/162432,Gunshot,9,train
UrbanSound8K/162432-6-5-0.wav,urbansound8k/162432,Gunshot,9,train
UrbanSound8K/162432-6-6-0.wav,urbansound8k/162432,Gunshot,9,train
UrbanSound8K/162432-6-7-0.wav,urbansound8k/162432,Gunshot,9,train
UrbanSound8K/162432-6-8-0.wav,urbansound8k/162432,Gunshot,9,train
UrbanSound8K/162432-6-9-0.wav,urbansound8k/162432,Gunshot,9,train
UrbanSound8K/162433-6-0-0.wav,urbansound8k/162433,Gunshot,9,train
UrbanSound8K/162433-6-4-0.wav,urbansound8k/162433,Gunshot,9,train
UrbanSound8K/162433-6-5-0.wav,urbansound8k/162433,Gunshot,9,train
UrbanSound8K/162433-6-6-0.wav,urbansound8k/162433,Gunshot,9,train
UrbanSound8K/162434-6-0-0.wav,urbansound8k/162434,Gunshot,9,train
UrbanSound8K/162434-6-1-0.wav,urbansound8k/162434,Gunshot,9,train
UrbanSound8K/162434-6-2-0.wav,urbansound8k/162434,Gunshot,9,train
UrbanSound8K/162435-6-0-0.wav,urbansound8k/162435,Gunshot,9,train
UrbanSound8K/162435-6-1-0.wav,urbansound8k/162435,Gunshot,9,train
UrbanSound8K/162435-6-2-0.wav,urbansound8k/162435,Gunshot,9,train
UrbanSound8K/162435-6-3-0.wav,urbansound8k/162435,Gunshot,9,train
UrbanSound8K/162436-6-0-0.wav,urbansound8k/162436,Gunshot,9,train
UrbanSound8K/162702-1-1-0.wav,urbansound8k/162702,Vehicle_Horn,16,train
UrbanSound8K/162703-1-0-0.wav,urbansound8k/162703,Vehicle_Horn,16,val
UrbanSound8K/163459-3-0-0.wav,urbansound8k/163459,Dog_Bark,4,test
UrbanSound8K/163460-6-0-0.wav,urbansound8k/163460,Gunshot,9,val
UrbanSound8K/164053-8-0-0.wav,urbansound8k/164053,Siren,14,val
UrbanSound8K/164053-8-1-0.wav,urbansound8k/164053,Siren,14,val
UrbanSound8K/164053-8-2-0.wav,urbansound8k/164053,Siren,14,val
UrbanSound8K/164053-8-2-1.wav,urbansound8k/164053,Siren,14,val
UrbanSound8K/164053-8-2-2.wav,urbansound8k/164053,Siren,14,val
UrbanSound8K/164053-8-2-3.wav,urbansound8k/164053,Siren,14,val
UrbanSound8K/164053-8-3-0.wav,urbansound8k/164053,Siren,14,val
UrbanSound8K/164311-3-0-0.wav,urbansound8k/164311,Dog_Bark,4,train
UrbanSound8K/164311-3-1-0.wav,urbansound8k/164311,Dog_Bark,4,train
UrbanSound8K/164312-3-0-0.wav,urbansound8k/164312,Dog_Bark,4,train
UrbanSound8K/164312-3-1-0.wav,urbansound8k/164312,Dog_Bark,4,train
UrbanSound8K/164312-3-3-0.wav,urbansound8k/164312,Dog_Bark,4,train
UrbanSound8K/164312-3-4-0.wav,urbansound8k/164312,Dog_Bark,4,train
UrbanSound8K/164626-1-0-0.wav,urbansound8k/164626,Vehicle_Horn,16,val
UrbanSound8K/164627-1-0-0.wav,urbansound8k/164627,Vehicle_Horn,16,test
UrbanSound8K/164646-6-0-0.wav,urbansound8k/164646,Gunshot,9,train
UrbanSound8K/164667-6-0-0.wav,urbansound8k/164667,Gunshot,9,train
UrbanSound8K/164782-8-0-0.wav,urbansound8k/164782,Siren,14,train
UrbanSound8K/164782-8-0-1.wav,urbansound8k/164782,Siren,14,train
UrbanSound8K/164782-8-0-2.wav,urbansound8k/164782,Siren,14,train
UrbanSound8K/164782-8-0-3.wav,urbansound8k/164782,Siren,14,train
UrbanSound8K/164782-8-0-4.wav,urbansound8k/164782,Siren,14,train
UrbanSound8K/164782-8-0-5.wav,urbansound8k/164782,Siren,14,train
UrbanSound8K/164782-8-0-6.wav,urbansound8k/164782,Siren,14,train
UrbanSound8K/164782-8-0-7.wav,urbansound8k/164782,Siren,14,train
UrbanSound8K/165039-7-0-0.wav,urbansound8k/165039,Jackhammer,11,train
UrbanSound8K/165039-7-1-0.wav,urbansound8k/165039,Jackhammer,11,train
UrbanSound8K/165039-7-10-0.wav,urbansound8k/165039,Jackhammer,11,train
UrbanSound8K/165039-7-10-1.wav,urbansound8k/165039,Jackhammer,11,train
UrbanSound8K/165039-7-11-0.wav,urbansound8k/165039,Jackhammer,11,train
UrbanSound8K/165039-7-12-0.wav,urbansound8k/165039,Jackhammer,11,train
UrbanSound8K/165039-7-12-1.wav,urbansound8k/165039,Jackhammer,11,train
UrbanSound8K/165039-7-13-0.wav,urbansound8k/165039,Jackhammer,11,train
UrbanSound8K/165039-7-14-0.wav,urbansound8k/165039,Jackhammer,11,train
UrbanSound8K/165039-7-15-0.wav,urbansound8k/165039,Jackhammer,11,train
UrbanSound8K/165039-7-15-1.wav,urbansound8k/165039,Jackhammer,11,train
UrbanSound8K/165039-7-16-0.wav,urbansound8k/165039,Jackhammer,11,train
UrbanSound8K/165039-7-17-0.wav,urbansound8k/165039,Jackhammer,11,train
UrbanSound8K/165039-7-17-1.wav,urbansound8k/165039,Jackhammer,11,train
UrbanSound8K/165039-7-2-0.wav,urbansound8k/165039,Jackhammer,11,train
UrbanSound8K/165039-7-2-1.wav,urbansound8k/165039,Jackhammer,11,train
UrbanSound8K/165039-7-3-0.wav,urbansound8k/165039,Jackhammer,11,train
UrbanSound8K/165039-7-4-0.wav,urbansound8k/165039,Jackhammer,11,train
UrbanSound8K/165039-7-4-1.wav,urbansound8k/165039,Jackhammer,11,train
UrbanSound8K/165039-7-4-2.wav,urbansound8k/165039,Jackhammer,11,train
UrbanSound8K/165039-7-5-0.wav,urbansound8k/165039,Jackhammer,11,train
UrbanSound8K/165039-7-5-1.wav,urbansound8k/165039,Jackhammer,11,train
UrbanSound8K/165039-7-6-0.wav,urbansound8k/165039,Jackhammer,11,train
UrbanSound8K/165039-7-6-1.wav,urbansound8k/165039,Jackhammer,11,train
UrbanSound8K/165039-7-7-0.wav,urbansound8k/165039,Jackhammer,11,train
UrbanSound8K/165039-7-8-0.wav,urbansound8k/165039,Jackhammer,11,train
UrbanSound8K/165039-7-8-1.wav,urbansound8k/165039,Jackhammer,11,train
UrbanSound8K/165039-7-8-2.wav,urbansound8k/165039,Jackhammer,11,train
UrbanSound8K/165039-7-9-0.wav,urbansound8k/165039,Jackhammer,11,train
UrbanSound8K/165166-8-0-0.wav,urbansound8k/165166,Siren,14,train
UrbanSound8K/165166-8-0-1.wav,urbansound8k/165166,Siren,14,train
UrbanSound8K/165166-8-0-2.wav,urbansound8k/165166,Siren,14,train
UrbanSound8K/165166-8-0-3.wav,urbansound8k/165166,Siren,14,train
UrbanSound8K/165166-8-0-4.wav,urbansound8k/165166,Siren,14,train
UrbanSound8K/165166-8-0-5.wav,urbansound8k/165166,Siren,14,train
UrbanSound8K/165166-8-0-6.wav,urbansound8k/165166,Siren,14,train
UrbanSound8K/165166-8-0-7.wav,urbansound8k/165166,Siren,14,train
UrbanSound8K/165166-8-0-8.wav,urbansound8k/165166,Siren,14,train
UrbanSound8K/165567-3-0-0.wav,urbansound8k/165567,Dog_Bark,4,train
UrbanSound8K/165567-3-2-0.wav,urbansound8k/165567,Dog_Bark,4,train
UrbanSound8K/165567-3-3-0.wav,urbansound8k/165567,Dog_Bark,4,train
UrbanSound8K/165567-3-4-0.wav,urbansound8k/165567,Dog_Bark,4,train
UrbanSound8K/165640-4-0-0.wav,urbansound8k/165640,Drilling,6,train
UrbanSound8K/165640-4-0-1.wav,urbansound8k/165640,Drilling,6,train
UrbanSound8K/165640-4-0-2.wav,urbansound8k/165640,Drilling,6,train
UrbanSound8K/165641-4-0-0.wav,urbansound8k/165641,Drilling,6,val
UrbanSound8K/165641-4-0-1.wav,urbansound8k/165641,Drilling,6,val
UrbanSound8K/165642-4-0-0.wav,urbansound8k/165642,Drilling,6,train
UrbanSound8K/165643-4-0-0.wav,urbansound8k/165643,Drilling,6,train
UrbanSound8K/165644-4-0-0.wav,urbansound8k/165644,Drilling,6,train
UrbanSound8K/165644-4-0-1.wav,urbansound8k/165644,Drilling,6,train
UrbanSound8K/165645-4-0-0.wav,urbansound8k/165645,Drilling,6,test
UrbanSound8K/165645-4-1-0.wav,urbansound8k/165645,Drilling,6,test
UrbanSound8K/165645-4-2-0.wav,urbansound8k/165645,Drilling,6,test
UrbanSound8K/165645-4-3-0.wav,urbansound8k/165645,Drilling,6,test
UrbanSound8K/165645-4-4-0.wav,urbansound8k/165645,Drilling,6,test
UrbanSound8K/165645-4-5-0.wav,urbansound8k/165645,Drilling,6,test
UrbanSound8K/165774-7-0-0.wav,urbansound8k/165774,Jackhammer,11,train
UrbanSound8K/165774-7-1-0.wav,urbansound8k/165774,Jackhammer,11,train
UrbanSound8K/165774-7-2-0.wav,urbansound8k/165774,Jackhammer,11,train
UrbanSound8K/165774-7-3-0.wav,urbansound8k/165774,Jackhammer,11,train
UrbanSound8K/165774-7-4-0.wav,urbansound8k/165774,Jackhammer,11,train
UrbanSound8K/165774-7-5-0.wav,urbansound8k/165774,Jackhammer,11,train
UrbanSound8K/165774-7-6-0.wav,urbansound8k/165774,Jackhammer,11,train
UrbanSound8K/165774-7-7-0.wav,urbansound8k/165774,Jackhammer,11,train
UrbanSound8K/165774-7-8-0.wav,urbansound8k/165774,Jackhammer,11,train
UrbanSound8K/165775-7-0-0.wav,urbansound8k/165775,Jackhammer,11,train
UrbanSound8K/165785-4-0-0.wav,urbansound8k/165785,Drilling,6,train
UrbanSound8K/165785-4-1-0.wav,urbansound8k/165785,Drilling,6,train
UrbanSound8K/165785-4-2-0.wav,urbansound8k/165785,Drilling,6,train
UrbanSound8K/165785-4-3-0.wav,urbansound8k/165785,Drilling,6,train
UrbanSound8K/165785-4-4-0.wav,urbansound8k/165785,Drilling,6,train
UrbanSound8K/165786-4-0-0.wav,urbansound8k/165786,Drilling,6,train
UrbanSound8K/166101-5-0-0.wav,urbansound8k/166101,Car_Engine,3,train
UrbanSound8K/166101-5-0-1.wav,urbansound8k/166101,Car_Engine,3,train
UrbanSound8K/166101-5-0-2.wav,urbansound8k/166101,Car_Engine,3,train
UrbanSound8K/166101-5-0-3.wav,urbansound8k/166101,Car_Engine,3,train
UrbanSound8K/166101-5-1-0.wav,urbansound8k/166101,Car_Engine,3,train
UrbanSound8K/166101-5-2-0.wav,urbansound8k/166101,Car_Engine,3,train
UrbanSound8K/166101-5-2-1.wav,urbansound8k/166101,Car_Engine,3,train
UrbanSound8K/166101-5-2-2.wav,urbansound8k/166101,Car_Engine,3,train
UrbanSound8K/166101-5-2-3.wav,urbansound8k/166101,Car_Engine,3,train
UrbanSound8K/166101-5-2-4.wav,urbansound8k/166101,Car_Engine,3,train
UrbanSound8K/166101-5-3-0.wav,urbansound8k/166101,Car_Engine,3,train
UrbanSound8K/166268-3-1-0.wav,urbansound8k/166268,Dog_Bark,4,train
UrbanSound8K/166421-3-0-29.wav,urbansound8k/166421,Dog_Bark,4,train
UrbanSound8K/166421-3-0-31.wav,urbansound8k/166421,Dog_Bark,4,train
UrbanSound8K/166421-3-0-5.wav,urbansound8k/166421,Dog_Bark,4,train
UrbanSound8K/166489-3-0-1.wav,urbansound8k/166489,Dog_Bark,4,train
UrbanSound8K/166489-3-0-2.wav,urbansound8k/166489,Dog_Bark,4,train
UrbanSound8K/166489-3-0-4.wav,urbansound8k/166489,Dog_Bark,4,train
UrbanSound8K/16692-5-0-0.wav,urbansound8k/16692,Car_Engine,3,test
UrbanSound8K/16692-5-0-1.wav,urbansound8k/16692,Car_Engine,3,test
UrbanSound8K/16692-5-0-10.wav,urbansound8k/16692,Car_Engine,3,test
UrbanSound8K/16692-5-0-2.wav,urbansound8k/16692,Car_Engine,3,test
UrbanSound8K/16692-5-0-3.wav,urbansound8k/16692,Car_Engine,3,test
UrbanSound8K/16692-5-0-4.wav,urbansound8k/16692,Car_Engine,3,test
UrbanSound8K/16692-5-0-5.wav,urbansound8k/16692,Car_Engine,3,test
UrbanSound8K/16692-5-0-6.wav,urbansound8k/16692,Car_Engine,3,test
UrbanSound8K/16692-5-0-7.wav,urbansound8k/16692,Car_Engine,3,test
UrbanSound8K/16692-5-0-8.wav,urbansound8k/16692,Car_Engine,3,test
UrbanSound8K/16692-5-0-9.wav,urbansound8k/16692,Car_Engine,3,test
UrbanSound8K/166931-4-0-0.wav,urbansound8k/166931,Drilling,6,test
UrbanSound8K/166931-4-0-1.wav,urbansound8k/166931,Drilling,6,test
UrbanSound8K/166931-4-1-2.wav,urbansound8k/166931,Drilling,6,test
UrbanSound8K/166931-4-1-4.wav,urbansound8k/166931,Drilling,6,test
UrbanSound8K/166931-4-1-5.wav,urbansound8k/166931,Drilling,6,test
UrbanSound8K/166931-4-1-6.wav,urbansound8k/166931,Drilling,6,test
UrbanSound8K/166931-4-2-0.wav,urbansound8k/166931,Drilling,6,test
UrbanSound8K/166931-4-2-12.wav,urbansound8k/166931,Drilling,6,test
UrbanSound8K/166931-4-2-13.wav,urbansound8k/166931,Drilling,6,test
UrbanSound8K/166931-4-2-3.wav,urbansound8k/166931,Drilling,6,test
UrbanSound8K/166931-4-2-7.wav,urbansound8k/166931,Drilling,6,test
UrbanSound8K/166931-4-2-8.wav,urbansound8k/166931,Drilling,6,test
UrbanSound8K/166931-4-3-1.wav,urbansound8k/166931,Drilling,6,test
UrbanSound8K/166931-4-3-2.wav,urbansound8k/166931,Drilling,6,test
UrbanSound8K/166931-4-4-0.wav,urbansound8k/166931,Drilling,6,test
UrbanSound8K/166931-4-4-2.wav,urbansound8k/166931,Drilling,6,test
UrbanSound8K/166931-4-4-3.wav,urbansound8k/166931,Drilling,6,test
UrbanSound8K/167701-4-0-0.wav,urbansound8k/167701,Drilling,6,train
UrbanSound8K/167701-4-1-0.wav,urbansound8k/167701,Drilling,6,train
UrbanSound8K/167701-4-10-0.wav,urbansound8k/167701,Drilling,6,train
UrbanSound8K/167701-4-11-0.wav,urbansound8k/167701,Drilling,6,train
UrbanSound8K/167701-4-12-0.wav,urbansound8k/167701,Drilling,6,train
UrbanSound8K/167701-4-2-0.wav,urbansound8k/167701,Drilling,6,train
UrbanSound8K/167701-4-3-0.wav,urbansound8k/167701,Drilling,6,train
UrbanSound8K/167701-4-4-0.wav,urbansound8k/167701,Drilling,6,train
UrbanSound8K/167701-4-5-0.wav,urbansound8k/167701,Drilling,6,train
UrbanSound8K/167701-4-6-0.wav,urbansound8k/167701,Drilling,6,train
UrbanSound8K/167701-4-6-1.wav,urbansound8k/167701,Drilling,6,train
UrbanSound8K/167701-4-6-2.wav,urbansound8k/167701,Drilling,6,train
UrbanSound8K/167701-4-6-3.wav,urbansound8k/167701,Drilling,6,train
UrbanSound8K/167701-4-6-4.wav,urbansound8k/167701,Drilling,6,train
UrbanSound8K/167701-4-7-0.wav,urbansound8k/167701,Drilling,6,train
UrbanSound8K/167701-4-9-0.wav,urbansound8k/167701,Drilling,6,train
UrbanSound8K/167701-4-9-1.wav,urbansound8k/167701,Drilling,6,train
UrbanSound8K/167702-4-0-0.wav,urbansound8k/167702,Drilling,6,test
UrbanSound8K/167702-4-1-0.wav,urbansound8k/167702,Drilling,6,test
UrbanSound8K/167702-4-2-0.wav,urbansound8k/167702,Drilling,6,test
UrbanSound8K/167702-4-3-0.wav,urbansound8k/167702,Drilling,6,test
UrbanSound8K/167702-4-4-0.wav,urbansound8k/167702,Drilling,6,test
UrbanSound8K/167702-4-5-0.wav,urbansound8k/167702,Drilling,6,test
UrbanSound8K/167702-4-6-0.wav,urbansound8k/167702,Drilling,6,test
UrbanSound8K/167702-4-7-0.wav,urbansound8k/167702,Drilling,6,test
UrbanSound8K/167702-4-7-1.wav,urbansound8k/167702,Drilling,6,test
UrbanSound8K/167702-4-8-0.wav,urbansound8k/167702,Drilling,6,test
UrbanSound8K/167702-4-9-0.wav,urbansound8k/167702,Drilling,6,test
UrbanSound8K/16772-8-0-0.wav,urbansound8k/16772,Siren,14,train
UrbanSound8K/167750-4-0-0.wav,urbansound8k/167750,Drilling,6,train
UrbanSound8K/167750-4-1-0.wav,urbansound8k/167750,Drilling,6,train
UrbanSound8K/167750-4-2-0.wav,urbansound8k/167750,Drilling,6,train
UrbanSound8K/167750-4-3-0.wav,urbansound8k/167750,Drilling,6,train
UrbanSound8K/168037-4-0-0.wav,urbansound8k/168037,Drilling,6,train
UrbanSound8K/168037-4-1-0.wav,urbansound8k/168037,Drilling,6,train
UrbanSound8K/168037-4-10-0.wav,urbansound8k/168037,Drilling,6,train
UrbanSound8K/168037-4-11-0.wav,urbansound8k/168037,Drilling,6,train
UrbanSound8K/168037-4-12-0.wav,urbansound8k/168037,Drilling,6,train
UrbanSound8K/168037-4-13-0.wav,urbansound8k/168037,Drilling,6,train
UrbanSound8K/168037-4-2-0.wav,urbansound8k/168037,Drilling,6,train
UrbanSound8K/168037-4-3-0.wav,urbansound8k/168037,Drilling,6,train
UrbanSound8K/168037-4-4-0.wav,urbansound8k/168037,Drilling,6,train
UrbanSound8K/168037-4-5-0.wav,urbansound8k/168037,Drilling,6,train
UrbanSound8K/168037-4-6-0.wav,urbansound8k/168037,Drilling,6,train
UrbanSound8K/168037-4-7-0.wav,urbansound8k/168037,Drilling,6,train
UrbanSound8K/168037-4-8-0.wav,urbansound8k/168037,Drilling,6,train
UrbanSound8K/168037-4-9-0.wav,urbansound8k/168037,Drilling,6,train
UrbanSound8K/168846-5-0-0.wav,urbansound8k/168846,Car_Engine,3,test
UrbanSound8K/168846-5-0-1.wav,urbansound8k/168846,Car_Engine,3,test
UrbanSound8K/168846-5-0-2.wav,urbansound8k/168846,Car_Engine,3,test
UrbanSound8K/168846-5-1-0.wav,urbansound8k/168846,Car_Engine,3,test
UrbanSound8K/168846-5-1-1.wav,urbansound8k/168846,Car_Engine,3,test
UrbanSound8K/168846-5-1-10.wav,urbansound8k/168846,Car_Engine,3,test
UrbanSound8K/168846-5-1-11.wav,urbansound8k/168846,Car_Engine,3,test
UrbanSound8K/168846-5-1-12.wav,urbansound8k/168846,Car_Engine,3,test
UrbanSound8K/168846-5-1-13.wav,urbansound8k/168846,Car_Engine,3,test
UrbanSound8K/168846-5-1-14.wav,urbansound8k/168846,Car_Engine,3,test
UrbanSound8K/168846-5-1-2.wav,urbansound8k/168846,Car_Engine,3,test
UrbanSound8K/168846-5-1-3.wav,urbansound8k/168846,Car_Engine,3,test
UrbanSound8K/168846-5-1-4.wav,urbansound8k/168846,Car_Engine,3,test
UrbanSound8K/168846-5-1-5.wav,urbansound8k/168846,Car_Engine,3,test
UrbanSound8K/168846-5-1-6.wav,urbansound8k/168846,Car_Engine,3,test
UrbanSound8K/168846-5-1-7.wav,urbansound8k/168846,Car_Engine,3,test
UrbanSound8K/168846-5-1-8.wav,urbansound8k/168846,Car_Engine,3,test
UrbanSound8K/168846-5-1-9.wav,urbansound8k/168846,Car_Engine,3,test
UrbanSound8K/169098-7-0-0.wav,urbansound8k/169098,Jackhammer,11,train
UrbanSound8K/169098-7-0-1.wav,urbansound8k/169098,Jackhammer,11,train
UrbanSound8K/169098-7-0-2.wav,urbansound8k/169098,Jackhammer,11,train
UrbanSound8K/169098-7-0-3.wav,urbansound8k/169098,Jackhammer,11,train
UrbanSound8K/169098-7-0-4.wav,urbansound8k/169098,Jackhammer,11,train
UrbanSound8K/169098-7-0-5.wav,urbansound8k/169098,Jackhammer,11,train
UrbanSound8K/169098-7-0-6.wav,urbansound8k/169098,Jackhammer,11,train
UrbanSound8K/169098-7-0-7.wav,urbansound8k/169098,Jackhammer,11,train
UrbanSound8K/169098-7-0-8.wav,urbansound8k/169098,Jackhammer,11,train
UrbanSound8K/169098-7-0-9.wav,urbansound8k/169098,Jackhammer,11,train
UrbanSound8K/169098-7-1-0.wav,urbansound8k/169098,Jackhammer,11,train
UrbanSound8K/169098-7-2-0.wav,urbansound8k/169098,Jackhammer,11,train
UrbanSound8K/169098-7-3-0.wav,urbansound8k/169098,Jackhammer,11,train
UrbanSound8K/169098-7-3-1.wav,urbansound8k/169098,Jackhammer,11,train
UrbanSound8K/169098-7-4-0.wav,urbansound8k/169098,Jackhammer,11,train
UrbanSound8K/169098-7-4-1.wav,urbansound8k/169098,Jackhammer,11,train
UrbanSound8K/169098-7-4-10.wav,urbansound8k/169098,Jackhammer,11,train
UrbanSound8K/169098-7-4-11.wav,urbansound8k/169098,Jackhammer,11,train
UrbanSound8K/169098-7-4-2.wav,urbansound8k/169098,Jackhammer,11,train
UrbanSound8K/169098-7-4-3.wav,urbansound8k/169098,Jackhammer,11,train
UrbanSound8K/169098-7-4-4.wav,urbansound8k/169098,Jackhammer,11,train
UrbanSound8K/169098-7-4-5.wav,urbansound8k/169098,Jackhammer,11,train
UrbanSound8K/169098-7-4-6.wav,urbansound8k/169098,Jackhammer,11,train
UrbanSound8K/169098-7-4-7.wav,urbansound8k/169098,Jackhammer,11,train
UrbanSound8K/169098-7-4-8.wav,urbansound8k/169098,Jackhammer,11,train
UrbanSound8K/169098-7-4-9.wav,urbansound8k/169098,Jackhammer,11,train
UrbanSound8K/169261-6-0-0.wav,urbansound8k/169261,Gunshot,9,train
UrbanSound8K/169466-4-0-12.wav,urbansound8k/169466,Drilling,6,train
UrbanSound8K/169466-4-0-7.wav,urbansound8k/169466,Drilling,6,train
UrbanSound8K/169466-4-0-8.wav,urbansound8k/169466,Drilling,6,train
UrbanSound8K/169466-4-1-3.wav,urbansound8k/169466,Drilling,6,train
UrbanSound8K/169466-4-1-5.wav,urbansound8k/169466,Drilling,6,train
UrbanSound8K/169466-4-1-8.wav,urbansound8k/169466,Drilling,6,train
UrbanSound8K/169466-4-2-17.wav,urbansound8k/169466,Drilling,6,train
UrbanSound8K/169466-4-2-18.wav,urbansound8k/169466,Drilling,6,train
UrbanSound8K/169466-4-2-2.wav,urbansound8k/169466,Drilling,6,train
UrbanSound8K/169466-4-2-21.wav,urbansound8k/169466,Drilling,6,train
UrbanSound8K/169466-4-2-4.wav,urbansound8k/169466,Drilling,6,train
UrbanSound8K/169466-4-2-6.wav,urbansound8k/169466,Drilling,6,train
UrbanSound8K/169466-4-2-8.wav,urbansound8k/169466,Drilling,6,train
UrbanSound8K/169466-4-3-1.wav,urbansound8k/169466,Drilling,6,train
UrbanSound8K/169466-4-3-10.wav,urbansound8k/169466,Drilling,6,train
UrbanSound8K/169466-4-3-12.wav,urbansound8k/169466,Drilling,6,train
UrbanSound8K/169466-4-3-14.wav,urbansound8k/169466,Drilling,6,train
UrbanSound8K/169466-4-3-3.wav,urbansound8k/169466,Drilling,6,train
UrbanSound8K/169466-4-3-7.wav,urbansound8k/169466,Drilling,6,train
UrbanSound8K/169466-4-3-8.wav,urbansound8k/169466,Drilling,6,train
UrbanSound8K/169466-4-3-9.wav,urbansound8k/169466,Drilling,6,train
UrbanSound8K/170015-3-0-0.wav,urbansound8k/170015,Dog_Bark,4,val
UrbanSound8K/17074-1-0-0.wav,urbansound8k/17074,Vehicle_Horn,16,test
UrbanSound8K/171249-1-0-0.wav,urbansound8k/171249,Vehicle_Horn,16,val
UrbanSound8K/171249-1-1-0.wav,urbansound8k/171249,Vehicle_Horn,16,val
UrbanSound8K/171305-7-0-0.wav,urbansound8k/171305,Jackhammer,11,train
UrbanSound8K/171305-7-1-0.wav,urbansound8k/171305,Jackhammer,11,train
UrbanSound8K/171305-7-10-0.wav,urbansound8k/171305,Jackhammer,11,train
UrbanSound8K/171305-7-11-0.wav,urbansound8k/171305,Jackhammer,11,train
UrbanSound8K/171305-7-12-0.wav,urbansound8k/171305,Jackhammer,11,train
UrbanSound8K/171305-7-13-0.wav,urbansound8k/171305,Jackhammer,11,train
UrbanSound8K/171305-7-14-0.wav,urbansound8k/171305,Jackhammer,11,train
UrbanSound8K/171305-7-15-0.wav,urbansound8k/171305,Jackhammer,11,train
UrbanSound8K/171305-7-16-0.wav,urbansound8k/171305,Jackhammer,11,train
UrbanSound8K/171305-7-17-0.wav,urbansound8k/171305,Jackhammer,11,train
UrbanSound8K/171305-7-18-0.wav,urbansound8k/171305,Jackhammer,11,train
UrbanSound8K/171305-7-19-0.wav,urbansound8k/171305,Jackhammer,11,train
UrbanSound8K/171305-7-2-0.wav,urbansound8k/171305,Jackhammer,11,train
UrbanSound8K/171305-7-20-0.wav,urbansound8k/171305,Jackhammer,11,train
UrbanSound8K/171305-7-21-0.wav,urbansound8k/171305,Jackhammer,11,train
UrbanSound8K/171305-7-22-0.wav,urbansound8k/171305,Jackhammer,11,train
UrbanSound8K/171305-7-23-0.wav,urbansound8k/171305,Jackhammer,11,train
UrbanSound8K/171305-7-24-0.wav,urbansound8k/171305,Jackhammer,11,train
UrbanSound8K/171305-7-25-0.wav,urbansound8k/171305,Jackhammer,11,train
UrbanSound8K/171305-7-26-0.wav,urbansound8k/171305,Jackhammer,11,train
UrbanSound8K/171305-7-27-0.wav,urbansound8k/171305,Jackhammer,11,train
UrbanSound8K/171305-7-28-0.wav,urbansound8k/171305,Jackhammer,11,train
UrbanSound8K/171305-7-29-0.wav,urbansound8k/171305,Jackhammer,11,train
UrbanSound8K/171305-7-3-0.wav,urbansound8k/171305,Jackhammer,11,train
UrbanSound8K/171305-7-4-0.wav,urbansound8k/171305,Jackhammer,11,train
UrbanSound8K/171305-7-5-0.wav,urbansound8k/171305,Jackhammer,11,train
UrbanSound8K/171305-7-6-0.wav,urbansound8k/171305,Jackhammer,11,train
UrbanSound8K/171305-7-7-0.wav,urbansound8k/171305,Jackhammer,11,train
UrbanSound8K/171305-7-8-0.wav,urbansound8k/171305,Jackhammer,11,train
UrbanSound8K/171305-7-8-1.wav,urbansound8k/171305,Jackhammer,11,train
UrbanSound8K/171305-7-9-0.wav,urbansound8k/171305,Jackhammer,11,train
UrbanSound8K/171464-3-0-0.wav,urbansound8k/171464,Dog_Bark,4,train
UrbanSound8K/171464-3-1-0.wav,urbansound8k/171464,Dog_Bark,4,train
UrbanSound8K/171464-3-2-0.wav,urbansound8k/171464,Dog_Bark,4,train
UrbanSound8K/173993-3-0-25.wav,urbansound8k/173993,Dog_Bark,4,val
UrbanSound8K/173993-3-0-39.wav,urbansound8k/173993,Dog_Bark,4,val
UrbanSound8K/173993-3-0-51.wav,urbansound8k/173993,Dog_Bark,4,val
UrbanSound8K/173993-3-0-52.wav,urbansound8k/173993,Dog_Bark,4,val
UrbanSound8K/173994-3-0-14.wav,urbansound8k/173994,Dog_Bark,4,train
UrbanSound8K/173994-3-0-3.wav,urbansound8k/173994,Dog_Bark,4,train
UrbanSound8K/173994-3-0-44.wav,urbansound8k/173994,Dog_Bark,4,train
UrbanSound8K/173994-3-0-45.wav,urbansound8k/173994,Dog_Bark,4,train
UrbanSound8K/173995-3-0-0.wav,urbansound8k/173995,Dog_Bark,4,train
UrbanSound8K/173995-3-0-11.wav,urbansound8k/173995,Dog_Bark,4,train
UrbanSound8K/173995-3-0-27.wav,urbansound8k/173995,Dog_Bark,4,train
UrbanSound8K/173995-3-0-3.wav,urbansound8k/173995,Dog_Bark,4,train
UrbanSound8K/174026-3-1-0.wav,urbansound8k/174026,Dog_Bark,4,train
UrbanSound8K/174026-3-1-1.wav,urbansound8k/174026,Dog_Bark,4,train
UrbanSound8K/174026-3-1-5.wav,urbansound8k/174026,Dog_Bark,4,train
UrbanSound8K/174026-3-2-2.wav,urbansound8k/174026,Dog_Bark,4,train
UrbanSound8K/174276-7-0-0.wav,urbansound8k/174276,Jackhammer,11,val
UrbanSound8K/174276-7-1-0.wav,urbansound8k/174276,Jackhammer,11,val
UrbanSound8K/174276-7-2-0.wav,urbansound8k/174276,Jackhammer,11,val
UrbanSound8K/174276-7-3-0.wav,urbansound8k/174276,Jackhammer,11,val
UrbanSound8K/174276-7-4-0.wav,urbansound8k/174276,Jackhammer,11,val
UrbanSound8K/174276-7-5-0.wav,urbansound8k/174276,Jackhammer,11,val
UrbanSound8K/174276-7-6-0.wav,urbansound8k/174276,Jackhammer,11,val
UrbanSound8K/174282-6-0-0.wav,urbansound8k/174282,Gunshot,9,train
UrbanSound8K/174282-6-1-0.wav,urbansound8k/174282,Gunshot,9,train
UrbanSound8K/174282-6-2-0.wav,urbansound8k/174282,Gunshot,9,train
UrbanSound8K/174284-6-0-0.wav,urbansound8k/174284,Gunshot,9,train
UrbanSound8K/174284-6-1-0.wav,urbansound8k/174284,Gunshot,9,train
UrbanSound8K/174284-6-2-0.wav,urbansound8k/174284,Gunshot,9,train
UrbanSound8K/174285-6-0-0.wav,urbansound8k/174285,Gunshot,9,train
UrbanSound8K/174285-6-1-0.wav,urbansound8k/174285,Gunshot,9,train
UrbanSound8K/174285-6-2-0.wav,urbansound8k/174285,Gunshot,9,train
UrbanSound8K/174287-6-0-0.wav,urbansound8k/174287,Gunshot,9,train
UrbanSound8K/174287-6-1-0.wav,urbansound8k/174287,Gunshot,9,train
UrbanSound8K/174287-6-2-0.wav,urbansound8k/174287,Gunshot,9,train
UrbanSound8K/174287-6-3-0.wav,urbansound8k/174287,Gunshot,9,train
UrbanSound8K/174289-6-0-0.wav,urbansound8k/174289,Gunshot,9,train
UrbanSound8K/174289-6-1-0.wav,urbansound8k/174289,Gunshot,9,train
UrbanSound8K/174289-6-2-0.wav,urbansound8k/174289,Gunshot,9,train
UrbanSound8K/174289-6-3-0.wav,urbansound8k/174289,Gunshot,9,train
UrbanSound8K/174290-6-0-0.wav,urbansound8k/174290,Gunshot,9,test
UrbanSound8K/174290-6-1-0.wav,urbansound8k/174290,Gunshot,9,test
UrbanSound8K/174290-6-2-0.wav,urbansound8k/174290,Gunshot,9,test
UrbanSound8K/174290-6-3-0.wav,urbansound8k/174290,Gunshot,9,test
UrbanSound8K/174292-6-0-0.wav,urbansound8k/174292,Gunshot,9,train
UrbanSound8K/174292-6-1-0.wav,urbansound8k/174292,Gunshot,9,train
UrbanSound8K/174292-6-2-0.wav,urbansound8k/174292,Gunshot,9,train
UrbanSound8K/174293-6-0-0.wav,urbansound8k/174293,Gunshot,9,train
UrbanSound8K/174293-6-1-0.wav,urbansound8k/174293,Gunshot,9,train
UrbanSound8K/174293-6-2-0.wav,urbansound8k/174293,Gunshot,9,train
UrbanSound8K/174294-6-0-0.wav,urbansound8k/174294,Gunshot,9,test
UrbanSound8K/174294-6-1-0.wav,urbansound8k/174294,Gunshot,9,test
UrbanSound8K/174294-6-2-0.wav,urbansound8k/174294,Gunshot,9,test
UrbanSound8K/174840-1-0-0.wav,urbansound8k/174840,Vehicle_Horn,16,val
UrbanSound8K/174841-1-0-0.wav,urbansound8k/174841,Vehicle_Horn,16,train
UrbanSound8K/17486-3-0-0.wav,urbansound8k/17486,Dog_Bark,4,train
UrbanSound8K/17486-3-1-0.wav,urbansound8k/17486,Dog_Bark,4,train
UrbanSound8K/17486-3-2-0.wav,urbansound8k/17486,Dog_Bark,4,train
UrbanSound8K/174873-3-5-1.wav,urbansound8k/174873,Dog_Bark,4,train
UrbanSound8K/174873-3-5-10.wav,urbansound8k/174873,Dog_Bark,4,train
UrbanSound8K/174873-3-5-12.wav,urbansound8k/174873,Dog_Bark,4,train
UrbanSound8K/174873-3-5-13.wav,urbansound8k/174873,Dog_Bark,4,train
UrbanSound8K/174994-3-0-0.wav,urbansound8k/174994,Dog_Bark,4,val
UrbanSound8K/174994-3-0-1.wav,urbansound8k/174994,Dog_Bark,4,val
UrbanSound8K/174994-3-0-2.wav,urbansound8k/174994,Dog_Bark,4,val
UrbanSound8K/174994-3-0-4.wav,urbansound8k/174994,Dog_Bark,4,val
UrbanSound8K/17578-5-0-0.wav,urbansound8k/17578,Car_Engine,3,test
UrbanSound8K/17578-5-0-1.wav,urbansound8k/17578,Car_Engine,3,test
UrbanSound8K/17578-5-0-10.wav,urbansound8k/17578,Car_Engine,3,test
UrbanSound8K/17578-5-0-11.wav,urbansound8k/17578,Car_Engine,3,test
UrbanSound8K/17578-5-0-12.wav,urbansound8k/17578,Car_Engine,3,test
UrbanSound8K/17578-5-0-14.wav,urbansound8k/17578,Car_Engine,3,test
UrbanSound8K/17578-5-0-15.wav,urbansound8k/17578,Car_Engine,3,test
UrbanSound8K/17578-5-0-16.wav,urbansound8k/17578,Car_Engine,3,test
UrbanSound8K/17578-5-0-18.wav,urbansound8k/17578,Car_Engine,3,test
UrbanSound8K/17578-5-0-2.wav,urbansound8k/17578,Car_Engine,3,test
UrbanSound8K/17578-5-0-21.wav,urbansound8k/17578,Car_Engine,3,test
UrbanSound8K/17578-5-0-22.wav,urbansound8k/17578,Car_Engine,3,test
UrbanSound8K/17578-5-0-23.wav,urbansound8k/17578,Car_Engine,3,test
UrbanSound8K/17578-5-0-24.wav,urbansound8k/17578,Car_Engine,3,test
UrbanSound8K/17578-5-0-25.wav,urbansound8k/17578,Car_Engine,3,test
UrbanSound8K/17578-5-0-26.wav,urbansound8k/17578,Car_Engine,3,test
UrbanSound8K/17578-5-0-27.wav,urbansound8k/17578,Car_Engine,3,test
UrbanSound8K/17578-5-0-28.wav,urbansound8k/17578,Car_Engine,3,test
UrbanSound8K/17578-5-0-29.wav,urbansound8k/17578,Car_Engine,3,test
UrbanSound8K/17578-5-0-3.wav,urbansound8k/17578,Car_Engine,3,test
UrbanSound8K/17578-5-0-30.wav,urbansound8k/17578,Car_Engine,3,test
UrbanSound8K/17578-5-0-31.wav,urbansound8k/17578,Car_Engine,3,test
UrbanSound8K/17578-5-0-32.wav,urbansound8k/17578,Car_Engine,3,test
UrbanSound8K/17578-5-0-33.wav,urbansound8k/17578,Car_Engine,3,test
UrbanSound8K/17578-5-0-34.wav,urbansound8k/17578,Car_Engine,3,test
UrbanSound8K/17578-5-0-35.wav,urbansound8k/17578,Car_Engine,3,test
UrbanSound8K/17578-5-0-4.wav,urbansound8k/17578,Car_Engine,3,test
UrbanSound8K/17578-5-0-5.wav,urbansound8k/17578,Car_Engine,3,test
UrbanSound8K/17578-5-0-6.wav,urbansound8k/17578,Car_Engine,3,test
UrbanSound8K/17578-5-0-7.wav,urbansound8k/17578,Car_Engine,3,test
UrbanSound8K/17578-5-0-8.wav,urbansound8k/17578,Car_Engine,3,test
UrbanSound8K/17578-5-0-9.wav,urbansound8k/17578,Car_Engine,3,test
UrbanSound8K/175843-1-0-0.wav,urbansound8k/175843,Vehicle_Horn,16,train
UrbanSound8K/175844-1-0-0.wav,urbansound8k/175844,Vehicle_Horn,16,val
UrbanSound8K/175845-1-0-0.wav,urbansound8k/175845,Vehicle_Horn,16,train
UrbanSound8K/175846-1-0-0.wav,urbansound8k/175846,Vehicle_Horn,16,train
UrbanSound8K/175847-1-0-0.wav,urbansound8k/175847,Vehicle_Horn,16,train
UrbanSound8K/175848-1-0-0.wav,urbansound8k/175848,Vehicle_Horn,16,train
UrbanSound8K/175849-1-0-0.wav,urbansound8k/175849,Vehicle_Horn,16,train
UrbanSound8K/175850-1-0-0.wav,urbansound8k/175850,Vehicle_Horn,16,train
UrbanSound8K/175851-1-0-0.wav,urbansound8k/175851,Vehicle_Horn,16,train
UrbanSound8K/175852-1-0-0.wav,urbansound8k/175852,Vehicle_Horn,16,train
UrbanSound8K/175854-1-0-0.wav,urbansound8k/175854,Vehicle_Horn,16,train
UrbanSound8K/175855-1-0-0.wav,urbansound8k/175855,Vehicle_Horn,16,val
UrbanSound8K/175856-1-2-0.wav,urbansound8k/175856,Vehicle_Horn,16,test
UrbanSound8K/175915-3-0-0.wav,urbansound8k/175915,Dog_Bark,4,train
UrbanSound8K/175915-3-0-1.wav,urbansound8k/175915,Dog_Bark,4,train
UrbanSound8K/175915-3-0-3.wav,urbansound8k/175915,Dog_Bark,4,train
UrbanSound8K/175915-3-1-8.wav,urbansound8k/175915,Dog_Bark,4,train
UrbanSound8K/175917-3-0-3.wav,urbansound8k/175917,Dog_Bark,4,train
UrbanSound8K/175917-3-1-1.wav,urbansound8k/175917,Dog_Bark,4,train
UrbanSound8K/175917-3-2-2.wav,urbansound8k/175917,Dog_Bark,4,train
UrbanSound8K/175917-3-4-1.wav,urbansound8k/175917,Dog_Bark,4,train
UrbanSound8K/17592-5-0-0.wav,urbansound8k/17592,Car_Engine,3,train
UrbanSound8K/17592-5-1-0.wav,urbansound8k/17592,Car_Engine,3,train
UrbanSound8K/17592-5-1-1.wav,urbansound8k/17592,Car_Engine,3,train
UrbanSound8K/17592-5-1-2.wav,urbansound8k/17592,Car_Engine,3,train
UrbanSound8K/17592-5-1-3.wav,urbansound8k/17592,Car_Engine,3,train
UrbanSound8K/176003-1-0-0.wav,urbansound8k/176003,Vehicle_Horn,16,train
UrbanSound8K/17615-3-0-0.wav,urbansound8k/17615,Dog_Bark,4,train
UrbanSound8K/17615-3-0-3.wav,urbansound8k/17615,Dog_Bark,4,train
UrbanSound8K/17615-3-0-4.wav,urbansound8k/17615,Dog_Bark,4,train
UrbanSound8K/17615-3-0-6.wav,urbansound8k/17615,Dog_Bark,4,train
UrbanSound8K/176257-3-0-0.wav,urbansound8k/176257,Dog_Bark,4,train
UrbanSound8K/176258-3-1-12.wav,urbansound8k/176258,Dog_Bark,4,test
UrbanSound8K/176258-3-1-13.wav,urbansound8k/176258,Dog_Bark,4,test
UrbanSound8K/176258-3-1-18.wav,urbansound8k/176258,Dog_Bark,4,test
UrbanSound8K/176258-3-1-2.wav,urbansound8k/176258,Dog_Bark,4,test
UrbanSound8K/176631-1-0-0.wav,urbansound8k/176631,Vehicle_Horn,16,train
UrbanSound8K/176638-1-0-0.wav,urbansound8k/176638,Vehicle_Horn,16,train
UrbanSound8K/176638-1-1-0.wav,urbansound8k/176638,Vehicle_Horn,16,train
UrbanSound8K/176638-5-0-0.wav,urbansound8k/176638,Car_Engine,3,train
UrbanSound8K/176638-5-0-1.wav,urbansound8k/176638,Car_Engine,3,train
UrbanSound8K/176638-5-0-2.wav,urbansound8k/176638,Car_Engine,3,train
UrbanSound8K/176783-3-0-11.wav,urbansound8k/176783,Dog_Bark,4,train
UrbanSound8K/176783-3-0-3.wav,urbansound8k/176783,Dog_Bark,4,train
UrbanSound8K/176783-3-0-5.wav,urbansound8k/176783,Dog_Bark,4,train
UrbanSound8K/176783-3-1-0.wav,urbansound8k/176783,Dog_Bark,4,train
UrbanSound8K/176787-5-0-0.wav,urbansound8k/176787,Car_Engine,3,val
UrbanSound8K/176787-5-0-1.wav,urbansound8k/176787,Car_Engine,3,val
UrbanSound8K/176787-5-0-10.wav,urbansound8k/176787,Car_Engine,3,val
UrbanSound8K/176787-5-0-11.wav,urbansound8k/176787,Car_Engine,3,val
UrbanSound8K/176787-5-0-12.wav,urbansound8k/176787,Car_Engine,3,val
UrbanSound8K/176787-5-0-13.wav,urbansound8k/176787,Car_Engine,3,val
UrbanSound8K/176787-5-0-14.wav,urbansound8k/176787,Car_Engine,3,val
UrbanSound8K/176787-5-0-15.wav,urbansound8k/176787,Car_Engine,3,val
UrbanSound8K/176787-5-0-16.wav,urbansound8k/176787,Car_Engine,3,val
UrbanSound8K/176787-5-0-17.wav,urbansound8k/176787,Car_Engine,3,val
UrbanSound8K/176787-5-0-18.wav,urbansound8k/176787,Car_Engine,3,val
UrbanSound8K/176787-5-0-19.wav,urbansound8k/176787,Car_Engine,3,val
UrbanSound8K/176787-5-0-2.wav,urbansound8k/176787,Car_Engine,3,val
UrbanSound8K/176787-5-0-20.wav,urbansound8k/176787,Car_Engine,3,val
UrbanSound8K/176787-5-0-21.wav,urbansound8k/176787,Car_Engine,3,val
UrbanSound8K/176787-5-0-22.wav,urbansound8k/176787,Car_Engine,3,val
UrbanSound8K/176787-5-0-23.wav,urbansound8k/176787,Car_Engine,3,val
UrbanSound8K/176787-5-0-24.wav,urbansound8k/176787,Car_Engine,3,val
UrbanSound8K/176787-5-0-25.wav,urbansound8k/176787,Car_Engine,3,val
UrbanSound8K/176787-5-0-26.wav,urbansound8k/176787,Car_Engine,3,val
UrbanSound8K/176787-5-0-27.wav,urbansound8k/176787,Car_Engine,3,val
UrbanSound8K/176787-5-0-28.wav,urbansound8k/176787,Car_Engine,3,val
UrbanSound8K/176787-5-0-29.wav,urbansound8k/176787,Car_Engine,3,val
UrbanSound8K/176787-5-0-3.wav,urbansound8k/176787,Car_Engine,3,val
UrbanSound8K/176787-5-0-30.wav,urbansound8k/176787,Car_Engine,3,val
UrbanSound8K/176787-5-0-4.wav,urbansound8k/176787,Car_Engine,3,val
UrbanSound8K/176787-5-0-5.wav,urbansound8k/176787,Car_Engine,3,val
UrbanSound8K/176787-5-0-6.wav,urbansound8k/176787,Car_Engine,3,val
UrbanSound8K/176787-5-0-7.wav,urbansound8k/176787,Car_Engine,3,val
UrbanSound8K/176787-5-0-8.wav,urbansound8k/176787,Car_Engine,3,val
UrbanSound8K/176787-5-0-9.wav,urbansound8k/176787,Car_Engine,3,val
UrbanSound8K/177537-7-0-0.wav,urbansound8k/177537,Jackhammer,11,test
UrbanSound8K/177537-7-0-1.wav,urbansound8k/177537,Jackhammer,11,test
UrbanSound8K/177537-7-0-10.wav,urbansound8k/177537,Jackhammer,11,test
UrbanSound8K/177537-7-0-11.wav,urbansound8k/177537,Jackhammer,11,test
UrbanSound8K/177537-7-0-12.wav,urbansound8k/177537,Jackhammer,11,test
UrbanSound8K/177537-7-0-13.wav,urbansound8k/177537,Jackhammer,11,test
UrbanSound8K/177537-7-0-14.wav,urbansound8k/177537,Jackhammer,11,test
UrbanSound8K/177537-7-0-15.wav,urbansound8k/177537,Jackhammer,11,test
UrbanSound8K/177537-7-0-16.wav,urbansound8k/177537,Jackhammer,11,test
UrbanSound8K/177537-7-0-17.wav,urbansound8k/177537,Jackhammer,11,test
UrbanSound8K/177537-7-0-18.wav,urbansound8k/177537,Jackhammer,11,test
UrbanSound8K/177537-7-0-19.wav,urbansound8k/177537,Jackhammer,11,test
UrbanSound8K/177537-7-0-2.wav,urbansound8k/177537,Jackhammer,11,test
UrbanSound8K/177537-7-0-20.wav,urbansound8k/177537,Jackhammer,11,test
UrbanSound8K/177537-7-0-21.wav,urbansound8k/177537,Jackhammer,11,test
UrbanSound8K/177537-7-0-22.wav,urbansound8k/177537,Jackhammer,11,test
UrbanSound8K/177537-7-0-23.wav,urbansound8k/177537,Jackhammer,11,test
UrbanSound8K/177537-7-0-24.wav,urbansound8k/177537,Jackhammer,11,test
UrbanSound8K/177537-7-0-25.wav,urbansound8k/177537,Jackhammer,11,test
UrbanSound8K/177537-7-0-26.wav,urbansound8k/177537,Jackhammer,11,test
UrbanSound8K/177537-7-0-27.wav,urbansound8k/177537,Jackhammer,11,test
UrbanSound8K/177537-7-0-28.wav,urbansound8k/177537,Jackhammer,11,test
UrbanSound8K/177537-7-0-29.wav,urbansound8k/177537,Jackhammer,11,test
UrbanSound8K/177537-7-0-3.wav,urbansound8k/177537,Jackhammer,11,test
UrbanSound8K/177537-7-0-30.wav,urbansound8k/177537,Jackhammer,11,test
UrbanSound8K/177537-7-0-31.wav,urbansound8k/177537,Jackhammer,11,test
UrbanSound8K/177537-7-0-4.wav,urbansound8k/177537,Jackhammer,11,test
UrbanSound8K/177537-7-0-5.wav,urbansound8k/177537,Jackhammer,11,test
UrbanSound8K/177537-7-0-6.wav,urbansound8k/177537,Jackhammer,11,test
UrbanSound8K/177537-7-0-7.wav,urbansound8k/177537,Jackhammer,11,test
UrbanSound8K/177537-7-0-8.wav,urbansound8k/177537,Jackhammer,11,test
UrbanSound8K/177537-7-0-9.wav,urbansound8k/177537,Jackhammer,11,test
UrbanSound8K/177537-7-1-0.wav,urbansound8k/177537,Jackhammer,11,test
UrbanSound8K/177537-7-1-1.wav,urbansound8k/177537,Jackhammer,11,test
UrbanSound8K/177537-7-1-10.wav,urbansound8k/177537,Jackhammer,11,test
UrbanSound8K/177537-7-1-2.wav,urbansound8k/177537,Jackhammer,11,test
UrbanSound8K/177537-7-1-3.wav,urbansound8k/177537,Jackhammer,11,test
UrbanSound8K/177537-7-1-4.wav,urbansound8k/177537,Jackhammer,11,test
UrbanSound8K/177537-7-1-5.wav,urbansound8k/177537,Jackhammer,11,test
UrbanSound8K/177537-7-1-6.wav,urbansound8k/177537,Jackhammer,11,test
UrbanSound8K/177537-7-1-7.wav,urbansound8k/177537,Jackhammer,11,test
UrbanSound8K/177537-7-1-8.wav,urbansound8k/177537,Jackhammer,11,test
UrbanSound8K/177537-7-1-9.wav,urbansound8k/177537,Jackhammer,11,test
UrbanSound8K/177537-7-2-0.wav,urbansound8k/177537,Jackhammer,11,test
UrbanSound8K/177537-7-2-1.wav,urbansound8k/177537,Jackhammer,11,test
UrbanSound8K/177592-5-0-0.wav,urbansound8k/177592,Car_Engine,3,train
UrbanSound8K/177592-5-0-1.wav,urbansound8k/177592,Car_Engine,3,train
UrbanSound8K/177592-5-0-10.wav,urbansound8k/177592,Car_Engine,3,train
UrbanSound8K/177592-5-0-2.wav,urbansound8k/177592,Car_Engine,3,train
UrbanSound8K/177592-5-0-3.wav,urbansound8k/177592,Car_Engine,3,train
UrbanSound8K/177592-5-0-4.wav,urbansound8k/177592,Car_Engine,3,train
UrbanSound8K/177592-5-0-5.wav,urbansound8k/177592,Car_Engine,3,train
UrbanSound8K/177592-5-0-6.wav,urbansound8k/177592,Car_Engine,3,train
UrbanSound8K/177592-5-0-7.wav,urbansound8k/177592,Car_Engine,3,train
UrbanSound8K/177592-5-0-8.wav,urbansound8k/177592,Car_Engine,3,train
UrbanSound8K/177592-5-0-9.wav,urbansound8k/177592,Car_Engine,3,train
UrbanSound8K/177620-3-0-20.wav,urbansound8k/177620,Dog_Bark,4,test
UrbanSound8K/177620-3-0-21.wav,urbansound8k/177620,Dog_Bark,4,test
UrbanSound8K/177620-3-0-25.wav,urbansound8k/177620,Dog_Bark,4,test
UrbanSound8K/177620-3-0-8.wav,urbansound8k/177620,Dog_Bark,4,test
UrbanSound8K/17810-3-1-0.wav,urbansound8k/17810,Dog_Bark,4,train
UrbanSound8K/178118-3-0-0.wav,urbansound8k/178118,Dog_Bark,4,train
UrbanSound8K/178118-3-1-0.wav,urbansound8k/178118,Dog_Bark,4,train
UrbanSound8K/178118-3-2-0.wav,urbansound8k/178118,Dog_Bark,4,train
UrbanSound8K/178260-7-0-0.wav,urbansound8k/178260,Jackhammer,11,val
UrbanSound8K/178260-7-1-0.wav,urbansound8k/178260,Jackhammer,11,val
UrbanSound8K/178260-7-1-1.wav,urbansound8k/178260,Jackhammer,11,val
UrbanSound8K/178260-7-1-10.wav,urbansound8k/178260,Jackhammer,11,val
UrbanSound8K/178260-7-1-2.wav,urbansound8k/178260,Jackhammer,11,val
UrbanSound8K/178260-7-1-3.wav,urbansound8k/178260,Jackhammer,11,val
UrbanSound8K/178260-7-1-4.wav,urbansound8k/178260,Jackhammer,11,val
UrbanSound8K/178260-7-1-5.wav,urbansound8k/178260,Jackhammer,11,val
UrbanSound8K/178260-7-1-6.wav,urbansound8k/178260,Jackhammer,11,val
UrbanSound8K/178260-7-1-7.wav,urbansound8k/178260,Jackhammer,11,val
UrbanSound8K/178260-7-1-8.wav,urbansound8k/178260,Jackhammer,11,val
UrbanSound8K/178260-7-1-9.wav,urbansound8k/178260,Jackhammer,11,val
UrbanSound8K/178260-7-2-0.wav,urbansound8k/178260,Jackhammer,11,val
UrbanSound8K/178260-7-2-1.wav,urbansound8k/178260,Jackhammer,11,val
UrbanSound8K/178260-7-2-2.wav,urbansound8k/178260,Jackhammer,11,val
UrbanSound8K/178260-7-3-0.wav,urbansound8k/178260,Jackhammer,11,val
UrbanSound8K/178260-7-3-1.wav,urbansound8k/178260,Jackhammer,11,val
UrbanSound8K/178260-7-3-10.wav,urbansound8k/178260,Jackhammer,11,val
UrbanSound8K/178260-7-3-11.wav,urbansound8k/178260,Jackhammer,11,val
UrbanSound8K/178260-7-3-12.wav,urbansound8k/178260,Jackhammer,11,val
UrbanSound8K/178260-7-3-2.wav,urbansound8k/178260,Jackhammer,11,val
UrbanSound8K/178260-7-3-3.wav,urbansound8k/178260,Jackhammer,11,val
UrbanSound8K/178260-7-3-4.wav,urbansound8k/178260,Jackhammer,11,val
UrbanSound8K/178260-7-3-5.wav,urbansound8k/178260,Jackhammer,11,val
UrbanSound8K/178260-7-3-6.wav,urbansound8k/178260,Jackhammer,11,val
UrbanSound8K/178260-7-3-7.wav,urbansound8k/178260,Jackhammer,11,val
UrbanSound8K/178260-7-3-8.wav,urbansound8k/178260,Jackhammer,11,val
UrbanSound8K/178260-7-3-9.wav,urbansound8k/178260,Jackhammer,11,val
UrbanSound8K/178260-7-4-0.wav,urbansound8k/178260,Jackhammer,11,val
UrbanSound8K/178260-7-4-1.wav,urbansound8k/178260,Jackhammer,11,val
UrbanSound8K/178260-7-5-0.wav,urbansound8k/178260,Jackhammer,11,val
UrbanSound8K/178260-7-6-0.wav,urbansound8k/178260,Jackhammer,11,val
UrbanSound8K/178260-7-7-0.wav,urbansound8k/178260,Jackhammer,11,val
UrbanSound8K/178261-7-0-0.wav,urbansound8k/178261,Jackhammer,11,train
UrbanSound8K/178261-7-1-0.wav,urbansound8k/178261,Jackhammer,11,train
UrbanSound8K/178261-7-2-0.wav,urbansound8k/178261,Jackhammer,11,train
UrbanSound8K/178261-7-3-0.wav,urbansound8k/178261,Jackhammer,11,train
UrbanSound8K/178261-7-3-1.wav,urbansound8k/178261,Jackhammer,11,train
UrbanSound8K/178261-7-3-2.wav,urbansound8k/178261,Jackhammer,11,train
UrbanSound8K/178261-7-3-3.wav,urbansound8k/178261,Jackhammer,11,train
UrbanSound8K/178261-7-3-4.wav,urbansound8k/178261,Jackhammer,11,train
UrbanSound8K/178261-7-3-5.wav,urbansound8k/178261,Jackhammer,11,train
UrbanSound8K/178261-7-3-6.wav,urbansound8k/178261,Jackhammer,11,train
UrbanSound8K/178402-1-0-0.wav,urbansound8k/178402,Vehicle_Horn,16,train
UrbanSound8K/178497-3-0-1.wav,urbansound8k/178497,Dog_Bark,4,train
UrbanSound8K/178497-3-0-3.wav,urbansound8k/178497,Dog_Bark,4,train
UrbanSound8K/178497-3-0-4.wav,urbansound8k/178497,Dog_Bark,4,train
UrbanSound8K/178497-3-0-6.wav,urbansound8k/178497,Dog_Bark,4,train
UrbanSound8K/17853-5-0-0.wav,urbansound8k/17853,Car_Engine,3,test
UrbanSound8K/17853-5-0-1.wav,urbansound8k/17853,Car_Engine,3,test
UrbanSound8K/17853-5-0-10.wav,urbansound8k/17853,Car_Engine,3,test
UrbanSound8K/17853-5-0-11.wav,urbansound8k/17853,Car_Engine,3,test
UrbanSound8K/17853-5-0-12.wav,urbansound8k/17853,Car_Engine,3,test
UrbanSound8K/17853-5-0-13.wav,urbansound8k/17853,Car_Engine,3,test
UrbanSound8K/17853-5-0-14.wav,urbansound8k/17853,Car_Engine,3,test
UrbanSound8K/17853-5-0-15.wav,urbansound8k/17853,Car_Engine,3,test
UrbanSound8K/17853-5-0-2.wav,urbansound8k/17853,Car_Engine,3,test
UrbanSound8K/17853-5-0-3.wav,urbansound8k/17853,Car_Engine,3,test
UrbanSound8K/17853-5-0-4.wav,urbansound8k/17853,Car_Engine,3,test
UrbanSound8K/17853-5-0-5.wav,urbansound8k/17853,Car_Engine,3,test
UrbanSound8K/17853-5-0-6.wav,urbansound8k/17853,Car_Engine,3,test
UrbanSound8K/17853-5-0-7.wav,urbansound8k/17853,Car_Engine,3,test
UrbanSound8K/17853-5-0-8.wav,urbansound8k/17853,Car_Engine,3,test
UrbanSound8K/17853-5-0-9.wav,urbansound8k/17853,Car_Engine,3,test
UrbanSound8K/179096-3-0-1.wav,urbansound8k/179096,Dog_Bark,4,train
UrbanSound8K/179096-3-0-10.wav,urbansound8k/179096,Dog_Bark,4,train
UrbanSound8K/179096-3-0-5.wav,urbansound8k/179096,Dog_Bark,4,train
UrbanSound8K/179096-3-0-9.wav,urbansound8k/179096,Dog_Bark,4,train
UrbanSound8K/17913-4-0-0.wav,urbansound8k/17913,Drilling,6,test
UrbanSound8K/17913-4-0-1.wav,urbansound8k/17913,Drilling,6,test
UrbanSound8K/17913-4-0-2.wav,urbansound8k/17913,Drilling,6,test
UrbanSound8K/17913-4-1-0.wav,urbansound8k/17913,Drilling,6,test
UrbanSound8K/17913-4-2-0.wav,urbansound8k/17913,Drilling,6,test
UrbanSound8K/179212-4-0-0.wav,urbansound8k/179212,Drilling,6,train
UrbanSound8K/179386-3-0-0.wav,urbansound8k/179386,Dog_Bark,4,train
UrbanSound8K/179386-3-0-1.wav,urbansound8k/179386,Dog_Bark,4,train
UrbanSound8K/179386-3-0-2.wav,urbansound8k/179386,Dog_Bark,4,train
UrbanSound8K/179386-3-0-3.wav,urbansound8k/179386,Dog_Bark,4,train
UrbanSound8K/179725-4-0-0.wav,urbansound8k/179725,Drilling,6,test
UrbanSound8K/179860-1-0-0.wav,urbansound8k/179860,Vehicle_Horn,16,train
UrbanSound8K/179861-1-0-0.wav,urbansound8k/179861,Vehicle_Horn,16,train
UrbanSound8K/179863-1-0-0.wav,urbansound8k/179863,Vehicle_Horn,16,train
UrbanSound8K/179864-1-0-0.wav,urbansound8k/179864,Vehicle_Horn,16,train
UrbanSound8K/179865-1-0-0.wav,urbansound8k/179865,Vehicle_Horn,16,train
UrbanSound8K/179866-1-1-0.wav,urbansound8k/179866,Vehicle_Horn,16,train
UrbanSound8K/179867-1-0-0.wav,urbansound8k/179867,Vehicle_Horn,16,train
UrbanSound8K/179868-1-0-0.wav,urbansound8k/179868,Vehicle_Horn,16,train
UrbanSound8K/180029-4-1-0.wav,urbansound8k/180029,Drilling,6,train
UrbanSound8K/180029-4-10-0.wav,urbansound8k/180029,Drilling,6,train
UrbanSound8K/180029-4-11-0.wav,urbansound8k/180029,Drilling,6,train
UrbanSound8K/180029-4-12-0.wav,urbansound8k/180029,Drilling,6,train
UrbanSound8K/180029-4-13-0.wav,urbansound8k/180029,Drilling,6,train
UrbanSound8K/180029-4-14-0.wav,urbansound8k/180029,Drilling,6,train
UrbanSound8K/180029-4-15-0.wav,urbansound8k/180029,Drilling,6,train
UrbanSound8K/180029-4-16-0.wav,urbansound8k/180029,Drilling,6,train
UrbanSound8K/180029-4-19-0.wav,urbansound8k/180029,Drilling,6,train
UrbanSound8K/180029-4-2-0.wav,urbansound8k/180029,Drilling,6,train
UrbanSound8K/180029-4-20-0.wav,urbansound8k/180029,Drilling,6,train
UrbanSound8K/180029-4-4-0.wav,urbansound8k/180029,Drilling,6,train
UrbanSound8K/180029-4-5-0.wav,urbansound8k/180029,Drilling,6,train
UrbanSound8K/180029-4-6-0.wav,urbansound8k/180029,Drilling,6,train
UrbanSound8K/180029-4-7-0.wav,urbansound8k/180029,Drilling,6,train
UrbanSound8K/180029-4-8-0.wav,urbansound8k/180029,Drilling,6,train
UrbanSound8K/180029-4-9-0.wav,urbansound8k/180029,Drilling,6,train
UrbanSound8K/180052-3-0-0.wav,urbansound8k/180052,Dog_Bark,4,train
UrbanSound8K/180052-3-0-1.wav,urbansound8k/180052,Dog_Bark,4,train
UrbanSound8K/180052-3-0-3.wav,urbansound8k/180052,Dog_Bark,4,train
UrbanSound8K/180052-3-0-4.wav,urbansound8k/180052,Dog_Bark,4,train
UrbanSound8K/180125-4-0-16.wav,urbansound8k/180125,Drilling,6,train
UrbanSound8K/180125-4-0-17.wav,urbansound8k/180125,Drilling,6,train
UrbanSound8K/180125-4-1-3.wav,urbansound8k/180125,Drilling,6,train
UrbanSound8K/180125-4-1-5.wav,urbansound8k/180125,Drilling,6,train
UrbanSound8K/180125-4-1-7.wav,urbansound8k/180125,Drilling,6,train
UrbanSound8K/180125-4-1-8.wav,urbansound8k/180125,Drilling,6,train
UrbanSound8K/180125-4-2-1.wav,urbansound8k/180125,Drilling,6,train
UrbanSound8K/180125-4-2-13.wav,urbansound8k/180125,Drilling,6,train
UrbanSound8K/180125-4-2-14.wav,urbansound8k/180125,Drilling,6,train
UrbanSound8K/180125-4-2-15.wav,urbansound8k/180125,Drilling,6,train
UrbanSound8K/180125-4-2-17.wav,urbansound8k/180125,Drilling,6,train
UrbanSound8K/180125-4-3-0.wav,urbansound8k/180125,Drilling,6,train
UrbanSound8K/180125-4-3-1.wav,urbansound8k/180125,Drilling,6,train
UrbanSound8K/180125-4-3-10.wav,urbansound8k/180125,Drilling,6,train
UrbanSound8K/180125-4-3-2.wav,urbansound8k/180125,Drilling,6,train
UrbanSound8K/180125-4-3-22.wav,urbansound8k/180125,Drilling,6,train
UrbanSound8K/180125-4-3-24.wav,urbansound8k/180125,Drilling,6,train
UrbanSound8K/180125-4-3-4.wav,urbansound8k/180125,Drilling,6,train
UrbanSound8K/180126-4-0-0.wav,urbansound8k/180126,Drilling,6,val
UrbanSound8K/180126-4-1-0.wav,urbansound8k/180126,Drilling,6,val
UrbanSound8K/180126-4-1-1.wav,urbansound8k/180126,Drilling,6,val
UrbanSound8K/180126-4-1-2.wav,urbansound8k/180126,Drilling,6,val
UrbanSound8K/180126-4-2-0.wav,urbansound8k/180126,Drilling,6,val
UrbanSound8K/180126-4-3-0.wav,urbansound8k/180126,Drilling,6,val
UrbanSound8K/180126-4-4-0.wav,urbansound8k/180126,Drilling,6,val
UrbanSound8K/180126-4-4-1.wav,urbansound8k/180126,Drilling,6,val
UrbanSound8K/180126-4-4-2.wav,urbansound8k/180126,Drilling,6,val
UrbanSound8K/180127-4-0-0.wav,urbansound8k/180127,Drilling,6,val
UrbanSound8K/180127-4-0-1.wav,urbansound8k/180127,Drilling,6,val
UrbanSound8K/180127-4-0-10.wav,urbansound8k/180127,Drilling,6,val
UrbanSound8K/180127-4-0-11.wav,urbansound8k/180127,Drilling,6,val
UrbanSound8K/180127-4-0-12.wav,urbansound8k/180127,Drilling,6,val
UrbanSound8K/180127-4-0-13.wav,urbansound8k/180127,Drilling,6,val
UrbanSound8K/180127-4-0-14.wav,urbansound8k/180127,Drilling,6,val
UrbanSound8K/180127-4-0-15.wav,urbansound8k/180127,Drilling,6,val
UrbanSound8K/180127-4-0-16.wav,urbansound8k/180127,Drilling,6,val
UrbanSound8K/180127-4-0-17.wav,urbansound8k/180127,Drilling,6,val
UrbanSound8K/180127-4-0-18.wav,urbansound8k/180127,Drilling,6,val
UrbanSound8K/180127-4-0-19.wav,urbansound8k/180127,Drilling,6,val
UrbanSound8K/180127-4-0-2.wav,urbansound8k/180127,Drilling,6,val
UrbanSound8K/180127-4-0-20.wav,urbansound8k/180127,Drilling,6,val
UrbanSound8K/180127-4-0-21.wav,urbansound8k/180127,Drilling,6,val
UrbanSound8K/180127-4-0-3.wav,urbansound8k/180127,Drilling,6,val
UrbanSound8K/180127-4-0-4.wav,urbansound8k/180127,Drilling,6,val
UrbanSound8K/180127-4-0-5.wav,urbansound8k/180127,Drilling,6,val
UrbanSound8K/180127-4-0-6.wav,urbansound8k/180127,Drilling,6,val
UrbanSound8K/180127-4-0-7.wav,urbansound8k/180127,Drilling,6,val
UrbanSound8K/180127-4-0-8.wav,urbansound8k/180127,Drilling,6,val
UrbanSound8K/180127-4-0-9.wav,urbansound8k/180127,Drilling,6,val
UrbanSound8K/180128-4-0-0.wav,urbansound8k/180128,Drilling,6,train
UrbanSound8K/180128-4-11-0.wav,urbansound8k/180128,Drilling,6,train
UrbanSound8K/180128-4-11-1.wav,urbansound8k/180128,Drilling,6,train
UrbanSound8K/180128-4-12-0.wav,urbansound8k/180128,Drilling,6,train
UrbanSound8K/180128-4-13-0.wav,urbansound8k/180128,Drilling,6,train
UrbanSound8K/180128-4-14-0.wav,urbansound8k/180128,Drilling,6,train
UrbanSound8K/180128-4-16-1.wav,urbansound8k/180128,Drilling,6,train
UrbanSound8K/180128-4-17-0.wav,urbansound8k/180128,Drilling,6,train
UrbanSound8K/180128-4-4-0.wav,urbansound8k/180128,Drilling,6,train
UrbanSound8K/180128-4-5-0.wav,urbansound8k/180128,Drilling,6,train
UrbanSound8K/180128-4-6-0.wav,urbansound8k/180128,Drilling,6,train
UrbanSound8K/180128-4-6-1.wav,urbansound8k/180128,Drilling,6,train
UrbanSound8K/180128-4-6-2.wav,urbansound8k/180128,Drilling,6,train
UrbanSound8K/180128-4-7-0.wav,urbansound8k/180128,Drilling,6,train
UrbanSound8K/180128-4-7-2.wav,urbansound8k/180128,Drilling,6,train
UrbanSound8K/180128-4-7-3.wav,urbansound8k/180128,Drilling,6,train
UrbanSound8K/180128-4-7-4.wav,urbansound8k/180128,Drilling,6,train
UrbanSound8K/180128-4-7-5.wav,urbansound8k/180128,Drilling,6,train
UrbanSound8K/180128-4-9-0.wav,urbansound8k/180128,Drilling,6,train
UrbanSound8K/180132-4-0-0.wav,urbansound8k/180132,Drilling,6,val
UrbanSound8K/180132-4-1-0.wav,urbansound8k/180132,Drilling,6,val
UrbanSound8K/180132-4-2-0.wav,urbansound8k/180132,Drilling,6,val
UrbanSound8K/180132-4-3-0.wav,urbansound8k/180132,Drilling,6,val
UrbanSound8K/180134-4-1-3.wav,urbansound8k/180134,Drilling,6,train
UrbanSound8K/180134-4-1-7.wav,urbansound8k/180134,Drilling,6,train
UrbanSound8K/180134-4-1-8.wav,urbansound8k/180134,Drilling,6,train
UrbanSound8K/180134-4-1-9.wav,urbansound8k/180134,Drilling,6,train
UrbanSound8K/180134-4-2-0.wav,urbansound8k/180134,Drilling,6,train
UrbanSound8K/180134-4-2-1.wav,urbansound8k/180134,Drilling,6,train
UrbanSound8K/180134-4-2-11.wav,urbansound8k/180134,Drilling,6,train
UrbanSound8K/180134-4-2-13.wav,urbansound8k/180134,Drilling,6,train
UrbanSound8K/180134-4-2-15.wav,urbansound8k/180134,Drilling,6,train
UrbanSound8K/180134-4-2-16.wav,urbansound8k/180134,Drilling,6,train
UrbanSound8K/180134-4-2-17.wav,urbansound8k/180134,Drilling,6,train
UrbanSound8K/180134-4-2-19.wav,urbansound8k/180134,Drilling,6,train
UrbanSound8K/180134-4-2-3.wav,urbansound8k/180134,Drilling,6,train
UrbanSound8K/180134-4-2-4.wav,urbansound8k/180134,Drilling,6,train
UrbanSound8K/180134-4-2-5.wav,urbansound8k/180134,Drilling,6,train
UrbanSound8K/180134-4-2-6.wav,urbansound8k/180134,Drilling,6,train
UrbanSound8K/180134-4-2-9.wav,urbansound8k/180134,Drilling,6,train
UrbanSound8K/180156-1-0-0.wav,urbansound8k/180156,Vehicle_Horn,16,val
UrbanSound8K/180156-1-1-0.wav,urbansound8k/180156,Vehicle_Horn,16,val
UrbanSound8K/180156-1-10-0.wav,urbansound8k/180156,Vehicle_Horn,16,val
UrbanSound8K/180156-1-11-0.wav,urbansound8k/180156,Vehicle_Horn,16,val
UrbanSound8K/180156-1-3-0.wav,urbansound8k/180156,Vehicle_Horn,16,val
UrbanSound8K/180156-1-4-0.wav,urbansound8k/180156,Vehicle_Horn,16,val
UrbanSound8K/180156-1-5-0.wav,urbansound8k/180156,Vehicle_Horn,16,val
UrbanSound8K/180156-1-6-0.wav,urbansound8k/180156,Vehicle_Horn,16,val
UrbanSound8K/180156-1-8-0.wav,urbansound8k/180156,Vehicle_Horn,16,val
UrbanSound8K/180256-3-0-0.wav,urbansound8k/180256,Dog_Bark,4,train
UrbanSound8K/180256-3-0-1.wav,urbansound8k/180256,Dog_Bark,4,train
UrbanSound8K/180256-3-0-2.wav,urbansound8k/180256,Dog_Bark,4,train
UrbanSound8K/180256-3-0-3.wav,urbansound8k/180256,Dog_Bark,4,train
UrbanSound8K/180257-3-0-1.wav,urbansound8k/180257,Dog_Bark,4,train
UrbanSound8K/180257-3-0-3.wav,urbansound8k/180257,Dog_Bark,4,train
UrbanSound8K/180257-3-0-4.wav,urbansound8k/180257,Dog_Bark,4,train
UrbanSound8K/180257-3-0-5.wav,urbansound8k/180257,Dog_Bark,4,train
UrbanSound8K/180937-4-0-11.wav,urbansound8k/180937,Drilling,6,train
UrbanSound8K/180937-4-0-13.wav,urbansound8k/180937,Drilling,6,train
UrbanSound8K/180937-4-0-14.wav,urbansound8k/180937,Drilling,6,train
UrbanSound8K/180937-4-0-19.wav,urbansound8k/180937,Drilling,6,train
UrbanSound8K/180937-4-0-20.wav,urbansound8k/180937,Drilling,6,train
UrbanSound8K/180937-4-1-12.wav,urbansound8k/180937,Drilling,6,train
UrbanSound8K/180937-4-1-20.wav,urbansound8k/180937,Drilling,6,train
UrbanSound8K/180937-4-1-27.wav,urbansound8k/180937,Drilling,6,train
UrbanSound8K/180937-4-1-30.wav,urbansound8k/180937,Drilling,6,train
UrbanSound8K/180937-4-1-46.wav,urbansound8k/180937,Drilling,6,train
UrbanSound8K/180937-4-1-47.wav,urbansound8k/180937,Drilling,6,train
UrbanSound8K/180937-4-1-54.wav,urbansound8k/180937,Drilling,6,train
UrbanSound8K/180937-4-2-1.wav,urbansound8k/180937,Drilling,6,train
UrbanSound8K/180937-4-2-2.wav,urbansound8k/180937,Drilling,6,train
UrbanSound8K/180937-4-3-12.wav,urbansound8k/180937,Drilling,6,train
UrbanSound8K/180937-4-3-9.wav,urbansound8k/180937,Drilling,6,train
UrbanSound8K/180937-7-0-0.wav,urbansound8k/180937,Jackhammer,11,train
UrbanSound8K/180937-7-0-1.wav,urbansound8k/180937,Jackhammer,11,train
UrbanSound8K/180937-7-0-2.wav,urbansound8k/180937,Jackhammer,11,train
UrbanSound8K/180937-7-0-4.wav,urbansound8k/180937,Jackhammer,11,train
UrbanSound8K/180937-7-0-5.wav,urbansound8k/180937,Jackhammer,11,train
UrbanSound8K/180937-7-0-6.wav,urbansound8k/180937,Jackhammer,11,train
UrbanSound8K/180937-7-1-0.wav,urbansound8k/180937,Jackhammer,11,train
UrbanSound8K/180937-7-1-1.wav,urbansound8k/180937,Jackhammer,11,train
UrbanSound8K/180937-7-1-10.wav,urbansound8k/180937,Jackhammer,11,train
UrbanSound8K/180937-7-1-11.wav,urbansound8k/180937,Jackhammer,11,train
UrbanSound8K/180937-7-1-12.wav,urbansound8k/180937,Jackhammer,11,train
UrbanSound8K/180937-7-1-13.wav,urbansound8k/180937,Jackhammer,11,train
UrbanSound8K/180937-7-1-14.wav,urbansound8k/180937,Jackhammer,11,train
UrbanSound8K/180937-7-1-15.wav,urbansound8k/180937,Jackhammer,11,train
UrbanSound8K/180937-7-1-2.wav,urbansound8k/180937,Jackhammer,11,train
UrbanSound8K/180937-7-1-3.wav,urbansound8k/180937,Jackhammer,11,train
UrbanSound8K/180937-7-1-4.wav,urbansound8k/180937,Jackhammer,11,train
UrbanSound8K/180937-7-1-5.wav,urbansound8k/180937,Jackhammer,11,train
UrbanSound8K/180937-7-1-6.wav,urbansound8k/180937,Jackhammer,11,train
UrbanSound8K/180937-7-1-7.wav,urbansound8k/180937,Jackhammer,11,train
UrbanSound8K/180937-7-1-8.wav,urbansound8k/180937,Jackhammer,11,train
UrbanSound8K/180937-7-1-9.wav,urbansound8k/180937,Jackhammer,11,train
UrbanSound8K/180937-7-2-0.wav,urbansound8k/180937,Jackhammer,11,train
UrbanSound8K/180937-7-2-1.wav,urbansound8k/180937,Jackhammer,11,train
UrbanSound8K/180937-7-2-10.wav,urbansound8k/180937,Jackhammer,11,train
UrbanSound8K/180937-7-2-2.wav,urbansound8k/180937,Jackhammer,11,train
UrbanSound8K/180937-7-2-3.wav,urbansound8k/180937,Jackhammer,11,train
UrbanSound8K/180937-7-2-4.wav,urbansound8k/180937,Jackhammer,11,train
UrbanSound8K/180937-7-2-5.wav,urbansound8k/180937,Jackhammer,11,train
UrbanSound8K/180937-7-2-6.wav,urbansound8k/180937,Jackhammer,11,train
UrbanSound8K/180937-7-2-7.wav,urbansound8k/180937,Jackhammer,11,train
UrbanSound8K/180937-7-2-8.wav,urbansound8k/180937,Jackhammer,11,train
UrbanSound8K/180937-7-2-9.wav,urbansound8k/180937,Jackhammer,11,train
UrbanSound8K/180937-7-3-0.wav,urbansound8k/180937,Jackhammer,11,train
UrbanSound8K/180937-7-3-1.wav,urbansound8k/180937,Jackhammer,11,train
UrbanSound8K/180937-7-3-10.wav,urbansound8k/180937,Jackhammer,11,train
UrbanSound8K/180937-7-3-11.wav,urbansound8k/180937,Jackhammer,11,train
UrbanSound8K/180937-7-3-12.wav,urbansound8k/180937,Jackhammer,11,train
UrbanSound8K/180937-7-3-13.wav,urbansound8k/180937,Jackhammer,11,train
UrbanSound8K/180937-7-3-14.wav,urbansound8k/180937,Jackhammer,11,train
UrbanSound8K/180937-7-3-15.wav,urbansound8k/180937,Jackhammer,11,train
UrbanSound8K/180937-7-3-17.wav,urbansound8k/180937,Jackhammer,11,train
UrbanSound8K/180937-7-3-18.wav,urbansound8k/180937,Jackhammer,11,train
UrbanSound8K/180937-7-3-19.wav,urbansound8k/180937,Jackhammer,11,train
UrbanSound8K/180937-7-3-2.wav,urbansound8k/180937,Jackhammer,11,train
UrbanSound8K/180937-7-3-20.wav,urbansound8k/180937,Jackhammer,11,train
UrbanSound8K/180937-7-3-21.wav,urbansound8k/180937,Jackhammer,11,train
UrbanSound8K/180937-7-3-22.wav,urbansound8k/180937,Jackhammer,11,train
UrbanSound8K/180937-7-3-23.wav,urbansound8k/180937,Jackhammer,11,train
UrbanSound8K/180937-7-3-24.wav,urbansound8k/180937,Jackhammer,11,train
UrbanSound8K/180937-7-3-26.wav,urbansound8k/180937,Jackhammer,11,train
UrbanSound8K/180937-7-3-27.wav,urbansound8k/180937,Jackhammer,11,train
UrbanSound8K/180937-7-3-28.wav,urbansound8k/180937,Jackhammer,11,train
UrbanSound8K/180937-7-3-29.wav,urbansound8k/180937,Jackhammer,11,train
UrbanSound8K/180937-7-3-3.wav,urbansound8k/180937,Jackhammer,11,train
UrbanSound8K/180937-7-3-30.wav,urbansound8k/180937,Jackhammer,11,train
UrbanSound8K/180937-7-3-31.wav,urbansound8k/180937,Jackhammer,11,train
UrbanSound8K/180937-7-3-32.wav,urbansound8k/180937,Jackhammer,11,train
UrbanSound8K/180937-7-3-33.wav,urbansound8k/180937,Jackhammer,11,train
UrbanSound8K/180937-7-3-4.wav,urbansound8k/180937,Jackhammer,11,train
UrbanSound8K/180937-7-3-5.wav,urbansound8k/180937,Jackhammer,11,train
UrbanSound8K/180937-7-3-6.wav,urbansound8k/180937,Jackhammer,11,train
UrbanSound8K/180937-7-3-7.wav,urbansound8k/180937,Jackhammer,11,train
UrbanSound8K/180937-7-3-8.wav,urbansound8k/180937,Jackhammer,11,train
UrbanSound8K/180937-7-3-9.wav,urbansound8k/180937,Jackhammer,11,train
UrbanSound8K/180937-7-4-0.wav,urbansound8k/180937,Jackhammer,11,train
UrbanSound8K/180937-7-4-10.wav,urbansound8k/180937,Jackhammer,11,train
UrbanSound8K/180937-7-4-11.wav,urbansound8k/180937,Jackhammer,11,train
UrbanSound8K/180937-7-4-12.wav,urbansound8k/180937,Jackhammer,11,train
UrbanSound8K/180937-7-4-13.wav,urbansound8k/180937,Jackhammer,11,train
UrbanSound8K/180937-7-4-14.wav,urbansound8k/180937,Jackhammer,11,train
UrbanSound8K/180937-7-4-2.wav,urbansound8k/180937,Jackhammer,11,train
UrbanSound8K/180937-7-4-3.wav,urbansound8k/180937,Jackhammer,11,train
UrbanSound8K/180937-7-4-4.wav,urbansound8k/180937,Jackhammer,11,train
UrbanSound8K/180937-7-4-5.wav,urbansound8k/180937,Jackhammer,11,train
UrbanSound8K/180937-7-4-6.wav,urbansound8k/180937,Jackhammer,11,train
UrbanSound8K/180937-7-4-7.wav,urbansound8k/180937,Jackhammer,11,train
UrbanSound8K/180937-7-4-8.wav,urbansound8k/180937,Jackhammer,11,train
UrbanSound8K/180937-7-4-9.wav,urbansound8k/180937,Jackhammer,11,train
UrbanSound8K/180960-6-0-0.wav,urbansound8k/180960,Gunshot,9,train
UrbanSound8K/180977-3-1-0.wav,urbansound8k/180977,Dog_Bark,4,test
UrbanSound8K/180977-3-1-1.wav,urbansound8k/180977,Dog_Bark,4,test
UrbanSound8K/180977-3-1-5.wav,urbansound8k/180977,Dog_Bark,4,test
UrbanSound8K/181624-4-0-0.wav,urbansound8k/181624,Drilling,6,val
UrbanSound8K/181624-4-1-0.wav,urbansound8k/181624,Drilling,6,val
UrbanSound8K/181624-4-10-0.wav,urbansound8k/181624,Drilling,6,val
UrbanSound8K/181624-4-2-0.wav,urbansound8k/181624,Drilling,6,val
UrbanSound8K/181624-4-3-0.wav,urbansound8k/181624,Drilling,6,val
UrbanSound8K/181624-4-4-0.wav,urbansound8k/181624,Drilling,6,val
UrbanSound8K/181624-4-6-0.wav,urbansound8k/181624,Drilling,6,val
UrbanSound8K/181624-4-8-0.wav,urbansound8k/181624,Drilling,6,val
UrbanSound8K/181624-4-9-0.wav,urbansound8k/181624,Drilling,6,val
UrbanSound8K/181725-3-0-16.wav,urbansound8k/181725,Dog_Bark,4,train
UrbanSound8K/181725-3-0-22.wav,urbansound8k/181725,Dog_Bark,4,train
UrbanSound8K/181725-3-0-37.wav,urbansound8k/181725,Dog_Bark,4,train
UrbanSound8K/182474-1-0-0.wav,urbansound8k/182474,Vehicle_Horn,16,train
UrbanSound8K/183894-1-5-0.wav,urbansound8k/183894,Vehicle_Horn,16,train
UrbanSound8K/183894-1-6-0.wav,urbansound8k/183894,Vehicle_Horn,16,train
UrbanSound8K/183894-1-7-0.wav,urbansound8k/183894,Vehicle_Horn,16,train
UrbanSound8K/183894-1-8-0.wav,urbansound8k/183894,Vehicle_Horn,16,train
UrbanSound8K/183894-1-9-0.wav,urbansound8k/183894,Vehicle_Horn,16,train
UrbanSound8K/183989-3-1-18.wav,urbansound8k/183989,Dog_Bark,4,train
UrbanSound8K/183989-3-1-21.wav,urbansound8k/183989,Dog_Bark,4,train
UrbanSound8K/183989-3-1-23.wav,urbansound8k/183989,Dog_Bark,4,train
UrbanSound8K/183989-3-1-25.wav,urbansound8k/183989,Dog_Bark,4,train
UrbanSound8K/183992-3-0-10.wav,urbansound8k/183992,Dog_Bark,4,train
UrbanSound8K/183992-3-0-3.wav,urbansound8k/183992,Dog_Bark,4,train
UrbanSound8K/183992-3-0-6.wav,urbansound8k/183992,Dog_Bark,4,train
UrbanSound8K/183992-3-0-9.wav,urbansound8k/183992,Dog_Bark,4,train
UrbanSound8K/184355-1-0-0.wav,urbansound8k/184355,Vehicle_Horn,16,train
UrbanSound8K/18453-3-0-0.wav,urbansound8k/18453,Dog_Bark,4,train
UrbanSound8K/184575-3-0-0.wav,urbansound8k/184575,Dog_Bark,4,train
UrbanSound8K/184575-3-0-1.wav,urbansound8k/184575,Dog_Bark,4,train
UrbanSound8K/184575-3-0-2.wav,urbansound8k/184575,Dog_Bark,4,train
UrbanSound8K/184575-3-0-3.wav,urbansound8k/184575,Dog_Bark,4,train
UrbanSound8K/184623-8-0-0.wav,urbansound8k/184623,Siren,14,train
UrbanSound8K/184623-8-0-1.wav,urbansound8k/184623,Siren,14,train
UrbanSound8K/184623-8-0-2.wav,urbansound8k/184623,Siren,14,train
UrbanSound8K/184623-8-0-3.wav,urbansound8k/184623,Siren,14,train
UrbanSound8K/184623-8-1-0.wav,urbansound8k/184623,Siren,14,train
UrbanSound8K/184725-3-0-1.wav,urbansound8k/184725,Dog_Bark,4,train
UrbanSound8K/184725-3-0-2.wav,urbansound8k/184725,Dog_Bark,4,train
UrbanSound8K/184725-3-0-4.wav,urbansound8k/184725,Dog_Bark,4,train
UrbanSound8K/184725-3-0-5.wav,urbansound8k/184725,Dog_Bark,4,train
UrbanSound8K/185436-1-0-0.wav,urbansound8k/185436,Vehicle_Horn,16,train
UrbanSound8K/185436-1-1-0.wav,urbansound8k/185436,Vehicle_Horn,16,train
UrbanSound8K/185436-1-2-0.wav,urbansound8k/185436,Vehicle_Horn,16,train
UrbanSound8K/185436-1-3-0.wav,urbansound8k/185436,Vehicle_Horn,16,train
UrbanSound8K/185436-1-4-0.wav,urbansound8k/185436,Vehicle_Horn,16,train
UrbanSound8K/185436-1-5-0.wav,urbansound8k/185436,Vehicle_Horn,16,train
UrbanSound8K/185436-1-6-0.wav,urbansound8k/185436,Vehicle_Horn,16,train
UrbanSound8K/185436-1-7-0.wav,urbansound8k/185436,Vehicle_Horn,16,train
UrbanSound8K/185800-4-0-0.wav,urbansound8k/185800,Drilling,6,train
UrbanSound8K/185800-4-0-1.wav,urbansound8k/185800,Drilling,6,train
UrbanSound8K/185800-4-1-0.wav,urbansound8k/185800,Drilling,6,train
UrbanSound8K/185800-4-2-0.wav,urbansound8k/185800,Drilling,6,train
UrbanSound8K/185800-4-2-1.wav,urbansound8k/185800,Drilling,6,train
UrbanSound8K/185800-4-2-2.wav,urbansound8k/185800,Drilling,6,train
UrbanSound8K/185801-4-0-0.wav,urbansound8k/185801,Drilling,6,train
UrbanSound8K/185801-4-0-1.wav,urbansound8k/185801,Drilling,6,train
UrbanSound8K/185801-4-0-2.wav,urbansound8k/185801,Drilling,6,train
UrbanSound8K/18581-3-0-0.wav,urbansound8k/18581,Dog_Bark,4,val
UrbanSound8K/18581-3-0-5.wav,urbansound8k/18581,Dog_Bark,4,val
UrbanSound8K/18581-3-1-1.wav,urbansound8k/18581,Dog_Bark,4,val
UrbanSound8K/18581-3-1-3.wav,urbansound8k/18581,Dog_Bark,4,val
UrbanSound8K/18592-5-0-0.wav,urbansound8k/18592,Car_Engine,3,val
UrbanSound8K/18592-5-0-1.wav,urbansound8k/18592,Car_Engine,3,val
UrbanSound8K/18592-5-0-2.wav,urbansound8k/18592,Car_Engine,3,val
UrbanSound8K/18592-5-0-3.wav,urbansound8k/18592,Car_Engine,3,val
UrbanSound8K/18592-5-0-4.wav,urbansound8k/18592,Car_Engine,3,val
UrbanSound8K/18594-1-1-0.wav,urbansound8k/18594,Vehicle_Horn,16,val
UrbanSound8K/186935-5-0-0.wav,urbansound8k/186935,Car_Engine,3,train
UrbanSound8K/186935-5-0-1.wav,urbansound8k/186935,Car_Engine,3,train
UrbanSound8K/186936-5-0-0.wav,urbansound8k/186936,Car_Engine,3,train
UrbanSound8K/186936-5-0-1.wav,urbansound8k/186936,Car_Engine,3,train
UrbanSound8K/186938-5-0-0.wav,urbansound8k/186938,Car_Engine,3,train
UrbanSound8K/186940-5-0-0.wav,urbansound8k/186940,Car_Engine,3,train
UrbanSound8K/187075-5-0-0.wav,urbansound8k/187075,Car_Engine,3,train
UrbanSound8K/187075-5-0-1.wav,urbansound8k/187075,Car_Engine,3,train
UrbanSound8K/187075-5-0-2.wav,urbansound8k/187075,Car_Engine,3,train
UrbanSound8K/187075-5-0-3.wav,urbansound8k/187075,Car_Engine,3,train
UrbanSound8K/187075-5-0-4.wav,urbansound8k/187075,Car_Engine,3,train
UrbanSound8K/187075-5-0-5.wav,urbansound8k/187075,Car_Engine,3,train
UrbanSound8K/187075-5-0-6.wav,urbansound8k/187075,Car_Engine,3,train
UrbanSound8K/187075-5-0-7.wav,urbansound8k/187075,Car_Engine,3,train
UrbanSound8K/187075-5-0-8.wav,urbansound8k/187075,Car_Engine,3,train
UrbanSound8K/187356-1-1-0.wav,urbansound8k/187356,Vehicle_Horn,16,train
UrbanSound8K/187356-1-2-0.wav,urbansound8k/187356,Vehicle_Horn,16,train
UrbanSound8K/187356-1-3-0.wav,urbansound8k/187356,Vehicle_Horn,16,train
UrbanSound8K/187356-1-4-0.wav,urbansound8k/187356,Vehicle_Horn,16,train
UrbanSound8K/187356-1-5-0.wav,urbansound8k/187356,Vehicle_Horn,16,train
UrbanSound8K/187356-1-6-0.wav,urbansound8k/187356,Vehicle_Horn,16,train
UrbanSound8K/187377-4-0-0.wav,urbansound8k/187377,Drilling,6,test
UrbanSound8K/187377-4-0-1.wav,urbansound8k/187377,Drilling,6,test
UrbanSound8K/187378-3-0-12.wav,urbansound8k/187378,Dog_Bark,4,val
UrbanSound8K/187378-3-0-19.wav,urbansound8k/187378,Dog_Bark,4,val
UrbanSound8K/187378-3-0-30.wav,urbansound8k/187378,Dog_Bark,4,val
UrbanSound8K/187378-3-0-7.wav,urbansound8k/187378,Dog_Bark,4,val
UrbanSound8K/187863-4-0-0.wav,urbansound8k/187863,Drilling,6,train
UrbanSound8K/187863-4-0-1.wav,urbansound8k/187863,Drilling,6,train
UrbanSound8K/187863-4-0-2.wav,urbansound8k/187863,Drilling,6,train
UrbanSound8K/187863-4-0-3.wav,urbansound8k/187863,Drilling,6,train
UrbanSound8K/187863-4-0-4.wav,urbansound8k/187863,Drilling,6,train
UrbanSound8K/187863-4-0-5.wav,urbansound8k/187863,Drilling,6,train
UrbanSound8K/187920-7-0-0.wav,urbansound8k/187920,Jackhammer,11,train
UrbanSound8K/187920-7-1-0.wav,urbansound8k/187920,Jackhammer,11,train
UrbanSound8K/187920-7-1-1.wav,urbansound8k/187920,Jackhammer,11,train
UrbanSound8K/187920-7-1-2.wav,urbansound8k/187920,Jackhammer,11,train
UrbanSound8K/187920-7-2-0.wav,urbansound8k/187920,Jackhammer,11,train
UrbanSound8K/188004-8-0-0.wav,urbansound8k/188004,Siren,14,train
UrbanSound8K/188004-8-0-1.wav,urbansound8k/188004,Siren,14,train
UrbanSound8K/188004-8-0-2.wav,urbansound8k/188004,Siren,14,train
UrbanSound8K/188813-7-0-0.wav,urbansound8k/188813,Jackhammer,11,train
UrbanSound8K/188813-7-1-0.wav,urbansound8k/188813,Jackhammer,11,train
UrbanSound8K/188813-7-10-0.wav,urbansound8k/188813,Jackhammer,11,train
UrbanSound8K/188813-7-10-1.wav,urbansound8k/188813,Jackhammer,11,train
UrbanSound8K/188813-7-10-2.wav,urbansound8k/188813,Jackhammer,11,train
UrbanSound8K/188813-7-10-3.wav,urbansound8k/188813,Jackhammer,11,train
UrbanSound8K/188813-7-11-0.wav,urbansound8k/188813,Jackhammer,11,train
UrbanSound8K/188813-7-11-1.wav,urbansound8k/188813,Jackhammer,11,train
UrbanSound8K/188813-7-12-0.wav,urbansound8k/188813,Jackhammer,11,train
UrbanSound8K/188813-7-13-0.wav,urbansound8k/188813,Jackhammer,11,train
UrbanSound8K/188813-7-2-0.wav,urbansound8k/188813,Jackhammer,11,train
UrbanSound8K/188813-7-3-0.wav,urbansound8k/188813,Jackhammer,11,train
UrbanSound8K/188813-7-4-0.wav,urbansound8k/188813,Jackhammer,11,train
UrbanSound8K/188813-7-5-0.wav,urbansound8k/188813,Jackhammer,11,train
UrbanSound8K/188813-7-6-0.wav,urbansound8k/188813,Jackhammer,11,train
UrbanSound8K/188813-7-7-0.wav,urbansound8k/188813,Jackhammer,11,train
UrbanSound8K/188813-7-8-0.wav,urbansound8k/188813,Jackhammer,11,train
UrbanSound8K/188813-7-9-0.wav,urbansound8k/188813,Jackhammer,11,train
UrbanSound8K/188823-7-0-0.wav,urbansound8k/188823,Jackhammer,11,train
UrbanSound8K/188823-7-0-1.wav,urbansound8k/188823,Jackhammer,11,train
UrbanSound8K/188823-7-0-2.wav,urbansound8k/188823,Jackhammer,11,train
UrbanSound8K/188823-7-0-3.wav,urbansound8k/188823,Jackhammer,11,train
UrbanSound8K/188823-7-0-4.wav,urbansound8k/188823,Jackhammer,11,train
UrbanSound8K/188823-7-1-0.wav,urbansound8k/188823,Jackhammer,11,train
UrbanSound8K/188823-7-1-1.wav,urbansound8k/188823,Jackhammer,11,train
UrbanSound8K/188823-7-1-2.wav,urbansound8k/188823,Jackhammer,11,train
UrbanSound8K/188823-7-1-3.wav,urbansound8k/188823,Jackhammer,11,train
UrbanSound8K/188823-7-2-0.wav,urbansound8k/188823,Jackhammer,11,train
UrbanSound8K/188823-7-2-1.wav,urbansound8k/188823,Jackhammer,11,train
UrbanSound8K/188823-7-2-2.wav,urbansound8k/188823,Jackhammer,11,train
UrbanSound8K/188823-7-2-3.wav,urbansound8k/188823,Jackhammer,11,train
UrbanSound8K/188823-7-3-0.wav,urbansound8k/188823,Jackhammer,11,train
UrbanSound8K/188823-7-4-0.wav,urbansound8k/188823,Jackhammer,11,train
UrbanSound8K/188823-7-5-0.wav,urbansound8k/188823,Jackhammer,11,train
UrbanSound8K/188823-7-6-0.wav,urbansound8k/188823,Jackhammer,11,train
UrbanSound8K/188824-7-0-0.wav,urbansound8k/188824,Jackhammer,11,train
UrbanSound8K/188824-7-1-0.wav,urbansound8k/188824,Jackhammer,11,train
UrbanSound8K/188824-7-10-0.wav,urbansound8k/188824,Jackhammer,11,train
UrbanSound8K/188824-7-11-0.wav,urbansound8k/188824,Jackhammer,11,train
UrbanSound8K/188824-7-12-0.wav,urbansound8k/188824,Jackhammer,11,train
UrbanSound8K/188824-7-2-0.wav,urbansound8k/188824,Jackhammer,11,train
UrbanSound8K/188824-7-3-0.wav,urbansound8k/188824,Jackhammer,11,train
UrbanSound8K/188824-7-4-0.wav,urbansound8k/188824,Jackhammer,11,train
UrbanSound8K/188824-7-5-0.wav,urbansound8k/188824,Jackhammer,11,train
UrbanSound8K/188824-7-6-0.wav,urbansound8k/188824,Jackhammer,11,train
UrbanSound8K/188824-7-7-0.wav,urbansound8k/188824,Jackhammer,11,train
UrbanSound8K/188824-7-8-0.wav,urbansound8k/188824,Jackhammer,11,train
UrbanSound8K/188824-7-9-0.wav,urbansound8k/188824,Jackhammer,11,train
UrbanSound8K/189846-3-0-0.wav,urbansound8k/189846,Dog_Bark,4,train
UrbanSound8K/189846-3-1-0.wav,urbansound8k/189846,Dog_Bark,4,train
UrbanSound8K/189846-3-3-0.wav,urbansound8k/189846,Dog_Bark,4,train
UrbanSound8K/189846-3-4-0.wav,urbansound8k/189846,Dog_Bark,4,train
UrbanSound8K/189895-3-0-0.wav,urbansound8k/189895,Dog_Bark,4,train
UrbanSound8K/19007-4-0-0.wav,urbansound8k/19007,Drilling,6,test
UrbanSound8K/19026-1-0-0.wav,urbansound8k/19026,Vehicle_Horn,16,train
UrbanSound8K/190680-3-1-0.wav,urbansound8k/190680,Dog_Bark,4,test
UrbanSound8K/190680-3-4-0.wav,urbansound8k/190680,Dog_Bark,4,test
UrbanSound8K/190680-3-6-0.wav,urbansound8k/190680,Dog_Bark,4,test
UrbanSound8K/190996-3-0-0.wav,urbansound8k/190996,Dog_Bark,4,test
UrbanSound8K/190996-3-0-1.wav,urbansound8k/190996,Dog_Bark,4,test
UrbanSound8K/190996-3-0-8.wav,urbansound8k/190996,Dog_Bark,4,test
UrbanSound8K/191382-3-0-0.wav,urbansound8k/191382,Dog_Bark,4,train
UrbanSound8K/191382-3-0-5.wav,urbansound8k/191382,Dog_Bark,4,train
UrbanSound8K/191382-3-1-0.wav,urbansound8k/191382,Dog_Bark,4,train
UrbanSound8K/191382-3-1-1.wav,urbansound8k/191382,Dog_Bark,4,train
UrbanSound8K/191449-6-0-0.wav,urbansound8k/191449,Gunshot,9,val
UrbanSound8K/191687-3-0-0.wav,urbansound8k/191687,Dog_Bark,4,train
UrbanSound8K/191687-3-0-11.wav,urbansound8k/191687,Dog_Bark,4,train
UrbanSound8K/191687-3-0-15.wav,urbansound8k/191687,Dog_Bark,4,train
UrbanSound8K/191687-3-0-5.wav,urbansound8k/191687,Dog_Bark,4,train
UrbanSound8K/19218-3-0-0.wav,urbansound8k/19218,Dog_Bark,4,train
UrbanSound8K/192236-3-0-2.wav,urbansound8k/192236,Dog_Bark,4,train
UrbanSound8K/192236-3-0-4.wav,urbansound8k/192236,Dog_Bark,4,train
UrbanSound8K/192236-3-0-6.wav,urbansound8k/192236,Dog_Bark,4,train
UrbanSound8K/192236-3-0-8.wav,urbansound8k/192236,Dog_Bark,4,train
UrbanSound8K/19338-5-0-0.wav,urbansound8k/19338,Car_Engine,3,train
UrbanSound8K/19338-5-1-0.wav,urbansound8k/19338,Car_Engine,3,train
UrbanSound8K/19338-5-2-0.wav,urbansound8k/19338,Car_Engine,3,train
UrbanSound8K/19338-5-3-0.wav,urbansound8k/19338,Car_Engine,3,train
UrbanSound8K/193394-3-0-10.wav,urbansound8k/193394,Dog_Bark,4,train
UrbanSound8K/193394-3-0-11.wav,urbansound8k/193394,Dog_Bark,4,train
UrbanSound8K/193394-3-0-4.wav,urbansound8k/193394,Dog_Bark,4,train
UrbanSound8K/193394-3-0-7.wav,urbansound8k/193394,Dog_Bark,4,train
UrbanSound8K/194753-3-0-0.wav,urbansound8k/194753,Dog_Bark,4,train
UrbanSound8K/194753-3-1-0.wav,urbansound8k/194753,Dog_Bark,4,train
UrbanSound8K/194753-3-2-0.wav,urbansound8k/194753,Dog_Bark,4,train
UrbanSound8K/194753-3-3-0.wav,urbansound8k/194753,Dog_Bark,4,train
UrbanSound8K/194754-3-0-0.wav,urbansound8k/194754,Dog_Bark,4,test
UrbanSound8K/194754-3-0-1.wav,urbansound8k/194754,Dog_Bark,4,test
UrbanSound8K/194754-3-0-2.wav,urbansound8k/194754,Dog_Bark,4,test
UrbanSound8K/19496-3-0-0.wav,urbansound8k/19496,Dog_Bark,4,train
UrbanSound8K/19496-3-1-0.wav,urbansound8k/19496,Dog_Bark,4,train
UrbanSound8K/19496-3-1-1.wav,urbansound8k/19496,Dog_Bark,4,train
UrbanSound8K/194962-5-0-0.wav,urbansound8k/194962,Car_Engine,3,train
UrbanSound8K/194962-5-0-1.wav,urbansound8k/194962,Car_Engine,3,train
UrbanSound8K/194962-5-0-2.wav,urbansound8k/194962,Car_Engine,3,train
UrbanSound8K/19503-3-0-0.wav,urbansound8k/19503,Dog_Bark,4,train
UrbanSound8K/19503-3-1-0.wav,urbansound8k/19503,Dog_Bark,4,train
UrbanSound8K/19503-3-2-0.wav,urbansound8k/19503,Dog_Bark,4,train
UrbanSound8K/195063-4-0-0.wav,urbansound8k/195063,Drilling,6,train
UrbanSound8K/195063-4-1-0.wav,urbansound8k/195063,Drilling,6,train
UrbanSound8K/195451-5-0-0.wav,urbansound8k/195451,Car_Engine,3,train
UrbanSound8K/195451-5-0-1.wav,urbansound8k/195451,Car_Engine,3,train
UrbanSound8K/195451-5-0-10.wav,urbansound8k/195451,Car_Engine,3,train
UrbanSound8K/195451-5-0-11.wav,urbansound8k/195451,Car_Engine,3,train
UrbanSound8K/195451-5-0-12.wav,urbansound8k/195451,Car_Engine,3,train
UrbanSound8K/195451-5-0-13.wav,urbansound8k/195451,Car_Engine,3,train
UrbanSound8K/195451-5-0-14.wav,urbansound8k/195451,Car_Engine,3,train
UrbanSound8K/195451-5-0-15.wav,urbansound8k/195451,Car_Engine,3,train
UrbanSound8K/195451-5-0-16.wav,urbansound8k/195451,Car_Engine,3,train
UrbanSound8K/195451-5-0-17.wav,urbansound8k/195451,Car_Engine,3,train
UrbanSound8K/195451-5-0-18.wav,urbansound8k/195451,Car_Engine,3,train
UrbanSound8K/195451-5-0-19.wav,urbansound8k/195451,Car_Engine,3,train
UrbanSound8K/195451-5-0-2.wav,urbansound8k/195451,Car_Engine,3,train
UrbanSound8K/195451-5-0-20.wav,urbansound8k/195451,Car_Engine,3,train
UrbanSound8K/195451-5-0-21.wav,urbansound8k/195451,Car_Engine,3,train
UrbanSound8K/195451-5-0-3.wav,urbansound8k/195451,Car_Engine,3,train
UrbanSound8K/195451-5-0-4.wav,urbansound8k/195451,Car_Engine,3,train
UrbanSound8K/195451-5-0-5.wav,urbansound8k/195451,Car_Engine,3,train
UrbanSound8K/195451-5-0-6.wav,urbansound8k/195451,Car_Engine,3,train
UrbanSound8K/195451-5-0-7.wav,urbansound8k/195451,Car_Engine,3,train
UrbanSound8K/195451-5-0-8.wav,urbansound8k/195451,Car_Engine,3,train
UrbanSound8K/195451-5-0-9.wav,urbansound8k/195451,Car_Engine,3,train
UrbanSound8K/196127-3-0-0.wav,urbansound8k/196127,Dog_Bark,4,train
UrbanSound8K/196127-3-0-1.wav,urbansound8k/196127,Dog_Bark,4,train
UrbanSound8K/196127-3-0-3.wav,urbansound8k/196127,Dog_Bark,4,train
UrbanSound8K/196127-3-0-4.wav,urbansound8k/196127,Dog_Bark,4,train
UrbanSound8K/196400-6-0-0.wav,urbansound8k/196400,Gunshot,9,val
UrbanSound8K/196561-3-0-16.wav,urbansound8k/196561,Dog_Bark,4,train
UrbanSound8K/196561-3-0-29.wav,urbansound8k/196561,Dog_Bark,4,train
UrbanSound8K/196561-3-0-44.wav,urbansound8k/196561,Dog_Bark,4,train
UrbanSound8K/196561-3-0-9.wav,urbansound8k/196561,Dog_Bark,4,train
UrbanSound8K/197073-3-0-0.wav,urbansound8k/197073,Dog_Bark,4,test
UrbanSound8K/197073-3-3-0.wav,urbansound8k/197073,Dog_Bark,4,test
UrbanSound8K/197073-3-4-3.wav,urbansound8k/197073,Dog_Bark,4,test
UrbanSound8K/197073-3-7-0.wav,urbansound8k/197073,Dog_Bark,4,test
UrbanSound8K/197074-3-0-4.wav,urbansound8k/197074,Dog_Bark,4,train
UrbanSound8K/197074-3-0-5.wav,urbansound8k/197074,Dog_Bark,4,train
UrbanSound8K/197074-3-0-6.wav,urbansound8k/197074,Dog_Bark,4,train
UrbanSound8K/197075-3-1-1.wav,urbansound8k/197075,Dog_Bark,4,train
UrbanSound8K/197075-3-4-1.wav,urbansound8k/197075,Dog_Bark,4,train
UrbanSound8K/197075-3-6-0.wav,urbansound8k/197075,Dog_Bark,4,train
UrbanSound8K/197075-3-7-5.wav,urbansound8k/197075,Dog_Bark,4,train
UrbanSound8K/197080-3-0-1.wav,urbansound8k/197080,Dog_Bark,4,train
UrbanSound8K/197080-3-0-6.wav,urbansound8k/197080,Dog_Bark,4,train
UrbanSound8K/197080-3-0-7.wav,urbansound8k/197080,Dog_Bark,4,train
UrbanSound8K/197080-3-1-0.wav,urbansound8k/197080,Dog_Bark,4,train
UrbanSound8K/197243-3-0-0.wav,urbansound8k/197243,Dog_Bark,4,train
UrbanSound8K/197243-3-1-0.wav,urbansound8k/197243,Dog_Bark,4,train
UrbanSound8K/197318-6-0-0.wav,urbansound8k/197318,Gunshot,9,test
UrbanSound8K/197318-6-1-0.wav,urbansound8k/197318,Gunshot,9,test
UrbanSound8K/197318-6-10-0.wav,urbansound8k/197318,Gunshot,9,test
UrbanSound8K/197318-6-11-0.wav,urbansound8k/197318,Gunshot,9,test
UrbanSound8K/197318-6-12-0.wav,urbansound8k/197318,Gunshot,9,test
UrbanSound8K/197318-6-2-0.wav,urbansound8k/197318,Gunshot,9,test
UrbanSound8K/197318-6-3-0.wav,urbansound8k/197318,Gunshot,9,test
UrbanSound8K/197318-6-4-0.wav,urbansound8k/197318,Gunshot,9,test
UrbanSound8K/197318-6-5-0.wav,urbansound8k/197318,Gunshot,9,test
UrbanSound8K/197318-6-6-0.wav,urbansound8k/197318,Gunshot,9,test
UrbanSound8K/197318-6-7-0.wav,urbansound8k/197318,Gunshot,9,test
UrbanSound8K/197318-6-8-0.wav,urbansound8k/197318,Gunshot,9,test
UrbanSound8K/197318-6-9-0.wav,urbansound8k/197318,Gunshot,9,test
UrbanSound8K/197320-6-0-0.wav,urbansound8k/197320,Gunshot,9,test
UrbanSound8K/197320-6-1-0.wav,urbansound8k/197320,Gunshot,9,test
UrbanSound8K/197320-6-10-0.wav,urbansound8k/197320,Gunshot,9,test
UrbanSound8K/197320-6-11-0.wav,urbansound8k/197320,Gunshot,9,test
UrbanSound8K/197320-6-12-0.wav,urbansound8k/197320,Gunshot,9,test
UrbanSound8K/197320-6-2-0.wav,urbansound8k/197320,Gunshot,9,test
UrbanSound8K/197320-6-3-0.wav,urbansound8k/197320,Gunshot,9,test
UrbanSound8K/197320-6-4-0.wav,urbansound8k/197320,Gunshot,9,test
UrbanSound8K/197320-6-5-0.wav,urbansound8k/197320,Gunshot,9,test
UrbanSound8K/197320-6-6-0.wav,urbansound8k/197320,Gunshot,9,test
UrbanSound8K/197320-6-7-0.wav,urbansound8k/197320,Gunshot,9,test
UrbanSound8K/197320-6-8-0.wav,urbansound8k/197320,Gunshot,9,test
UrbanSound8K/197320-6-9-0.wav,urbansound8k/197320,Gunshot,9,test
UrbanSound8K/199261-3-0-0.wav,urbansound8k/199261,Dog_Bark,4,train
UrbanSound8K/199261-3-0-1.wav,urbansound8k/199261,Dog_Bark,4,train
UrbanSound8K/199261-3-0-2.wav,urbansound8k/199261,Dog_Bark,4,train
UrbanSound8K/199261-3-0-4.wav,urbansound8k/199261,Dog_Bark,4,train
UrbanSound8K/199769-1-0-0.wav,urbansound8k/199769,Vehicle_Horn,16,val
UrbanSound8K/199769-1-0-1.wav,urbansound8k/199769,Vehicle_Horn,16,val
UrbanSound8K/199769-1-0-10.wav,urbansound8k/199769,Vehicle_Horn,16,val
UrbanSound8K/199769-1-0-11.wav,urbansound8k/199769,Vehicle_Horn,16,val
UrbanSound8K/199769-1-0-12.wav,urbansound8k/199769,Vehicle_Horn,16,val
UrbanSound8K/199769-1-0-13.wav,urbansound8k/199769,Vehicle_Horn,16,val
UrbanSound8K/199769-1-0-14.wav,urbansound8k/199769,Vehicle_Horn,16,val
UrbanSound8K/199769-1-0-15.wav,urbansound8k/199769,Vehicle_Horn,16,val
UrbanSound8K/199769-1-0-16.wav,urbansound8k/199769,Vehicle_Horn,16,val
UrbanSound8K/199769-1-0-17.wav,urbansound8k/199769,Vehicle_Horn,16,val
UrbanSound8K/199769-1-0-18.wav,urbansound8k/199769,Vehicle_Horn,16,val
UrbanSound8K/199769-1-0-2.wav,urbansound8k/199769,Vehicle_Horn,16,val
UrbanSound8K/199769-1-0-3.wav,urbansound8k/199769,Vehicle_Horn,16,val
UrbanSound8K/199769-1-0-4.wav,urbansound8k/199769,Vehicle_Horn,16,val
UrbanSound8K/199769-1-0-5.wav,urbansound8k/199769,Vehicle_Horn,16,val
UrbanSound8K/199769-1-0-6.wav,urbansound8k/199769,Vehicle_Horn,16,val
UrbanSound8K/199769-1-0-7.wav,urbansound8k/199769,Vehicle_Horn,16,val
UrbanSound8K/199769-1-0-8.wav,urbansound8k/199769,Vehicle_Horn,16,val
UrbanSound8K/199769-1-0-9.wav,urbansound8k/199769,Vehicle_Horn,16,val
UrbanSound8K/199929-4-0-0.wav,urbansound8k/199929,Drilling,6,train
UrbanSound8K/199929-4-1-0.wav,urbansound8k/199929,Drilling,6,train
UrbanSound8K/199929-4-2-0.wav,urbansound8k/199929,Drilling,6,train
UrbanSound8K/20015-3-0-12.wav,urbansound8k/20015,Dog_Bark,4,train
UrbanSound8K/20015-3-0-14.wav,urbansound8k/20015,Dog_Bark,4,train
UrbanSound8K/20015-3-0-19.wav,urbansound8k/20015,Dog_Bark,4,train
UrbanSound8K/20015-3-0-4.wav,urbansound8k/20015,Dog_Bark,4,train
UrbanSound8K/200161-3-6-0.wav,urbansound8k/200161,Dog_Bark,4,train
UrbanSound8K/200161-3-6-3.wav,urbansound8k/200161,Dog_Bark,4,train
UrbanSound8K/200161-3-6-4.wav,urbansound8k/200161,Dog_Bark,4,train
UrbanSound8K/200161-3-7-0.wav,urbansound8k/200161,Dog_Bark,4,train
UrbanSound8K/200460-6-0-0.wav,urbansound8k/200460,Gunshot,9,val
UrbanSound8K/200460-6-1-0.wav,urbansound8k/200460,Gunshot,9,val
UrbanSound8K/200460-6-2-0.wav,urbansound8k/200460,Gunshot,9,val
UrbanSound8K/200460-6-3-0.wav,urbansound8k/200460,Gunshot,9,val
UrbanSound8K/200460-6-4-0.wav,urbansound8k/200460,Gunshot,9,val
UrbanSound8K/200460-6-5-0.wav,urbansound8k/200460,Gunshot,9,val
UrbanSound8K/200786-5-0-0.wav,urbansound8k/200786,Car_Engine,3,train
UrbanSound8K/200786-5-1-0.wav,urbansound8k/200786,Car_Engine,3,train
UrbanSound8K/200786-5-1-1.wav,urbansound8k/200786,Car_Engine,3,train
UrbanSound8K/200786-5-1-2.wav,urbansound8k/200786,Car_Engine,3,train
UrbanSound8K/200786-5-1-3.wav,urbansound8k/200786,Car_Engine,3,train
UrbanSound8K/200786-5-1-4.wav,urbansound8k/200786,Car_Engine,3,train
UrbanSound8K/200786-5-1-5.wav,urbansound8k/200786,Car_Engine,3,train
UrbanSound8K/201207-3-0-0.wav,urbansound8k/201207,Dog_Bark,4,test
UrbanSound8K/201207-3-13-0.wav,urbansound8k/201207,Dog_Bark,4,test
UrbanSound8K/201207-3-21-0.wav,urbansound8k/201207,Dog_Bark,4,test
UrbanSound8K/201207-3-29-0.wav,urbansound8k/201207,Dog_Bark,4,test
UrbanSound8K/201652-5-0-0.wav,urbansound8k/201652,Car_Engine,3,test
UrbanSound8K/201652-5-0-1.wav,urbansound8k/201652,Car_Engine,3,test
UrbanSound8K/201652-5-0-2.wav,urbansound8k/201652,Car_Engine,3,test
UrbanSound8K/201652-5-0-3.wav,urbansound8k/201652,Car_Engine,3,test
UrbanSound8K/201652-5-1-0.wav,urbansound8k/201652,Car_Engine,3,test
UrbanSound8K/201652-5-2-0.wav,urbansound8k/201652,Car_Engine,3,test
UrbanSound8K/201652-5-2-1.wav,urbansound8k/201652,Car_Engine,3,test
UrbanSound8K/201652-5-2-2.wav,urbansound8k/201652,Car_Engine,3,test
UrbanSound8K/201652-5-2-3.wav,urbansound8k/201652,Car_Engine,3,test
UrbanSound8K/201652-5-2-4.wav,urbansound8k/201652,Car_Engine,3,test
UrbanSound8K/201652-5-2-5.wav,urbansound8k/201652,Car_Engine,3,test
UrbanSound8K/201652-5-3-0.wav,urbansound8k/201652,Car_Engine,3,test
UrbanSound8K/201652-5-3-1.wav,urbansound8k/201652,Car_Engine,3,test
UrbanSound8K/201652-5-3-2.wav,urbansound8k/201652,Car_Engine,3,test
UrbanSound8K/201652-5-3-3.wav,urbansound8k/201652,Car_Engine,3,test
UrbanSound8K/201652-5-3-4.wav,urbansound8k/201652,Car_Engine,3,test
UrbanSound8K/201652-5-4-0.wav,urbansound8k/201652,Car_Engine,3,test
UrbanSound8K/201652-5-4-1.wav,urbansound8k/201652,Car_Engine,3,test
UrbanSound8K/201652-5-4-2.wav,urbansound8k/201652,Car_Engine,3,test
UrbanSound8K/201652-5-4-3.wav,urbansound8k/201652,Car_Engine,3,test
UrbanSound8K/201652-5-4-4.wav,urbansound8k/201652,Car_Engine,3,test
UrbanSound8K/201652-5-4-5.wav,urbansound8k/201652,Car_Engine,3,test
UrbanSound8K/201652-5-4-6.wav,urbansound8k/201652,Car_Engine,3,test
UrbanSound8K/201652-5-4-7.wav,urbansound8k/201652,Car_Engine,3,test
UrbanSound8K/201652-5-4-8.wav,urbansound8k/201652,Car_Engine,3,test
UrbanSound8K/201652-5-4-9.wav,urbansound8k/201652,Car_Engine,3,test
UrbanSound8K/201652-5-5-0.wav,urbansound8k/201652,Car_Engine,3,test
UrbanSound8K/201652-5-5-1.wav,urbansound8k/201652,Car_Engine,3,test
UrbanSound8K/201652-5-5-2.wav,urbansound8k/201652,Car_Engine,3,test
UrbanSound8K/201652-5-5-3.wav,urbansound8k/201652,Car_Engine,3,test
UrbanSound8K/201652-5-5-4.wav,urbansound8k/201652,Car_Engine,3,test
UrbanSound8K/201652-5-5-5.wav,urbansound8k/201652,Car_Engine,3,test
UrbanSound8K/201988-5-0-0.wav,urbansound8k/201988,Car_Engine,3,train
UrbanSound8K/201988-5-0-1.wav,urbansound8k/201988,Car_Engine,3,train
UrbanSound8K/201988-5-0-10.wav,urbansound8k/201988,Car_Engine,3,train
UrbanSound8K/201988-5-0-11.wav,urbansound8k/201988,Car_Engine,3,train
UrbanSound8K/201988-5-0-12.wav,urbansound8k/201988,Car_Engine,3,train
UrbanSound8K/201988-5-0-13.wav,urbansound8k/201988,Car_Engine,3,train
UrbanSound8K/201988-5-0-14.wav,urbansound8k/201988,Car_Engine,3,train
UrbanSound8K/201988-5-0-15.wav,urbansound8k/201988,Car_Engine,3,train
UrbanSound8K/201988-5-0-16.wav,urbansound8k/201988,Car_Engine,3,train
UrbanSound8K/201988-5-0-17.wav,urbansound8k/201988,Car_Engine,3,train
UrbanSound8K/201988-5-0-18.wav,urbansound8k/201988,Car_Engine,3,train
UrbanSound8K/201988-5-0-19.wav,urbansound8k/201988,Car_Engine,3,train
UrbanSound8K/201988-5-0-2.wav,urbansound8k/201988,Car_Engine,3,train
UrbanSound8K/201988-5-0-20.wav,urbansound8k/201988,Car_Engine,3,train
UrbanSound8K/201988-5-0-21.wav,urbansound8k/201988,Car_Engine,3,train
UrbanSound8K/201988-5-0-22.wav,urbansound8k/201988,Car_Engine,3,train
UrbanSound8K/201988-5-0-3.wav,urbansound8k/201988,Car_Engine,3,train
UrbanSound8K/201988-5-0-4.wav,urbansound8k/201988,Car_Engine,3,train
UrbanSound8K/201988-5-0-5.wav,urbansound8k/201988,Car_Engine,3,train
UrbanSound8K/201988-5-0-6.wav,urbansound8k/201988,Car_Engine,3,train
UrbanSound8K/201988-5-0-7.wav,urbansound8k/201988,Car_Engine,3,train
UrbanSound8K/201988-5-0-8.wav,urbansound8k/201988,Car_Engine,3,train
UrbanSound8K/201988-5-0-9.wav,urbansound8k/201988,Car_Engine,3,train
UrbanSound8K/201988-5-1-0.wav,urbansound8k/201988,Car_Engine,3,train
UrbanSound8K/20285-3-0-0.wav,urbansound8k/20285,Dog_Bark,4,train
UrbanSound8K/20285-3-1-0.wav,urbansound8k/20285,Dog_Bark,4,train
UrbanSound8K/20285-3-1-1.wav,urbansound8k/20285,Dog_Bark,4,train
UrbanSound8K/20285-3-2-0.wav,urbansound8k/20285,Dog_Bark,4,train
UrbanSound8K/203128-3-1-0.wav,urbansound8k/203128,Dog_Bark,4,val
UrbanSound8K/203128-3-6-0.wav,urbansound8k/203128,Dog_Bark,4,val
UrbanSound8K/203128-3-9-0.wav,urbansound8k/203128,Dog_Bark,4,val
UrbanSound8K/203355-3-0-0.wav,urbansound8k/203355,Dog_Bark,4,test
UrbanSound8K/203355-3-1-0.wav,urbansound8k/203355,Dog_Bark,4,test
UrbanSound8K/203356-3-0-0.wav,urbansound8k/203356,Dog_Bark,4,train
UrbanSound8K/203356-3-0-1.wav,urbansound8k/203356,Dog_Bark,4,train
UrbanSound8K/203356-3-0-2.wav,urbansound8k/203356,Dog_Bark,4,train
UrbanSound8K/203356-3-0-3.wav,urbansound8k/203356,Dog_Bark,4,train
UrbanSound8K/203440-3-0-0.wav,urbansound8k/203440,Dog_Bark,4,train
UrbanSound8K/203440-3-0-1.wav,urbansound8k/203440,Dog_Bark,4,train
UrbanSound8K/203440-3-0-5.wav,urbansound8k/203440,Dog_Bark,4,train
UrbanSound8K/203440-3-0-6.wav,urbansound8k/203440,Dog_Bark,4,train
UrbanSound8K/203516-3-0-0.wav,urbansound8k/203516,Dog_Bark,4,train
UrbanSound8K/203913-8-0-0.wav,urbansound8k/203913,Siren,14,train
UrbanSound8K/203913-8-0-1.wav,urbansound8k/203913,Siren,14,train
UrbanSound8K/203913-8-0-10.wav,urbansound8k/203913,Siren,14,train
UrbanSound8K/203913-8-0-11.wav,urbansound8k/203913,Siren,14,train
UrbanSound8K/203913-8-0-12.wav,urbansound8k/203913,Siren,14,train
UrbanSound8K/203913-8-0-2.wav,urbansound8k/203913,Siren,14,train
UrbanSound8K/203913-8-0-3.wav,urbansound8k/203913,Siren,14,train
UrbanSound8K/203913-8-0-4.wav,urbansound8k/203913,Siren,14,train
UrbanSound8K/203913-8-0-5.wav,urbansound8k/203913,Siren,14,train
UrbanSound8K/203913-8-0-6.wav,urbansound8k/203913,Siren,14,train
UrbanSound8K/203913-8-0-7.wav,urbansound8k/203913,Siren,14,train
UrbanSound8K/203913-8-0-8.wav,urbansound8k/203913,Siren,14,train
UrbanSound8K/203913-8-0-9.wav,urbansound8k/203913,Siren,14,train
UrbanSound8K/203913-8-1-0.wav,urbansound8k/203913,Siren,14,train
UrbanSound8K/203913-8-1-1.wav,urbansound8k/203913,Siren,14,train
UrbanSound8K/203913-8-1-2.wav,urbansound8k/203913,Siren,14,train
UrbanSound8K/203913-8-1-3.wav,urbansound8k/203913,Siren,14,train
UrbanSound8K/203913-8-1-4.wav,urbansound8k/203913,Siren,14,train
UrbanSound8K/203913-8-1-5.wav,urbansound8k/203913,Siren,14,train
UrbanSound8K/203929-7-1-0.wav,urbansound8k/203929,Jackhammer,11,train
UrbanSound8K/203929-7-1-1.wav,urbansound8k/203929,Jackhammer,11,train
UrbanSound8K/203929-7-1-2.wav,urbansound8k/203929,Jackhammer,11,train
UrbanSound8K/203929-7-1-3.wav,urbansound8k/203929,Jackhammer,11,train
UrbanSound8K/203929-7-1-6.wav,urbansound8k/203929,Jackhammer,11,train
UrbanSound8K/203929-7-1-7.wav,urbansound8k/203929,Jackhammer,11,train
UrbanSound8K/203929-7-1-8.wav,urbansound8k/203929,Jackhammer,11,train
UrbanSound8K/203929-7-10-0.wav,urbansound8k/203929,Jackhammer,11,train
UrbanSound8K/203929-7-10-1.wav,urbansound8k/203929,Jackhammer,11,train
UrbanSound8K/203929-7-10-2.wav,urbansound8k/203929,Jackhammer,11,train
UrbanSound8K/203929-7-2-0.wav,urbansound8k/203929,Jackhammer,11,train
UrbanSound8K/203929-7-2-11.wav,urbansound8k/203929,Jackhammer,11,train
UrbanSound8K/203929-7-2-2.wav,urbansound8k/203929,Jackhammer,11,train
UrbanSound8K/203929-7-2-3.wav,urbansound8k/203929,Jackhammer,11,train
UrbanSound8K/203929-7-2-5.wav,urbansound8k/203929,Jackhammer,11,train
UrbanSound8K/203929-7-2-6.wav,urbansound8k/203929,Jackhammer,11,train
UrbanSound8K/203929-7-2-8.wav,urbansound8k/203929,Jackhammer,11,train
UrbanSound8K/203929-7-2-9.wav,urbansound8k/203929,Jackhammer,11,train
UrbanSound8K/203929-7-3-1.wav,urbansound8k/203929,Jackhammer,11,train
UrbanSound8K/203929-7-3-10.wav,urbansound8k/203929,Jackhammer,11,train
UrbanSound8K/203929-7-3-2.wav,urbansound8k/203929,Jackhammer,11,train
UrbanSound8K/203929-7-3-3.wav,urbansound8k/203929,Jackhammer,11,train
UrbanSound8K/203929-7-3-5.wav,urbansound8k/203929,Jackhammer,11,train
UrbanSound8K/203929-7-3-9.wav,urbansound8k/203929,Jackhammer,11,train
UrbanSound8K/203929-7-4-0.wav,urbansound8k/203929,Jackhammer,11,train
UrbanSound8K/203929-7-4-1.wav,urbansound8k/203929,Jackhammer,11,train
UrbanSound8K/203929-7-4-10.wav,urbansound8k/203929,Jackhammer,11,train
UrbanSound8K/203929-7-4-11.wav,urbansound8k/203929,Jackhammer,11,train
UrbanSound8K/203929-7-4-12.wav,urbansound8k/203929,Jackhammer,11,train
UrbanSound8K/203929-7-4-2.wav,urbansound8k/203929,Jackhammer,11,train
UrbanSound8K/203929-7-4-4.wav,urbansound8k/203929,Jackhammer,11,train
UrbanSound8K/203929-7-4-6.wav,urbansound8k/203929,Jackhammer,11,train
UrbanSound8K/203929-7-4-7.wav,urbansound8k/203929,Jackhammer,11,train
UrbanSound8K/203929-7-4-8.wav,urbansound8k/203929,Jackhammer,11,train
UrbanSound8K/203929-7-5-0.wav,urbansound8k/203929,Jackhammer,11,train
UrbanSound8K/203929-7-5-1.wav,urbansound8k/203929,Jackhammer,11,train
UrbanSound8K/203929-7-5-10.wav,urbansound8k/203929,Jackhammer,11,train
UrbanSound8K/203929-7-5-11.wav,urbansound8k/203929,Jackhammer,11,train
UrbanSound8K/203929-7-5-6.wav,urbansound8k/203929,Jackhammer,11,train
UrbanSound8K/203929-7-5-7.wav,urbansound8k/203929,Jackhammer,11,train
UrbanSound8K/203929-7-6-1.wav,urbansound8k/203929,Jackhammer,11,train
UrbanSound8K/203929-7-6-10.wav,urbansound8k/203929,Jackhammer,11,train
UrbanSound8K/203929-7-6-11.wav,urbansound8k/203929,Jackhammer,11,train
UrbanSound8K/203929-7-6-2.wav,urbansound8k/203929,Jackhammer,11,train
UrbanSound8K/203929-7-6-3.wav,urbansound8k/203929,Jackhammer,11,train
UrbanSound8K/203929-7-6-8.wav,urbansound8k/203929,Jackhammer,11,train
UrbanSound8K/203929-7-6-9.wav,urbansound8k/203929,Jackhammer,11,train
UrbanSound8K/203929-7-7-0.wav,urbansound8k/203929,Jackhammer,11,train
UrbanSound8K/203929-7-7-10.wav,urbansound8k/203929,Jackhammer,11,train
UrbanSound8K/203929-7-7-12.wav,urbansound8k/203929,Jackhammer,11,train
UrbanSound8K/203929-7-7-13.wav,urbansound8k/203929,Jackhammer,11,train
UrbanSound8K/203929-7-7-14.wav,urbansound8k/203929,Jackhammer,11,train
UrbanSound8K/203929-7-7-15.wav,urbansound8k/203929,Jackhammer,11,train
UrbanSound8K/203929-7-7-16.wav,urbansound8k/203929,Jackhammer,11,train
UrbanSound8K/203929-7-7-2.wav,urbansound8k/203929,Jackhammer,11,train
UrbanSound8K/203929-7-7-3.wav,urbansound8k/203929,Jackhammer,11,train
UrbanSound8K/203929-7-7-4.wav,urbansound8k/203929,Jackhammer,11,train
UrbanSound8K/203929-7-7-9.wav,urbansound8k/203929,Jackhammer,11,train
UrbanSound8K/203929-7-8-0.wav,urbansound8k/203929,Jackhammer,11,train
UrbanSound8K/203929-7-9-0.wav,urbansound8k/203929,Jackhammer,11,train
UrbanSound8K/203929-7-9-11.wav,urbansound8k/203929,Jackhammer,11,train
UrbanSound8K/203929-7-9-12.wav,urbansound8k/203929,Jackhammer,11,train
UrbanSound8K/203929-7-9-15.wav,urbansound8k/203929,Jackhammer,11,train
UrbanSound8K/203929-7-9-17.wav,urbansound8k/203929,Jackhammer,11,train
UrbanSound8K/203929-7-9-18.wav,urbansound8k/203929,Jackhammer,11,train
UrbanSound8K/203929-7-9-19.wav,urbansound8k/203929,Jackhammer,11,train
UrbanSound8K/203929-7-9-20.wav,urbansound8k/203929,Jackhammer,11,train
UrbanSound8K/203929-7-9-24.wav,urbansound8k/203929,Jackhammer,11,train
UrbanSound8K/203929-7-9-4.wav,urbansound8k/203929,Jackhammer,11,train
UrbanSound8K/203929-7-9-6.wav,urbansound8k/203929,Jackhammer,11,train
UrbanSound8K/203929-7-9-8.wav,urbansound8k/203929,Jackhammer,11,train
UrbanSound8K/203929-7-9-9.wav,urbansound8k/203929,Jackhammer,11,train
UrbanSound8K/203956-1-0-0.wav,urbansound8k/203956,Vehicle_Horn,16,train
UrbanSound8K/203962-5-0-0.wav,urbansound8k/203962,Car_Engine,3,train
UrbanSound8K/203962-5-0-1.wav,urbansound8k/203962,Car_Engine,3,train
UrbanSound8K/204765-1-0-0.wav,urbansound8k/204765,Vehicle_Horn,16,train
UrbanSound8K/204773-3-7-1.wav,urbansound8k/204773,Dog_Bark,4,train
UrbanSound8K/204773-3-8-0.wav,urbansound8k/204773,Dog_Bark,4,train
UrbanSound8K/204773-3-9-0.wav,urbansound8k/204773,Dog_Bark,4,train
UrbanSound8K/204773-3-9-1.wav,urbansound8k/204773,Dog_Bark,4,train
UrbanSound8K/204919-3-0-0.wav,urbansound8k/204919,Dog_Bark,4,test
UrbanSound8K/204919-3-1-0.wav,urbansound8k/204919,Dog_Bark,4,test
UrbanSound8K/204919-3-3-0.wav,urbansound8k/204919,Dog_Bark,4,test
UrbanSound8K/204919-3-4-0.wav,urbansound8k/204919,Dog_Bark,4,test
UrbanSound8K/205013-6-0-0.wav,urbansound8k/205013,Gunshot,9,train
UrbanSound8K/205610-4-0-0.wav,urbansound8k/205610,Drilling,6,train
UrbanSound8K/205610-4-0-1.wav,urbansound8k/205610,Drilling,6,train
UrbanSound8K/205610-4-0-2.wav,urbansound8k/205610,Drilling,6,train
UrbanSound8K/205610-4-0-3.wav,urbansound8k/205610,Drilling,6,train
UrbanSound8K/205610-4-0-4.wav,urbansound8k/205610,Drilling,6,train
UrbanSound8K/205610-4-0-5.wav,urbansound8k/205610,Drilling,6,train
UrbanSound8K/20571-3-0-0.wav,urbansound8k/20571,Dog_Bark,4,train
UrbanSound8K/20571-3-1-0.wav,urbansound8k/20571,Dog_Bark,4,train
UrbanSound8K/205874-4-0-0.wav,urbansound8k/205874,Drilling,6,val
UrbanSound8K/205874-4-1-0.wav,urbansound8k/205874,Drilling,6,val
UrbanSound8K/205874-4-10-0.wav,urbansound8k/205874,Drilling,6,val
UrbanSound8K/205874-4-11-0.wav,urbansound8k/205874,Drilling,6,val
UrbanSound8K/205874-4-2-0.wav,urbansound8k/205874,Drilling,6,val
UrbanSound8K/205874-4-3-0.wav,urbansound8k/205874,Drilling,6,val
UrbanSound8K/205874-4-4-0.wav,urbansound8k/205874,Drilling,6,val
UrbanSound8K/205874-4-5-0.wav,urbansound8k/205874,Drilling,6,val
UrbanSound8K/205874-4-6-0.wav,urbansound8k/205874,Drilling,6,val
UrbanSound8K/205874-4-7-0.wav,urbansound8k/205874,Drilling,6,val
UrbanSound8K/205874-4-8-0.wav,urbansound8k/205874,Drilling,6,val
UrbanSound8K/205874-4-9-0.wav,urbansound8k/205874,Drilling,6,val
UrbanSound8K/205878-4-0-0.wav,urbansound8k/205878,Drilling,6,train
UrbanSound8K/207124-3-0-0.wav,urbansound8k/207124,Dog_Bark,4,test
UrbanSound8K/207124-3-1-0.wav,urbansound8k/207124,Dog_Bark,4,test
UrbanSound8K/207124-3-2-0.wav,urbansound8k/207124,Dog_Bark,4,test
UrbanSound8K/207369-3-0-0.wav,urbansound8k/207369,Dog_Bark,4,train
UrbanSound8K/207962-3-0-0.wav,urbansound8k/207962,Dog_Bark,4,val
UrbanSound8K/207962-3-1-0.wav,urbansound8k/207962,Dog_Bark,4,val
UrbanSound8K/207962-3-2-0.wav,urbansound8k/207962,Dog_Bark,4,val
UrbanSound8K/208030-3-0-0.wav,urbansound8k/208030,Dog_Bark,4,train
UrbanSound8K/208030-3-1-0.wav,urbansound8k/208030,Dog_Bark,4,train
UrbanSound8K/208030-3-2-0.wav,urbansound8k/208030,Dog_Bark,4,train
UrbanSound8K/208030-3-4-0.wav,urbansound8k/208030,Dog_Bark,4,train
UrbanSound8K/20841-3-2-0.wav,urbansound8k/20841,Dog_Bark,4,train
UrbanSound8K/20841-3-3-0.wav,urbansound8k/20841,Dog_Bark,4,train
UrbanSound8K/20841-3-4-0.wav,urbansound8k/20841,Dog_Bark,4,train
UrbanSound8K/20841-3-6-0.wav,urbansound8k/20841,Dog_Bark,4,train
UrbanSound8K/208652-8-0-0.wav,urbansound8k/208652,Siren,14,test
UrbanSound8K/208652-8-2-0.wav,urbansound8k/208652,Siren,14,test
UrbanSound8K/208652-8-4-0.wav,urbansound8k/208652,Siren,14,test
UrbanSound8K/208652-8-6-0.wav,urbansound8k/208652,Siren,14,test
UrbanSound8K/209672-3-0-0.wav,urbansound8k/209672,Dog_Bark,4,train
UrbanSound8K/209672-3-3-0.wav,urbansound8k/209672,Dog_Bark,4,train
UrbanSound8K/209672-3-6-0.wav,urbansound8k/209672,Dog_Bark,4,train
UrbanSound8K/209672-3-8-0.wav,urbansound8k/209672,Dog_Bark,4,train
UrbanSound8K/209864-5-0-0.wav,urbansound8k/209864,Car_Engine,3,train
UrbanSound8K/209864-5-0-1.wav,urbansound8k/209864,Car_Engine,3,train
UrbanSound8K/209864-5-0-2.wav,urbansound8k/209864,Car_Engine,3,train
UrbanSound8K/209864-5-0-3.wav,urbansound8k/209864,Car_Engine,3,train
UrbanSound8K/209992-5-0-0.wav,urbansound8k/209992,Car_Engine,3,train
UrbanSound8K/209992-5-1-4.wav,urbansound8k/209992,Car_Engine,3,train
UrbanSound8K/209992-5-1-7.wav,urbansound8k/209992,Car_Engine,3,train
UrbanSound8K/209992-5-2-100.wav,urbansound8k/209992,Car_Engine,3,train
UrbanSound8K/209992-5-2-114.wav,urbansound8k/209992,Car_Engine,3,train
UrbanSound8K/209992-5-2-115.wav,urbansound8k/209992,Car_Engine,3,train
UrbanSound8K/209992-5-2-116.wav,urbansound8k/209992,Car_Engine,3,train
UrbanSound8K/209992-5-2-131.wav,urbansound8k/209992,Car_Engine,3,train
UrbanSound8K/209992-5-2-137.wav,urbansound8k/209992,Car_Engine,3,train
UrbanSound8K/209992-5-2-138.wav,urbansound8k/209992,Car_Engine,3,train
UrbanSound8K/209992-5-2-26.wav,urbansound8k/209992,Car_Engine,3,train
UrbanSound8K/209992-5-2-42.wav,urbansound8k/209992,Car_Engine,3,train
UrbanSound8K/209992-5-2-43.wav,urbansound8k/209992,Car_Engine,3,train
UrbanSound8K/209992-5-2-77.wav,urbansound8k/209992,Car_Engine,3,train
UrbanSound8K/209992-5-2-79.wav,urbansound8k/209992,Car_Engine,3,train
UrbanSound8K/209992-5-2-8.wav,urbansound8k/209992,Car_Engine,3,train
UrbanSound8K/209992-5-2-81.wav,urbansound8k/209992,Car_Engine,3,train
UrbanSound8K/209992-5-2-82.wav,urbansound8k/209992,Car_Engine,3,train
UrbanSound8K/209992-5-2-87.wav,urbansound8k/209992,Car_Engine,3,train
UrbanSound8K/209992-5-2-91.wav,urbansound8k/209992,Car_Engine,3,train
UrbanSound8K/209992-5-3-22.wav,urbansound8k/209992,Car_Engine,3,train
UrbanSound8K/209992-5-3-5.wav,urbansound8k/209992,Car_Engine,3,train
UrbanSound8K/209992-5-3-6.wav,urbansound8k/209992,Car_Engine,3,train
UrbanSound8K/209992-5-4-1.wav,urbansound8k/209992,Car_Engine,3,train
UrbanSound8K/209992-5-4-15.wav,urbansound8k/209992,Car_Engine,3,train
UrbanSound8K/209992-5-4-17.wav,urbansound8k/209992,Car_Engine,3,train
UrbanSound8K/209992-5-4-3.wav,urbansound8k/209992,Car_Engine,3,train
UrbanSound8K/21187-5-0-0.wav,urbansound8k/21187,Car_Engine,3,train
UrbanSound8K/22347-3-0-0.wav,urbansound8k/22347,Dog_Bark,4,train
UrbanSound8K/22347-3-1-1.wav,urbansound8k/22347,Dog_Bark,4,train
UrbanSound8K/22347-3-1-2.wav,urbansound8k/22347,Dog_Bark,4,train
UrbanSound8K/22347-3-3-0.wav,urbansound8k/22347,Dog_Bark,4,train
UrbanSound8K/22601-8-0-0.wav,urbansound8k/22601,Siren,14,train
UrbanSound8K/22601-8-0-1.wav,urbansound8k/22601,Siren,14,train
UrbanSound8K/22601-8-0-10.wav,urbansound8k/22601,Siren,14,train
UrbanSound8K/22601-8-0-11.wav,urbansound8k/22601,Siren,14,train
UrbanSound8K/22601-8-0-12.wav,urbansound8k/22601,Siren,14,train
UrbanSound8K/22601-8-0-13.wav,urbansound8k/22601,Siren,14,train
UrbanSound8K/22601-8-0-14.wav,urbansound8k/22601,Siren,14,train
UrbanSound8K/22601-8-0-15.wav,urbansound8k/22601,Siren,14,train
UrbanSound8K/22601-8-0-16.wav,urbansound8k/22601,Siren,14,train
UrbanSound8K/22601-8-0-17.wav,urbansound8k/22601,Siren,14,train
UrbanSound8K/22601-8-0-18.wav,urbansound8k/22601,Siren,14,train
UrbanSound8K/22601-8-0-19.wav,urbansound8k/22601,Siren,14,train
UrbanSound8K/22601-8-0-2.wav,urbansound8k/22601,Siren,14,train
UrbanSound8K/22601-8-0-20.wav,urbansound8k/22601,Siren,14,train
UrbanSound8K/22601-8-0-21.wav,urbansound8k/22601,Siren,14,train
UrbanSound8K/22601-8-0-22.wav,urbansound8k/22601,Siren,14,train
UrbanSound8K/22601-8-0-23.wav,urbansound8k/22601,Siren,14,train
UrbanSound8K/22601-8-0-24.wav,urbansound8k/22601,Siren,14,train
UrbanSound8K/22601-8-0-25.wav,urbansound8k/22601,Siren,14,train
UrbanSound8K/22601-8-0-26.wav,urbansound8k/22601,Siren,14,train
UrbanSound8K/22601-8-0-27.wav,urbansound8k/22601,Siren,14,train
UrbanSound8K/22601-8-0-28.wav,urbansound8k/22601,Siren,14,train
UrbanSound8K/22601-8-0-29.wav,urbansound8k/22601,Siren,14,train
UrbanSound8K/22601-8-0-3.wav,urbansound8k/22601,Siren,14,train
UrbanSound8K/22601-8-0-30.wav,urbansound8k/22601,Siren,14,train
UrbanSound8K/22601-8-0-31.wav,urbansound8k/22601,Siren,14,train
UrbanSound8K/22601-8-0-32.wav,urbansound8k/22601,Siren,14,train
UrbanSound8K/22601-8-0-33.wav,urbansound8k/22601,Siren,14,train
UrbanSound8K/22601-8-0-34.wav,urbansound8k/22601,Siren,14,train
UrbanSound8K/22601-8-0-35.wav,urbansound8k/22601,Siren,14,train
UrbanSound8K/22601-8-0-36.wav,urbansound8k/22601,Siren,14,train
UrbanSound8K/22601-8-0-37.wav,urbansound8k/22601,Siren,14,train
UrbanSound8K/22601-8-0-38.wav,urbansound8k/22601,Siren,14,train
UrbanSound8K/22601-8-0-39.wav,urbansound8k/22601,Siren,14,train
UrbanSound8K/22601-8-0-4.wav,urbansound8k/22601,Siren,14,train
UrbanSound8K/22601-8-0-40.wav,urbansound8k/22601,Siren,14,train
UrbanSound8K/22601-8-0-41.wav,urbansound8k/22601,Siren,14,train
UrbanSound8K/22601-8-0-42.wav,urbansound8k/22601,Siren,14,train
UrbanSound8K/22601-8-0-43.wav,urbansound8k/22601,Siren,14,train
UrbanSound8K/22601-8-0-44.wav,urbansound8k/22601,Siren,14,train
UrbanSound8K/22601-8-0-45.wav,urbansound8k/22601,Siren,14,train
UrbanSound8K/22601-8-0-46.wav,urbansound8k/22601,Siren,14,train
UrbanSound8K/22601-8-0-47.wav,urbansound8k/22601,Siren,14,train
UrbanSound8K/22601-8-0-48.wav,urbansound8k/22601,Siren,14,train
UrbanSound8K/22601-8-0-49.wav,urbansound8k/22601,Siren,14,train
UrbanSound8K/22601-8-0-5.wav,urbansound8k/22601,Siren,14,train
UrbanSound8K/22601-8-0-50.wav,urbansound8k/22601,Siren,14,train
UrbanSound8K/22601-8-0-51.wav,urbansound8k/22601,Siren,14,train
UrbanSound8K/22601-8-0-52.wav,urbansound8k/22601,Siren,14,train
UrbanSound8K/22601-8-0-53.wav,urbansound8k/22601,Siren,14,train
UrbanSound8K/22601-8-0-54.wav,urbansound8k/22601,Siren,14,train
UrbanSound8K/22601-8-0-6.wav,urbansound8k/22601,Siren,14,train
UrbanSound8K/22601-8-0-7.wav,urbansound8k/22601,Siren,14,train
UrbanSound8K/22601-8-0-8.wav,urbansound8k/22601,Siren,14,train
UrbanSound8K/22601-8-0-9.wav,urbansound8k/22601,Siren,14,train
UrbanSound8K/22882-5-0-0.wav,urbansound8k/22882,Car_Engine,3,val
UrbanSound8K/22882-5-0-1.wav,urbansound8k/22882,Car_Engine,3,val
UrbanSound8K/22883-7-1-0.wav,urbansound8k/22883,Jackhammer,11,test
UrbanSound8K/22883-7-10-0.wav,urbansound8k/22883,Jackhammer,11,test
UrbanSound8K/22883-7-100-0.wav,urbansound8k/22883,Jackhammer,11,test
UrbanSound8K/22883-7-11-0.wav,urbansound8k/22883,Jackhammer,11,test
UrbanSound8K/22883-7-110-1.wav,urbansound8k/22883,Jackhammer,11,test
UrbanSound8K/22883-7-17-2.wav,urbansound8k/22883,Jackhammer,11,test
UrbanSound8K/22883-7-17-4.wav,urbansound8k/22883,Jackhammer,11,test
UrbanSound8K/22883-7-17-5.wav,urbansound8k/22883,Jackhammer,11,test
UrbanSound8K/22883-7-18-0.wav,urbansound8k/22883,Jackhammer,11,test
UrbanSound8K/22883-7-19-0.wav,urbansound8k/22883,Jackhammer,11,test
UrbanSound8K/22883-7-21-0.wav,urbansound8k/22883,Jackhammer,11,test
UrbanSound8K/22883-7-23-0.wav,urbansound8k/22883,Jackhammer,11,test
UrbanSound8K/22883-7-24-0.wav,urbansound8k/22883,Jackhammer,11,test
UrbanSound8K/22883-7-27-0.wav,urbansound8k/22883,Jackhammer,11,test
UrbanSound8K/22883-7-28-0.wav,urbansound8k/22883,Jackhammer,11,test
UrbanSound8K/22883-7-29-2.wav,urbansound8k/22883,Jackhammer,11,test
UrbanSound8K/22883-7-3-0.wav,urbansound8k/22883,Jackhammer,11,test
UrbanSound8K/22883-7-33-0.wav,urbansound8k/22883,Jackhammer,11,test
UrbanSound8K/22883-7-34-0.wav,urbansound8k/22883,Jackhammer,11,test
UrbanSound8K/22883-7-35-2.wav,urbansound8k/22883,Jackhammer,11,test
UrbanSound8K/22883-7-35-3.wav,urbansound8k/22883,Jackhammer,11,test
UrbanSound8K/22883-7-36-0.wav,urbansound8k/22883,Jackhammer,11,test
UrbanSound8K/22883-7-36-1.wav,urbansound8k/22883,Jackhammer,11,test
UrbanSound8K/22883-7-36-2.wav,urbansound8k/22883,Jackhammer,11,test
UrbanSound8K/22883-7-37-0.wav,urbansound8k/22883,Jackhammer,11,test
UrbanSound8K/22883-7-39-0.wav,urbansound8k/22883,Jackhammer,11,test
UrbanSound8K/22883-7-39-1.wav,urbansound8k/22883,Jackhammer,11,test
UrbanSound8K/22883-7-40-0.wav,urbansound8k/22883,Jackhammer,11,test
UrbanSound8K/22883-7-43-2.wav,urbansound8k/22883,Jackhammer,11,test
UrbanSound8K/22883-7-44-0.wav,urbansound8k/22883,Jackhammer,11,test
UrbanSound8K/22883-7-47-2.wav,urbansound8k/22883,Jackhammer,11,test
UrbanSound8K/22883-7-48-0.wav,urbansound8k/22883,Jackhammer,11,test
UrbanSound8K/22883-7-49-1.wav,urbansound8k/22883,Jackhammer,11,test
UrbanSound8K/22883-7-49-3.wav,urbansound8k/22883,Jackhammer,11,test
UrbanSound8K/22883-7-51-0.wav,urbansound8k/22883,Jackhammer,11,test
UrbanSound8K/22883-7-53-0.wav,urbansound8k/22883,Jackhammer,11,test
UrbanSound8K/22883-7-54-0.wav,urbansound8k/22883,Jackhammer,11,test
UrbanSound8K/22883-7-58-0.wav,urbansound8k/22883,Jackhammer,11,test
UrbanSound8K/22883-7-61-0.wav,urbansound8k/22883,Jackhammer,11,test
UrbanSound8K/22883-7-61-1.wav,urbansound8k/22883,Jackhammer,11,test
UrbanSound8K/22883-7-62-0.wav,urbansound8k/22883,Jackhammer,11,test
UrbanSound8K/22883-7-63-0.wav,urbansound8k/22883,Jackhammer,11,test
UrbanSound8K/22883-7-64-0.wav,urbansound8k/22883,Jackhammer,11,test
UrbanSound8K/22883-7-67-0.wav,urbansound8k/22883,Jackhammer,11,test
UrbanSound8K/22883-7-69-0.wav,urbansound8k/22883,Jackhammer,11,test
UrbanSound8K/22883-7-7-0.wav,urbansound8k/22883,Jackhammer,11,test
UrbanSound8K/22883-7-71-0.wav,urbansound8k/22883,Jackhammer,11,test
UrbanSound8K/22883-7-72-0.wav,urbansound8k/22883,Jackhammer,11,test
UrbanSound8K/22883-7-74-0.wav,urbansound8k/22883,Jackhammer,11,test
UrbanSound8K/22883-7-77-0.wav,urbansound8k/22883,Jackhammer,11,test
UrbanSound8K/22883-7-78-2.wav,urbansound8k/22883,Jackhammer,11,test
UrbanSound8K/22883-7-81-0.wav,urbansound8k/22883,Jackhammer,11,test
UrbanSound8K/22883-7-83-0.wav,urbansound8k/22883,Jackhammer,11,test
UrbanSound8K/22883-7-86-0.wav,urbansound8k/22883,Jackhammer,11,test
UrbanSound8K/22883-7-87-0.wav,urbansound8k/22883,Jackhammer,11,test
UrbanSound8K/22883-7-9-0.wav,urbansound8k/22883,Jackhammer,11,test
UrbanSound8K/22883-7-91-0.wav,urbansound8k/22883,Jackhammer,11,test
UrbanSound8K/22883-7-92-0.wav,urbansound8k/22883,Jackhammer,11,test
UrbanSound8K/22883-7-93-0.wav,urbansound8k/22883,Jackhammer,11,test
UrbanSound8K/22883-7-98-1.wav,urbansound8k/22883,Jackhammer,11,test
UrbanSound8K/22883-7-99-2.wav,urbansound8k/22883,Jackhammer,11,test
UrbanSound8K/22883-7-99-3.wav,urbansound8k/22883,Jackhammer,11,test
UrbanSound8K/22885-5-0-0.wav,urbansound8k/22885,Car_Engine,3,train
UrbanSound8K/22962-4-0-0.wav,urbansound8k/22962,Drilling,6,train
UrbanSound8K/22962-4-0-1.wav,urbansound8k/22962,Drilling,6,train
UrbanSound8K/22962-4-0-2.wav,urbansound8k/22962,Drilling,6,train
UrbanSound8K/22973-3-0-0.wav,urbansound8k/22973,Dog_Bark,4,test
UrbanSound8K/22973-3-0-1.wav,urbansound8k/22973,Dog_Bark,4,test
UrbanSound8K/22973-3-0-2.wav,urbansound8k/22973,Dog_Bark,4,test
UrbanSound8K/23131-3-0-0.wav,urbansound8k/23131,Dog_Bark,4,train
UrbanSound8K/23131-3-2-0.wav,urbansound8k/23131,Dog_Bark,4,train
UrbanSound8K/23131-3-4-0.wav,urbansound8k/23131,Dog_Bark,4,train
UrbanSound8K/23131-3-5-0.wav,urbansound8k/23131,Dog_Bark,4,train
UrbanSound8K/23218-5-0-0.wav,urbansound8k/23218,Car_Engine,3,train
UrbanSound8K/23219-5-0-0.wav,urbansound8k/23219,Car_Engine,3,train
UrbanSound8K/23219-5-0-1.wav,urbansound8k/23219,Car_Engine,3,train
UrbanSound8K/23219-5-0-10.wav,urbansound8k/23219,Car_Engine,3,train
UrbanSound8K/23219-5-0-11.wav,urbansound8k/23219,Car_Engine,3,train
UrbanSound8K/23219-5-0-12.wav,urbansound8k/23219,Car_Engine,3,train
UrbanSound8K/23219-5-0-13.wav,urbansound8k/23219,Car_Engine,3,train
UrbanSound8K/23219-5-0-2.wav,urbansound8k/23219,Car_Engine,3,train
UrbanSound8K/23219-5-0-3.wav,urbansound8k/23219,Car_Engine,3,train
UrbanSound8K/23219-5-0-4.wav,urbansound8k/23219,Car_Engine,3,train
UrbanSound8K/23219-5-0-5.wav,urbansound8k/23219,Car_Engine,3,train
UrbanSound8K/23219-5-0-6.wav,urbansound8k/23219,Car_Engine,3,train
UrbanSound8K/23219-5-0-7.wav,urbansound8k/23219,Car_Engine,3,train
UrbanSound8K/23219-5-0-8.wav,urbansound8k/23219,Car_Engine,3,train
UrbanSound8K/23219-5-0-9.wav,urbansound8k/23219,Car_Engine,3,train
UrbanSound8K/23219-5-1-0.wav,urbansound8k/23219,Car_Engine,3,train
UrbanSound8K/23219-5-1-1.wav,urbansound8k/23219,Car_Engine,3,train
UrbanSound8K/23219-5-1-2.wav,urbansound8k/23219,Car_Engine,3,train
UrbanSound8K/24074-1-0-0.wav,urbansound8k/24074,Vehicle_Horn,16,train
UrbanSound8K/24074-1-0-1.wav,urbansound8k/24074,Vehicle_Horn,16,train
UrbanSound8K/24074-1-0-10.wav,urbansound8k/24074,Vehicle_Horn,16,train
UrbanSound8K/24074-1-0-11.wav,urbansound8k/24074,Vehicle_Horn,16,train
UrbanSound8K/24074-1-0-12.wav,urbansound8k/24074,Vehicle_Horn,16,train
UrbanSound8K/24074-1-0-13.wav,urbansound8k/24074,Vehicle_Horn,16,train
UrbanSound8K/24074-1-0-2.wav,urbansound8k/24074,Vehicle_Horn,16,train
UrbanSound8K/24074-1-0-3.wav,urbansound8k/24074,Vehicle_Horn,16,train
UrbanSound8K/24074-1-0-4.wav,urbansound8k/24074,Vehicle_Horn,16,train
UrbanSound8K/24074-1-0-5.wav,urbansound8k/24074,Vehicle_Horn,16,train
UrbanSound8K/24074-1-0-6.wav,urbansound8k/24074,Vehicle_Horn,16,train
UrbanSound8K/24074-1-0-7.wav,urbansound8k/24074,Vehicle_Horn,16,train
UrbanSound8K/24074-1-0-8.wav,urbansound8k/24074,Vehicle_Horn,16,train
UrbanSound8K/24074-1-0-9.wav,urbansound8k/24074,Vehicle_Horn,16,train
UrbanSound8K/24076-1-0-0.wav,urbansound8k/24076,Vehicle_Horn,16,train
UrbanSound8K/24076-1-1-0.wav,urbansound8k/24076,Vehicle_Horn,16,train
UrbanSound8K/24347-8-0-0.wav,urbansound8k/24347,Siren,14,val
UrbanSound8K/24347-8-0-1.wav,urbansound8k/24347,Siren,14,val
UrbanSound8K/24347-8-0-10.wav,urbansound8k/24347,Siren,14,val
UrbanSound8K/24347-8-0-11.wav,urbansound8k/24347,Siren,14,val
UrbanSound8K/24347-8-0-12.wav,urbansound8k/24347,Siren,14,val
UrbanSound8K/24347-8-0-13.wav,urbansound8k/24347,Siren,14,val
UrbanSound8K/24347-8-0-14.wav,urbansound8k/24347,Siren,14,val
UrbanSound8K/24347-8-0-15.wav,urbansound8k/24347,Siren,14,val
UrbanSound8K/24347-8-0-16.wav,urbansound8k/24347,Siren,14,val
UrbanSound8K/24347-8-0-17.wav,urbansound8k/24347,Siren,14,val
UrbanSound8K/24347-8-0-18.wav,urbansound8k/24347,Siren,14,val
UrbanSound8K/24347-8-0-19.wav,urbansound8k/24347,Siren,14,val
UrbanSound8K/24347-8-0-2.wav,urbansound8k/24347,Siren,14,val
UrbanSound8K/24347-8-0-20.wav,urbansound8k/24347,Siren,14,val
UrbanSound8K/24347-8-0-21.wav,urbansound8k/24347,Siren,14,val
UrbanSound8K/24347-8-0-22.wav,urbansound8k/24347,Siren,14,val
UrbanSound8K/24347-8-0-23.wav,urbansound8k/24347,Siren,14,val
UrbanSound8K/24347-8-0-24.wav,urbansound8k/24347,Siren,14,val
UrbanSound8K/24347-8-0-25.wav,urbansound8k/24347,Siren,14,val
UrbanSound8K/24347-8-0-26.wav,urbansound8k/24347,Siren,14,val
UrbanSound8K/24347-8-0-27.wav,urbansound8k/24347,Siren,14,val
UrbanSound8K/24347-8-0-28.wav,urbansound8k/24347,Siren,14,val
UrbanSound8K/24347-8-0-29.wav,urbansound8k/24347,Siren,14,val
UrbanSound8K/24347-8-0-3.wav,urbansound8k/24347,Siren,14,val
UrbanSound8K/24347-8-0-30.wav,urbansound8k/24347,Siren,14,val
UrbanSound8K/24347-8-0-31.wav,urbansound8k/24347,Siren,14,val
UrbanSound8K/24347-8-0-32.wav,urbansound8k/24347,Siren,14,val
UrbanSound8K/24347-8-0-33.wav,urbansound8k/24347,Siren,14,val
UrbanSound8K/24347-8-0-34.wav,urbansound8k/24347,Siren,14,val
UrbanSound8K/24347-8-0-35.wav,urbansound8k/24347,Siren,14,val
UrbanSound8K/24347-8-0-36.wav,urbansound8k/24347,Siren,14,val
UrbanSound8K/24347-8-0-37.wav,urbansound8k/24347,Siren,14,val
UrbanSound8K/24347-8-0-38.wav,urbansound8k/24347,Siren,14,val
UrbanSound8K/24347-8-0-39.wav,urbansound8k/24347,Siren,14,val
UrbanSound8K/24347-8-0-4.wav,urbansound8k/24347,Siren,14,val
UrbanSound8K/24347-8-0-40.wav,urbansound8k/24347,Siren,14,val
UrbanSound8K/24347-8-0-41.wav,urbansound8k/24347,Siren,14,val
UrbanSound8K/24347-8-0-42.wav,urbansound8k/24347,Siren,14,val
UrbanSound8K/24347-8-0-43.wav,urbansound8k/24347,Siren,14,val
UrbanSound8K/24347-8-0-44.wav,urbansound8k/24347,Siren,14,val
UrbanSound8K/24347-8-0-45.wav,urbansound8k/24347,Siren,14,val
UrbanSound8K/24347-8-0-46.wav,urbansound8k/24347,Siren,14,val
UrbanSound8K/24347-8-0-47.wav,urbansound8k/24347,Siren,14,val
UrbanSound8K/24347-8-0-48.wav,urbansound8k/24347,Siren,14,val
UrbanSound8K/24347-8-0-49.wav,urbansound8k/24347,Siren,14,val
UrbanSound8K/24347-8-0-5.wav,urbansound8k/24347,Siren,14,val
UrbanSound8K/24347-8-0-50.wav,urbansound8k/24347,Siren,14,val
UrbanSound8K/24347-8-0-51.wav,urbansound8k/24347,Siren,14,val
UrbanSound8K/24347-8-0-52.wav,urbansound8k/24347,Siren,14,val
UrbanSound8K/24347-8-0-53.wav,urbansound8k/24347,Siren,14,val
UrbanSound8K/24347-8-0-54.wav,urbansound8k/24347,Siren,14,val
UrbanSound8K/24347-8-0-55.wav,urbansound8k/24347,Siren,14,val
UrbanSound8K/24347-8-0-56.wav,urbansound8k/24347,Siren,14,val
UrbanSound8K/24347-8-0-57.wav,urbansound8k/24347,Siren,14,val
UrbanSound8K/24347-8-0-58.wav,urbansound8k/24347,Siren,14,val
UrbanSound8K/24347-8-0-59.wav,urbansound8k/24347,Siren,14,val
UrbanSound8K/24347-8-0-6.wav,urbansound8k/24347,Siren,14,val
UrbanSound8K/24347-8-0-60.wav,urbansound8k/24347,Siren,14,val
UrbanSound8K/24347-8-0-61.wav,urbansound8k/24347,Siren,14,val
UrbanSound8K/24347-8-0-62.wav,urbansound8k/24347,Siren,14,val
UrbanSound8K/24347-8-0-63.wav,urbansound8k/24347,Siren,14,val
UrbanSound8K/24347-8-0-64.wav,urbansound8k/24347,Siren,14,val
UrbanSound8K/24347-8-0-65.wav,urbansound8k/24347,Siren,14,val
UrbanSound8K/24347-8-0-66.wav,urbansound8k/24347,Siren,14,val
UrbanSound8K/24347-8-0-67.wav,urbansound8k/24347,Siren,14,val
UrbanSound8K/24347-8-0-68.wav,urbansound8k/24347,Siren,14,val
UrbanSound8K/24347-8-0-69.wav,urbansound8k/24347,Siren,14,val
UrbanSound8K/24347-8-0-7.wav,urbansound8k/24347,Siren,14,val
UrbanSound8K/24347-8-0-70.wav,urbansound8k/24347,Siren,14,val
UrbanSound8K/24347-8-0-71.wav,urbansound8k/24347,Siren,14,val
UrbanSound8K/24347-8-0-72.wav,urbansound8k/24347,Siren,14,val
UrbanSound8K/24347-8-0-73.wav,urbansound8k/24347,Siren,14,val
UrbanSound8K/24347-8-0-74.wav,urbansound8k/24347,Siren,14,val
UrbanSound8K/24347-8-0-75.wav,urbansound8k/24347,Siren,14,val
UrbanSound8K/24347-8-0-76.wav,urbansound8k/24347,Siren,14,val
UrbanSound8K/24347-8-0-77.wav,urbansound8k/24347,Siren,14,val
UrbanSound8K/24347-8-0-78.wav,urbansound8k/24347,Siren,14,val
UrbanSound8K/24347-8-0-79.wav,urbansound8k/24347,Siren,14,val
UrbanSound8K/24347-8-0-8.wav,urbansound8k/24347,Siren,14,val
UrbanSound8K/24347-8-0-80.wav,urbansound8k/24347,Siren,14,val
UrbanSound8K/24347-8-0-81.wav,urbansound8k/24347,Siren,14,val
UrbanSound8K/24347-8-0-82.wav,urbansound8k/24347,Siren,14,val
UrbanSound8K/24347-8-0-83.wav,urbansound8k/24347,Siren,14,val
UrbanSound8K/24347-8-0-84.wav,urbansound8k/24347,Siren,14,val
UrbanSound8K/24347-8-0-85.wav,urbansound8k/24347,Siren,14,val
UrbanSound8K/24347-8-0-86.wav,urbansound8k/24347,Siren,14,val
UrbanSound8K/24347-8-0-87.wav,urbansound8k/24347,Siren,14,val
UrbanSound8K/24347-8-0-88.wav,urbansound8k/24347,Siren,14,val
UrbanSound8K/24347-8-0-89.wav,urbansound8k/24347,Siren,14,val
UrbanSound8K/24347-8-0-9.wav,urbansound8k/24347,Siren,14,val
UrbanSound8K/24347-8-0-90.wav,urbansound8k/24347,Siren,14,val
UrbanSound8K/24347-8-0-91.wav,urbansound8k/24347,Siren,14,val
UrbanSound8K/24347-8-0-92.wav,urbansound8k/24347,Siren,14,val
UrbanSound8K/24347-8-0-93.wav,urbansound8k/24347,Siren,14,val
UrbanSound8K/24347-8-0-94.wav,urbansound8k/24347,Siren,14,val
UrbanSound8K/24347-8-0-95.wav,urbansound8k/24347,Siren,14,val
UrbanSound8K/24347-8-0-96.wav,urbansound8k/24347,Siren,14,val
UrbanSound8K/24347-8-0-97.wav,urbansound8k/24347,Siren,14,val
UrbanSound8K/24347-8-0-98.wav,urbansound8k/24347,Siren,14,val
UrbanSound8K/24347-8-0-99.wav,urbansound8k/24347,Siren,14,val
UrbanSound8K/24364-4-0-0.wav,urbansound8k/24364,Drilling,6,train
UrbanSound8K/24364-4-0-1.wav,urbansound8k/24364,Drilling,6,train
UrbanSound8K/24364-4-0-10.wav,urbansound8k/24364,Drilling,6,train
UrbanSound8K/24364-4-0-11.wav,urbansound8k/24364,Drilling,6,train
UrbanSound8K/24364-4-0-12.wav,urbansound8k/24364,Drilling,6,train
UrbanSound8K/24364-4-0-2.wav,urbansound8k/24364,Drilling,6,train
UrbanSound8K/24364-4-0-3.wav,urbansound8k/24364,Drilling,6,train
UrbanSound8K/24364-4-0-4.wav,urbansound8k/24364,Drilling,6,train
UrbanSound8K/24364-4-0-5.wav,urbansound8k/24364,Drilling,6,train
UrbanSound8K/24364-4-0-6.wav,urbansound8k/24364,Drilling,6,train
UrbanSound8K/24364-4-0-7.wav,urbansound8k/24364,Drilling,6,train
UrbanSound8K/24364-4-0-8.wav,urbansound8k/24364,Drilling,6,train
UrbanSound8K/24364-4-0-9.wav,urbansound8k/24364,Drilling,6,train
UrbanSound8K/24728-7-0-0.wav,urbansound8k/24728,Jackhammer,11,train
UrbanSound8K/24728-7-1-0.wav,urbansound8k/24728,Jackhammer,11,train
UrbanSound8K/24728-7-2-0.wav,urbansound8k/24728,Jackhammer,11,train
UrbanSound8K/24728-7-3-0.wav,urbansound8k/24728,Jackhammer,11,train
UrbanSound8K/24728-7-4-0.wav,urbansound8k/24728,Jackhammer,11,train
UrbanSound8K/24728-7-5-0.wav,urbansound8k/24728,Jackhammer,11,train
UrbanSound8K/24965-3-0-0.wav,urbansound8k/24965,Dog_Bark,4,val
UrbanSound8K/24965-3-1-0.wav,urbansound8k/24965,Dog_Bark,4,val
UrbanSound8K/24965-3-2-0.wav,urbansound8k/24965,Dog_Bark,4,val
UrbanSound8K/25037-6-0-0.wav,urbansound8k/25037,Gunshot,9,test
UrbanSound8K/25037-6-1-0.wav,urbansound8k/25037,Gunshot,9,test
UrbanSound8K/25038-6-0-0.wav,urbansound8k/25038,Gunshot,9,test
UrbanSound8K/25038-6-1-0.wav,urbansound8k/25038,Gunshot,9,test
UrbanSound8K/25039-6-0-0.wav,urbansound8k/25039,Gunshot,9,val
UrbanSound8K/25039-6-1-0.wav,urbansound8k/25039,Gunshot,9,val
UrbanSound8K/26173-8-0-0.wav,urbansound8k/26173,Siren,14,train
UrbanSound8K/26176-1-0-0.wav,urbansound8k/26176,Vehicle_Horn,16,train
UrbanSound8K/26177-1-1-0.wav,urbansound8k/26177,Vehicle_Horn,16,train
UrbanSound8K/26177-1-2-0.wav,urbansound8k/26177,Vehicle_Horn,16,train
UrbanSound8K/26184-5-0-0.wav,urbansound8k/26184,Car_Engine,3,train
UrbanSound8K/26184-5-1-0.wav,urbansound8k/26184,Car_Engine,3,train
UrbanSound8K/26184-5-2-0.wav,urbansound8k/26184,Car_Engine,3,train
UrbanSound8K/26184-5-3-0.wav,urbansound8k/26184,Car_Engine,3,train
UrbanSound8K/26184-5-4-0.wav,urbansound8k/26184,Car_Engine,3,train
UrbanSound8K/26184-5-4-1.wav,urbansound8k/26184,Car_Engine,3,train
UrbanSound8K/26184-5-4-2.wav,urbansound8k/26184,Car_Engine,3,train
UrbanSound8K/26184-5-4-3.wav,urbansound8k/26184,Car_Engine,3,train
UrbanSound8K/26255-3-13-1.wav,urbansound8k/26255,Dog_Bark,4,train
UrbanSound8K/26255-3-6-0.wav,urbansound8k/26255,Dog_Bark,4,train
UrbanSound8K/26255-3-8-0.wav,urbansound8k/26255,Dog_Bark,4,train
UrbanSound8K/26256-3-4-0.wav,urbansound8k/26256,Dog_Bark,4,train
UrbanSound8K/26256-3-5-22.wav,urbansound8k/26256,Dog_Bark,4,train
UrbanSound8K/26256-3-6-6.wav,urbansound8k/26256,Dog_Bark,4,train
UrbanSound8K/26256-3-7-36.wav,urbansound8k/26256,Dog_Bark,4,train
UrbanSound8K/26344-4-0-0.wav,urbansound8k/26344,Drilling,6,train
UrbanSound8K/26344-4-1-0.wav,urbansound8k/26344,Drilling,6,train
UrbanSound8K/27216-3-0-18.wav,urbansound8k/27216,Dog_Bark,4,test
UrbanSound8K/27216-3-0-21.wav,urbansound8k/27216,Dog_Bark,4,test
UrbanSound8K/27216-3-0-24.wav,urbansound8k/27216,Dog_Bark,4,test
UrbanSound8K/27216-3-0-9.wav,urbansound8k/27216,Dog_Bark,4,test
UrbanSound8K/27217-3-0-13.wav,urbansound8k/27217,Dog_Bark,4,train
UrbanSound8K/27217-3-0-22.wav,urbansound8k/27217,Dog_Bark,4,train
UrbanSound8K/27217-3-0-6.wav,urbansound8k/27217,Dog_Bark,4,train
UrbanSound8K/27349-3-0-2.wav,urbansound8k/27349,Dog_Bark,4,train
UrbanSound8K/27349-3-0-6.wav,urbansound8k/27349,Dog_Bark,4,train
UrbanSound8K/27349-3-1-2.wav,urbansound8k/27349,Dog_Bark,4,train
UrbanSound8K/27349-3-2-1.wav,urbansound8k/27349,Dog_Bark,4,train
UrbanSound8K/28284-3-0-0.wav,urbansound8k/28284,Dog_Bark,4,train
UrbanSound8K/28284-3-0-1.wav,urbansound8k/28284,Dog_Bark,4,train
UrbanSound8K/28284-3-1-0.wav,urbansound8k/28284,Dog_Bark,4,train
UrbanSound8K/28426-8-0-0.wav,urbansound8k/28426,Siren,14,train
UrbanSound8K/28426-8-1-0.wav,urbansound8k/28426,Siren,14,train
UrbanSound8K/28426-8-2-0.wav,urbansound8k/28426,Siren,14,train
UrbanSound8K/28808-1-0-0.wav,urbansound8k/28808,Vehicle_Horn,16,test
UrbanSound8K/28808-1-0-1.wav,urbansound8k/28808,Vehicle_Horn,16,test
UrbanSound8K/28808-1-0-10.wav,urbansound8k/28808,Vehicle_Horn,16,test
UrbanSound8K/28808-1-0-11.wav,urbansound8k/28808,Vehicle_Horn,16,test
UrbanSound8K/28808-1-0-2.wav,urbansound8k/28808,Vehicle_Horn,16,test
UrbanSound8K/28808-1-0-3.wav,urbansound8k/28808,Vehicle_Horn,16,test
UrbanSound8K/28808-1-0-4.wav,urbansound8k/28808,Vehicle_Horn,16,test
UrbanSound8K/28808-1-0-5.wav,urbansound8k/28808,Vehicle_Horn,16,test
UrbanSound8K/28808-1-0-6.wav,urbansound8k/28808,Vehicle_Horn,16,test
UrbanSound8K/28808-1-0-7.wav,urbansound8k/28808,Vehicle_Horn,16,test
UrbanSound8K/28808-1-0-8.wav,urbansound8k/28808,Vehicle_Horn,16,test
UrbanSound8K/28808-1-0-9.wav,urbansound8k/28808,Vehicle_Horn,16,test
UrbanSound8K/28808-1-1-0.wav,urbansound8k/28808,Vehicle_Horn,16,test
UrbanSound8K/28808-1-1-1.wav,urbansound8k/28808,Vehicle_Horn,16,test
UrbanSound8K/29721-4-0-0.wav,urbansound8k/29721,Drilling,6,test
UrbanSound8K/29721-4-0-1.wav,urbansound8k/29721,Drilling,6,test
UrbanSound8K/29721-4-0-10.wav,urbansound8k/29721,Drilling,6,test
UrbanSound8K/29721-4-0-11.wav,urbansound8k/29721,Drilling,6,test
UrbanSound8K/29721-4-0-12.wav,urbansound8k/29721,Drilling,6,test
UrbanSound8K/29721-4-0-13.wav,urbansound8k/29721,Drilling,6,test
UrbanSound8K/29721-4-0-14.wav,urbansound8k/29721,Drilling,6,test
UrbanSound8K/29721-4-0-2.wav,urbansound8k/29721,Drilling,6,test
UrbanSound8K/29721-4-0-3.wav,urbansound8k/29721,Drilling,6,test
UrbanSound8K/29721-4-0-4.wav,urbansound8k/29721,Drilling,6,test
UrbanSound8K/29721-4-0-5.wav,urbansound8k/29721,Drilling,6,test
UrbanSound8K/29721-4-0-6.wav,urbansound8k/29721,Drilling,6,test
UrbanSound8K/29721-4-0-7.wav,urbansound8k/29721,Drilling,6,test
UrbanSound8K/29721-4-0-8.wav,urbansound8k/29721,Drilling,6,test
UrbanSound8K/29721-4-0-9.wav,urbansound8k/29721,Drilling,6,test
UrbanSound8K/29722-4-0-0.wav,urbansound8k/29722,Drilling,6,train
UrbanSound8K/29722-4-0-1.wav,urbansound8k/29722,Drilling,6,train
UrbanSound8K/29722-4-0-2.wav,urbansound8k/29722,Drilling,6,train
UrbanSound8K/29722-4-0-3.wav,urbansound8k/29722,Drilling,6,train
UrbanSound8K/29722-4-0-4.wav,urbansound8k/29722,Drilling,6,train
UrbanSound8K/29722-4-0-5.wav,urbansound8k/29722,Drilling,6,train
UrbanSound8K/29722-4-0-6.wav,urbansound8k/29722,Drilling,6,train
UrbanSound8K/29932-1-0-0.wav,urbansound8k/29932,Vehicle_Horn,16,train
UrbanSound8K/29932-1-1-0.wav,urbansound8k/29932,Vehicle_Horn,16,train
UrbanSound8K/29936-3-0-0.wav,urbansound8k/29936,Dog_Bark,4,train
UrbanSound8K/29936-3-1-0.wav,urbansound8k/29936,Dog_Bark,4,train
UrbanSound8K/29936-3-2-0.wav,urbansound8k/29936,Dog_Bark,4,train
UrbanSound8K/29936-3-3-0.wav,urbansound8k/29936,Dog_Bark,4,train
UrbanSound8K/29937-3-0-14.wav,urbansound8k/29937,Dog_Bark,4,train
UrbanSound8K/29937-3-0-4.wav,urbansound8k/29937,Dog_Bark,4,train
UrbanSound8K/29937-3-0-6.wav,urbansound8k/29937,Dog_Bark,4,train
UrbanSound8K/29937-3-0-8.wav,urbansound8k/29937,Dog_Bark,4,train
UrbanSound8K/30206-7-0-0.wav,urbansound8k/30206,Jackhammer,11,val
UrbanSound8K/30206-7-0-1.wav,urbansound8k/30206,Jackhammer,11,val
UrbanSound8K/30206-7-0-10.wav,urbansound8k/30206,Jackhammer,11,val
UrbanSound8K/30206-7-0-11.wav,urbansound8k/30206,Jackhammer,11,val
UrbanSound8K/30206-7-0-12.wav,urbansound8k/30206,Jackhammer,11,val
UrbanSound8K/30206-7-0-13.wav,urbansound8k/30206,Jackhammer,11,val
UrbanSound8K/30206-7-0-14.wav,urbansound8k/30206,Jackhammer,11,val
UrbanSound8K/30206-7-0-15.wav,urbansound8k/30206,Jackhammer,11,val
UrbanSound8K/30206-7-0-16.wav,urbansound8k/30206,Jackhammer,11,val
UrbanSound8K/30206-7-0-17.wav,urbansound8k/30206,Jackhammer,11,val
UrbanSound8K/30206-7-0-18.wav,urbansound8k/30206,Jackhammer,11,val
UrbanSound8K/30206-7-0-19.wav,urbansound8k/30206,Jackhammer,11,val
UrbanSound8K/30206-7-0-2.wav,urbansound8k/30206,Jackhammer,11,val
UrbanSound8K/30206-7-0-20.wav,urbansound8k/30206,Jackhammer,11,val
UrbanSound8K/30206-7-0-21.wav,urbansound8k/30206,Jackhammer,11,val
UrbanSound8K/30206-7-0-22.wav,urbansound8k/30206,Jackhammer,11,val
UrbanSound8K/30206-7-0-23.wav,urbansound8k/30206,Jackhammer,11,val
UrbanSound8K/30206-7-0-24.wav,urbansound8k/30206,Jackhammer,11,val
UrbanSound8K/30206-7-0-25.wav,urbansound8k/30206,Jackhammer,11,val
UrbanSound8K/30206-7-0-26.wav,urbansound8k/30206,Jackhammer,11,val
UrbanSound8K/30206-7-0-27.wav,urbansound8k/30206,Jackhammer,11,val
UrbanSound8K/30206-7-0-28.wav,urbansound8k/30206,Jackhammer,11,val
UrbanSound8K/30206-7-0-29.wav,urbansound8k/30206,Jackhammer,11,val
UrbanSound8K/30206-7-0-3.wav,urbansound8k/30206,Jackhammer,11,val
UrbanSound8K/30206-7-0-30.wav,urbansound8k/30206,Jackhammer,11,val
UrbanSound8K/30206-7-0-31.wav,urbansound8k/30206,Jackhammer,11,val
UrbanSound8K/30206-7-0-32.wav,urbansound8k/30206,Jackhammer,11,val
UrbanSound8K/30206-7-0-33.wav,urbansound8k/30206,Jackhammer,11,val
UrbanSound8K/30206-7-0-34.wav,urbansound8k/30206,Jackhammer,11,val
UrbanSound8K/30206-7-0-35.wav,urbansound8k/30206,Jackhammer,11,val
UrbanSound8K/30206-7-0-36.wav,urbansound8k/30206,Jackhammer,11,val
UrbanSound8K/30206-7-0-37.wav,urbansound8k/30206,Jackhammer,11,val
UrbanSound8K/30206-7-0-38.wav,urbansound8k/30206,Jackhammer,11,val
UrbanSound8K/30206-7-0-39.wav,urbansound8k/30206,Jackhammer,11,val
UrbanSound8K/30206-7-0-4.wav,urbansound8k/30206,Jackhammer,11,val
UrbanSound8K/30206-7-0-5.wav,urbansound8k/30206,Jackhammer,11,val
UrbanSound8K/30206-7-0-6.wav,urbansound8k/30206,Jackhammer,11,val
UrbanSound8K/30206-7-0-7.wav,urbansound8k/30206,Jackhammer,11,val
UrbanSound8K/30206-7-0-8.wav,urbansound8k/30206,Jackhammer,11,val
UrbanSound8K/30206-7-0-9.wav,urbansound8k/30206,Jackhammer,11,val
UrbanSound8K/30226-3-1-0.wav,urbansound8k/30226,Dog_Bark,4,train
UrbanSound8K/30226-3-1-1.wav,urbansound8k/30226,Dog_Bark,4,train
UrbanSound8K/30226-3-1-3.wav,urbansound8k/30226,Dog_Bark,4,train
UrbanSound8K/30226-3-1-5.wav,urbansound8k/30226,Dog_Bark,4,train
UrbanSound8K/30344-3-0-0.wav,urbansound8k/30344,Dog_Bark,4,train
UrbanSound8K/30344-3-0-1.wav,urbansound8k/30344,Dog_Bark,4,train
UrbanSound8K/30344-3-0-3.wav,urbansound8k/30344,Dog_Bark,4,train
UrbanSound8K/30344-3-0-4.wav,urbansound8k/30344,Dog_Bark,4,train
UrbanSound8K/30823-8-0-0.wav,urbansound8k/30823,Siren,14,train
UrbanSound8K/30832-3-1-0.wav,urbansound8k/30832,Dog_Bark,4,test
UrbanSound8K/30832-3-12-0.wav,urbansound8k/30832,Dog_Bark,4,test
UrbanSound8K/30832-3-5-1.wav,urbansound8k/30832,Dog_Bark,4,test
UrbanSound8K/30832-3-7-0.wav,urbansound8k/30832,Dog_Bark,4,test
UrbanSound8K/31323-3-0-1.wav,urbansound8k/31323,Dog_Bark,4,train
UrbanSound8K/31323-3-0-2.wav,urbansound8k/31323,Dog_Bark,4,train
UrbanSound8K/31323-3-0-20.wav,urbansound8k/31323,Dog_Bark,4,train
UrbanSound8K/31323-3-0-22.wav,urbansound8k/31323,Dog_Bark,4,train
UrbanSound8K/31325-3-1-0.wav,urbansound8k/31325,Dog_Bark,4,train
UrbanSound8K/31325-3-1-1.wav,urbansound8k/31325,Dog_Bark,4,train
UrbanSound8K/31325-3-3-6.wav,urbansound8k/31325,Dog_Bark,4,train
UrbanSound8K/31325-3-4-0.wav,urbansound8k/31325,Dog_Bark,4,train
UrbanSound8K/31840-3-0-0.wav,urbansound8k/31840,Dog_Bark,4,val
UrbanSound8K/31840-3-1-0.wav,urbansound8k/31840,Dog_Bark,4,val
UrbanSound8K/31884-7-0-0.wav,urbansound8k/31884,Jackhammer,11,train
UrbanSound8K/31884-7-0-1.wav,urbansound8k/31884,Jackhammer,11,train
UrbanSound8K/31884-7-0-2.wav,urbansound8k/31884,Jackhammer,11,train
UrbanSound8K/31884-7-0-3.wav,urbansound8k/31884,Jackhammer,11,train
UrbanSound8K/31884-7-1-0.wav,urbansound8k/31884,Jackhammer,11,train
UrbanSound8K/31884-7-1-1.wav,urbansound8k/31884,Jackhammer,11,train
UrbanSound8K/31884-7-1-2.wav,urbansound8k/31884,Jackhammer,11,train
UrbanSound8K/31884-7-1-3.wav,urbansound8k/31884,Jackhammer,11,train
UrbanSound8K/31884-7-1-4.wav,urbansound8k/31884,Jackhammer,11,train
UrbanSound8K/32318-3-0-0.wav,urbansound8k/32318,Dog_Bark,4,train
UrbanSound8K/32318-3-0-1.wav,urbansound8k/32318,Dog_Bark,4,train
UrbanSound8K/33340-7-0-0.wav,urbansound8k/33340,Jackhammer,11,train
UrbanSound8K/33340-7-1-0.wav,urbansound8k/33340,Jackhammer,11,train
UrbanSound8K/33340-7-10-0.wav,urbansound8k/33340,Jackhammer,11,train
UrbanSound8K/33340-7-11-0.wav,urbansound8k/33340,Jackhammer,11,train
UrbanSound8K/33340-7-12-0.wav,urbansound8k/33340,Jackhammer,11,train
UrbanSound8K/33340-7-13-0.wav,urbansound8k/33340,Jackhammer,11,train
UrbanSound8K/33340-7-14-0.wav,urbansound8k/33340,Jackhammer,11,train
UrbanSound8K/33340-7-15-0.wav,urbansound8k/33340,Jackhammer,11,train
UrbanSound8K/33340-7-16-0.wav,urbansound8k/33340,Jackhammer,11,train
UrbanSound8K/33340-7-2-0.wav,urbansound8k/33340,Jackhammer,11,train
UrbanSound8K/33340-7-3-0.wav,urbansound8k/33340,Jackhammer,11,train
UrbanSound8K/33340-7-4-0.wav,urbansound8k/33340,Jackhammer,11,train
UrbanSound8K/33340-7-5-0.wav,urbansound8k/33340,Jackhammer,11,train
UrbanSound8K/33340-7-6-0.wav,urbansound8k/33340,Jackhammer,11,train
UrbanSound8K/33340-7-7-0.wav,urbansound8k/33340,Jackhammer,11,train
UrbanSound8K/33340-7-8-0.wav,urbansound8k/33340,Jackhammer,11,train
UrbanSound8K/33340-7-9-0.wav,urbansound8k/33340,Jackhammer,11,train
UrbanSound8K/33641-3-1-0.wav,urbansound8k/33641,Dog_Bark,4,val
UrbanSound8K/33641-3-7-0.wav,urbansound8k/33641,Dog_Bark,4,val
UrbanSound8K/33641-3-8-0.wav,urbansound8k/33641,Dog_Bark,4,val
UrbanSound8K/33641-3-9-0.wav,urbansound8k/33641,Dog_Bark,4,val
UrbanSound8K/33696-3-0-0.wav,urbansound8k/33696,Dog_Bark,4,train
UrbanSound8K/33696-3-4-0.wav,urbansound8k/33696,Dog_Bark,4,train
UrbanSound8K/33696-3-4-1.wav,urbansound8k/33696,Dog_Bark,4,train
UrbanSound8K/33696-3-6-1.wav,urbansound8k/33696,Dog_Bark,4,train
UrbanSound8K/33849-3-2-0.wav,urbansound8k/33849,Dog_Bark,4,train
UrbanSound8K/33849-3-3-0.wav,urbansound8k/33849,Dog_Bark,4,train
UrbanSound8K/33849-3-4-0.wav,urbansound8k/33849,Dog_Bark,4,train
UrbanSound8K/34050-7-0-0.wav,urbansound8k/34050,Jackhammer,11,val
UrbanSound8K/34050-7-1-0.wav,urbansound8k/34050,Jackhammer,11,val
UrbanSound8K/34050-7-2-0.wav,urbansound8k/34050,Jackhammer,11,val
UrbanSound8K/34050-7-3-0.wav,urbansound8k/34050,Jackhammer,11,val
UrbanSound8K/34050-7-4-0.wav,urbansound8k/34050,Jackhammer,11,val
UrbanSound8K/34050-7-5-0.wav,urbansound8k/34050,Jackhammer,11,val
UrbanSound8K/34050-7-6-0.wav,urbansound8k/34050,Jackhammer,11,val
UrbanSound8K/34241-1-0-0.wav,urbansound8k/34241,Vehicle_Horn,16,train
UrbanSound8K/34241-1-1-0.wav,urbansound8k/34241,Vehicle_Horn,16,train
UrbanSound8K/34241-1-2-0.wav,urbansound8k/34241,Vehicle_Horn,16,train
UrbanSound8K/344-3-0-0.wav,urbansound8k/344,Dog_Bark,4,test
UrbanSound8K/344-3-1-0.wav,urbansound8k/344,Dog_Bark,4,test
UrbanSound8K/344-3-4-0.wav,urbansound8k/344,Dog_Bark,4,test
UrbanSound8K/344-3-5-0.wav,urbansound8k/344,Dog_Bark,4,test
UrbanSound8K/34621-4-0-0.wav,urbansound8k/34621,Drilling,6,train
UrbanSound8K/34621-4-1-0.wav,urbansound8k/34621,Drilling,6,train
UrbanSound8K/34621-4-11-0.wav,urbansound8k/34621,Drilling,6,train
UrbanSound8K/34621-4-12-0.wav,urbansound8k/34621,Drilling,6,train
UrbanSound8K/34621-4-13-0.wav,urbansound8k/34621,Drilling,6,train
UrbanSound8K/34621-4-14-0.wav,urbansound8k/34621,Drilling,6,train
UrbanSound8K/34621-4-15-0.wav,urbansound8k/34621,Drilling,6,train
UrbanSound8K/34621-4-16-0.wav,urbansound8k/34621,Drilling,6,train
UrbanSound8K/34621-4-17-0.wav,urbansound8k/34621,Drilling,6,train
UrbanSound8K/34621-4-18-0.wav,urbansound8k/34621,Drilling,6,train
UrbanSound8K/34621-4-2-0.wav,urbansound8k/34621,Drilling,6,train
UrbanSound8K/34621-4-20-0.wav,urbansound8k/34621,Drilling,6,train
UrbanSound8K/34621-4-21-0.wav,urbansound8k/34621,Drilling,6,train
UrbanSound8K/34621-4-22-0.wav,urbansound8k/34621,Drilling,6,train
UrbanSound8K/34621-4-24-0.wav,urbansound8k/34621,Drilling,6,train
UrbanSound8K/34621-4-25-0.wav,urbansound8k/34621,Drilling,6,train
UrbanSound8K/34621-4-27-0.wav,urbansound8k/34621,Drilling,6,train
UrbanSound8K/34621-4-4-0.wav,urbansound8k/34621,Drilling,6,train
UrbanSound8K/34621-4-7-0.wav,urbansound8k/34621,Drilling,6,train
UrbanSound8K/34643-4-0-0.wav,urbansound8k/34643,Drilling,6,train
UrbanSound8K/34643-4-1-0.wav,urbansound8k/34643,Drilling,6,train
UrbanSound8K/34643-4-1-1.wav,urbansound8k/34643,Drilling,6,train
UrbanSound8K/34643-4-2-0.wav,urbansound8k/34643,Drilling,6,train
UrbanSound8K/34643-4-2-1.wav,urbansound8k/34643,Drilling,6,train
UrbanSound8K/34643-4-2-2.wav,urbansound8k/34643,Drilling,6,train
UrbanSound8K/34708-6-0-0.wav,urbansound8k/34708,Gunshot,9,train
UrbanSound8K/34708-6-1-0.wav,urbansound8k/34708,Gunshot,9,train
UrbanSound8K/34708-6-2-0.wav,urbansound8k/34708,Gunshot,9,train
UrbanSound8K/34708-6-3-0.wav,urbansound8k/34708,Gunshot,9,train
UrbanSound8K/34708-6-4-0.wav,urbansound8k/34708,Gunshot,9,train
UrbanSound8K/34708-6-5-0.wav,urbansound8k/34708,Gunshot,9,train
UrbanSound8K/34771-3-0-10.wav,urbansound8k/34771,Dog_Bark,4,train
UrbanSound8K/34771-3-0-14.wav,urbansound8k/34771,Dog_Bark,4,train
UrbanSound8K/34771-3-0-4.wav,urbansound8k/34771,Dog_Bark,4,train
UrbanSound8K/34771-3-0-5.wav,urbansound8k/34771,Dog_Bark,4,train
UrbanSound8K/34871-3-11-0.wav,urbansound8k/34871,Dog_Bark,4,val
UrbanSound8K/34871-3-6-0.wav,urbansound8k/34871,Dog_Bark,4,val
UrbanSound8K/34871-3-8-0.wav,urbansound8k/34871,Dog_Bark,4,val
UrbanSound8K/34871-3-9-0.wav,urbansound8k/34871,Dog_Bark,4,val
UrbanSound8K/34872-3-0-0.wav,urbansound8k/34872,Dog_Bark,4,train
UrbanSound8K/34872-3-0-1.wav,urbansound8k/34872,Dog_Bark,4,train
UrbanSound8K/34872-3-0-2.wav,urbansound8k/34872,Dog_Bark,4,train
UrbanSound8K/34931-3-0-0.wav,urbansound8k/34931,Dog_Bark,4,train
UrbanSound8K/34952-8-0-0.wav,urbansound8k/34952,Siren,14,train
UrbanSound8K/34952-8-0-1.wav,urbansound8k/34952,Siren,14,train
UrbanSound8K/34952-8-0-2.wav,urbansound8k/34952,Siren,14,train
UrbanSound8K/34952-8-0-3.wav,urbansound8k/34952,Siren,14,train
UrbanSound8K/34952-8-0-4.wav,urbansound8k/34952,Siren,14,train
UrbanSound8K/34952-8-0-5.wav,urbansound8k/34952,Siren,14,train
UrbanSound8K/34952-8-0-6.wav,urbansound8k/34952,Siren,14,train
UrbanSound8K/34952-8-0-7.wav,urbansound8k/34952,Siren,14,train
UrbanSound8K/35296-3-0-0.wav,urbansound8k/35296,Dog_Bark,4,val
UrbanSound8K/35296-3-1-0.wav,urbansound8k/35296,Dog_Bark,4,val
UrbanSound8K/35296-3-2-0.wav,urbansound8k/35296,Dog_Bark,4,val
UrbanSound8K/35628-3-0-0.wav,urbansound8k/35628,Dog_Bark,4,test
UrbanSound8K/35629-3-0-0.wav,urbansound8k/35629,Dog_Bark,4,train
UrbanSound8K/35629-3-1-0.wav,urbansound8k/35629,Dog_Bark,4,train
UrbanSound8K/35629-3-2-0.wav,urbansound8k/35629,Dog_Bark,4,train
UrbanSound8K/35629-3-3-0.wav,urbansound8k/35629,Dog_Bark,4,train
UrbanSound8K/35799-6-0-0.wav,urbansound8k/35799,Gunshot,9,test
UrbanSound8K/35800-6-0-0.wav,urbansound8k/35800,Gunshot,9,train
UrbanSound8K/36403-6-0-0.wav,urbansound8k/36403,Gunshot,9,train
UrbanSound8K/36902-3-0-0.wav,urbansound8k/36902,Dog_Bark,4,train
UrbanSound8K/36902-3-1-0.wav,urbansound8k/36902,Dog_Bark,4,train
UrbanSound8K/36902-3-2-0.wav,urbansound8k/36902,Dog_Bark,4,train
UrbanSound8K/37236-6-0-0.wav,urbansound8k/37236,Gunshot,9,train
UrbanSound8K/37560-4-0-0.wav,urbansound8k/37560,Drilling,6,train
UrbanSound8K/37560-4-0-1.wav,urbansound8k/37560,Drilling,6,train
UrbanSound8K/37560-4-0-2.wav,urbansound8k/37560,Drilling,6,train
UrbanSound8K/37560-4-0-3.wav,urbansound8k/37560,Drilling,6,train
UrbanSound8K/37560-4-0-4.wav,urbansound8k/37560,Drilling,6,train
UrbanSound8K/37560-4-0-5.wav,urbansound8k/37560,Drilling,6,train
UrbanSound8K/37869-3-0-0.wav,urbansound8k/37869,Dog_Bark,4,train
UrbanSound8K/37869-3-1-0.wav,urbansound8k/37869,Dog_Bark,4,train
UrbanSound8K/37869-3-3-0.wav,urbansound8k/37869,Dog_Bark,4,train
UrbanSound8K/37869-3-5-0.wav,urbansound8k/37869,Dog_Bark,4,train
UrbanSound8K/38121-3-0-0.wav,urbansound8k/38121,Dog_Bark,4,val
UrbanSound8K/38231-3-0-0.wav,urbansound8k/38231,Dog_Bark,4,train
UrbanSound8K/38231-3-2-0.wav,urbansound8k/38231,Dog_Bark,4,train
UrbanSound8K/38231-3-3-0.wav,urbansound8k/38231,Dog_Bark,4,train
UrbanSound8K/38231-3-4-0.wav,urbansound8k/38231,Dog_Bark,4,train
UrbanSound8K/38236-3-2-2.wav,urbansound8k/38236,Dog_Bark,4,val
UrbanSound8K/38236-3-2-3.wav,urbansound8k/38236,Dog_Bark,4,val
UrbanSound8K/38236-3-3-0.wav,urbansound8k/38236,Dog_Bark,4,val
UrbanSound8K/39532-4-0-0.wav,urbansound8k/39532,Drilling,6,val
UrbanSound8K/39532-4-1-0.wav,urbansound8k/39532,Drilling,6,val
UrbanSound8K/39532-4-2-0.wav,urbansound8k/39532,Drilling,6,val
UrbanSound8K/39532-4-3-0.wav,urbansound8k/39532,Drilling,6,val
UrbanSound8K/39533-4-0-0.wav,urbansound8k/39533,Drilling,6,test
UrbanSound8K/39533-4-1-0.wav,urbansound8k/39533,Drilling,6,test
UrbanSound8K/39847-5-0-0.wav,urbansound8k/39847,Car_Engine,3,train
UrbanSound8K/39847-5-0-1.wav,urbansound8k/39847,Car_Engine,3,train
UrbanSound8K/39847-5-0-10.wav,urbansound8k/39847,Car_Engine,3,train
UrbanSound8K/39847-5-0-11.wav,urbansound8k/39847,Car_Engine,3,train
UrbanSound8K/39847-5-0-12.wav,urbansound8k/39847,Car_Engine,3,train
UrbanSound8K/39847-5-0-2.wav,urbansound8k/39847,Car_Engine,3,train
UrbanSound8K/39847-5-0-3.wav,urbansound8k/39847,Car_Engine,3,train
UrbanSound8K/39847-5-0-4.wav,urbansound8k/39847,Car_Engine,3,train
UrbanSound8K/39847-5-0-5.wav,urbansound8k/39847,Car_Engine,3,train
UrbanSound8K/39847-5-0-6.wav,urbansound8k/39847,Car_Engine,3,train
UrbanSound8K/39847-5-0-7.wav,urbansound8k/39847,Car_Engine,3,train
UrbanSound8K/39847-5-0-8.wav,urbansound8k/39847,Car_Engine,3,train
UrbanSound8K/39847-5-0-9.wav,urbansound8k/39847,Car_Engine,3,train
UrbanSound8K/39847-5-1-0.wav,urbansound8k/39847,Car_Engine,3,train
UrbanSound8K/39852-5-0-0.wav,urbansound8k/39852,Car_Engine,3,train
UrbanSound8K/39852-5-0-1.wav,urbansound8k/39852,Car_Engine,3,train
UrbanSound8K/39854-5-0-0.wav,urbansound8k/39854,Car_Engine,3,train
UrbanSound8K/39854-5-1-0.wav,urbansound8k/39854,Car_Engine,3,train
UrbanSound8K/39854-5-1-1.wav,urbansound8k/39854,Car_Engine,3,train
UrbanSound8K/39854-5-1-2.wav,urbansound8k/39854,Car_Engine,3,train
UrbanSound8K/39854-5-1-3.wav,urbansound8k/39854,Car_Engine,3,train
UrbanSound8K/39854-5-1-4.wav,urbansound8k/39854,Car_Engine,3,train
UrbanSound8K/39856-5-0-0.wav,urbansound8k/39856,Car_Engine,3,val
UrbanSound8K/39856-5-0-1.wav,urbansound8k/39856,Car_Engine,3,val
UrbanSound8K/39856-5-0-10.wav,urbansound8k/39856,Car_Engine,3,val
UrbanSound8K/39856-5-0-11.wav,urbansound8k/39856,Car_Engine,3,val
UrbanSound8K/39856-5-0-12.wav,urbansound8k/39856,Car_Engine,3,val
UrbanSound8K/39856-5-0-13.wav,urbansound8k/39856,Car_Engine,3,val
UrbanSound8K/39856-5-0-14.wav,urbansound8k/39856,Car_Engine,3,val
UrbanSound8K/39856-5-0-15.wav,urbansound8k/39856,Car_Engine,3,val
UrbanSound8K/39856-5-0-16.wav,urbansound8k/39856,Car_Engine,3,val
UrbanSound8K/39856-5-0-17.wav,urbansound8k/39856,Car_Engine,3,val
UrbanSound8K/39856-5-0-18.wav,urbansound8k/39856,Car_Engine,3,val
UrbanSound8K/39856-5-0-19.wav,urbansound8k/39856,Car_Engine,3,val
UrbanSound8K/39856-5-0-2.wav,urbansound8k/39856,Car_Engine,3,val
UrbanSound8K/39856-5-0-20.wav,urbansound8k/39856,Car_Engine,3,val
UrbanSound8K/39856-5-0-21.wav,urbansound8k/39856,Car_Engine,3,val
UrbanSound8K/39856-5-0-22.wav,urbansound8k/39856,Car_Engine,3,val
UrbanSound8K/39856-5-0-23.wav,urbansound8k/39856,Car_Engine,3,val
UrbanSound8K/39856-5-0-24.wav,urbansound8k/39856,Car_Engine,3,val
UrbanSound8K/39856-5-0-25.wav,urbansound8k/39856,Car_Engine,3,val
UrbanSound8K/39856-5-0-26.wav,urbansound8k/39856,Car_Engine,3,val
UrbanSound8K/39856-5-0-27.wav,urbansound8k/39856,Car_Engine,3,val
UrbanSound8K/39856-5-0-28.wav,urbansound8k/39856,Car_Engine,3,val
UrbanSound8K/39856-5-0-3.wav,urbansound8k/39856,Car_Engine,3,val
UrbanSound8K/39856-5-0-4.wav,urbansound8k/39856,Car_Engine,3,val
UrbanSound8K/39856-5-0-5.wav,urbansound8k/39856,Car_Engine,3,val
UrbanSound8K/39856-5-0-6.wav,urbansound8k/39856,Car_Engine,3,val
UrbanSound8K/39856-5-0-7.wav,urbansound8k/39856,Car_Engine,3,val
UrbanSound8K/39856-5-0-8.wav,urbansound8k/39856,Car_Engine,3,val
UrbanSound8K/39856-5-0-9.wav,urbansound8k/39856,Car_Engine,3,val
UrbanSound8K/39857-5-0-0.wav,urbansound8k/39857,Car_Engine,3,test
UrbanSound8K/39857-5-0-1.wav,urbansound8k/39857,Car_Engine,3,test
UrbanSound8K/39857-5-0-2.wav,urbansound8k/39857,Car_Engine,3,test
UrbanSound8K/39857-5-1-0.wav,urbansound8k/39857,Car_Engine,3,test
UrbanSound8K/39857-5-1-1.wav,urbansound8k/39857,Car_Engine,3,test
UrbanSound8K/39857-5-1-2.wav,urbansound8k/39857,Car_Engine,3,test
UrbanSound8K/39857-5-1-3.wav,urbansound8k/39857,Car_Engine,3,test
UrbanSound8K/39857-5-2-0.wav,urbansound8k/39857,Car_Engine,3,test
UrbanSound8K/39857-5-3-0.wav,urbansound8k/39857,Car_Engine,3,test
UrbanSound8K/39857-5-4-0.wav,urbansound8k/39857,Car_Engine,3,test
UrbanSound8K/39857-5-5-0.wav,urbansound8k/39857,Car_Engine,3,test
UrbanSound8K/39857-5-5-1.wav,urbansound8k/39857,Car_Engine,3,test
UrbanSound8K/39884-5-0-0.wav,urbansound8k/39884,Car_Engine,3,train
UrbanSound8K/39884-5-0-1.wav,urbansound8k/39884,Car_Engine,3,train
UrbanSound8K/39884-5-0-2.wav,urbansound8k/39884,Car_Engine,3,train
UrbanSound8K/39884-5-0-3.wav,urbansound8k/39884,Car_Engine,3,train
UrbanSound8K/39884-5-0-4.wav,urbansound8k/39884,Car_Engine,3,train
UrbanSound8K/39884-5-0-5.wav,urbansound8k/39884,Car_Engine,3,train
UrbanSound8K/39884-5-0-6.wav,urbansound8k/39884,Car_Engine,3,train
UrbanSound8K/39884-5-0-7.wav,urbansound8k/39884,Car_Engine,3,train
UrbanSound8K/40717-8-0-0.wav,urbansound8k/40717,Siren,14,train
UrbanSound8K/40717-8-0-1.wav,urbansound8k/40717,Siren,14,train
UrbanSound8K/40717-8-0-2.wav,urbansound8k/40717,Siren,14,train
UrbanSound8K/40717-8-0-3.wav,urbansound8k/40717,Siren,14,train
UrbanSound8K/40717-8-0-4.wav,urbansound8k/40717,Siren,14,train
UrbanSound8K/40717-8-0-5.wav,urbansound8k/40717,Siren,14,train
UrbanSound8K/40717-8-0-6.wav,urbansound8k/40717,Siren,14,train
UrbanSound8K/40722-8-0-0.wav,urbansound8k/40722,Siren,14,train
UrbanSound8K/40722-8-0-1.wav,urbansound8k/40722,Siren,14,train
UrbanSound8K/40722-8-0-2.wav,urbansound8k/40722,Siren,14,train
UrbanSound8K/40722-8-0-3.wav,urbansound8k/40722,Siren,14,train
UrbanSound8K/40722-8-0-4.wav,urbansound8k/40722,Siren,14,train
UrbanSound8K/40722-8-0-5.wav,urbansound8k/40722,Siren,14,train
UrbanSound8K/40722-8-0-6.wav,urbansound8k/40722,Siren,14,train
UrbanSound8K/40722-8-0-7.wav,urbansound8k/40722,Siren,14,train
UrbanSound8K/40722-8-0-8.wav,urbansound8k/40722,Siren,14,train
UrbanSound8K/41306-3-0-10.wav,urbansound8k/41306,Dog_Bark,4,train
UrbanSound8K/41306-3-0-13.wav,urbansound8k/41306,Dog_Bark,4,train
UrbanSound8K/41306-3-0-4.wav,urbansound8k/41306,Dog_Bark,4,train
UrbanSound8K/41372-3-0-25.wav,urbansound8k/41372,Dog_Bark,4,train
UrbanSound8K/41372-3-0-36.wav,urbansound8k/41372,Dog_Bark,4,train
UrbanSound8K/41372-3-0-39.wav,urbansound8k/41372,Dog_Bark,4,train
UrbanSound8K/41372-3-0-51.wav,urbansound8k/41372,Dog_Bark,4,train
UrbanSound8K/41918-3-0-0.wav,urbansound8k/41918,Dog_Bark,4,val
UrbanSound8K/41918-3-0-1.wav,urbansound8k/41918,Dog_Bark,4,val
UrbanSound8K/4201-3-3-0.wav,urbansound8k/4201,Dog_Bark,4,train
UrbanSound8K/42097-7-0-0.wav,urbansound8k/42097,Jackhammer,11,test
UrbanSound8K/42097-7-0-1.wav,urbansound8k/42097,Jackhammer,11,test
UrbanSound8K/42097-7-0-2.wav,urbansound8k/42097,Jackhammer,11,test
UrbanSound8K/42101-1-1-0.wav,urbansound8k/42101,Vehicle_Horn,16,val
UrbanSound8K/42117-8-0-0.wav,urbansound8k/42117,Siren,14,test
UrbanSound8K/42117-8-0-1.wav,urbansound8k/42117,Siren,14,test
UrbanSound8K/42117-8-0-10.wav,urbansound8k/42117,Siren,14,test
UrbanSound8K/42117-8-0-11.wav,urbansound8k/42117,Siren,14,test
UrbanSound8K/42117-8-0-12.wav,urbansound8k/42117,Siren,14,test
UrbanSound8K/42117-8-0-13.wav,urbansound8k/42117,Siren,14,test
UrbanSound8K/42117-8-0-14.wav,urbansound8k/42117,Siren,14,test
UrbanSound8K/42117-8-0-2.wav,urbansound8k/42117,Siren,14,test
UrbanSound8K/42117-8-0-3.wav,urbansound8k/42117,Siren,14,test
UrbanSound8K/42117-8-0-4.wav,urbansound8k/42117,Siren,14,test
UrbanSound8K/42117-8-0-5.wav,urbansound8k/42117,Siren,14,test
UrbanSound8K/42117-8-0-6.wav,urbansound8k/42117,Siren,14,test
UrbanSound8K/42117-8-0-7.wav,urbansound8k/42117,Siren,14,test
UrbanSound8K/42117-8-0-8.wav,urbansound8k/42117,Siren,14,test
UrbanSound8K/42117-8-0-9.wav,urbansound8k/42117,Siren,14,test
UrbanSound8K/42117-8-1-0.wav,urbansound8k/42117,Siren,14,test
UrbanSound8K/42324-4-0-0.wav,urbansound8k/42324,Drilling,6,val
UrbanSound8K/42324-4-1-0.wav,urbansound8k/42324,Drilling,6,val
UrbanSound8K/42324-4-2-0.wav,urbansound8k/42324,Drilling,6,val
UrbanSound8K/42324-4-2-1.wav,urbansound8k/42324,Drilling,6,val
UrbanSound8K/42324-4-2-2.wav,urbansound8k/42324,Drilling,6,val
UrbanSound8K/42324-4-2-3.wav,urbansound8k/42324,Drilling,6,val
UrbanSound8K/42324-4-2-4.wav,urbansound8k/42324,Drilling,6,val
UrbanSound8K/42371-3-0-0.wav,urbansound8k/42371,Dog_Bark,4,val
UrbanSound8K/42937-4-0-0.wav,urbansound8k/42937,Drilling,6,train
UrbanSound8K/42937-4-0-1.wav,urbansound8k/42937,Drilling,6,train
UrbanSound8K/42937-4-0-2.wav,urbansound8k/42937,Drilling,6,train
UrbanSound8K/43784-3-1-0.wav,urbansound8k/43784,Dog_Bark,4,val
UrbanSound8K/43786-3-0-0.wav,urbansound8k/43786,Dog_Bark,4,train
UrbanSound8K/43787-3-0-0.wav,urbansound8k/43787,Dog_Bark,4,train
UrbanSound8K/43787-3-1-0.wav,urbansound8k/43787,Dog_Bark,4,train
UrbanSound8K/43787-3-2-0.wav,urbansound8k/43787,Dog_Bark,4,train
UrbanSound8K/43805-8-0-0.wav,urbansound8k/43805,Siren,14,test
UrbanSound8K/43806-8-0-0.wav,urbansound8k/43806,Siren,14,train
UrbanSound8K/44110-3-0-0.wav,urbansound8k/44110,Dog_Bark,4,val
UrbanSound8K/44110-3-1-0.wav,urbansound8k/44110,Dog_Bark,4,val
UrbanSound8K/44110-3-3-0.wav,urbansound8k/44110,Dog_Bark,4,val
UrbanSound8K/44110-3-4-0.wav,urbansound8k/44110,Dog_Bark,4,val
UrbanSound8K/44278-1-0-0.wav,urbansound8k/44278,Vehicle_Horn,16,train
UrbanSound8K/44735-5-0-0.wav,urbansound8k/44735,Car_Engine,3,test
UrbanSound8K/44735-5-0-1.wav,urbansound8k/44735,Car_Engine,3,test
UrbanSound8K/44736-5-0-0.wav,urbansound8k/44736,Car_Engine,3,train
UrbanSound8K/44736-5-0-1.wav,urbansound8k/44736,Car_Engine,3,train
UrbanSound8K/44737-5-0-0.wav,urbansound8k/44737,Car_Engine,3,val
UrbanSound8K/44737-5-0-1.wav,urbansound8k/44737,Car_Engine,3,val
UrbanSound8K/44737-5-0-2.wav,urbansound8k/44737,Car_Engine,3,val
UrbanSound8K/44737-5-0-3.wav,urbansound8k/44737,Car_Engine,3,val
UrbanSound8K/44831-3-0-0.wav,urbansound8k/44831,Dog_Bark,4,train
UrbanSound8K/44831-3-1-0.wav,urbansound8k/44831,Dog_Bark,4,train
UrbanSound8K/44831-3-2-0.wav,urbansound8k/44831,Dog_Bark,4,train
UrbanSound8K/46391-1-0-0.wav,urbansound8k/46391,Vehicle_Horn,16,train
UrbanSound8K/46391-1-1-0.wav,urbansound8k/46391,Vehicle_Horn,16,train
UrbanSound8K/46654-6-0-0.wav,urbansound8k/46654,Gunshot,9,val
UrbanSound8K/46655-6-0-0.wav,urbansound8k/46655,Gunshot,9,train
UrbanSound8K/46656-6-0-0.wav,urbansound8k/46656,Gunshot,9,train
UrbanSound8K/46656-6-1-0.wav,urbansound8k/46656,Gunshot,9,train
UrbanSound8K/46656-6-2-0.wav,urbansound8k/46656,Gunshot,9,train
UrbanSound8K/46656-6-3-0.wav,urbansound8k/46656,Gunshot,9,train
UrbanSound8K/46656-6-4-0.wav,urbansound8k/46656,Gunshot,9,train
UrbanSound8K/46656-6-5-0.wav,urbansound8k/46656,Gunshot,9,train
UrbanSound8K/46668-4-0-0.wav,urbansound8k/46668,Drilling,6,train
UrbanSound8K/46668-4-0-1.wav,urbansound8k/46668,Drilling,6,train
UrbanSound8K/46668-4-0-2.wav,urbansound8k/46668,Drilling,6,train
UrbanSound8K/46669-4-0-0.wav,urbansound8k/46669,Drilling,6,train
UrbanSound8K/46669-4-0-10.wav,urbansound8k/46669,Drilling,6,train
UrbanSound8K/46669-4-0-2.wav,urbansound8k/46669,Drilling,6,train
UrbanSound8K/46669-4-0-24.wav,urbansound8k/46669,Drilling,6,train
UrbanSound8K/46669-4-0-26.wav,urbansound8k/46669,Drilling,6,train
UrbanSound8K/46669-4-0-3.wav,urbansound8k/46669,Drilling,6,train
UrbanSound8K/46669-4-0-30.wav,urbansound8k/46669,Drilling,6,train
UrbanSound8K/46669-4-0-31.wav,urbansound8k/46669,Drilling,6,train
UrbanSound8K/46669-4-0-32.wav,urbansound8k/46669,Drilling,6,train
UrbanSound8K/46669-4-0-33.wav,urbansound8k/46669,Drilling,6,train
UrbanSound8K/46669-4-0-35.wav,urbansound8k/46669,Drilling,6,train
UrbanSound8K/46669-4-0-36.wav,urbansound8k/46669,Drilling,6,train
UrbanSound8K/46669-4-0-37.wav,urbansound8k/46669,Drilling,6,train
UrbanSound8K/46669-4-0-39.wav,urbansound8k/46669,Drilling,6,train
UrbanSound8K/46669-4-0-4.wav,urbansound8k/46669,Drilling,6,train
UrbanSound8K/46669-4-0-45.wav,urbansound8k/46669,Drilling,6,train
UrbanSound8K/46669-4-0-48.wav,urbansound8k/46669,Drilling,6,train
UrbanSound8K/46669-4-0-49.wav,urbansound8k/46669,Drilling,6,train
UrbanSound8K/46669-4-0-54.wav,urbansound8k/46669,Drilling,6,train
UrbanSound8K/46669-4-0-61.wav,urbansound8k/46669,Drilling,6,train
UrbanSound8K/46669-4-0-63.wav,urbansound8k/46669,Drilling,6,train
UrbanSound8K/46669-4-0-8.wav,urbansound8k/46669,Drilling,6,train
UrbanSound8K/46669-4-0-9.wav,urbansound8k/46669,Drilling,6,train
UrbanSound8K/46918-5-0-0.wav,urbansound8k/46918,Car_Engine,3,train
UrbanSound8K/46918-5-0-1.wav,urbansound8k/46918,Car_Engine,3,train
UrbanSound8K/46918-5-0-2.wav,urbansound8k/46918,Car_Engine,3,train
UrbanSound8K/47926-3-0-0.wav,urbansound8k/47926,Dog_Bark,4,train
UrbanSound8K/47926-3-2-0.wav,urbansound8k/47926,Dog_Bark,4,train
UrbanSound8K/47926-3-3-0.wav,urbansound8k/47926,Dog_Bark,4,train
UrbanSound8K/4910-3-0-0.wav,urbansound8k/4910,Dog_Bark,4,val
UrbanSound8K/4918-3-1-0.wav,urbansound8k/4918,Dog_Bark,4,train
UrbanSound8K/4918-3-4-0.wav,urbansound8k/4918,Dog_Bark,4,train
UrbanSound8K/49769-5-0-0.wav,urbansound8k/49769,Car_Engine,3,train
UrbanSound8K/49769-5-1-0.wav,urbansound8k/49769,Car_Engine,3,train
UrbanSound8K/49808-3-0-6.wav,urbansound8k/49808,Dog_Bark,4,train
UrbanSound8K/49808-3-1-22.wav,urbansound8k/49808,Dog_Bark,4,train
UrbanSound8K/49808-3-1-8.wav,urbansound8k/49808,Dog_Bark,4,train
UrbanSound8K/49809-3-0-0.wav,urbansound8k/49809,Dog_Bark,4,train
UrbanSound8K/49809-3-3-0.wav,urbansound8k/49809,Dog_Bark,4,train
UrbanSound8K/49809-3-4-0.wav,urbansound8k/49809,Dog_Bark,4,train
UrbanSound8K/49974-1-0-0.wav,urbansound8k/49974,Vehicle_Horn,16,test
UrbanSound8K/50223-3-0-1.wav,urbansound8k/50223,Dog_Bark,4,train
UrbanSound8K/50223-3-0-10.wav,urbansound8k/50223,Dog_Bark,4,train
UrbanSound8K/50223-3-0-3.wav,urbansound8k/50223,Dog_Bark,4,train
UrbanSound8K/50223-3-0-6.wav,urbansound8k/50223,Dog_Bark,4,train
UrbanSound8K/50413-4-0-0.wav,urbansound8k/50413,Drilling,6,train
UrbanSound8K/50413-4-0-1.wav,urbansound8k/50413,Drilling,6,train
UrbanSound8K/50413-4-0-2.wav,urbansound8k/50413,Drilling,6,train
UrbanSound8K/50413-4-0-3.wav,urbansound8k/50413,Drilling,6,train
UrbanSound8K/50414-4-0-0.wav,urbansound8k/50414,Drilling,6,test
UrbanSound8K/50414-4-0-1.wav,urbansound8k/50414,Drilling,6,test
UrbanSound8K/50415-4-0-0.wav,urbansound8k/50415,Drilling,6,test
UrbanSound8K/50415-4-0-1.wav,urbansound8k/50415,Drilling,6,test
UrbanSound8K/50416-4-0-0.wav,urbansound8k/50416,Drilling,6,test
UrbanSound8K/50416-4-0-1.wav,urbansound8k/50416,Drilling,6,test
UrbanSound8K/50416-4-0-2.wav,urbansound8k/50416,Drilling,6,test
UrbanSound8K/50454-5-0-0.wav,urbansound8k/50454,Car_Engine,3,train
UrbanSound8K/50455-5-0-0.wav,urbansound8k/50455,Car_Engine,3,val
UrbanSound8K/50612-3-0-0.wav,urbansound8k/50612,Dog_Bark,4,val
UrbanSound8K/50613-3-0-0.wav,urbansound8k/50613,Dog_Bark,4,train
UrbanSound8K/50614-3-0-0.wav,urbansound8k/50614,Dog_Bark,4,test
UrbanSound8K/50618-6-0-0.wav,urbansound8k/50618,Gunshot,9,train
UrbanSound8K/50629-4-0-0.wav,urbansound8k/50629,Drilling,6,train
UrbanSound8K/50629-4-0-1.wav,urbansound8k/50629,Drilling,6,train
UrbanSound8K/50629-4-1-0.wav,urbansound8k/50629,Drilling,6,train
UrbanSound8K/50629-4-1-1.wav,urbansound8k/50629,Drilling,6,train
UrbanSound8K/50629-4-1-11.wav,urbansound8k/50629,Drilling,6,train
UrbanSound8K/50629-4-1-13.wav,urbansound8k/50629,Drilling,6,train
UrbanSound8K/50629-4-1-2.wav,urbansound8k/50629,Drilling,6,train
UrbanSound8K/50629-4-1-3.wav,urbansound8k/50629,Drilling,6,train
UrbanSound8K/50629-4-1-4.wav,urbansound8k/50629,Drilling,6,train
UrbanSound8K/50629-4-1-8.wav,urbansound8k/50629,Drilling,6,train
UrbanSound8K/50629-4-1-9.wav,urbansound8k/50629,Drilling,6,train
UrbanSound8K/50629-4-2-0.wav,urbansound8k/50629,Drilling,6,train
UrbanSound8K/50629-4-3-0.wav,urbansound8k/50629,Drilling,6,train
UrbanSound8K/50629-4-4-0.wav,urbansound8k/50629,Drilling,6,train
UrbanSound8K/50629-4-4-3.wav,urbansound8k/50629,Drilling,6,train
UrbanSound8K/50629-4-4-8.wav,urbansound8k/50629,Drilling,6,train
UrbanSound8K/50629-4-4-9.wav,urbansound8k/50629,Drilling,6,train
UrbanSound8K/50661-5-0-0.wav,urbansound8k/50661,Car_Engine,3,train
UrbanSound8K/50661-5-0-1.wav,urbansound8k/50661,Car_Engine,3,train
UrbanSound8K/50661-5-0-2.wav,urbansound8k/50661,Car_Engine,3,train
UrbanSound8K/50661-5-0-3.wav,urbansound8k/50661,Car_Engine,3,train
UrbanSound8K/50661-5-0-4.wav,urbansound8k/50661,Car_Engine,3,train
UrbanSound8K/50661-5-0-5.wav,urbansound8k/50661,Car_Engine,3,train
UrbanSound8K/50668-5-0-0.wav,urbansound8k/50668,Car_Engine,3,train
UrbanSound8K/50668-5-0-1.wav,urbansound8k/50668,Car_Engine,3,train
UrbanSound8K/50668-5-0-2.wav,urbansound8k/50668,Car_Engine,3,train
UrbanSound8K/50668-5-1-0.wav,urbansound8k/50668,Car_Engine,3,train
UrbanSound8K/50668-5-2-0.wav,urbansound8k/50668,Car_Engine,3,train
UrbanSound8K/50668-5-3-0.wav,urbansound8k/50668,Car_Engine,3,train
UrbanSound8K/50668-5-4-0.wav,urbansound8k/50668,Car_Engine,3,train
UrbanSound8K/50668-5-5-0.wav,urbansound8k/50668,Car_Engine,3,train
UrbanSound8K/50668-5-5-1.wav,urbansound8k/50668,Car_Engine,3,train
UrbanSound8K/50668-5-5-2.wav,urbansound8k/50668,Car_Engine,3,train
UrbanSound8K/50668-5-6-0.wav,urbansound8k/50668,Car_Engine,3,train
UrbanSound8K/50668-5-7-0.wav,urbansound8k/50668,Car_Engine,3,train
UrbanSound8K/50885-3-0-2.wav,urbansound8k/50885,Dog_Bark,4,val
UrbanSound8K/50885-3-0-3.wav,urbansound8k/50885,Dog_Bark,4,val
UrbanSound8K/50885-3-0-4.wav,urbansound8k/50885,Dog_Bark,4,val
UrbanSound8K/50885-3-0-5.wav,urbansound8k/50885,Dog_Bark,4,val
UrbanSound8K/50898-5-0-0.wav,urbansound8k/50898,Car_Engine,3,test
UrbanSound8K/51022-3-13-0.wav,urbansound8k/51022,Dog_Bark,4,train
UrbanSound8K/51022-3-30-4.wav,urbansound8k/51022,Dog_Bark,4,train
UrbanSound8K/51022-3-7-0.wav,urbansound8k/51022,Dog_Bark,4,train
UrbanSound8K/51024-3-0-16.wav,urbansound8k/51024,Dog_Bark,4,train
UrbanSound8K/51024-3-0-2.wav,urbansound8k/51024,Dog_Bark,4,train
UrbanSound8K/51024-3-0-23.wav,urbansound8k/51024,Dog_Bark,4,train
UrbanSound8K/51024-3-0-3.wav,urbansound8k/51024,Dog_Bark,4,train
UrbanSound8K/51027-3-0-7.wav,urbansound8k/51027,Dog_Bark,4,train
UrbanSound8K/51027-3-0-9.wav,urbansound8k/51027,Dog_Bark,4,train
UrbanSound8K/51027-3-1-1.wav,urbansound8k/51027,Dog_Bark,4,train
UrbanSound8K/51027-3-1-4.wav,urbansound8k/51027,Dog_Bark,4,train
UrbanSound8K/518-4-0-0.wav,urbansound8k/518,Drilling,6,train
UrbanSound8K/518-4-0-1.wav,urbansound8k/518,Drilling,6,train
UrbanSound8K/518-4-0-2.wav,urbansound8k/518,Drilling,6,train
UrbanSound8K/518-4-0-3.wav,urbansound8k/518,Drilling,6,train
UrbanSound8K/52077-3-0-13.wav,urbansound8k/52077,Dog_Bark,4,test
UrbanSound8K/52077-3-0-17.wav,urbansound8k/52077,Dog_Bark,4,test
UrbanSound8K/52077-3-0-3.wav,urbansound8k/52077,Dog_Bark,4,test
UrbanSound8K/52077-3-0-8.wav,urbansound8k/52077,Dog_Bark,4,test
UrbanSound8K/52171-3-6-0.wav,urbansound8k/52171,Dog_Bark,4,train
UrbanSound8K/52171-3-6-1.wav,urbansound8k/52171,Dog_Bark,4,train
UrbanSound8K/52284-6-0-0.wav,urbansound8k/52284,Gunshot,9,val
UrbanSound8K/52357-6-0-0.wav,urbansound8k/52357,Gunshot,9,train
UrbanSound8K/52441-3-0-0.wav,urbansound8k/52441,Dog_Bark,4,train
UrbanSound8K/52441-3-0-13.wav,urbansound8k/52441,Dog_Bark,4,train
UrbanSound8K/52441-3-0-8.wav,urbansound8k/52441,Dog_Bark,4,train
UrbanSound8K/52441-3-1-2.wav,urbansound8k/52441,Dog_Bark,4,train
UrbanSound8K/52633-3-0-1.wav,urbansound8k/52633,Dog_Bark,4,test
UrbanSound8K/52633-3-0-2.wav,urbansound8k/52633,Dog_Bark,4,test
UrbanSound8K/52633-3-0-8.wav,urbansound8k/52633,Dog_Bark,4,test
UrbanSound8K/52633-3-0-9.wav,urbansound8k/52633,Dog_Bark,4,test
UrbanSound8K/52740-3-0-0.wav,urbansound8k/52740,Dog_Bark,4,train
UrbanSound8K/52740-3-0-1.wav,urbansound8k/52740,Dog_Bark,4,train
UrbanSound8K/52740-3-0-2.wav,urbansound8k/52740,Dog_Bark,4,train
UrbanSound8K/52740-3-0-3.wav,urbansound8k/52740,Dog_Bark,4,train
UrbanSound8K/54086-1-0-0.wav,urbansound8k/54086,Vehicle_Horn,16,train
UrbanSound8K/54086-1-1-0.wav,urbansound8k/54086,Vehicle_Horn,16,train
UrbanSound8K/54086-1-2-0.wav,urbansound8k/54086,Vehicle_Horn,16,train
UrbanSound8K/54187-1-0-0.wav,urbansound8k/54187,Vehicle_Horn,16,val
UrbanSound8K/54187-1-0-1.wav,urbansound8k/54187,Vehicle_Horn,16,val
UrbanSound8K/54187-1-0-2.wav,urbansound8k/54187,Vehicle_Horn,16,val
UrbanSound8K/54187-1-0-3.wav,urbansound8k/54187,Vehicle_Horn,16,val
UrbanSound8K/54187-1-0-4.wav,urbansound8k/54187,Vehicle_Horn,16,val
UrbanSound8K/54545-3-0-0.wav,urbansound8k/54545,Dog_Bark,4,test
UrbanSound8K/54545-3-0-1.wav,urbansound8k/54545,Dog_Bark,4,test
UrbanSound8K/54545-3-0-2.wav,urbansound8k/54545,Dog_Bark,4,test
UrbanSound8K/54697-7-0-0.wav,urbansound8k/54697,Jackhammer,11,val
UrbanSound8K/54697-7-0-1.wav,urbansound8k/54697,Jackhammer,11,val
UrbanSound8K/54697-7-0-2.wav,urbansound8k/54697,Jackhammer,11,val
UrbanSound8K/54697-7-0-3.wav,urbansound8k/54697,Jackhammer,11,val
UrbanSound8K/54697-7-0-4.wav,urbansound8k/54697,Jackhammer,11,val
UrbanSound8K/54823-3-0-0.wav,urbansound8k/54823,Dog_Bark,4,val
UrbanSound8K/54823-3-1-0.wav,urbansound8k/54823,Dog_Bark,4,val
UrbanSound8K/54823-3-2-1.wav,urbansound8k/54823,Dog_Bark,4,val
UrbanSound8K/54858-3-0-0.wav,urbansound8k/54858,Dog_Bark,4,train
UrbanSound8K/54858-3-1-2.wav,urbansound8k/54858,Dog_Bark,4,train
UrbanSound8K/54858-3-2-0.wav,urbansound8k/54858,Dog_Bark,4,train
UrbanSound8K/54898-8-0-0.wav,urbansound8k/54898,Siren,14,train
UrbanSound8K/54898-8-0-1.wav,urbansound8k/54898,Siren,14,train
UrbanSound8K/54898-8-0-10.wav,urbansound8k/54898,Siren,14,train
UrbanSound8K/54898-8-0-2.wav,urbansound8k/54898,Siren,14,train
UrbanSound8K/54898-8-0-3.wav,urbansound8k/54898,Siren,14,train
UrbanSound8K/54898-8-0-4.wav,urbansound8k/54898,Siren,14,train
UrbanSound8K/54898-8-0-5.wav,urbansound8k/54898,Siren,14,train
UrbanSound8K/54898-8-0-6.wav,urbansound8k/54898,Siren,14,train
UrbanSound8K/54898-8-0-7.wav,urbansound8k/54898,Siren,14,train
UrbanSound8K/54898-8-0-8.wav,urbansound8k/54898,Siren,14,train
UrbanSound8K/54898-8-0-9.wav,urbansound8k/54898,Siren,14,train
UrbanSound8K/54976-4-0-0.wav,urbansound8k/54976,Drilling,6,val
UrbanSound8K/54976-4-0-1.wav,urbansound8k/54976,Drilling,6,val
UrbanSound8K/54976-4-0-2.wav,urbansound8k/54976,Drilling,6,val
UrbanSound8K/54976-4-0-3.wav,urbansound8k/54976,Drilling,6,val
UrbanSound8K/54976-4-0-4.wav,urbansound8k/54976,Drilling,6,val
UrbanSound8K/54976-4-0-5.wav,urbansound8k/54976,Drilling,6,val
UrbanSound8K/54976-4-0-6.wav,urbansound8k/54976,Drilling,6,val
UrbanSound8K/54976-4-0-7.wav,urbansound8k/54976,Drilling,6,val
UrbanSound8K/54976-4-0-8.wav,urbansound8k/54976,Drilling,6,val
UrbanSound8K/54976-4-0-9.wav,urbansound8k/54976,Drilling,6,val
UrbanSound8K/54976-4-1-0.wav,urbansound8k/54976,Drilling,6,val
UrbanSound8K/54976-4-1-1.wav,urbansound8k/54976,Drilling,6,val
UrbanSound8K/54976-4-1-2.wav,urbansound8k/54976,Drilling,6,val
UrbanSound8K/54976-4-1-3.wav,urbansound8k/54976,Drilling,6,val
UrbanSound8K/55013-3-0-1.wav,urbansound8k/55013,Dog_Bark,4,train
UrbanSound8K/55013-3-0-3.wav,urbansound8k/55013,Dog_Bark,4,train
UrbanSound8K/55013-3-0-4.wav,urbansound8k/55013,Dog_Bark,4,train
UrbanSound8K/55013-3-0-7.wav,urbansound8k/55013,Dog_Bark,4,train
UrbanSound8K/55020-4-0-0.wav,urbansound8k/55020,Drilling,6,val
UrbanSound8K/55020-4-0-1.wav,urbansound8k/55020,Drilling,6,val
UrbanSound8K/55020-4-0-10.wav,urbansound8k/55020,Drilling,6,val
UrbanSound8K/55020-4-0-11.wav,urbansound8k/55020,Drilling,6,val
UrbanSound8K/55020-4-0-12.wav,urbansound8k/55020,Drilling,6,val
UrbanSound8K/55020-4-0-13.wav,urbansound8k/55020,Drilling,6,val
UrbanSound8K/55020-4-0-14.wav,urbansound8k/55020,Drilling,6,val
UrbanSound8K/55020-4-0-2.wav,urbansound8k/55020,Drilling,6,val
UrbanSound8K/55020-4-0-3.wav,urbansound8k/55020,Drilling,6,val
UrbanSound8K/55020-4-0-4.wav,urbansound8k/55020,Drilling,6,val
UrbanSound8K/55020-4-0-5.wav,urbansound8k/55020,Drilling,6,val
UrbanSound8K/55020-4-0-6.wav,urbansound8k/55020,Drilling,6,val
UrbanSound8K/55020-4-0-7.wav,urbansound8k/55020,Drilling,6,val
UrbanSound8K/55020-4-0-8.wav,urbansound8k/55020,Drilling,6,val
UrbanSound8K/55020-4-0-9.wav,urbansound8k/55020,Drilling,6,val
UrbanSound8K/57105-3-0-1.wav,urbansound8k/57105,Dog_Bark,4,train
UrbanSound8K/57105-3-1-0.wav,urbansound8k/57105,Dog_Bark,4,train
UrbanSound8K/57105-3-4-2.wav,urbansound8k/57105,Dog_Bark,4,train
UrbanSound8K/57105-3-4-4.wav,urbansound8k/57105,Dog_Bark,4,train
UrbanSound8K/57323-8-0-0.wav,urbansound8k/57323,Siren,14,train
UrbanSound8K/57323-8-0-1.wav,urbansound8k/57323,Siren,14,train
UrbanSound8K/57323-8-0-10.wav,urbansound8k/57323,Siren,14,train
UrbanSound8K/57323-8-0-11.wav,urbansound8k/57323,Siren,14,train
UrbanSound8K/57323-8-0-2.wav,urbansound8k/57323,Siren,14,train
UrbanSound8K/57323-8-0-3.wav,urbansound8k/57323,Siren,14,train
UrbanSound8K/57323-8-0-4.wav,urbansound8k/57323,Siren,14,train
UrbanSound8K/57323-8-0-5.wav,urbansound8k/57323,Siren,14,train
UrbanSound8K/57323-8-0-6.wav,urbansound8k/57323,Siren,14,train
UrbanSound8K/57323-8-0-7.wav,urbansound8k/57323,Siren,14,train
UrbanSound8K/57323-8-0-8.wav,urbansound8k/57323,Siren,14,train
UrbanSound8K/57323-8-0-9.wav,urbansound8k/57323,Siren,14,train
UrbanSound8K/57323-8-2-0.wav,urbansound8k/57323,Siren,14,train
UrbanSound8K/57553-3-0-0.wav,urbansound8k/57553,Dog_Bark,4,train
UrbanSound8K/57553-3-1-0.wav,urbansound8k/57553,Dog_Bark,4,train
UrbanSound8K/57553-3-2-0.wav,urbansound8k/57553,Dog_Bark,4,train
UrbanSound8K/57584-4-0-0.wav,urbansound8k/57584,Drilling,6,train
UrbanSound8K/57584-4-0-1.wav,urbansound8k/57584,Drilling,6,train
UrbanSound8K/57584-4-0-2.wav,urbansound8k/57584,Drilling,6,train
UrbanSound8K/57584-4-0-3.wav,urbansound8k/57584,Drilling,6,train
UrbanSound8K/57584-4-0-4.wav,urbansound8k/57584,Drilling,6,train
UrbanSound8K/57584-4-0-5.wav,urbansound8k/57584,Drilling,6,train
UrbanSound8K/57584-4-0-6.wav,urbansound8k/57584,Drilling,6,train
UrbanSound8K/57584-4-0-7.wav,urbansound8k/57584,Drilling,6,train
UrbanSound8K/57584-4-0-8.wav,urbansound8k/57584,Drilling,6,train
UrbanSound8K/57596-3-0-0.wav,urbansound8k/57596,Dog_Bark,4,test
UrbanSound8K/57596-3-1-0.wav,urbansound8k/57596,Dog_Bark,4,test
UrbanSound8K/57696-4-0-0.wav,urbansound8k/57696,Drilling,6,train
UrbanSound8K/57696-4-0-1.wav,urbansound8k/57696,Drilling,6,train
UrbanSound8K/57696-4-0-2.wav,urbansound8k/57696,Drilling,6,train
UrbanSound8K/57696-4-0-3.wav,urbansound8k/57696,Drilling,6,train
UrbanSound8K/57696-4-0-4.wav,urbansound8k/57696,Drilling,6,train
UrbanSound8K/57696-4-0-5.wav,urbansound8k/57696,Drilling,6,train
UrbanSound8K/58005-4-0-13.wav,urbansound8k/58005,Drilling,6,train
UrbanSound8K/58005-4-0-17.wav,urbansound8k/58005,Drilling,6,train
UrbanSound8K/58005-4-0-23.wav,urbansound8k/58005,Drilling,6,train
UrbanSound8K/58005-4-0-24.wav,urbansound8k/58005,Drilling,6,train
UrbanSound8K/58005-4-0-26.wav,urbansound8k/58005,Drilling,6,train
UrbanSound8K/58005-4-0-30.wav,urbansound8k/58005,Drilling,6,train
UrbanSound8K/58005-4-0-32.wav,urbansound8k/58005,Drilling,6,train
UrbanSound8K/58005-4-0-34.wav,urbansound8k/58005,Drilling,6,train
UrbanSound8K/58005-4-0-40.wav,urbansound8k/58005,Drilling,6,train
UrbanSound8K/58005-4-0-41.wav,urbansound8k/58005,Drilling,6,train
UrbanSound8K/58005-4-0-44.wav,urbansound8k/58005,Drilling,6,train
UrbanSound8K/58005-4-0-45.wav,urbansound8k/58005,Drilling,6,train
UrbanSound8K/58005-4-0-51.wav,urbansound8k/58005,Drilling,6,train
UrbanSound8K/58005-4-0-55.wav,urbansound8k/58005,Drilling,6,train
UrbanSound8K/58005-4-0-63.wav,urbansound8k/58005,Drilling,6,train
UrbanSound8K/58005-4-0-68.wav,urbansound8k/58005,Drilling,6,train
UrbanSound8K/58005-4-0-70.wav,urbansound8k/58005,Drilling,6,train
UrbanSound8K/58005-4-0-76.wav,urbansound8k/58005,Drilling,6,train
UrbanSound8K/58202-1-0-0.wav,urbansound8k/58202,Vehicle_Horn,16,train
UrbanSound8K/58382-3-0-0.wav,urbansound8k/58382,Dog_Bark,4,train
UrbanSound8K/58937-4-0-0.wav,urbansound8k/58937,Drilling,6,train
UrbanSound8K/58937-4-0-12.wav,urbansound8k/58937,Drilling,6,train
UrbanSound8K/58937-4-0-13.wav,urbansound8k/58937,Drilling,6,train
UrbanSound8K/58937-4-0-2.wav,urbansound8k/58937,Drilling,6,train
UrbanSound8K/58937-4-0-4.wav,urbansound8k/58937,Drilling,6,train
UrbanSound8K/58937-4-0-7.wav,urbansound8k/58937,Drilling,6,train
UrbanSound8K/58937-4-1-0.wav,urbansound8k/58937,Drilling,6,train
UrbanSound8K/58937-4-1-1.wav,urbansound8k/58937,Drilling,6,train
UrbanSound8K/58937-4-2-10.wav,urbansound8k/58937,Drilling,6,train
UrbanSound8K/58937-4-2-2.wav,urbansound8k/58937,Drilling,6,train
UrbanSound8K/58937-4-2-9.wav,urbansound8k/58937,Drilling,6,train
UrbanSound8K/58937-4-3-6.wav,urbansound8k/58937,Drilling,6,train
UrbanSound8K/58937-4-3-9.wav,urbansound8k/58937,Drilling,6,train
UrbanSound8K/58937-4-4-1.wav,urbansound8k/58937,Drilling,6,train
UrbanSound8K/58937-4-5-2.wav,urbansound8k/58937,Drilling,6,train
UrbanSound8K/58937-4-5-4.wav,urbansound8k/58937,Drilling,6,train
UrbanSound8K/59513-3-0-0.wav,urbansound8k/59513,Dog_Bark,4,train
UrbanSound8K/59513-3-0-1.wav,urbansound8k/59513,Dog_Bark,4,train
UrbanSound8K/59513-3-0-3.wav,urbansound8k/59513,Dog_Bark,4,train
UrbanSound8K/59513-3-0-4.wav,urbansound8k/59513,Dog_Bark,4,train
UrbanSound8K/59594-4-0-0.wav,urbansound8k/59594,Drilling,6,train
UrbanSound8K/59594-4-0-1.wav,urbansound8k/59594,Drilling,6,train
UrbanSound8K/59594-4-0-2.wav,urbansound8k/59594,Drilling,6,train
UrbanSound8K/59594-4-0-3.wav,urbansound8k/59594,Drilling,6,train
UrbanSound8K/59594-4-0-4.wav,urbansound8k/59594,Drilling,6,train
UrbanSound8K/59595-4-0-0.wav,urbansound8k/59595,Drilling,6,train
UrbanSound8K/59595-4-0-1.wav,urbansound8k/59595,Drilling,6,train
UrbanSound8K/59800-3-0-0.wav,urbansound8k/59800,Dog_Bark,4,train
UrbanSound8K/59800-3-1-0.wav,urbansound8k/59800,Dog_Bark,4,train
UrbanSound8K/59800-3-2-0.wav,urbansound8k/59800,Dog_Bark,4,train
UrbanSound8K/59800-3-3-1.wav,urbansound8k/59800,Dog_Bark,4,train
UrbanSound8K/61077-3-0-0.wav,urbansound8k/61077,Dog_Bark,4,train
UrbanSound8K/61077-3-1-0.wav,urbansound8k/61077,Dog_Bark,4,train
UrbanSound8K/61077-3-2-0.wav,urbansound8k/61077,Dog_Bark,4,train
UrbanSound8K/61077-3-3-0.wav,urbansound8k/61077,Dog_Bark,4,train
UrbanSound8K/61250-3-0-31.wav,urbansound8k/61250,Dog_Bark,4,train
UrbanSound8K/61250-3-0-36.wav,urbansound8k/61250,Dog_Bark,4,train
UrbanSound8K/61250-3-0-47.wav,urbansound8k/61250,Dog_Bark,4,train
UrbanSound8K/61250-3-0-62.wav,urbansound8k/61250,Dog_Bark,4,train
UrbanSound8K/62048-3-0-2.wav,urbansound8k/62048,Dog_Bark,4,train
UrbanSound8K/62048-3-0-3.wav,urbansound8k/62048,Dog_Bark,4,train
UrbanSound8K/62048-3-0-4.wav,urbansound8k/62048,Dog_Bark,4,train
UrbanSound8K/62048-3-0-5.wav,urbansound8k/62048,Dog_Bark,4,train
UrbanSound8K/62564-5-0-0.wav,urbansound8k/62564,Car_Engine,3,train
UrbanSound8K/62564-5-0-1.wav,urbansound8k/62564,Car_Engine,3,train
UrbanSound8K/62564-5-0-10.wav,urbansound8k/62564,Car_Engine,3,train
UrbanSound8K/62564-5-0-2.wav,urbansound8k/62564,Car_Engine,3,train
UrbanSound8K/62564-5-0-3.wav,urbansound8k/62564,Car_Engine,3,train
UrbanSound8K/62564-5-0-4.wav,urbansound8k/62564,Car_Engine,3,train
UrbanSound8K/62564-5-0-5.wav,urbansound8k/62564,Car_Engine,3,train
UrbanSound8K/62564-5-0-6.wav,urbansound8k/62564,Car_Engine,3,train
UrbanSound8K/62564-5-0-7.wav,urbansound8k/62564,Car_Engine,3,train
UrbanSound8K/62564-5-0-8.wav,urbansound8k/62564,Car_Engine,3,train
UrbanSound8K/62564-5-0-9.wav,urbansound8k/62564,Car_Engine,3,train
UrbanSound8K/62566-5-0-0.wav,urbansound8k/62566,Car_Engine,3,train
UrbanSound8K/62566-5-0-1.wav,urbansound8k/62566,Car_Engine,3,train
UrbanSound8K/62566-5-0-2.wav,urbansound8k/62566,Car_Engine,3,train
UrbanSound8K/62566-5-0-3.wav,urbansound8k/62566,Car_Engine,3,train
UrbanSound8K/62566-5-0-4.wav,urbansound8k/62566,Car_Engine,3,train
UrbanSound8K/62566-5-0-5.wav,urbansound8k/62566,Car_Engine,3,train
UrbanSound8K/62566-5-0-6.wav,urbansound8k/62566,Car_Engine,3,train
UrbanSound8K/62566-5-0-7.wav,urbansound8k/62566,Car_Engine,3,train
UrbanSound8K/62566-5-1-0.wav,urbansound8k/62566,Car_Engine,3,train
UrbanSound8K/62566-5-1-1.wav,urbansound8k/62566,Car_Engine,3,train
UrbanSound8K/62566-5-2-0.wav,urbansound8k/62566,Car_Engine,3,train
UrbanSound8K/62567-5-0-0.wav,urbansound8k/62567,Car_Engine,3,train
UrbanSound8K/62567-5-0-1.wav,urbansound8k/62567,Car_Engine,3,train
UrbanSound8K/62567-5-0-10.wav,urbansound8k/62567,Car_Engine,3,train
UrbanSound8K/62567-5-0-2.wav,urbansound8k/62567,Car_Engine,3,train
UrbanSound8K/62567-5-0-3.wav,urbansound8k/62567,Car_Engine,3,train
UrbanSound8K/62567-5-0-4.wav,urbansound8k/62567,Car_Engine,3,train
UrbanSound8K/62567-5-0-5.wav,urbansound8k/62567,Car_Engine,3,train
UrbanSound8K/62567-5-0-6.wav,urbansound8k/62567,Car_Engine,3,train
UrbanSound8K/62567-5-0-7.wav,urbansound8k/62567,Car_Engine,3,train
UrbanSound8K/62567-5-0-8.wav,urbansound8k/62567,Car_Engine,3,train
UrbanSound8K/62567-5-0-9.wav,urbansound8k/62567,Car_Engine,3,train
UrbanSound8K/62567-5-1-0.wav,urbansound8k/62567,Car_Engine,3,train
UrbanSound8K/62567-5-1-1.wav,urbansound8k/62567,Car_Engine,3,train
UrbanSound8K/62837-7-0-12.wav,urbansound8k/62837,Jackhammer,11,train
UrbanSound8K/62837-7-0-15.wav,urbansound8k/62837,Jackhammer,11,train
UrbanSound8K/62837-7-0-16.wav,urbansound8k/62837,Jackhammer,11,train
UrbanSound8K/62837-7-0-17.wav,urbansound8k/62837,Jackhammer,11,train
UrbanSound8K/62837-7-0-18.wav,urbansound8k/62837,Jackhammer,11,train
UrbanSound8K/62837-7-0-2.wav,urbansound8k/62837,Jackhammer,11,train
UrbanSound8K/62837-7-0-20.wav,urbansound8k/62837,Jackhammer,11,train
UrbanSound8K/62837-7-0-21.wav,urbansound8k/62837,Jackhammer,11,train
UrbanSound8K/62837-7-0-22.wav,urbansound8k/62837,Jackhammer,11,train
UrbanSound8K/62837-7-0-24.wav,urbansound8k/62837,Jackhammer,11,train
UrbanSound8K/62837-7-0-27.wav,urbansound8k/62837,Jackhammer,11,train
UrbanSound8K/62837-7-0-28.wav,urbansound8k/62837,Jackhammer,11,train
UrbanSound8K/62837-7-0-3.wav,urbansound8k/62837,Jackhammer,11,train
UrbanSound8K/62837-7-0-30.wav,urbansound8k/62837,Jackhammer,11,train
UrbanSound8K/62837-7-0-31.wav,urbansound8k/62837,Jackhammer,11,train
UrbanSound8K/62837-7-0-34.wav,urbansound8k/62837,Jackhammer,11,train
UrbanSound8K/62837-7-0-37.wav,urbansound8k/62837,Jackhammer,11,train
UrbanSound8K/62837-7-0-4.wav,urbansound8k/62837,Jackhammer,11,train
UrbanSound8K/62837-7-0-7.wav,urbansound8k/62837,Jackhammer,11,train
UrbanSound8K/62837-7-0-8.wav,urbansound8k/62837,Jackhammer,11,train
UrbanSound8K/62837-7-0-9.wav,urbansound8k/62837,Jackhammer,11,train
UrbanSound8K/62837-7-1-1.wav,urbansound8k/62837,Jackhammer,11,train
UrbanSound8K/62837-7-1-11.wav,urbansound8k/62837,Jackhammer,11,train
UrbanSound8K/62837-7-1-14.wav,urbansound8k/62837,Jackhammer,11,train
UrbanSound8K/62837-7-1-15.wav,urbansound8k/62837,Jackhammer,11,train
UrbanSound8K/62837-7-1-18.wav,urbansound8k/62837,Jackhammer,11,train
UrbanSound8K/62837-7-1-2.wav,urbansound8k/62837,Jackhammer,11,train
UrbanSound8K/62837-7-1-21.wav,urbansound8k/62837,Jackhammer,11,train
UrbanSound8K/62837-7-1-22.wav,urbansound8k/62837,Jackhammer,11,train
UrbanSound8K/62837-7-1-24.wav,urbansound8k/62837,Jackhammer,11,train
UrbanSound8K/62837-7-1-26.wav,urbansound8k/62837,Jackhammer,11,train
UrbanSound8K/62837-7-1-27.wav,urbansound8k/62837,Jackhammer,11,train
UrbanSound8K/62837-7-1-28.wav,urbansound8k/62837,Jackhammer,11,train
UrbanSound8K/62837-7-1-29.wav,urbansound8k/62837,Jackhammer,11,train
UrbanSound8K/62837-7-1-3.wav,urbansound8k/62837,Jackhammer,11,train
UrbanSound8K/62837-7-1-31.wav,urbansound8k/62837,Jackhammer,11,train
UrbanSound8K/62837-7-1-32.wav,urbansound8k/62837,Jackhammer,11,train
UrbanSound8K/62837-7-1-33.wav,urbansound8k/62837,Jackhammer,11,train
UrbanSound8K/62837-7-1-35.wav,urbansound8k/62837,Jackhammer,11,train
UrbanSound8K/62837-7-1-39.wav,urbansound8k/62837,Jackhammer,11,train
UrbanSound8K/62837-7-1-4.wav,urbansound8k/62837,Jackhammer,11,train
UrbanSound8K/62837-7-1-41.wav,urbansound8k/62837,Jackhammer,11,train
UrbanSound8K/62837-7-1-44.wav,urbansound8k/62837,Jackhammer,11,train
UrbanSound8K/62837-7-1-45.wav,urbansound8k/62837,Jackhammer,11,train
UrbanSound8K/62837-7-1-46.wav,urbansound8k/62837,Jackhammer,11,train
UrbanSound8K/62837-7-1-49.wav,urbansound8k/62837,Jackhammer,11,train
UrbanSound8K/62837-7-1-5.wav,urbansound8k/62837,Jackhammer,11,train
UrbanSound8K/62837-7-1-51.wav,urbansound8k/62837,Jackhammer,11,train
UrbanSound8K/62837-7-1-53.wav,urbansound8k/62837,Jackhammer,11,train
UrbanSound8K/62837-7-1-54.wav,urbansound8k/62837,Jackhammer,11,train
UrbanSound8K/62837-7-1-55.wav,urbansound8k/62837,Jackhammer,11,train
UrbanSound8K/62837-7-1-56.wav,urbansound8k/62837,Jackhammer,11,train
UrbanSound8K/62837-7-1-6.wav,urbansound8k/62837,Jackhammer,11,train
UrbanSound8K/62837-7-1-61.wav,urbansound8k/62837,Jackhammer,11,train
UrbanSound8K/62837-7-1-62.wav,urbansound8k/62837,Jackhammer,11,train
UrbanSound8K/62837-7-1-63.wav,urbansound8k/62837,Jackhammer,11,train
UrbanSound8K/62837-7-1-64.wav,urbansound8k/62837,Jackhammer,11,train
UrbanSound8K/62837-7-1-65.wav,urbansound8k/62837,Jackhammer,11,train
UrbanSound8K/62837-7-1-69.wav,urbansound8k/62837,Jackhammer,11,train
UrbanSound8K/62837-7-1-72.wav,urbansound8k/62837,Jackhammer,11,train
UrbanSound8K/62837-7-1-73.wav,urbansound8k/62837,Jackhammer,11,train
UrbanSound8K/62837-7-1-79.wav,urbansound8k/62837,Jackhammer,11,train
UrbanSound8K/62837-7-1-80.wav,urbansound8k/62837,Jackhammer,11,train
UrbanSound8K/62837-7-1-81.wav,urbansound8k/62837,Jackhammer,11,train
UrbanSound8K/62837-7-1-84.wav,urbansound8k/62837,Jackhammer,11,train
UrbanSound8K/62837-7-1-9.wav,urbansound8k/62837,Jackhammer,11,train
UrbanSound8K/62878-8-0-0.wav,urbansound8k/62878,Siren,14,train
UrbanSound8K/62878-8-0-1.wav,urbansound8k/62878,Siren,14,train
UrbanSound8K/62878-8-0-2.wav,urbansound8k/62878,Siren,14,train
UrbanSound8K/63095-4-0-1.wav,urbansound8k/63095,Drilling,6,train
UrbanSound8K/63095-4-0-10.wav,urbansound8k/63095,Drilling,6,train
UrbanSound8K/63095-4-0-14.wav,urbansound8k/63095,Drilling,6,train
UrbanSound8K/63095-4-0-16.wav,urbansound8k/63095,Drilling,6,train
UrbanSound8K/63095-4-0-20.wav,urbansound8k/63095,Drilling,6,train
UrbanSound8K/63095-4-0-21.wav,urbansound8k/63095,Drilling,6,train
UrbanSound8K/63095-4-0-26.wav,urbansound8k/63095,Drilling,6,train
UrbanSound8K/63095-4-0-28.wav,urbansound8k/63095,Drilling,6,train
UrbanSound8K/63095-4-0-29.wav,urbansound8k/63095,Drilling,6,train
UrbanSound8K/63095-4-0-4.wav,urbansound8k/63095,Drilling,6,train
UrbanSound8K/63095-4-0-6.wav,urbansound8k/63095,Drilling,6,train
UrbanSound8K/63095-4-0-8.wav,urbansound8k/63095,Drilling,6,train
UrbanSound8K/63095-4-1-10.wav,urbansound8k/63095,Drilling,6,train
UrbanSound8K/63095-4-1-18.wav,urbansound8k/63095,Drilling,6,train
UrbanSound8K/63095-4-1-19.wav,urbansound8k/63095,Drilling,6,train
UrbanSound8K/63095-4-1-20.wav,urbansound8k/63095,Drilling,6,train
UrbanSound8K/63095-4-1-23.wav,urbansound8k/63095,Drilling,6,train
UrbanSound8K/63095-4-1-27.wav,urbansound8k/63095,Drilling,6,train
UrbanSound8K/63095-4-1-33.wav,urbansound8k/63095,Drilling,6,train
UrbanSound8K/63095-4-1-4.wav,urbansound8k/63095,Drilling,6,train
UrbanSound8K/63095-4-1-6.wav,urbansound8k/63095,Drilling,6,train
UrbanSound8K/63095-4-1-7.wav,urbansound8k/63095,Drilling,6,train
UrbanSound8K/63261-3-0-0.wav,urbansound8k/63261,Dog_Bark,4,train
UrbanSound8K/63261-3-0-1.wav,urbansound8k/63261,Dog_Bark,4,train
UrbanSound8K/63292-3-0-0.wav,urbansound8k/63292,Dog_Bark,4,test
UrbanSound8K/63292-3-0-1.wav,urbansound8k/63292,Dog_Bark,4,test
UrbanSound8K/63932-3-0-1.wav,urbansound8k/63932,Dog_Bark,4,train
UrbanSound8K/63932-3-0-2.wav,urbansound8k/63932,Dog_Bark,4,train
UrbanSound8K/63932-3-1-0.wav,urbansound8k/63932,Dog_Bark,4,train
UrbanSound8K/63932-3-1-1.wav,urbansound8k/63932,Dog_Bark,4,train
UrbanSound8K/64346-6-0-0.wav,urbansound8k/64346,Gunshot,9,train
UrbanSound8K/65381-3-0-3.wav,urbansound8k/65381,Dog_Bark,4,train
UrbanSound8K/65381-3-0-6.wav,urbansound8k/65381,Dog_Bark,4,train
UrbanSound8K/65381-3-0-7.wav,urbansound8k/65381,Dog_Bark,4,train
UrbanSound8K/65472-1-0-0.wav,urbansound8k/65472,Vehicle_Horn,16,val
UrbanSound8K/65745-3-0-21.wav,urbansound8k/65745,Dog_Bark,4,test
UrbanSound8K/65745-3-0-49.wav,urbansound8k/65745,Dog_Bark,4,test
UrbanSound8K/65745-3-0-61.wav,urbansound8k/65745,Dog_Bark,4,test
UrbanSound8K/65745-3-0-88.wav,urbansound8k/65745,Dog_Bark,4,test
UrbanSound8K/65749-3-1-12.wav,urbansound8k/65749,Dog_Bark,4,test
UrbanSound8K/65749-3-1-14.wav,urbansound8k/65749,Dog_Bark,4,test
UrbanSound8K/65749-3-1-24.wav,urbansound8k/65749,Dog_Bark,4,test
UrbanSound8K/65749-3-1-9.wav,urbansound8k/65749,Dog_Bark,4,test
UrbanSound8K/65750-3-0-5.wav,urbansound8k/65750,Dog_Bark,4,train
UrbanSound8K/65750-3-3-48.wav,urbansound8k/65750,Dog_Bark,4,train
UrbanSound8K/65750-3-3-68.wav,urbansound8k/65750,Dog_Bark,4,train
UrbanSound8K/65750-3-3-74.wav,urbansound8k/65750,Dog_Bark,4,train
UrbanSound8K/66115-1-0-0.wav,urbansound8k/66115,Vehicle_Horn,16,train
UrbanSound8K/66115-1-0-1.wav,urbansound8k/66115,Vehicle_Horn,16,train
UrbanSound8K/66587-3-0-0.wav,urbansound8k/66587,Dog_Bark,4,train
UrbanSound8K/66587-3-2-0.wav,urbansound8k/66587,Dog_Bark,4,train
UrbanSound8K/66601-8-0-0.wav,urbansound8k/66601,Siren,14,val
UrbanSound8K/66601-8-0-1.wav,urbansound8k/66601,Siren,14,val
UrbanSound8K/66601-8-0-2.wav,urbansound8k/66601,Siren,14,val
UrbanSound8K/66601-8-0-3.wav,urbansound8k/66601,Siren,14,val
UrbanSound8K/66601-8-0-4.wav,urbansound8k/66601,Siren,14,val
UrbanSound8K/66601-8-0-5.wav,urbansound8k/66601,Siren,14,val
UrbanSound8K/66622-4-0-0.wav,urbansound8k/66622,Drilling,6,train
UrbanSound8K/66622-4-0-1.wav,urbansound8k/66622,Drilling,6,train
UrbanSound8K/66622-4-0-2.wav,urbansound8k/66622,Drilling,6,train
UrbanSound8K/66622-4-0-3.wav,urbansound8k/66622,Drilling,6,train
UrbanSound8K/66622-4-0-4.wav,urbansound8k/66622,Drilling,6,train
UrbanSound8K/66622-4-0-5.wav,urbansound8k/66622,Drilling,6,train
UrbanSound8K/66622-4-0-6.wav,urbansound8k/66622,Drilling,6,train
UrbanSound8K/66622-4-0-7.wav,urbansound8k/66622,Drilling,6,train
UrbanSound8K/66622-4-0-8.wav,urbansound8k/66622,Drilling,6,train
UrbanSound8K/66623-4-0-0.wav,urbansound8k/66623,Drilling,6,train
UrbanSound8K/66623-4-0-1.wav,urbansound8k/66623,Drilling,6,train
UrbanSound8K/66623-4-0-2.wav,urbansound8k/66623,Drilling,6,train
UrbanSound8K/66623-4-0-3.wav,urbansound8k/66623,Drilling,6,train
UrbanSound8K/66623-4-0-4.wav,urbansound8k/66623,Drilling,6,train
UrbanSound8K/66623-4-0-5.wav,urbansound8k/66623,Drilling,6,train
UrbanSound8K/66623-4-0-6.wav,urbansound8k/66623,Drilling,6,train
UrbanSound8K/66996-8-1-0.wav,urbansound8k/66996,Siren,14,train
UrbanSound8K/66996-8-3-0.wav,urbansound8k/66996,Siren,14,train
UrbanSound8K/67049-3-0-0.wav,urbansound8k/67049,Dog_Bark,4,train
UrbanSound8K/67049-3-0-1.wav,urbansound8k/67049,Dog_Bark,4,train
UrbanSound8K/67049-3-0-2.wav,urbansound8k/67049,Dog_Bark,4,train
UrbanSound8K/68080-7-0-0.wav,urbansound8k/68080,Jackhammer,11,train
UrbanSound8K/68080-7-0-1.wav,urbansound8k/68080,Jackhammer,11,train
UrbanSound8K/68080-7-0-2.wav,urbansound8k/68080,Jackhammer,11,train
UrbanSound8K/68080-7-0-3.wav,urbansound8k/68080,Jackhammer,11,train
UrbanSound8K/68080-7-0-4.wav,urbansound8k/68080,Jackhammer,11,train
UrbanSound8K/68080-7-0-5.wav,urbansound8k/68080,Jackhammer,11,train
UrbanSound8K/68080-7-0-6.wav,urbansound8k/68080,Jackhammer,11,train
UrbanSound8K/68080-7-0-7.wav,urbansound8k/68080,Jackhammer,11,train
UrbanSound8K/68080-7-0-8.wav,urbansound8k/68080,Jackhammer,11,train
UrbanSound8K/68080-7-0-9.wav,urbansound8k/68080,Jackhammer,11,train
UrbanSound8K/68389-3-0-0.wav,urbansound8k/68389,Dog_Bark,4,train
UrbanSound8K/68389-3-1-0.wav,urbansound8k/68389,Dog_Bark,4,train
UrbanSound8K/68389-3-2-0.wav,urbansound8k/68389,Dog_Bark,4,train
UrbanSound8K/68657-1-0-0.wav,urbansound8k/68657,Vehicle_Horn,16,test
UrbanSound8K/69598-4-0-0.wav,urbansound8k/69598,Drilling,6,train
UrbanSound8K/69598-4-1-0.wav,urbansound8k/69598,Drilling,6,train
UrbanSound8K/69598-4-2-0.wav,urbansound8k/69598,Drilling,6,train
UrbanSound8K/69598-4-2-1.wav,urbansound8k/69598,Drilling,6,train
UrbanSound8K/69598-4-3-0.wav,urbansound8k/69598,Drilling,6,train
UrbanSound8K/69598-4-4-0.wav,urbansound8k/69598,Drilling,6,train
UrbanSound8K/69598-4-5-0.wav,urbansound8k/69598,Drilling,6,train
UrbanSound8K/69598-4-6-0.wav,urbansound8k/69598,Drilling,6,train
UrbanSound8K/69598-4-6-1.wav,urbansound8k/69598,Drilling,6,train
UrbanSound8K/69598-4-7-0.wav,urbansound8k/69598,Drilling,6,train
UrbanSound8K/69598-4-8-0.wav,urbansound8k/69598,Drilling,6,train
UrbanSound8K/69598-4-9-0.wav,urbansound8k/69598,Drilling,6,train
UrbanSound8K/69661-3-0-14.wav,urbansound8k/69661,Dog_Bark,4,train
UrbanSound8K/69661-3-0-23.wav,urbansound8k/69661,Dog_Bark,4,train
UrbanSound8K/69661-3-0-29.wav,urbansound8k/69661,Dog_Bark,4,train
UrbanSound8K/69777-3-0-0.wav,urbansound8k/69777,Dog_Bark,4,val
UrbanSound8K/69777-3-0-1.wav,urbansound8k/69777,Dog_Bark,4,val
UrbanSound8K/69777-3-0-2.wav,urbansound8k/69777,Dog_Bark,4,val
UrbanSound8K/6988-5-0-0.wav,urbansound8k/6988,Car_Engine,3,train
UrbanSound8K/6988-5-0-1.wav,urbansound8k/6988,Car_Engine,3,train
UrbanSound8K/6988-5-0-2.wav,urbansound8k/6988,Car_Engine,3,train
UrbanSound8K/6988-5-0-3.wav,urbansound8k/6988,Car_Engine,3,train
UrbanSound8K/6988-5-0-4.wav,urbansound8k/6988,Car_Engine,3,train
UrbanSound8K/6988-5-0-5.wav,urbansound8k/6988,Car_Engine,3,train
UrbanSound8K/69883-3-0-20.wav,urbansound8k/69883,Dog_Bark,4,val
UrbanSound8K/69883-3-0-5.wav,urbansound8k/69883,Dog_Bark,4,val
UrbanSound8K/69883-3-0-9.wav,urbansound8k/69883,Dog_Bark,4,val
UrbanSound8K/70098-3-0-0.wav,urbansound8k/70098,Dog_Bark,4,train
UrbanSound8K/70098-3-1-0.wav,urbansound8k/70098,Dog_Bark,4,train
UrbanSound8K/70098-3-2-0.wav,urbansound8k/70098,Dog_Bark,4,train
UrbanSound8K/70098-3-3-0.wav,urbansound8k/70098,Dog_Bark,4,train
UrbanSound8K/70168-3-1-11.wav,urbansound8k/70168,Dog_Bark,4,train
UrbanSound8K/70168-3-1-13.wav,urbansound8k/70168,Dog_Bark,4,train
UrbanSound8K/70168-3-1-20.wav,urbansound8k/70168,Dog_Bark,4,train
UrbanSound8K/70168-3-1-24.wav,urbansound8k/70168,Dog_Bark,4,train
UrbanSound8K/7060-6-0-0.wav,urbansound8k/7060,Gunshot,9,train
UrbanSound8K/7060-6-1-0.wav,urbansound8k/7060,Gunshot,9,train
UrbanSound8K/7060-6-2-0.wav,urbansound8k/7060,Gunshot,9,train
UrbanSound8K/7061-6-0-0.wav,urbansound8k/7061,Gunshot,9,train
UrbanSound8K/7062-6-0-0.wav,urbansound8k/7062,Gunshot,9,train
UrbanSound8K/7063-6-0-0.wav,urbansound8k/7063,Gunshot,9,val
UrbanSound8K/7064-6-0-0.wav,urbansound8k/7064,Gunshot,9,test
UrbanSound8K/7064-6-1-0.wav,urbansound8k/7064,Gunshot,9,test
UrbanSound8K/7064-6-2-0.wav,urbansound8k/7064,Gunshot,9,test
UrbanSound8K/7064-6-3-0.wav,urbansound8k/7064,Gunshot,9,test
UrbanSound8K/7064-6-4-0.wav,urbansound8k/7064,Gunshot,9,test
UrbanSound8K/7064-6-5-0.wav,urbansound8k/7064,Gunshot,9,test
UrbanSound8K/7065-6-0-0.wav,urbansound8k/7065,Gunshot,9,test
UrbanSound8K/7066-6-0-0.wav,urbansound8k/7066,Gunshot,9,val
UrbanSound8K/7066-6-1-0.wav,urbansound8k/7066,Gunshot,9,val
UrbanSound8K/7067-6-0-0.wav,urbansound8k/7067,Gunshot,9,train
UrbanSound8K/7068-6-0-0.wav,urbansound8k/7068,Gunshot,9,train
UrbanSound8K/70740-8-0-0.wav,urbansound8k/70740,Siren,14,val
UrbanSound8K/71079-4-0-0.wav,urbansound8k/71079,Drilling,6,train
UrbanSound8K/71079-4-1-0.wav,urbansound8k/71079,Drilling,6,train
UrbanSound8K/71080-4-0-0.wav,urbansound8k/71080,Drilling,6,train
UrbanSound8K/71080-4-1-0.wav,urbansound8k/71080,Drilling,6,train
UrbanSound8K/71082-4-0-0.wav,urbansound8k/71082,Drilling,6,train
UrbanSound8K/71082-4-1-0.wav,urbansound8k/71082,Drilling,6,train
UrbanSound8K/71086-4-0-0.wav,urbansound8k/71086,Drilling,6,train
UrbanSound8K/71086-4-1-0.wav,urbansound8k/71086,Drilling,6,train
UrbanSound8K/71086-4-2-0.wav,urbansound8k/71086,Drilling,6,train
UrbanSound8K/71087-4-0-0.wav,urbansound8k/71087,Drilling,6,train
UrbanSound8K/71087-4-1-0.wav,urbansound8k/71087,Drilling,6,train
UrbanSound8K/71088-4-0-0.wav,urbansound8k/71088,Drilling,6,test
UrbanSound8K/71088-4-1-0.wav,urbansound8k/71088,Drilling,6,test
UrbanSound8K/71088-4-2-0.wav,urbansound8k/71088,Drilling,6,test
UrbanSound8K/71171-4-0-0.wav,urbansound8k/71171,Drilling,6,val
UrbanSound8K/71171-4-0-1.wav,urbansound8k/71171,Drilling,6,val
UrbanSound8K/71171-4-0-2.wav,urbansound8k/71171,Drilling,6,val
UrbanSound8K/71171-4-0-3.wav,urbansound8k/71171,Drilling,6,val
UrbanSound8K/71171-4-0-4.wav,urbansound8k/71171,Drilling,6,val
UrbanSound8K/71171-4-1-0.wav,urbansound8k/71171,Drilling,6,val
UrbanSound8K/71171-4-1-1.wav,urbansound8k/71171,Drilling,6,val
UrbanSound8K/71171-4-1-2.wav,urbansound8k/71171,Drilling,6,val
UrbanSound8K/71171-4-1-3.wav,urbansound8k/71171,Drilling,6,val
UrbanSound8K/71171-4-1-4.wav,urbansound8k/71171,Drilling,6,val
UrbanSound8K/71171-4-1-5.wav,urbansound8k/71171,Drilling,6,val
UrbanSound8K/71171-4-2-0.wav,urbansound8k/71171,Drilling,6,val
UrbanSound8K/71171-4-2-1.wav,urbansound8k/71171,Drilling,6,val
UrbanSound8K/71171-4-3-0.wav,urbansound8k/71171,Drilling,6,val
UrbanSound8K/71171-4-3-1.wav,urbansound8k/71171,Drilling,6,val
UrbanSound8K/71171-4-3-2.wav,urbansound8k/71171,Drilling,6,val
UrbanSound8K/71171-4-4-0.wav,urbansound8k/71171,Drilling,6,val
UrbanSound8K/71171-4-5-0.wav,urbansound8k/71171,Drilling,6,val
UrbanSound8K/71177-8-0-0.wav,urbansound8k/71177,Siren,14,val
UrbanSound8K/71177-8-0-1.wav,urbansound8k/71177,Siren,14,val
UrbanSound8K/71177-8-1-0.wav,urbansound8k/71177,Siren,14,val
UrbanSound8K/71177-8-1-1.wav,urbansound8k/71177,Siren,14,val
UrbanSound8K/71177-8-1-2.wav,urbansound8k/71177,Siren,14,val
UrbanSound8K/71177-8-1-3.wav,urbansound8k/71177,Siren,14,val
UrbanSound8K/71177-8-1-4.wav,urbansound8k/71177,Siren,14,val
UrbanSound8K/71177-8-2-0.wav,urbansound8k/71177,Siren,14,val
UrbanSound8K/71177-8-2-1.wav,urbansound8k/71177,Siren,14,val
UrbanSound8K/71309-1-0-0.wav,urbansound8k/71309,Vehicle_Horn,16,train
UrbanSound8K/71309-1-0-1.wav,urbansound8k/71309,Vehicle_Horn,16,train
UrbanSound8K/71309-1-0-2.wav,urbansound8k/71309,Vehicle_Horn,16,train
UrbanSound8K/71309-1-0-3.wav,urbansound8k/71309,Vehicle_Horn,16,train
UrbanSound8K/71309-1-0-4.wav,urbansound8k/71309,Vehicle_Horn,16,train
UrbanSound8K/71309-1-0-5.wav,urbansound8k/71309,Vehicle_Horn,16,train
UrbanSound8K/71309-1-0-6.wav,urbansound8k/71309,Vehicle_Horn,16,train
UrbanSound8K/71309-1-0-7.wav,urbansound8k/71309,Vehicle_Horn,16,train
UrbanSound8K/71309-1-0-8.wav,urbansound8k/71309,Vehicle_Horn,16,train
UrbanSound8K/71312-3-0-1.wav,urbansound8k/71312,Dog_Bark,4,train
UrbanSound8K/71312-3-0-2.wav,urbansound8k/71312,Dog_Bark,4,train
UrbanSound8K/71312-3-0-4.wav,urbansound8k/71312,Dog_Bark,4,train
UrbanSound8K/71312-3-0-5.wav,urbansound8k/71312,Dog_Bark,4,train
UrbanSound8K/71439-1-0-0.wav,urbansound8k/71439,Vehicle_Horn,16,train
UrbanSound8K/71439-1-2-0.wav,urbansound8k/71439,Vehicle_Horn,16,train
UrbanSound8K/71439-1-3-0.wav,urbansound8k/71439,Vehicle_Horn,16,train
UrbanSound8K/71529-4-0-0.wav,urbansound8k/71529,Drilling,6,val
UrbanSound8K/71529-4-0-1.wav,urbansound8k/71529,Drilling,6,val
UrbanSound8K/71529-4-0-2.wav,urbansound8k/71529,Drilling,6,val
UrbanSound8K/71529-4-1-0.wav,urbansound8k/71529,Drilling,6,val
UrbanSound8K/71529-4-1-1.wav,urbansound8k/71529,Drilling,6,val
UrbanSound8K/71529-4-1-2.wav,urbansound8k/71529,Drilling,6,val
UrbanSound8K/71529-4-1-3.wav,urbansound8k/71529,Drilling,6,val
UrbanSound8K/71529-4-1-4.wav,urbansound8k/71529,Drilling,6,val
UrbanSound8K/71529-4-1-5.wav,urbansound8k/71529,Drilling,6,val
UrbanSound8K/71529-4-1-6.wav,urbansound8k/71529,Drilling,6,val
UrbanSound8K/71700-3-3-2.wav,urbansound8k/71700,Dog_Bark,4,train
UrbanSound8K/71700-3-4-0.wav,urbansound8k/71700,Dog_Bark,4,train
UrbanSound8K/71700-3-4-1.wav,urbansound8k/71700,Dog_Bark,4,train
UrbanSound8K/71700-3-4-3.wav,urbansound8k/71700,Dog_Bark,4,train
UrbanSound8K/72220-3-0-0.wav,urbansound8k/72220,Dog_Bark,4,train
UrbanSound8K/72220-3-2-2.wav,urbansound8k/72220,Dog_Bark,4,train
UrbanSound8K/72220-3-2-3.wav,urbansound8k/72220,Dog_Bark,4,train
UrbanSound8K/72220-3-2-4.wav,urbansound8k/72220,Dog_Bark,4,train
UrbanSound8K/72221-3-1-0.wav,urbansound8k/72221,Dog_Bark,4,train
UrbanSound8K/72221-3-4-1.wav,urbansound8k/72221,Dog_Bark,4,train
UrbanSound8K/72221-3-4-5.wav,urbansound8k/72221,Dog_Bark,4,train
UrbanSound8K/72221-3-4-7.wav,urbansound8k/72221,Dog_Bark,4,train
UrbanSound8K/72259-1-0-0.wav,urbansound8k/72259,Vehicle_Horn,16,train
UrbanSound8K/72259-1-0-1.wav,urbansound8k/72259,Vehicle_Horn,16,train
UrbanSound8K/72259-1-0-2.wav,urbansound8k/72259,Vehicle_Horn,16,train
UrbanSound8K/72259-1-0-3.wav,urbansound8k/72259,Vehicle_Horn,16,train
UrbanSound8K/72259-1-0-4.wav,urbansound8k/72259,Vehicle_Horn,16,train
UrbanSound8K/72259-1-0-5.wav,urbansound8k/72259,Vehicle_Horn,16,train
UrbanSound8K/72259-1-1-0.wav,urbansound8k/72259,Vehicle_Horn,16,train
UrbanSound8K/72259-1-10-0.wav,urbansound8k/72259,Vehicle_Horn,16,train
UrbanSound8K/72259-1-10-1.wav,urbansound8k/72259,Vehicle_Horn,16,train
UrbanSound8K/72259-1-10-10.wav,urbansound8k/72259,Vehicle_Horn,16,train
UrbanSound8K/72259-1-10-11.wav,urbansound8k/72259,Vehicle_Horn,16,train
UrbanSound8K/72259-1-10-12.wav,urbansound8k/72259,Vehicle_Horn,16,train
UrbanSound8K/72259-1-10-13.wav,urbansound8k/72259,Vehicle_Horn,16,train
UrbanSound8K/72259-1-10-14.wav,urbansound8k/72259,Vehicle_Horn,16,train
UrbanSound8K/72259-1-10-2.wav,urbansound8k/72259,Vehicle_Horn,16,train
UrbanSound8K/72259-1-10-3.wav,urbansound8k/72259,Vehicle_Horn,16,train
UrbanSound8K/72259-1-10-4.wav,urbansound8k/72259,Vehicle_Horn,16,train
UrbanSound8K/72259-1-10-5.wav,urbansound8k/72259,Vehicle_Horn,16,train
UrbanSound8K/72259-1-10-6.wav,urbansound8k/72259,Vehicle_Horn,16,train
UrbanSound8K/72259-1-10-7.wav,urbansound8k/72259,Vehicle_Horn,16,train
UrbanSound8K/72259-1-10-8.wav,urbansound8k/72259,Vehicle_Horn,16,train
UrbanSound8K/72259-1-10-9.wav,urbansound8k/72259,Vehicle_Horn,16,train
UrbanSound8K/72259-1-2-0.wav,urbansound8k/72259,Vehicle_Horn,16,train
UrbanSound8K/72259-1-3-0.wav,urbansound8k/72259,Vehicle_Horn,16,train
UrbanSound8K/72259-1-5-0.wav,urbansound8k/72259,Vehicle_Horn,16,train
UrbanSound8K/72259-1-5-1.wav,urbansound8k/72259,Vehicle_Horn,16,train
UrbanSound8K/72259-1-5-2.wav,urbansound8k/72259,Vehicle_Horn,16,train
UrbanSound8K/72259-1-5-3.wav,urbansound8k/72259,Vehicle_Horn,16,train
UrbanSound8K/72259-1-5-4.wav,urbansound8k/72259,Vehicle_Horn,16,train
UrbanSound8K/72259-1-6-0.wav,urbansound8k/72259,Vehicle_Horn,16,train
UrbanSound8K/72259-1-6-1.wav,urbansound8k/72259,Vehicle_Horn,16,train
UrbanSound8K/72259-1-7-0.wav,urbansound8k/72259,Vehicle_Horn,16,train
UrbanSound8K/72259-1-7-1.wav,urbansound8k/72259,Vehicle_Horn,16,train
UrbanSound8K/72259-1-7-10.wav,urbansound8k/72259,Vehicle_Horn,16,train
UrbanSound8K/72259-1-7-11.wav,urbansound8k/72259,Vehicle_Horn,16,train
UrbanSound8K/72259-1-7-12.wav,urbansound8k/72259,Vehicle_Horn,16,train
UrbanSound8K/72259-1-7-13.wav,urbansound8k/72259,Vehicle_Horn,16,train
UrbanSound8K/72259-1-7-14.wav,urbansound8k/72259,Vehicle_Horn,16,train
UrbanSound8K/72259-1-7-15.wav,urbansound8k/72259,Vehicle_Horn,16,train
UrbanSound8K/72259-1-7-16.wav,urbansound8k/72259,Vehicle_Horn,16,train
UrbanSound8K/72259-1-7-17.wav,urbansound8k/72259,Vehicle_Horn,16,train
UrbanSound8K/72259-1-7-18.wav,urbansound8k/72259,Vehicle_Horn,16,train
UrbanSound8K/72259-1-7-19.wav,urbansound8k/72259,Vehicle_Horn,16,train
UrbanSound8K/72259-1-7-2.wav,urbansound8k/72259,Vehicle_Horn,16,train
UrbanSound8K/72259-1-7-20.wav,urbansound8k/72259,Vehicle_Horn,16,train
UrbanSound8K/72259-1-7-21.wav,urbansound8k/72259,Vehicle_Horn,16,train
UrbanSound8K/72259-1-7-22.wav,urbansound8k/72259,Vehicle_Horn,16,train
UrbanSound8K/72259-1-7-3.wav,urbansound8k/72259,Vehicle_Horn,16,train
UrbanSound8K/72259-1-7-4.wav,urbansound8k/72259,Vehicle_Horn,16,train
UrbanSound8K/72259-1-7-5.wav,urbansound8k/72259,Vehicle_Horn,16,train
UrbanSound8K/72259-1-7-6.wav,urbansound8k/72259,Vehicle_Horn,16,train
UrbanSound8K/72259-1-7-7.wav,urbansound8k/72259,Vehicle_Horn,16,train
UrbanSound8K/72259-1-7-8.wav,urbansound8k/72259,Vehicle_Horn,16,train
UrbanSound8K/72259-1-7-9.wav,urbansound8k/72259,Vehicle_Horn,16,train
UrbanSound8K/72259-1-8-0.wav,urbansound8k/72259,Vehicle_Horn,16,train
UrbanSound8K/72259-1-9-0.wav,urbansound8k/72259,Vehicle_Horn,16,train
UrbanSound8K/72259-1-9-1.wav,urbansound8k/72259,Vehicle_Horn,16,train
UrbanSound8K/72259-1-9-10.wav,urbansound8k/72259,Vehicle_Horn,16,train
UrbanSound8K/72259-1-9-11.wav,urbansound8k/72259,Vehicle_Horn,16,train
UrbanSound8K/72259-1-9-12.wav,urbansound8k/72259,Vehicle_Horn,16,train
UrbanSound8K/72259-1-9-13.wav,urbansound8k/72259,Vehicle_Horn,16,train
UrbanSound8K/72259-1-9-14.wav,urbansound8k/72259,Vehicle_Horn,16,train
UrbanSound8K/72259-1-9-15.wav,urbansound8k/72259,Vehicle_Horn,16,train
UrbanSound8K/72259-1-9-16.wav,urbansound8k/72259,Vehicle_Horn,16,train
UrbanSound8K/72259-1-9-17.wav,urbansound8k/72259,Vehicle_Horn,16,train
UrbanSound8K/72259-1-9-2.wav,urbansound8k/72259,Vehicle_Horn,16,train
UrbanSound8K/72259-1-9-3.wav,urbansound8k/72259,Vehicle_Horn,16,train
UrbanSound8K/72259-1-9-4.wav,urbansound8k/72259,Vehicle_Horn,16,train
UrbanSound8K/72259-1-9-5.wav,urbansound8k/72259,Vehicle_Horn,16,train
UrbanSound8K/72259-1-9-6.wav,urbansound8k/72259,Vehicle_Horn,16,train
UrbanSound8K/72259-1-9-7.wav,urbansound8k/72259,Vehicle_Horn,16,train
UrbanSound8K/72259-1-9-8.wav,urbansound8k/72259,Vehicle_Horn,16,train
UrbanSound8K/72259-1-9-9.wav,urbansound8k/72259,Vehicle_Horn,16,train
UrbanSound8K/72261-3-0-17.wav,urbansound8k/72261,Dog_Bark,4,val
UrbanSound8K/72261-3-0-23.wav,urbansound8k/72261,Dog_Bark,4,val
UrbanSound8K/72261-3-0-27.wav,urbansound8k/72261,Dog_Bark,4,val
UrbanSound8K/72261-3-0-6.wav,urbansound8k/72261,Dog_Bark,4,val
UrbanSound8K/72265-3-15-0.wav,urbansound8k/72265,Dog_Bark,4,val
UrbanSound8K/72265-3-4-0.wav,urbansound8k/72265,Dog_Bark,4,val
UrbanSound8K/72265-3-5-0.wav,urbansound8k/72265,Dog_Bark,4,val
UrbanSound8K/72265-3-7-0.wav,urbansound8k/72265,Dog_Bark,4,val
UrbanSound8K/72537-3-0-2.wav,urbansound8k/72537,Dog_Bark,4,train
UrbanSound8K/72537-3-0-6.wav,urbansound8k/72537,Dog_Bark,4,train
UrbanSound8K/72537-3-0-8.wav,urbansound8k/72537,Dog_Bark,4,train
UrbanSound8K/72538-3-0-0.wav,urbansound8k/72538,Dog_Bark,4,train
UrbanSound8K/72538-3-0-1.wav,urbansound8k/72538,Dog_Bark,4,train
UrbanSound8K/72538-3-0-3.wav,urbansound8k/72538,Dog_Bark,4,train
UrbanSound8K/72538-3-0-4.wav,urbansound8k/72538,Dog_Bark,4,train
UrbanSound8K/72539-3-0-1.wav,urbansound8k/72539,Dog_Bark,4,train
UrbanSound8K/72539-3-0-5.wav,urbansound8k/72539,Dog_Bark,4,train
UrbanSound8K/72539-3-0-6.wav,urbansound8k/72539,Dog_Bark,4,train
UrbanSound8K/72539-3-0-8.wav,urbansound8k/72539,Dog_Bark,4,train
UrbanSound8K/72567-1-0-0.wav,urbansound8k/72567,Vehicle_Horn,16,train
UrbanSound8K/72567-1-0-1.wav,urbansound8k/72567,Vehicle_Horn,16,train
UrbanSound8K/72567-1-1-0.wav,urbansound8k/72567,Vehicle_Horn,16,train
UrbanSound8K/72567-1-2-0.wav,urbansound8k/72567,Vehicle_Horn,16,train
UrbanSound8K/72567-1-2-1.wav,urbansound8k/72567,Vehicle_Horn,16,train
UrbanSound8K/72567-1-2-2.wav,urbansound8k/72567,Vehicle_Horn,16,train
UrbanSound8K/72567-1-2-3.wav,urbansound8k/72567,Vehicle_Horn,16,train
UrbanSound8K/72567-1-2-4.wav,urbansound8k/72567,Vehicle_Horn,16,train
UrbanSound8K/72567-1-2-5.wav,urbansound8k/72567,Vehicle_Horn,16,train
UrbanSound8K/72567-1-3-0.wav,urbansound8k/72567,Vehicle_Horn,16,train
UrbanSound8K/72567-1-4-0.wav,urbansound8k/72567,Vehicle_Horn,16,train
UrbanSound8K/72567-1-4-1.wav,urbansound8k/72567,Vehicle_Horn,16,train
UrbanSound8K/72567-1-4-2.wav,urbansound8k/72567,Vehicle_Horn,16,train
UrbanSound8K/72567-1-4-3.wav,urbansound8k/72567,Vehicle_Horn,16,train
UrbanSound8K/72567-1-4-4.wav,urbansound8k/72567,Vehicle_Horn,16,train
UrbanSound8K/72567-1-4-5.wav,urbansound8k/72567,Vehicle_Horn,16,train
UrbanSound8K/72567-1-4-6.wav,urbansound8k/72567,Vehicle_Horn,16,train
UrbanSound8K/72567-1-4-7.wav,urbansound8k/72567,Vehicle_Horn,16,train
UrbanSound8K/72567-1-5-0.wav,urbansound8k/72567,Vehicle_Horn,16,train
UrbanSound8K/72579-3-0-0.wav,urbansound8k/72579,Dog_Bark,4,train
UrbanSound8K/72579-3-0-2.wav,urbansound8k/72579,Dog_Bark,4,train
UrbanSound8K/72579-3-0-3.wav,urbansound8k/72579,Dog_Bark,4,train
UrbanSound8K/72579-3-0-4.wav,urbansound8k/72579,Dog_Bark,4,train
UrbanSound8K/72723-3-0-0.wav,urbansound8k/72723,Dog_Bark,4,train
UrbanSound8K/72724-3-1-0.wav,urbansound8k/72724,Dog_Bark,4,test
UrbanSound8K/72724-3-2-7.wav,urbansound8k/72724,Dog_Bark,4,test
UrbanSound8K/72724-3-2-8.wav,urbansound8k/72724,Dog_Bark,4,test
UrbanSound8K/72724-3-2-9.wav,urbansound8k/72724,Dog_Bark,4,test
UrbanSound8K/72829-3-0-0.wav,urbansound8k/72829,Dog_Bark,4,test
UrbanSound8K/72829-3-0-1.wav,urbansound8k/72829,Dog_Bark,4,test
UrbanSound8K/72829-3-0-2.wav,urbansound8k/72829,Dog_Bark,4,test
UrbanSound8K/73168-1-0-0.wav,urbansound8k/73168,Vehicle_Horn,16,val
UrbanSound8K/73168-1-1-0.wav,urbansound8k/73168,Vehicle_Horn,16,val
UrbanSound8K/73168-1-2-0.wav,urbansound8k/73168,Vehicle_Horn,16,val
UrbanSound8K/73373-3-0-0.wav,urbansound8k/73373,Dog_Bark,4,train
UrbanSound8K/73623-7-0-0.wav,urbansound8k/73623,Jackhammer,11,train
UrbanSound8K/73623-7-1-0.wav,urbansound8k/73623,Jackhammer,11,train
UrbanSound8K/73623-7-1-1.wav,urbansound8k/73623,Jackhammer,11,train
UrbanSound8K/73623-7-2-0.wav,urbansound8k/73623,Jackhammer,11,train
UrbanSound8K/73623-7-3-0.wav,urbansound8k/73623,Jackhammer,11,train
UrbanSound8K/73623-7-4-0.wav,urbansound8k/73623,Jackhammer,11,train
UrbanSound8K/73623-7-5-0.wav,urbansound8k/73623,Jackhammer,11,train
UrbanSound8K/73623-7-6-0.wav,urbansound8k/73623,Jackhammer,11,train
UrbanSound8K/7383-3-0-0.wav,urbansound8k/7383,Dog_Bark,4,train
UrbanSound8K/7383-3-0-1.wav,urbansound8k/7383,Dog_Bark,4,train
UrbanSound8K/7383-3-1-0.wav,urbansound8k/7383,Dog_Bark,4,train
UrbanSound8K/7389-1-0-0.wav,urbansound8k/7389,Vehicle_Horn,16,test
UrbanSound8K/7389-1-0-1.wav,urbansound8k/7389,Vehicle_Horn,16,test
UrbanSound8K/7389-1-0-2.wav,urbansound8k/7389,Vehicle_Horn,16,test
UrbanSound8K/7389-1-0-3.wav,urbansound8k/7389,Vehicle_Horn,16,test
UrbanSound8K/7389-1-0-4.wav,urbansound8k/7389,Vehicle_Horn,16,test
UrbanSound8K/7389-1-0-5.wav,urbansound8k/7389,Vehicle_Horn,16,test
UrbanSound8K/7389-1-0-6.wav,urbansound8k/7389,Vehicle_Horn,16,test
UrbanSound8K/7389-1-0-7.wav,urbansound8k/7389,Vehicle_Horn,16,test
UrbanSound8K/7389-1-1-0.wav,urbansound8k/7389,Vehicle_Horn,16,test
UrbanSound8K/7389-1-2-0.wav,urbansound8k/7389,Vehicle_Horn,16,test
UrbanSound8K/7389-1-2-1.wav,urbansound8k/7389,Vehicle_Horn,16,test
UrbanSound8K/7389-1-2-2.wav,urbansound8k/7389,Vehicle_Horn,16,test
UrbanSound8K/7389-1-2-3.wav,urbansound8k/7389,Vehicle_Horn,16,test
UrbanSound8K/7389-1-3-0.wav,urbansound8k/7389,Vehicle_Horn,16,test
UrbanSound8K/7389-1-3-1.wav,urbansound8k/7389,Vehicle_Horn,16,test
UrbanSound8K/7389-1-3-2.wav,urbansound8k/7389,Vehicle_Horn,16,test
UrbanSound8K/7389-1-3-3.wav,urbansound8k/7389,Vehicle_Horn,16,test
UrbanSound8K/7389-1-3-4.wav,urbansound8k/7389,Vehicle_Horn,16,test
UrbanSound8K/7389-1-3-5.wav,urbansound8k/7389,Vehicle_Horn,16,test
UrbanSound8K/7389-1-4-0.wav,urbansound8k/7389,Vehicle_Horn,16,test
UrbanSound8K/7389-1-4-1.wav,urbansound8k/7389,Vehicle_Horn,16,test
UrbanSound8K/7389-1-4-10.wav,urbansound8k/7389,Vehicle_Horn,16,test
UrbanSound8K/7389-1-4-11.wav,urbansound8k/7389,Vehicle_Horn,16,test
UrbanSound8K/7389-1-4-12.wav,urbansound8k/7389,Vehicle_Horn,16,test
UrbanSound8K/7389-1-4-13.wav,urbansound8k/7389,Vehicle_Horn,16,test
UrbanSound8K/7389-1-4-14.wav,urbansound8k/7389,Vehicle_Horn,16,test
UrbanSound8K/7389-1-4-15.wav,urbansound8k/7389,Vehicle_Horn,16,test
UrbanSound8K/7389-1-4-2.wav,urbansound8k/7389,Vehicle_Horn,16,test
UrbanSound8K/7389-1-4-3.wav,urbansound8k/7389,Vehicle_Horn,16,test
UrbanSound8K/7389-1-4-4.wav,urbansound8k/7389,Vehicle_Horn,16,test
UrbanSound8K/7389-1-4-5.wav,urbansound8k/7389,Vehicle_Horn,16,test
UrbanSound8K/7389-1-4-6.wav,urbansound8k/7389,Vehicle_Horn,16,test
UrbanSound8K/7389-1-4-7.wav,urbansound8k/7389,Vehicle_Horn,16,test
UrbanSound8K/7389-1-4-8.wav,urbansound8k/7389,Vehicle_Horn,16,test
UrbanSound8K/7389-1-4-9.wav,urbansound8k/7389,Vehicle_Horn,16,test
UrbanSound8K/74364-8-1-0.wav,urbansound8k/74364,Siren,14,train
UrbanSound8K/74364-8-1-1.wav,urbansound8k/74364,Siren,14,train
UrbanSound8K/74364-8-1-10.wav,urbansound8k/74364,Siren,14,train
UrbanSound8K/74364-8-1-11.wav,urbansound8k/74364,Siren,14,train
UrbanSound8K/74364-8-1-12.wav,urbansound8k/74364,Siren,14,train
UrbanSound8K/74364-8-1-13.wav,urbansound8k/74364,Siren,14,train
UrbanSound8K/74364-8-1-14.wav,urbansound8k/74364,Siren,14,train
UrbanSound8K/74364-8-1-15.wav,urbansound8k/74364,Siren,14,train
UrbanSound8K/74364-8-1-16.wav,urbansound8k/74364,Siren,14,train
UrbanSound8K/74364-8-1-17.wav,urbansound8k/74364,Siren,14,train
UrbanSound8K/74364-8-1-18.wav,urbansound8k/74364,Siren,14,train
UrbanSound8K/74364-8-1-19.wav,urbansound8k/74364,Siren,14,train
UrbanSound8K/74364-8-1-2.wav,urbansound8k/74364,Siren,14,train
UrbanSound8K/74364-8-1-20.wav,urbansound8k/74364,Siren,14,train
UrbanSound8K/74364-8-1-21.wav,urbansound8k/74364,Siren,14,train
UrbanSound8K/74364-8-1-22.wav,urbansound8k/74364,Siren,14,train
UrbanSound8K/74364-8-1-23.wav,urbansound8k/74364,Siren,14,train
UrbanSound8K/74364-8-1-24.wav,urbansound8k/74364,Siren,14,train
UrbanSound8K/74364-8-1-25.wav,urbansound8k/74364,Siren,14,train
UrbanSound8K/74364-8-1-26.wav,urbansound8k/74364,Siren,14,train
UrbanSound8K/74364-8-1-27.wav,urbansound8k/74364,Siren,14,train
UrbanSound8K/74364-8-1-3.wav,urbansound8k/74364,Siren,14,train
UrbanSound8K/74364-8-1-4.wav,urbansound8k/74364,Siren,14,train
UrbanSound8K/74364-8-1-5.wav,urbansound8k/74364,Siren,14,train
UrbanSound8K/74364-8-1-6.wav,urbansound8k/74364,Siren,14,train
UrbanSound8K/74364-8-1-7.wav,urbansound8k/74364,Siren,14,train
UrbanSound8K/74364-8-1-8.wav,urbansound8k/74364,Siren,14,train
UrbanSound8K/74364-8-1-9.wav,urbansound8k/74364,Siren,14,train
UrbanSound8K/74495-3-0-0.wav,urbansound8k/74495,Dog_Bark,4,val
UrbanSound8K/74495-3-0-1.wav,urbansound8k/74495,Dog_Bark,4,val
UrbanSound8K/74513-3-0-0.wav,urbansound8k/74513,Dog_Bark,4,train
UrbanSound8K/74513-3-0-3.wav,urbansound8k/74513,Dog_Bark,4,train
UrbanSound8K/74513-3-0-5.wav,urbansound8k/74513,Dog_Bark,4,train
UrbanSound8K/74513-3-0-6.wav,urbansound8k/74513,Dog_Bark,4,train
UrbanSound8K/74723-3-0-0.wav,urbansound8k/74723,Dog_Bark,4,val
UrbanSound8K/74723-3-0-1.wav,urbansound8k/74723,Dog_Bark,4,val
UrbanSound8K/74723-3-0-2.wav,urbansound8k/74723,Dog_Bark,4,val
UrbanSound8K/74725-3-0-0.wav,urbansound8k/74725,Dog_Bark,4,train
UrbanSound8K/74725-3-0-1.wav,urbansound8k/74725,Dog_Bark,4,train
UrbanSound8K/74726-8-0-0.wav,urbansound8k/74726,Siren,14,train
UrbanSound8K/74726-8-0-1.wav,urbansound8k/74726,Siren,14,train
UrbanSound8K/74726-8-0-10.wav,urbansound8k/74726,Siren,14,train
UrbanSound8K/74726-8-0-11.wav,urbansound8k/74726,Siren,14,train
UrbanSound8K/74726-8-0-12.wav,urbansound8k/74726,Siren,14,train
UrbanSound8K/74726-8-0-13.wav,urbansound8k/74726,Siren,14,train
UrbanSound8K/74726-8-0-14.wav,urbansound8k/74726,Siren,14,train
UrbanSound8K/74726-8-0-15.wav,urbansound8k/74726,Siren,14,train
UrbanSound8K/74726-8-0-16.wav,urbansound8k/74726,Siren,14,train
UrbanSound8K/74726-8-0-2.wav,urbansound8k/74726,Siren,14,train
UrbanSound8K/74726-8-0-3.wav,urbansound8k/74726,Siren,14,train
UrbanSound8K/74726-8-0-4.wav,urbansound8k/74726,Siren,14,train
UrbanSound8K/74726-8-0-5.wav,urbansound8k/74726,Siren,14,train
UrbanSound8K/74726-8-0-6.wav,urbansound8k/74726,Siren,14,train
UrbanSound8K/74726-8-0-7.wav,urbansound8k/74726,Siren,14,train
UrbanSound8K/74726-8-0-8.wav,urbansound8k/74726,Siren,14,train
UrbanSound8K/74726-8-0-9.wav,urbansound8k/74726,Siren,14,train
UrbanSound8K/74726-8-1-0.wav,urbansound8k/74726,Siren,14,train
UrbanSound8K/74726-8-1-1.wav,urbansound8k/74726,Siren,14,train
UrbanSound8K/74726-8-1-2.wav,urbansound8k/74726,Siren,14,train
UrbanSound8K/74726-8-2-0.wav,urbansound8k/74726,Siren,14,train
UrbanSound8K/74726-8-2-1.wav,urbansound8k/74726,Siren,14,train
UrbanSound8K/74726-8-2-2.wav,urbansound8k/74726,Siren,14,train
UrbanSound8K/74726-8-2-3.wav,urbansound8k/74726,Siren,14,train
UrbanSound8K/74726-8-2-4.wav,urbansound8k/74726,Siren,14,train
UrbanSound8K/74726-8-2-5.wav,urbansound8k/74726,Siren,14,train
UrbanSound8K/74922-4-0-0.wav,urbansound8k/74922,Drilling,6,val
UrbanSound8K/74922-4-0-1.wav,urbansound8k/74922,Drilling,6,val
UrbanSound8K/74922-4-0-2.wav,urbansound8k/74922,Drilling,6,val
UrbanSound8K/74922-4-0-3.wav,urbansound8k/74922,Drilling,6,val
UrbanSound8K/74922-4-0-4.wav,urbansound8k/74922,Drilling,6,val
UrbanSound8K/74922-4-0-5.wav,urbansound8k/74922,Drilling,6,val
UrbanSound8K/74922-4-0-6.wav,urbansound8k/74922,Drilling,6,val
UrbanSound8K/74922-4-0-7.wav,urbansound8k/74922,Drilling,6,val
UrbanSound8K/74950-3-0-0.wav,urbansound8k/74950,Dog_Bark,4,train
UrbanSound8K/74950-3-2-4.wav,urbansound8k/74950,Dog_Bark,4,train
UrbanSound8K/74950-3-2-5.wav,urbansound8k/74950,Dog_Bark,4,train
UrbanSound8K/74965-4-0-0.wav,urbansound8k/74965,Drilling,6,val
UrbanSound8K/74965-4-0-1.wav,urbansound8k/74965,Drilling,6,val
UrbanSound8K/74965-4-0-2.wav,urbansound8k/74965,Drilling,6,val
UrbanSound8K/74965-4-0-3.wav,urbansound8k/74965,Drilling,6,val
UrbanSound8K/74965-4-1-0.wav,urbansound8k/74965,Drilling,6,val
UrbanSound8K/74965-4-1-1.wav,urbansound8k/74965,Drilling,6,val
UrbanSound8K/74965-4-1-2.wav,urbansound8k/74965,Drilling,6,val
UrbanSound8K/75490-8-0-0.wav,urbansound8k/75490,Siren,14,train
UrbanSound8K/75490-8-0-1.wav,urbansound8k/75490,Siren,14,train
UrbanSound8K/75490-8-0-2.wav,urbansound8k/75490,Siren,14,train
UrbanSound8K/75490-8-1-0.wav,urbansound8k/75490,Siren,14,train
UrbanSound8K/75490-8-1-1.wav,urbansound8k/75490,Siren,14,train
UrbanSound8K/76085-4-0-103.wav,urbansound8k/76085,Drilling,6,test
UrbanSound8K/76085-4-0-14.wav,urbansound8k/76085,Drilling,6,test
UrbanSound8K/76085-4-0-24.wav,urbansound8k/76085,Drilling,6,test
UrbanSound8K/76085-4-0-27.wav,urbansound8k/76085,Drilling,6,test
UrbanSound8K/76085-4-0-35.wav,urbansound8k/76085,Drilling,6,test
UrbanSound8K/76085-4-0-37.wav,urbansound8k/76085,Drilling,6,test
UrbanSound8K/76085-4-0-38.wav,urbansound8k/76085,Drilling,6,test
UrbanSound8K/76085-4-0-55.wav,urbansound8k/76085,Drilling,6,test
UrbanSound8K/76085-4-0-6.wav,urbansound8k/76085,Drilling,6,test
UrbanSound8K/76085-4-0-61.wav,urbansound8k/76085,Drilling,6,test
UrbanSound8K/76085-4-0-62.wav,urbansound8k/76085,Drilling,6,test
UrbanSound8K/76085-4-0-66.wav,urbansound8k/76085,Drilling,6,test
UrbanSound8K/76085-4-0-81.wav,urbansound8k/76085,Drilling,6,test
UrbanSound8K/76085-4-0-89.wav,urbansound8k/76085,Drilling,6,test
UrbanSound8K/76085-4-0-93.wav,urbansound8k/76085,Drilling,6,test
UrbanSound8K/76085-4-0-97.wav,urbansound8k/76085,Drilling,6,test
UrbanSound8K/76086-4-0-12.wav,urbansound8k/76086,Drilling,6,train
UrbanSound8K/76086-4-0-14.wav,urbansound8k/76086,Drilling,6,train
UrbanSound8K/76086-4-0-17.wav,urbansound8k/76086,Drilling,6,train
UrbanSound8K/76086-4-0-18.wav,urbansound8k/76086,Drilling,6,train
UrbanSound8K/76086-4-0-19.wav,urbansound8k/76086,Drilling,6,train
UrbanSound8K/76086-4-0-2.wav,urbansound8k/76086,Drilling,6,train
UrbanSound8K/76086-4-0-22.wav,urbansound8k/76086,Drilling,6,train
UrbanSound8K/76086-4-0-23.wav,urbansound8k/76086,Drilling,6,train
UrbanSound8K/76086-4-0-24.wav,urbansound8k/76086,Drilling,6,train
UrbanSound8K/76086-4-0-27.wav,urbansound8k/76086,Drilling,6,train
UrbanSound8K/76086-4-0-29.wav,urbansound8k/76086,Drilling,6,train
UrbanSound8K/76086-4-0-3.wav,urbansound8k/76086,Drilling,6,train
UrbanSound8K/76086-4-0-32.wav,urbansound8k/76086,Drilling,6,train
UrbanSound8K/76086-4-0-36.wav,urbansound8k/76086,Drilling,6,train
UrbanSound8K/76086-4-0-38.wav,urbansound8k/76086,Drilling,6,train
UrbanSound8K/76086-4-0-43.wav,urbansound8k/76086,Drilling,6,train
UrbanSound8K/76086-4-0-50.wav,urbansound8k/76086,Drilling,6,train
UrbanSound8K/76086-4-0-53.wav,urbansound8k/76086,Drilling,6,train
UrbanSound8K/76086-4-0-55.wav,urbansound8k/76086,Drilling,6,train
UrbanSound8K/76086-4-0-56.wav,urbansound8k/76086,Drilling,6,train
UrbanSound8K/76086-4-0-58.wav,urbansound8k/76086,Drilling,6,train
UrbanSound8K/76089-6-0-0.wav,urbansound8k/76089,Gunshot,9,train
UrbanSound8K/76091-6-5-0.wav,urbansound8k/76091,Gunshot,9,train
UrbanSound8K/76093-6-0-0.wav,urbansound8k/76093,Gunshot,9,train
UrbanSound8K/76093-6-1-0.wav,urbansound8k/76093,Gunshot,9,train
UrbanSound8K/76094-6-0-0.wav,urbansound8k/76094,Gunshot,9,train
UrbanSound8K/76094-6-1-0.wav,urbansound8k/76094,Gunshot,9,train
UrbanSound8K/76566-3-0-11.wav,urbansound8k/76566,Dog_Bark,4,train
UrbanSound8K/76566-3-0-3.wav,urbansound8k/76566,Dog_Bark,4,train
UrbanSound8K/76566-3-0-6.wav,urbansound8k/76566,Dog_Bark,4,train
UrbanSound8K/76566-3-0-8.wav,urbansound8k/76566,Dog_Bark,4,train
UrbanSound8K/76640-3-0-0.wav,urbansound8k/76640,Dog_Bark,4,train
UrbanSound8K/77233-3-0-105.wav,urbansound8k/77233,Dog_Bark,4,train
UrbanSound8K/77233-3-0-67.wav,urbansound8k/77233,Dog_Bark,4,train
UrbanSound8K/77233-3-0-7.wav,urbansound8k/77233,Dog_Bark,4,train
UrbanSound8K/77233-3-0-79.wav,urbansound8k/77233,Dog_Bark,4,train
UrbanSound8K/77246-6-0-0.wav,urbansound8k/77246,Gunshot,9,train
UrbanSound8K/77247-6-0-0.wav,urbansound8k/77247,Gunshot,9,train
UrbanSound8K/77509-1-0-0.wav,urbansound8k/77509,Vehicle_Horn,16,train
UrbanSound8K/77674-3-0-0.wav,urbansound8k/77674,Dog_Bark,4,train
UrbanSound8K/77751-4-0-0.wav,urbansound8k/77751,Drilling,6,train
UrbanSound8K/77751-4-0-1.wav,urbansound8k/77751,Drilling,6,train
UrbanSound8K/77751-4-1-0.wav,urbansound8k/77751,Drilling,6,train
UrbanSound8K/77751-4-1-1.wav,urbansound8k/77751,Drilling,6,train
UrbanSound8K/77751-4-2-0.wav,urbansound8k/77751,Drilling,6,train
UrbanSound8K/77751-4-3-0.wav,urbansound8k/77751,Drilling,6,train
UrbanSound8K/77751-4-4-0.wav,urbansound8k/77751,Drilling,6,train
UrbanSound8K/77751-4-5-0.wav,urbansound8k/77751,Drilling,6,train
UrbanSound8K/77751-4-6-0.wav,urbansound8k/77751,Drilling,6,train
UrbanSound8K/77751-4-7-0.wav,urbansound8k/77751,Drilling,6,train
UrbanSound8K/77751-4-8-0.wav,urbansound8k/77751,Drilling,6,train
UrbanSound8K/77751-4-9-0.wav,urbansound8k/77751,Drilling,6,train
UrbanSound8K/77751-4-9-1.wav,urbansound8k/77751,Drilling,6,train
UrbanSound8K/77751-4-9-2.wav,urbansound8k/77751,Drilling,6,train
UrbanSound8K/77751-4-9-3.wav,urbansound8k/77751,Drilling,6,train
UrbanSound8K/77751-7-0-0.wav,urbansound8k/77751,Jackhammer,11,train
UrbanSound8K/77751-7-0-1.wav,urbansound8k/77751,Jackhammer,11,train
UrbanSound8K/77751-7-1-0.wav,urbansound8k/77751,Jackhammer,11,train
UrbanSound8K/77751-7-1-1.wav,urbansound8k/77751,Jackhammer,11,train
UrbanSound8K/77751-7-2-0.wav,urbansound8k/77751,Jackhammer,11,train
UrbanSound8K/77751-7-3-0.wav,urbansound8k/77751,Jackhammer,11,train
UrbanSound8K/77751-7-4-0.wav,urbansound8k/77751,Jackhammer,11,train
UrbanSound8K/77751-7-5-0.wav,urbansound8k/77751,Jackhammer,11,train
UrbanSound8K/77751-7-6-0.wav,urbansound8k/77751,Jackhammer,11,train
UrbanSound8K/77751-7-7-0.wav,urbansound8k/77751,Jackhammer,11,train
UrbanSound8K/77751-7-8-0.wav,urbansound8k/77751,Jackhammer,11,train
UrbanSound8K/77751-7-9-0.wav,urbansound8k/77751,Jackhammer,11,train
UrbanSound8K/77751-7-9-1.wav,urbansound8k/77751,Jackhammer,11,train
UrbanSound8K/77751-7-9-2.wav,urbansound8k/77751,Jackhammer,11,train
UrbanSound8K/77751-7-9-3.wav,urbansound8k/77751,Jackhammer,11,train
UrbanSound8K/77774-4-0-0.wav,urbansound8k/77774,Drilling,6,train
UrbanSound8K/77774-4-0-1.wav,urbansound8k/77774,Drilling,6,train
UrbanSound8K/77774-4-0-2.wav,urbansound8k/77774,Drilling,6,train
UrbanSound8K/77774-4-0-3.wav,urbansound8k/77774,Drilling,6,train
UrbanSound8K/77774-4-1-0.wav,urbansound8k/77774,Drilling,6,train
UrbanSound8K/77774-4-1-1.wav,urbansound8k/77774,Drilling,6,train
UrbanSound8K/77927-3-0-0.wav,urbansound8k/77927,Dog_Bark,4,train
UrbanSound8K/77927-3-0-1.wav,urbansound8k/77927,Dog_Bark,4,train
UrbanSound8K/77927-3-0-2.wav,urbansound8k/77927,Dog_Bark,4,train
UrbanSound8K/77927-3-1-1.wav,urbansound8k/77927,Dog_Bark,4,train
UrbanSound8K/78360-4-0-0.wav,urbansound8k/78360,Drilling,6,train
UrbanSound8K/78360-4-0-1.wav,urbansound8k/78360,Drilling,6,train
UrbanSound8K/78360-4-0-11.wav,urbansound8k/78360,Drilling,6,train
UrbanSound8K/78360-4-0-12.wav,urbansound8k/78360,Drilling,6,train
UrbanSound8K/78360-4-0-14.wav,urbansound8k/78360,Drilling,6,train
UrbanSound8K/78360-4-0-15.wav,urbansound8k/78360,Drilling,6,train
UrbanSound8K/78360-4-0-16.wav,urbansound8k/78360,Drilling,6,train
UrbanSound8K/78360-4-0-17.wav,urbansound8k/78360,Drilling,6,train
UrbanSound8K/78360-4-0-18.wav,urbansound8k/78360,Drilling,6,train
UrbanSound8K/78360-4-0-19.wav,urbansound8k/78360,Drilling,6,train
UrbanSound8K/78360-4-0-2.wav,urbansound8k/78360,Drilling,6,train
UrbanSound8K/78360-4-0-20.wav,urbansound8k/78360,Drilling,6,train
UrbanSound8K/78360-4-0-21.wav,urbansound8k/78360,Drilling,6,train
UrbanSound8K/78360-4-0-22.wav,urbansound8k/78360,Drilling,6,train
UrbanSound8K/78360-4-0-23.wav,urbansound8k/78360,Drilling,6,train
UrbanSound8K/78360-4-0-3.wav,urbansound8k/78360,Drilling,6,train
UrbanSound8K/78360-4-0-4.wav,urbansound8k/78360,Drilling,6,train
UrbanSound8K/78360-4-0-5.wav,urbansound8k/78360,Drilling,6,train
UrbanSound8K/78360-4-0-6.wav,urbansound8k/78360,Drilling,6,train
UrbanSound8K/78360-4-0-7.wav,urbansound8k/78360,Drilling,6,train
UrbanSound8K/78360-4-0-8.wav,urbansound8k/78360,Drilling,6,train
UrbanSound8K/78360-4-0-9.wav,urbansound8k/78360,Drilling,6,train
UrbanSound8K/78651-5-0-0.wav,urbansound8k/78651,Car_Engine,3,train
UrbanSound8K/78651-5-0-1.wav,urbansound8k/78651,Car_Engine,3,train
UrbanSound8K/78651-5-0-10.wav,urbansound8k/78651,Car_Engine,3,train
UrbanSound8K/78651-5-0-11.wav,urbansound8k/78651,Car_Engine,3,train
UrbanSound8K/78651-5-0-12.wav,urbansound8k/78651,Car_Engine,3,train
UrbanSound8K/78651-5-0-13.wav,urbansound8k/78651,Car_Engine,3,train
UrbanSound8K/78651-5-0-14.wav,urbansound8k/78651,Car_Engine,3,train
UrbanSound8K/78651-5-0-15.wav,urbansound8k/78651,Car_Engine,3,train
UrbanSound8K/78651-5-0-16.wav,urbansound8k/78651,Car_Engine,3,train
UrbanSound8K/78651-5-0-17.wav,urbansound8k/78651,Car_Engine,3,train
UrbanSound8K/78651-5-0-2.wav,urbansound8k/78651,Car_Engine,3,train
UrbanSound8K/78651-5-0-3.wav,urbansound8k/78651,Car_Engine,3,train
UrbanSound8K/78651-5-0-4.wav,urbansound8k/78651,Car_Engine,3,train
UrbanSound8K/78651-5-0-5.wav,urbansound8k/78651,Car_Engine,3,train
UrbanSound8K/78651-5-0-6.wav,urbansound8k/78651,Car_Engine,3,train
UrbanSound8K/78651-5-0-7.wav,urbansound8k/78651,Car_Engine,3,train
UrbanSound8K/78651-5-0-8.wav,urbansound8k/78651,Car_Engine,3,train
UrbanSound8K/78651-5-0-9.wav,urbansound8k/78651,Car_Engine,3,train
UrbanSound8K/78776-6-0-0.wav,urbansound8k/78776,Gunshot,9,train
UrbanSound8K/7913-3-0-0.wav,urbansound8k/7913,Dog_Bark,4,train
UrbanSound8K/7913-3-1-0.wav,urbansound8k/7913,Dog_Bark,4,train
UrbanSound8K/7913-3-2-0.wav,urbansound8k/7913,Dog_Bark,4,train
UrbanSound8K/7913-3-3-0.wav,urbansound8k/7913,Dog_Bark,4,train
UrbanSound8K/79584-3-0-4.wav,urbansound8k/79584,Dog_Bark,4,train
UrbanSound8K/79584-3-0-5.wav,urbansound8k/79584,Dog_Bark,4,train
UrbanSound8K/79584-3-0-8.wav,urbansound8k/79584,Dog_Bark,4,train
UrbanSound8K/79584-3-1-2.wav,urbansound8k/79584,Dog_Bark,4,train
UrbanSound8K/7965-3-11-0.wav,urbansound8k/7965,Dog_Bark,4,val
UrbanSound8K/7965-3-16-0.wav,urbansound8k/7965,Dog_Bark,4,val
UrbanSound8K/7965-3-22-0.wav,urbansound8k/7965,Dog_Bark,4,val
UrbanSound8K/7965-3-3-0.wav,urbansound8k/7965,Dog_Bark,4,val
UrbanSound8K/7975-3-0-0.wav,urbansound8k/7975,Dog_Bark,4,train
UrbanSound8K/81068-5-0-0.wav,urbansound8k/81068,Car_Engine,3,train
UrbanSound8K/81068-5-0-1.wav,urbansound8k/81068,Car_Engine,3,train
UrbanSound8K/81068-5-0-2.wav,urbansound8k/81068,Car_Engine,3,train
UrbanSound8K/81068-5-0-3.wav,urbansound8k/81068,Car_Engine,3,train
UrbanSound8K/81068-5-0-4.wav,urbansound8k/81068,Car_Engine,3,train
UrbanSound8K/81068-5-0-5.wav,urbansound8k/81068,Car_Engine,3,train
UrbanSound8K/81068-5-1-0.wav,urbansound8k/81068,Car_Engine,3,train
UrbanSound8K/81068-5-2-0.wav,urbansound8k/81068,Car_Engine,3,train
UrbanSound8K/81117-4-0-0.wav,urbansound8k/81117,Drilling,6,train
UrbanSound8K/81117-4-0-1.wav,urbansound8k/81117,Drilling,6,train
UrbanSound8K/81117-4-0-2.wav,urbansound8k/81117,Drilling,6,train
UrbanSound8K/81117-4-0-3.wav,urbansound8k/81117,Drilling,6,train
UrbanSound8K/81117-4-0-4.wav,urbansound8k/81117,Drilling,6,train
UrbanSound8K/81117-4-0-5.wav,urbansound8k/81117,Drilling,6,train
UrbanSound8K/81722-3-0-21.wav,urbansound8k/81722,Dog_Bark,4,train
UrbanSound8K/81722-3-0-22.wav,urbansound8k/81722,Dog_Bark,4,train
UrbanSound8K/81722-3-0-26.wav,urbansound8k/81722,Dog_Bark,4,train
UrbanSound8K/81722-3-0-28.wav,urbansound8k/81722,Dog_Bark,4,train
UrbanSound8K/81791-3-0-0.wav,urbansound8k/81791,Dog_Bark,4,test
UrbanSound8K/81791-3-0-1.wav,urbansound8k/81791,Dog_Bark,4,test
UrbanSound8K/81791-3-1-0.wav,urbansound8k/81791,Dog_Bark,4,test
UrbanSound8K/81799-3-0-0.wav,urbansound8k/81799,Dog_Bark,4,test
UrbanSound8K/81799-3-0-1.wav,urbansound8k/81799,Dog_Bark,4,test
UrbanSound8K/81799-3-1-0.wav,urbansound8k/81799,Dog_Bark,4,test
UrbanSound8K/81799-3-1-2.wav,urbansound8k/81799,Dog_Bark,4,test
UrbanSound8K/82024-3-0-4.wav,urbansound8k/82024,Dog_Bark,4,test
UrbanSound8K/82024-3-0-5.wav,urbansound8k/82024,Dog_Bark,4,test
UrbanSound8K/82024-3-0-6.wav,urbansound8k/82024,Dog_Bark,4,test
UrbanSound8K/82024-3-0-8.wav,urbansound8k/82024,Dog_Bark,4,test
UrbanSound8K/82317-1-0-0.wav,urbansound8k/82317,Vehicle_Horn,16,val
UrbanSound8K/82811-3-0-1.wav,urbansound8k/82811,Dog_Bark,4,train
UrbanSound8K/82811-3-0-2.wav,urbansound8k/82811,Dog_Bark,4,train
UrbanSound8K/82811-3-3-0.wav,urbansound8k/82811,Dog_Bark,4,train
UrbanSound8K/82811-3-4-0.wav,urbansound8k/82811,Dog_Bark,4,train
UrbanSound8K/83465-1-0-0.wav,urbansound8k/83465,Vehicle_Horn,16,train
UrbanSound8K/83488-1-0-0.wav,urbansound8k/83488,Vehicle_Horn,16,train
UrbanSound8K/83680-5-0-0.wav,urbansound8k/83680,Car_Engine,3,val
UrbanSound8K/83680-5-0-1.wav,urbansound8k/83680,Car_Engine,3,val
UrbanSound8K/83680-5-0-2.wav,urbansound8k/83680,Car_Engine,3,val
UrbanSound8K/83680-5-0-3.wav,urbansound8k/83680,Car_Engine,3,val
UrbanSound8K/84254-6-0-0.wav,urbansound8k/84254,Gunshot,9,train
UrbanSound8K/84317-3-0-0.wav,urbansound8k/84317,Dog_Bark,4,val
UrbanSound8K/84699-4-0-0.wav,urbansound8k/84699,Drilling,6,train
UrbanSound8K/84699-4-1-0.wav,urbansound8k/84699,Drilling,6,train
UrbanSound8K/84699-4-2-0.wav,urbansound8k/84699,Drilling,6,train
UrbanSound8K/84699-4-3-0.wav,urbansound8k/84699,Drilling,6,train
UrbanSound8K/84699-4-4-0.wav,urbansound8k/84699,Drilling,6,train
UrbanSound8K/84699-4-5-0.wav,urbansound8k/84699,Drilling,6,train
UrbanSound8K/84699-4-6-0.wav,urbansound8k/84699,Drilling,6,train
UrbanSound8K/85362-3-0-0.wav,urbansound8k/85362,Dog_Bark,4,val
UrbanSound8K/85362-3-1-0.wav,urbansound8k/85362,Dog_Bark,4,val
UrbanSound8K/85362-3-2-0.wav,urbansound8k/85362,Dog_Bark,4,val
UrbanSound8K/85362-3-3-0.wav,urbansound8k/85362,Dog_Bark,4,val
UrbanSound8K/85544-3-5-0.wav,urbansound8k/85544,Dog_Bark,4,train
UrbanSound8K/85544-3-6-0.wav,urbansound8k/85544,Dog_Bark,4,train
UrbanSound8K/85544-3-7-0.wav,urbansound8k/85544,Dog_Bark,4,train
UrbanSound8K/85574-3-0-0.wav,urbansound8k/85574,Dog_Bark,4,train
UrbanSound8K/85574-3-0-12.wav,urbansound8k/85574,Dog_Bark,4,train
UrbanSound8K/85574-3-0-2.wav,urbansound8k/85574,Dog_Bark,4,train
UrbanSound8K/85574-3-0-8.wav,urbansound8k/85574,Dog_Bark,4,train
UrbanSound8K/85661-3-0-0.wav,urbansound8k/85661,Dog_Bark,4,test
UrbanSound8K/85662-3-0-0.wav,urbansound8k/85662,Dog_Bark,4,val
UrbanSound8K/85663-3-0-0.wav,urbansound8k/85663,Dog_Bark,4,train
UrbanSound8K/85664-3-0-0.wav,urbansound8k/85664,Dog_Bark,4,train
UrbanSound8K/85665-3-0-0.wav,urbansound8k/85665,Dog_Bark,4,train
UrbanSound8K/86278-6-0-0.wav,urbansound8k/86278,Gunshot,9,train
UrbanSound8K/86279-3-0-0.wav,urbansound8k/86279,Dog_Bark,4,train
UrbanSound8K/86284-3-0-0.wav,urbansound8k/86284,Dog_Bark,4,val
UrbanSound8K/86284-3-1-0.wav,urbansound8k/86284,Dog_Bark,4,val
UrbanSound8K/87562-6-0-0.wav,urbansound8k/87562,Gunshot,9,train
UrbanSound8K/88121-8-0-0.wav,urbansound8k/88121,Siren,14,train
UrbanSound8K/88121-8-0-1.wav,urbansound8k/88121,Siren,14,train
UrbanSound8K/88121-8-0-2.wav,urbansound8k/88121,Siren,14,train
UrbanSound8K/88121-8-0-3.wav,urbansound8k/88121,Siren,14,train
UrbanSound8K/88121-8-1-0.wav,urbansound8k/88121,Siren,14,train
UrbanSound8K/88121-8-2-0.wav,urbansound8k/88121,Siren,14,train
UrbanSound8K/88466-7-0-0.wav,urbansound8k/88466,Jackhammer,11,test
UrbanSound8K/89099-4-0-0.wav,urbansound8k/89099,Drilling,6,train
UrbanSound8K/89099-4-0-1.wav,urbansound8k/89099,Drilling,6,train
UrbanSound8K/89099-4-0-2.wav,urbansound8k/89099,Drilling,6,train
UrbanSound8K/89209-3-0-0.wav,urbansound8k/89209,Dog_Bark,4,val
UrbanSound8K/89210-3-0-0.wav,urbansound8k/89210,Dog_Bark,4,val
UrbanSound8K/89211-3-0-0.wav,urbansound8k/89211,Dog_Bark,4,val
UrbanSound8K/89212-3-0-0.wav,urbansound8k/89212,Dog_Bark,4,train
UrbanSound8K/89213-3-0-0.wav,urbansound8k/89213,Dog_Bark,4,train
UrbanSound8K/89679-1-0-0.wav,urbansound8k/89679,Vehicle_Horn,16,train
UrbanSound8K/89679-1-1-0.wav,urbansound8k/89679,Vehicle_Horn,16,train
UrbanSound8K/89724-5-0-0.wav,urbansound8k/89724,Car_Engine,3,train
UrbanSound8K/89724-5-0-1.wav,urbansound8k/89724,Car_Engine,3,train
UrbanSound8K/89724-5-0-2.wav,urbansound8k/89724,Car_Engine,3,train
UrbanSound8K/89724-5-0-3.wav,urbansound8k/89724,Car_Engine,3,train
UrbanSound8K/89724-5-0-4.wav,urbansound8k/89724,Car_Engine,3,train
UrbanSound8K/89724-5-0-5.wav,urbansound8k/89724,Car_Engine,3,train
UrbanSound8K/89948-5-0-0.wav,urbansound8k/89948,Car_Engine,3,train
UrbanSound8K/90013-7-0-0.wav,urbansound8k/90013,Jackhammer,11,val
UrbanSound8K/90013-7-0-1.wav,urbansound8k/90013,Jackhammer,11,val
UrbanSound8K/90013-7-0-2.wav,urbansound8k/90013,Jackhammer,11,val
UrbanSound8K/90013-7-0-3.wav,urbansound8k/90013,Jackhammer,11,val
UrbanSound8K/90013-7-0-4.wav,urbansound8k/90013,Jackhammer,11,val
UrbanSound8K/90013-7-0-5.wav,urbansound8k/90013,Jackhammer,11,val
UrbanSound8K/90013-7-0-6.wav,urbansound8k/90013,Jackhammer,11,val
UrbanSound8K/90013-7-0-7.wav,urbansound8k/90013,Jackhammer,11,val
UrbanSound8K/90013-7-1-0.wav,urbansound8k/90013,Jackhammer,11,val
UrbanSound8K/90013-7-1-1.wav,urbansound8k/90013,Jackhammer,11,val
UrbanSound8K/90013-7-1-2.wav,urbansound8k/90013,Jackhammer,11,val
UrbanSound8K/90013-7-1-3.wav,urbansound8k/90013,Jackhammer,11,val
UrbanSound8K/90013-7-1-4.wav,urbansound8k/90013,Jackhammer,11,val
UrbanSound8K/90013-7-1-5.wav,urbansound8k/90013,Jackhammer,11,val
UrbanSound8K/90014-8-0-0.wav,urbansound8k/90014,Siren,14,test
UrbanSound8K/90014-8-0-1.wav,urbansound8k/90014,Siren,14,test
UrbanSound8K/90014-8-0-2.wav,urbansound8k/90014,Siren,14,test
UrbanSound8K/90014-8-0-3.wav,urbansound8k/90014,Siren,14,test
UrbanSound8K/90014-8-0-4.wav,urbansound8k/90014,Siren,14,test
UrbanSound8K/90014-8-0-5.wav,urbansound8k/90014,Siren,14,test
UrbanSound8K/90014-8-0-6.wav,urbansound8k/90014,Siren,14,test
UrbanSound8K/9031-3-2-0.wav,urbansound8k/9031,Dog_Bark,4,train
UrbanSound8K/9031-3-3-0.wav,urbansound8k/9031,Dog_Bark,4,train
UrbanSound8K/9031-3-4-0.wav,urbansound8k/9031,Dog_Bark,4,train
UrbanSound8K/9032-3-1-0.wav,urbansound8k/9032,Dog_Bark,4,val
UrbanSound8K/9032-3-2-0.wav,urbansound8k/9032,Dog_Bark,4,val
UrbanSound8K/90846-8-0-0.wav,urbansound8k/90846,Siren,14,train
UrbanSound8K/91209-5-0-0.wav,urbansound8k/91209,Car_Engine,3,train
UrbanSound8K/91209-5-0-1.wav,urbansound8k/91209,Car_Engine,3,train
UrbanSound8K/91209-5-0-2.wav,urbansound8k/91209,Car_Engine,3,train
UrbanSound8K/91209-5-1-0.wav,urbansound8k/91209,Car_Engine,3,train
UrbanSound8K/91209-5-1-1.wav,urbansound8k/91209,Car_Engine,3,train
UrbanSound8K/91209-5-1-2.wav,urbansound8k/91209,Car_Engine,3,train
UrbanSound8K/91209-5-1-3.wav,urbansound8k/91209,Car_Engine,3,train
UrbanSound8K/91209-5-1-4.wav,urbansound8k/91209,Car_Engine,3,train
UrbanSound8K/91209-5-1-5.wav,urbansound8k/91209,Car_Engine,3,train
UrbanSound8K/91396-8-0-0.wav,urbansound8k/91396,Siren,14,train
UrbanSound8K/91396-8-0-1.wav,urbansound8k/91396,Siren,14,train
UrbanSound8K/91396-8-0-2.wav,urbansound8k/91396,Siren,14,train
UrbanSound8K/91396-8-0-3.wav,urbansound8k/91396,Siren,14,train
UrbanSound8K/91533-5-0-0.wav,urbansound8k/91533,Car_Engine,3,test
UrbanSound8K/91533-5-0-1.wav,urbansound8k/91533,Car_Engine,3,test
UrbanSound8K/91533-5-0-2.wav,urbansound8k/91533,Car_Engine,3,test
UrbanSound8K/91533-5-0-3.wav,urbansound8k/91533,Car_Engine,3,test
UrbanSound8K/93139-6-0-0.wav,urbansound8k/93139,Gunshot,9,train
UrbanSound8K/93567-8-0-0.wav,urbansound8k/93567,Siren,14,test
UrbanSound8K/93567-8-0-1.wav,urbansound8k/93567,Siren,14,test
UrbanSound8K/93567-8-0-10.wav,urbansound8k/93567,Siren,14,test
UrbanSound8K/93567-8-0-11.wav,urbansound8k/93567,Siren,14,test
UrbanSound8K/93567-8-0-12.wav,urbansound8k/93567,Siren,14,test
UrbanSound8K/93567-8-0-13.wav,urbansound8k/93567,Siren,14,test
UrbanSound8K/93567-8-0-14.wav,urbansound8k/93567,Siren,14,test
UrbanSound8K/93567-8-0-15.wav,urbansound8k/93567,Siren,14,test
UrbanSound8K/93567-8-0-16.wav,urbansound8k/93567,Siren,14,test
UrbanSound8K/93567-8-0-17.wav,urbansound8k/93567,Siren,14,test
UrbanSound8K/93567-8-0-18.wav,urbansound8k/93567,Siren,14,test
UrbanSound8K/93567-8-0-19.wav,urbansound8k/93567,Siren,14,test
UrbanSound8K/93567-8-0-2.wav,urbansound8k/93567,Siren,14,test
UrbanSound8K/93567-8-0-3.wav,urbansound8k/93567,Siren,14,test
UrbanSound8K/93567-8-0-4.wav,urbansound8k/93567,Siren,14,test
UrbanSound8K/93567-8-0-5.wav,urbansound8k/93567,Siren,14,test
UrbanSound8K/93567-8-0-6.wav,urbansound8k/93567,Siren,14,test
UrbanSound8K/93567-8-0-7.wav,urbansound8k/93567,Siren,14,test
UrbanSound8K/93567-8-0-8.wav,urbansound8k/93567,Siren,14,test
UrbanSound8K/93567-8-0-9.wav,urbansound8k/93567,Siren,14,test
UrbanSound8K/94020-8-0-0.wav,urbansound8k/94020,Siren,14,train
UrbanSound8K/94020-8-1-0.wav,urbansound8k/94020,Siren,14,train
UrbanSound8K/94401-1-0-0.wav,urbansound8k/94401,Vehicle_Horn,16,train
UrbanSound8K/94632-5-0-0.wav,urbansound8k/94632,Car_Engine,3,val
UrbanSound8K/94632-5-0-10.wav,urbansound8k/94632,Car_Engine,3,val
UrbanSound8K/94632-5-0-13.wav,urbansound8k/94632,Car_Engine,3,val
UrbanSound8K/94632-5-0-14.wav,urbansound8k/94632,Car_Engine,3,val
UrbanSound8K/94632-5-0-15.wav,urbansound8k/94632,Car_Engine,3,val
UrbanSound8K/94632-5-0-2.wav,urbansound8k/94632,Car_Engine,3,val
UrbanSound8K/94632-5-0-21.wav,urbansound8k/94632,Car_Engine,3,val
UrbanSound8K/94632-5-0-22.wav,urbansound8k/94632,Car_Engine,3,val
UrbanSound8K/94632-5-0-25.wav,urbansound8k/94632,Car_Engine,3,val
UrbanSound8K/94632-5-0-27.wav,urbansound8k/94632,Car_Engine,3,val
UrbanSound8K/94632-5-0-28.wav,urbansound8k/94632,Car_Engine,3,val
UrbanSound8K/94632-5-0-29.wav,urbansound8k/94632,Car_Engine,3,val
UrbanSound8K/94632-5-0-31.wav,urbansound8k/94632,Car_Engine,3,val
UrbanSound8K/94632-5-0-33.wav,urbansound8k/94632,Car_Engine,3,val
UrbanSound8K/94632-5-0-34.wav,urbansound8k/94632,Car_Engine,3,val
UrbanSound8K/94632-5-0-6.wav,urbansound8k/94632,Car_Engine,3,val
UrbanSound8K/94632-5-0-8.wav,urbansound8k/94632,Car_Engine,3,val
UrbanSound8K/94632-5-0-9.wav,urbansound8k/94632,Car_Engine,3,val
UrbanSound8K/94632-5-1-11.wav,urbansound8k/94632,Car_Engine,3,val
UrbanSound8K/94632-5-1-13.wav,urbansound8k/94632,Car_Engine,3,val
UrbanSound8K/94632-5-1-14.wav,urbansound8k/94632,Car_Engine,3,val
UrbanSound8K/94632-5-1-17.wav,urbansound8k/94632,Car_Engine,3,val
UrbanSound8K/94632-5-1-18.wav,urbansound8k/94632,Car_Engine,3,val
UrbanSound8K/94632-5-1-19.wav,urbansound8k/94632,Car_Engine,3,val
UrbanSound8K/94632-5-1-2.wav,urbansound8k/94632,Car_Engine,3,val
UrbanSound8K/94632-5-1-23.wav,urbansound8k/94632,Car_Engine,3,val
UrbanSound8K/94632-5-1-26.wav,urbansound8k/94632,Car_Engine,3,val
UrbanSound8K/94632-5-1-28.wav,urbansound8k/94632,Car_Engine,3,val
UrbanSound8K/94632-5-1-30.wav,urbansound8k/94632,Car_Engine,3,val
UrbanSound8K/94632-5-1-7.wav,urbansound8k/94632,Car_Engine,3,val
UrbanSound8K/94632-5-1-9.wav,urbansound8k/94632,Car_Engine,3,val
UrbanSound8K/94636-8-0-0.wav,urbansound8k/94636,Siren,14,train
UrbanSound8K/94636-8-0-1.wav,urbansound8k/94636,Siren,14,train
UrbanSound8K/94636-8-0-10.wav,urbansound8k/94636,Siren,14,train
UrbanSound8K/94636-8-0-11.wav,urbansound8k/94636,Siren,14,train
UrbanSound8K/94636-8-0-12.wav,urbansound8k/94636,Siren,14,train
UrbanSound8K/94636-8-0-13.wav,urbansound8k/94636,Siren,14,train
UrbanSound8K/94636-8-0-14.wav,urbansound8k/94636,Siren,14,train
UrbanSound8K/94636-8-0-15.wav,urbansound8k/94636,Siren,14,train
UrbanSound8K/94636-8-0-16.wav,urbansound8k/94636,Siren,14,train
UrbanSound8K/94636-8-0-17.wav,urbansound8k/94636,Siren,14,train
UrbanSound8K/94636-8-0-18.wav,urbansound8k/94636,Siren,14,train
UrbanSound8K/94636-8-0-19.wav,urbansound8k/94636,Siren,14,train
UrbanSound8K/94636-8-0-2.wav,urbansound8k/94636,Siren,14,train
UrbanSound8K/94636-8-0-20.wav,urbansound8k/94636,Siren,14,train
UrbanSound8K/94636-8-0-21.wav,urbansound8k/94636,Siren,14,train
UrbanSound8K/94636-8-0-3.wav,urbansound8k/94636,Siren,14,train
UrbanSound8K/94636-8-0-4.wav,urbansound8k/94636,Siren,14,train
UrbanSound8K/94636-8-0-5.wav,urbansound8k/94636,Siren,14,train
UrbanSound8K/94636-8-0-6.wav,urbansound8k/94636,Siren,14,train
UrbanSound8K/94636-8-0-7.wav,urbansound8k/94636,Siren,14,train
UrbanSound8K/94636-8-0-8.wav,urbansound8k/94636,Siren,14,train
UrbanSound8K/94636-8-0-9.wav,urbansound8k/94636,Siren,14,train
UrbanSound8K/94710-5-0-0.wav,urbansound8k/94710,Car_Engine,3,train
UrbanSound8K/94710-5-0-1.wav,urbansound8k/94710,Car_Engine,3,train
UrbanSound8K/94710-5-0-2.wav,urbansound8k/94710,Car_Engine,3,train
UrbanSound8K/94710-5-0-3.wav,urbansound8k/94710,Car_Engine,3,train
UrbanSound8K/94710-5-1-0.wav,urbansound8k/94710,Car_Engine,3,train
UrbanSound8K/95077-5-0-0.wav,urbansound8k/95077,Car_Engine,3,train
UrbanSound8K/95404-3-0-0.wav,urbansound8k/95404,Dog_Bark,4,train
UrbanSound8K/95404-3-0-1.wav,urbansound8k/95404,Dog_Bark,4,train
UrbanSound8K/95404-3-0-4.wav,urbansound8k/95404,Dog_Bark,4,train
UrbanSound8K/95404-3-0-5.wav,urbansound8k/95404,Dog_Bark,4,train
UrbanSound8K/95532-3-0-0.wav,urbansound8k/95532,Dog_Bark,4,test
UrbanSound8K/95536-3-0-1.wav,urbansound8k/95536,Dog_Bark,4,test
UrbanSound8K/95536-3-0-2.wav,urbansound8k/95536,Dog_Bark,4,test
UrbanSound8K/95536-3-0-4.wav,urbansound8k/95536,Dog_Bark,4,test
UrbanSound8K/95536-3-0-5.wav,urbansound8k/95536,Dog_Bark,4,test
UrbanSound8K/95549-3-0-14.wav,urbansound8k/95549,Dog_Bark,4,train
UrbanSound8K/95549-3-0-20.wav,urbansound8k/95549,Dog_Bark,4,train
UrbanSound8K/95549-3-0-6.wav,urbansound8k/95549,Dog_Bark,4,train
UrbanSound8K/95549-3-0-7.wav,urbansound8k/95549,Dog_Bark,4,train
UrbanSound8K/95562-4-0-0.wav,urbansound8k/95562,Drilling,6,train
UrbanSound8K/95562-4-1-0.wav,urbansound8k/95562,Drilling,6,train
UrbanSound8K/95562-4-2-0.wav,urbansound8k/95562,Drilling,6,train
UrbanSound8K/95562-4-3-0.wav,urbansound8k/95562,Drilling,6,train
UrbanSound8K/95562-4-3-1.wav,urbansound8k/95562,Drilling,6,train
UrbanSound8K/96158-4-0-0.wav,urbansound8k/96158,Drilling,6,train
UrbanSound8K/96159-4-0-0.wav,urbansound8k/96159,Drilling,6,test
UrbanSound8K/96159-4-1-0.wav,urbansound8k/96159,Drilling,6,test
UrbanSound8K/96657-8-0-0.wav,urbansound8k/96657,Siren,14,train
UrbanSound8K/96657-8-0-1.wav,urbansound8k/96657,Siren,14,train
UrbanSound8K/96657-8-0-2.wav,urbansound8k/96657,Siren,14,train
UrbanSound8K/96657-8-0-3.wav,urbansound8k/96657,Siren,14,train
UrbanSound8K/9674-1-0-0.wav,urbansound8k/9674,Vehicle_Horn,16,train
UrbanSound8K/9674-1-0-1.wav,urbansound8k/9674,Vehicle_Horn,16,train
UrbanSound8K/9674-1-0-2.wav,urbansound8k/9674,Vehicle_Horn,16,train
UrbanSound8K/97193-3-0-0.wav,urbansound8k/97193,Dog_Bark,4,train
UrbanSound8K/97193-3-0-1.wav,urbansound8k/97193,Dog_Bark,4,train
UrbanSound8K/97193-3-0-4.wav,urbansound8k/97193,Dog_Bark,4,train
UrbanSound8K/97193-3-0-6.wav,urbansound8k/97193,Dog_Bark,4,train
UrbanSound8K/97392-3-0-0.wav,urbansound8k/97392,Dog_Bark,4,train
UrbanSound8K/97606-7-0-0.wav,urbansound8k/97606,Jackhammer,11,train
UrbanSound8K/97606-7-1-0.wav,urbansound8k/97606,Jackhammer,11,train
UrbanSound8K/97606-7-2-0.wav,urbansound8k/97606,Jackhammer,11,train
UrbanSound8K/97606-7-3-0.wav,urbansound8k/97606,Jackhammer,11,train
UrbanSound8K/97606-7-4-0.wav,urbansound8k/97606,Jackhammer,11,train
UrbanSound8K/97606-7-5-0.wav,urbansound8k/97606,Jackhammer,11,train
UrbanSound8K/97756-3-0-0.wav,urbansound8k/97756,Dog_Bark,4,train
UrbanSound8K/98223-7-0-0.wav,urbansound8k/98223,Jackhammer,11,test
UrbanSound8K/98223-7-1-0.wav,urbansound8k/98223,Jackhammer,11,test
UrbanSound8K/98223-7-10-0.wav,urbansound8k/98223,Jackhammer,11,test
UrbanSound8K/98223-7-2-0.wav,urbansound8k/98223,Jackhammer,11,test
UrbanSound8K/98223-7-3-0.wav,urbansound8k/98223,Jackhammer,11,test
UrbanSound8K/98223-7-4-0.wav,urbansound8k/98223,Jackhammer,11,test
UrbanSound8K/98223-7-5-0.wav,urbansound8k/98223,Jackhammer,11,test
UrbanSound8K/98223-7-6-0.wav,urbansound8k/98223,Jackhammer,11,test
UrbanSound8K/98223-7-7-0.wav,urbansound8k/98223,Jackhammer,11,test
UrbanSound8K/98223-7-8-0.wav,urbansound8k/98223,Jackhammer,11,test
UrbanSound8K/98223-7-9-0.wav,urbansound8k/98223,Jackhammer,11,test
UrbanSound8K/98525-8-0-0.wav,urbansound8k/98525,Siren,14,train
UrbanSound8K/98536-8-0-0.wav,urbansound8k/98536,Siren,14,train
UrbanSound8K/98859-7-0-0.wav,urbansound8k/98859,Jackhammer,11,train
UrbanSound8K/98859-7-1-0.wav,urbansound8k/98859,Jackhammer,11,train
UrbanSound8K/98859-7-2-0.wav,urbansound8k/98859,Jackhammer,11,train
UrbanSound8K/98859-7-2-1.wav,urbansound8k/98859,Jackhammer,11,train
UrbanSound8K/98859-7-2-2.wav,urbansound8k/98859,Jackhammer,11,train
UrbanSound8K/98859-7-2-3.wav,urbansound8k/98859,Jackhammer,11,train
UrbanSound8K/98859-7-2-4.wav,urbansound8k/98859,Jackhammer,11,train
UrbanSound8K/98859-7-2-5.wav,urbansound8k/98859,Jackhammer,11,train
UrbanSound8K/99185-3-0-0.wav,urbansound8k/99185,Dog_Bark,4,val
UrbanSound8K/99192-4-0-0.wav,urbansound8k/99192,Drilling,6,train
UrbanSound8K/99192-4-0-1.wav,urbansound8k/99192,Drilling,6,train
UrbanSound8K/99192-4-0-12.wav,urbansound8k/99192,Drilling,6,train
UrbanSound8K/99192-4-0-15.wav,urbansound8k/99192,Drilling,6,train
UrbanSound8K/99192-4-0-17.wav,urbansound8k/99192,Drilling,6,train
UrbanSound8K/99192-4-0-18.wav,urbansound8k/99192,Drilling,6,train
UrbanSound8K/99192-4-0-20.wav,urbansound8k/99192,Drilling,6,train
UrbanSound8K/99192-4-0-24.wav,urbansound8k/99192,Drilling,6,train
UrbanSound8K/99192-4-0-26.wav,urbansound8k/99192,Drilling,6,train
UrbanSound8K/99192-4-0-27.wav,urbansound8k/99192,Drilling,6,train
UrbanSound8K/99192-4-0-28.wav,urbansound8k/99192,Drilling,6,train
UrbanSound8K/99192-4-0-3.wav,urbansound8k/99192,Drilling,6,train
UrbanSound8K/99192-4-0-30.wav,urbansound8k/99192,Drilling,6,train
UrbanSound8K/99192-4-0-32.wav,urbansound8k/99192,Drilling,6,train
UrbanSound8K/99192-4-0-33.wav,urbansound8k/99192,Drilling,6,train
UrbanSound8K/99192-4-0-38.wav,urbansound8k/99192,Drilling,6,train
UrbanSound8K/99192-4-0-40.wav,urbansound8k/99192,Drilling,6,train
UrbanSound8K/99192-4-0-41.wav,urbansound8k/99192,Drilling,6,train
UrbanSound8K/99192-4-0-43.wav,urbansound8k/99192,Drilling,6,train
UrbanSound8K/99192-4-0-47.wav,urbansound8k/99192,Drilling,6,train
UrbanSound8K/99192-4-0-48.wav,urbansound8k/99192,Drilling,6,train
UrbanSound8K/99192-4-0-49.wav,urbansound8k/99192,Drilling,6,train
UrbanSound8K/99192-4-0-52.wav,urbansound8k/99192,Drilling,6,train
UrbanSound8K/99192-4-0-53.wav,urbansound8k/99192,Drilling,6,train
UrbanSound8K/99192-4-0-54.wav,urbansound8k/99192,Drilling,6,train
UrbanSound8K/99192-4-0-55.wav,urbansound8k/99192,Drilling,6,train
UrbanSound8K/99192-4-0-7.wav,urbansound8k/99192,Drilling,6,train
UrbanSound8K/99812-1-0-0.wav,urbansound8k/99812,Vehicle_Horn,16,train
UrbanSound8K/99812-1-0-1.wav,urbansound8k/99812,Vehicle_Horn,16,train
UrbanSound8K/99812-1-0-2.wav,urbansound8k/99812,Vehicle_Horn,16,train
UrbanSound8K/99812-1-1-0.wav,urbansound8k/99812,Vehicle_Horn,16,train
UrbanSound8K/99812-1-2-0.wav,urbansound8k/99812,Vehicle_Horn,16,train
UrbanSound8K/99812-1-3-0.wav,urbansound8k/99812,Vehicle_Horn,16,train
UrbanSound8K/99812-1-4-0.wav,urbansound8k/99812,Vehicle_Horn,16,train
UrbanSound8K/99812-1-5-0.wav,urbansound8k/99812,Vehicle_Horn,16,train
UrbanSound8K/99812-1-6-0.wav,urbansound8k/99812,Vehicle_Horn,16,train
owlgebra_babycry/donateacry__02c3b725-26e4-4a2c-9336-04ddc58836d9-1430726196216-1.7-m-04-hu.wav,babycry/donateacry:02c3b725-26e4-4a2c-9336-04ddc58836d9,Baby_Crying,2,train
owlgebra_babycry/donateacry__02ead89b-aa02-453e-8b83-6ebde9fe7551-1430233132879-1.7-m-26-hu.wav,babycry/donateacry:02ead89b-aa02-453e-8b83-6ebde9fe7551,Baby_Crying,2,test
owlgebra_babycry/donateacry__03ADDCFB-354E-416D-BF32-260CF47F7060-1433658024-1.1-f-04-ti.wav,babycry/donateacry:03addcfb-354e-416d-bf32-260cf47f7060,Baby_Crying,2,test
owlgebra_babycry/donateacry__03abcb8f-400a-47d8-ad82-7e4586cc06be-1431864192133-1.7-f-48-hu.wav,babycry/donateacry:03abcb8f-400a-47d8-ad82-7e4586cc06be,Baby_Crying,2,val
owlgebra_babycry/donateacry__06c4cfa2-7fa6-4fda-91a1-ea186a4acc64-1430029221058-1.7-f-26-ti.wav,babycry/donateacry:06c4cfa2-7fa6-4fda-91a1-ea186a4acc64,Baby_Crying,2,train
owlgebra_babycry/donateacry__06c4cfa2-7fa6-4fda-91a1-ea186a4acc64-1430029246453-1.7-f-26-ti.wav,babycry/donateacry:06c4cfa2-7fa6-4fda-91a1-ea186a4acc64,Baby_Crying,2,train
owlgebra_babycry/donateacry__0776b33b-c41a-4a2e-8b9c-f1c184be00c8-1437123838264-1.7-f-26-hu.wav,babycry/donateacry:0776b33b-c41a-4a2e-8b9c-f1c184be00c8,Baby_Crying,2,train
owlgebra_babycry/donateacry__08E9485B-2772-444B-A636-77E14DD14A8C-1431493453-1.0-m-04-hu.wav,babycry/donateacry:08e9485b-2772-444b-a636-77e14dd14a8c,Baby_Crying,2,train
owlgebra_babycry/donateacry__090C15A8-5406-4EA5-97A3-81F6527227C0-1430147533-1.0-m-72-hu.wav,babycry/donateacry:090c15a8-5406-4ea5-97a3-81f6527227c0,Baby_Crying,2,val
owlgebra_babycry/donateacry__090C15A8-5406-4EA5-97A3-81F6527227C0-1430147582-1.0-m-72-hu.wav,babycry/donateacry:090c15a8-5406-4ea5-97a3-81f6527227c0,Baby_Crying,2,val
owlgebra_babycry/donateacry__0D1AD73E-4C5E-45F3-85C4-9A3CB71E8856-1430742197-1.0-m-04-hu.wav,babycry/donateacry:0d1ad73e-4c5e-45f3-85c4-9a3cb71e8856,Baby_Crying,2,train
owlgebra_babycry/donateacry__0F4B1065-4012-47C8-88B7-ACE11B1A536E-1430038775-1.0-m-04-hu.wav,babycry/donateacry:0f4b1065-4012-47c8-88b7-ace11b1a536e,Baby_Crying,2,val
owlgebra_babycry/donateacry__0c8f14a9-6999-485b-97a2-913c1cbf099c-1430760394426-1.7-m-26-hu.wav,babycry/donateacry:0c8f14a9-6999-485b-97a2-913c1cbf099c,Baby_Crying,2,train
owlgebra_babycry/donateacry__0f257dac-7d6f-4575-9192-e3b4dcd3d4ef-1430185441581-1.7-f-26-hu.wav,babycry/donateacry:0f257dac-7d6f-4575-9192-e3b4dcd3d4ef,Baby_Crying,2,train
owlgebra_babycry/donateacry__10A40438-09AA-4A21-83B4-8119F03F7A11-1430848034-1.0-f-26-hu.wav,babycry/donateacry:10a40438-09aa-4a21-83b4-8119f03f7a11,Baby_Crying,2,train
owlgebra_babycry/donateacry__10A40438-09AA-4A21-83B4-8119F03F7A11-1430848070-1.0-f-26-hu.wav,babycry/donateacry:10a40438-09aa-4a21-83b4-8119f03f7a11,Baby_Crying,2,train
owlgebra_babycry/donateacry__10A40438-09AA-4A21-83B4-8119F03F7A11-1430848101-1.0-f-26-hu.wav,babycry/donateacry:10a40438-09aa-4a21-83b4-8119f03f7a11,Baby_Crying,2,train
owlgebra_babycry/donateacry__10A40438-09AA-4A21-83B4-8119F03F7A11-1430925172-1.0-f-26-hu.wav,babycry/donateacry:10a40438-09aa-4a21-83b4-8119f03f7a11,Baby_Crying,2,train
owlgebra_babycry/donateacry__11417AC2-DCC9-48CD-8177-CA8665E51B2F-1436881489-1.1-m-48-hu.wav,babycry/donateacry:11417ac2-dcc9-48cd-8177-ca8665e51b2f,Baby_Crying,2,train
owlgebra_babycry/donateacry__1259bcad-2308-46fa-9a36-b5d8f359886a-1430143617162-1.7-m-04-hu.wav,babycry/donateacry:1259bcad-2308-46fa-9a36-b5d8f359886a,Baby_Crying,2,val
owlgebra_babycry/donateacry__1259bcad-2308-46fa-9a36-b5d8f359886a-1430143644843-1.7-f-04-hu.wav,babycry/donateacry:1259bcad-2308-46fa-9a36-b5d8f359886a,Baby_Crying,2,val
owlgebra_babycry/donateacry__1309B82C-F146-46F0-A723-45345AFA6EA8-1430059849-1.0-f-04-hu.wav,babycry/donateacry:1309b82c-f146-46f0-a723-45345afa6ea8,Baby_Crying,2,train
owlgebra_babycry/donateacry__1309B82C-F146-46F0-A723-45345AFA6EA8-1430059864-1.0-f-04-ti.wav,babycry/donateacry:1309b82c-f146-46f0-a723-45345afa6ea8,Baby_Crying,2,train
owlgebra_babycry/donateacry__1309B82C-F146-46F0-A723-45345AFA6EA8-1430703937-1.0-f-48-dc.wav,babycry/donateacry:1309b82c-f146-46f0-a723-45345afa6ea8,Baby_Crying,2,train
owlgebra_babycry/donateacry__1309B82C-F146-46F0-A723-45345AFA6EA8-1431172241-1.0-f-48-ti.wav,babycry/donateacry:1309b82c-f146-46f0-a723-45345afa6ea8,Baby_Crying,2,train
owlgebra_babycry/donateacry__1445575b-80ad-477b-8e48-36194cac728e-1430244987914-1.7-f-48-hu.wav,babycry/donateacry:1445575b-80ad-477b-8e48-36194cac728e,Baby_Crying,2,train
owlgebra_babycry/donateacry__177dc72e-d0f8-47ef-a5a7-3b46878e11a0-1430736358754-1.7-f-26-hu.wav,babycry/donateacry:177dc72e-d0f8-47ef-a5a7-3b46878e11a0,Baby_Crying,2,test
owlgebra_babycry/donateacry__177dc72e-d0f8-47ef-a5a7-3b46878e11a0-1430736533767-1.7-f-26-hu.wav,babycry/donateacry:177dc72e-d0f8-47ef-a5a7-3b46878e11a0,Baby_Crying,2,test
owlgebra_babycry/donateacry__177dc72e-d0f8-47ef-a5a7-3b46878e11a0-1430736549614-1.7-f-26-hu.wav,babycry/donateacry:177dc72e-d0f8-47ef-a5a7-3b46878e11a0,Baby_Crying,2,test
owlgebra_babycry/donateacry__189b78c6-9e78-43f2-bcb8-6cc8a462f4dc-1430807938301-1.7-m-22-hu.wav,babycry/donateacry:189b78c6-9e78-43f2-bcb8-6cc8a462f4dc,Baby_Crying,2,train
owlgebra_babycry/donateacry__19aae3d1-51c6-4ffb-aeb8-efb6ae7ba83e-1436861395462-1.7-m-48-hu.wav,babycry/donateacry:19aae3d1-51c6-4ffb-aeb8-efb6ae7ba83e,Baby_Crying,2,train
owlgebra_babycry/donateacry__1abb2260-a652-4ba7-bd98-7d463312730f-1430041727150-1.7-m-04-hu.wav,babycry/donateacry:1abb2260-a652-4ba7-bd98-7d463312730f,Baby_Crying,2,train
owlgebra_babycry/donateacry__1f40790f-68f2-4e7e-845e-715bd97c82d0-1429979568422-1.7-m-04-hu.wav,babycry/donateacry:1f40790f-68f2-4e7e-845e-715bd97c82d0,Baby_Crying,2,test
owlgebra_babycry/donateacry__1f40790f-68f2-4e7e-845e-715bd97c82d0-1429979603276-1.7-m-72-hu.wav,babycry/donateacry:1f40790f-68f2-4e7e-845e-715bd97c82d0,Baby_Crying,2,test
owlgebra_babycry/donateacry__20E2B5A0-40A4-4FD8-8935-AFD1DB833510-1430127670-1.0-m-26-hu.wav,babycry/donateacry:20e2b5a0-40a4-4fd8-8935-afd1db833510,Baby_Crying,2,val
owlgebra_babycry/donateacry__218e6fd7-f9c5-4490-afd7-c4fba174e7d2-1430209174300-1.7-m-72-hu.wav,babycry/donateacry:218e6fd7-f9c5-4490-afd7-c4fba174e7d2,Baby_Crying,2,val
owlgebra_babycry/donateacry__21c07aff-0a8d-4e74-ad5e-e3c7f7bcb11b-1430031235662-1.7-m-04-hu.wav,babycry/donateacry:21c07aff-0a8d-4e74-ad5e-e3c7f7bcb11b,Baby_Crying,2,train
owlgebra_babycry/donateacry__2294E2B2-8E36-4DA6-A898-B947CB9446AB-1436462707-1.1-m-26-dc.wav,babycry/donateacry:2294e2b2-8e36-4da6-a898-b947cb9446ab,Baby_Crying,2,train
owlgebra_babycry/donateacry__22b43570-d440-475b-b2f1-e528c81081f7-1430663490095-1.7-m-04-hu.wav,babycry/donateacry:22b43570-d440-475b-b2f1-e528c81081f7,Baby_Crying,2,train
owlgebra_babycry/donateacry__2439388A-9CF2-4D3B-9534-E6951FC9EAD4-1436877933-1.1-m-26-hu.wav,babycry/donateacry:2439388a-9cf2-4d3b-9534-e6951fc9ead4,Baby_Crying,2,train
owlgebra_babycry/donateacry__2439388A-9CF2-4D3B-9534-E6951FC9EAD4-1436877944-1.1-m-26-hu.wav,babycry/donateacry:2439388a-9cf2-4d3b-9534-e6951fc9ead4,Baby_Crying,2,train
owlgebra_babycry/donateacry__24f2a4e1-7161-42a3-a2a2-a29a2422c0b8-1430814730789-1.7-f-26-hu.wav,babycry/donateacry:24f2a4e1-7161-42a3-a2a2-a29a2422c0b8,Baby_Crying,2,train
owlgebra_babycry/donateacry__24f2a4e1-7161-42a3-a2a2-a29a2422c0b8-1430814741368-1.7-f-26-hu.wav,babycry/donateacry:24f2a4e1-7161-42a3-a2a2-a29a2422c0b8,Baby_Crying,2,train
owlgebra_babycry/donateacry__24f94b49-c8bc-4ed2-b43a-80b099f12936-1430534429690-1.7-m-04-hu.wav,babycry/donateacry:24f94b49-c8bc-4ed2-b43a-80b099f12936,Baby_Crying,2,train
owlgebra_babycry/donateacry__2562ad82-485a-44c2-ad25-f70fce71480b-1430045593479-1.7-m-72-hu.wav,babycry/donateacry:2562ad82-485a-44c2-ad25-f70fce71480b,Baby_Crying,2,val
owlgebra_babycry/donateacry__2602b7c2-e96d-42f6-9767-f1ae74925ef8-1431376228657-1.7-f-22-hu.wav,babycry/donateacry:2602b7c2-e96d-42f6-9767-f1ae74925ef8,Baby_Crying,2,test
owlgebra_babycry/donateacry__2a0e6a88-b049-4f46-a3d6-d73ffae470d5-1430770161530-1.7-m-04-hu.wav,babycry/donateacry:2a0e6a88-b049-4f46-a3d6-d73ffae470d5,Baby_Crying,2,train
owlgebra_babycry/donateacry__2e25d0a5-0b2b-44ef-8491-e445b16ea75c-1430056332640-1.7-f-26-hu.wav,babycry/donateacry:2e25d0a5-0b2b-44ef-8491-e445b16ea75c,Baby_Crying,2,test
owlgebra_babycry/donateacry__3030d0e9-0c9b-4616-9b83-f10dc2dedbfd-1430053594259-1.7-m-26-hu.wav,babycry/donateacry:3030d0e9-0c9b-4616-9b83-f10dc2dedbfd,Baby_Crying,2,train
owlgebra_babycry/donateacry__3030d0e9-0c9b-4616-9b83-f10dc2dedbfd-1430326171876-1.7-m-26-hu.wav,babycry/donateacry:3030d0e9-0c9b-4616-9b83-f10dc2dedbfd,Baby_Crying,2,train
owlgebra_babycry/donateacry__30c2cee4-b682-4dcb-86b9-7fa6f36f1b66-1430728411287-1.7-f-72-hu.wav,babycry/donateacry:30c2cee4-b682-4dcb-86b9-7fa6f36f1b66,Baby_Crying,2,train
owlgebra_babycry/donateacry__35D58153-7AB7-443D-BED0-2D7ABF73743F-1431855847-1.1-m-04-hu.wav,babycry/donateacry:35d58153-7ab7-443d-bed0-2d7abf73743f,Baby_Crying,2,train
owlgebra_babycry/donateacry__36f1b3ec-3d2a-470e-af6f-0a8cc11b2723-1430237012976-1.7-m-04-hu.wav,babycry/donateacry:36f1b3ec-3d2a-470e-af6f-0a8cc11b2723,Baby_Crying,2,val
owlgebra_babycry/donateacry__375308C6-F894-49A5-B246-8C2819E9C6ED-1430416651-1.0-m-04-hu.wav,babycry/donateacry:375308c6-f894-49a5-b246-8c2819e9c6ed,Baby_Crying,2,val
owlgebra_babycry/donateacry__376C006E-3664-4056-80D0-7661F631A062-1436930593-1.1-m-26-hu.wav,babycry/donateacry:376c006e-3664-4056-80d0-7661f631a062,Baby_Crying,2,val
owlgebra_babycry/donateacry__39180491-e076-4300-b5de-24e812dca6fe-1435708371348-1.7-f-04-hu.wav,babycry/donateacry:39180491-e076-4300-b5de-24e812dca6fe,Baby_Crying,2,train
owlgebra_babycry/donateacry__3941D08C-5A97-48A4-8830-091D878137F6-1430099826-1.0-m-72-hu.wav,babycry/donateacry:3941d08c-5a97-48a4-8830-091d878137f6,Baby_Crying,2,test
owlgebra_babycry/donateacry__3bb2445a-9ae9-4dc8-9a2e-86c696ffa405-1430122381138-1.7-m-26-hu.wav,babycry/donateacry:3bb2445a-9ae9-4dc8-9a2e-86c696ffa405,Baby_Crying,2,val
owlgebra_babycry/donateacry__3bb2445a-9ae9-4dc8-9a2e-86c696ffa405-1430122479873-1.7-m-26-hu.wav,babycry/donateacry:3bb2445a-9ae9-4dc8-9a2e-86c696ffa405,Baby_Crying,2,val
owlgebra_babycry/donateacry__3bb2445a-9ae9-4dc8-9a2e-86c696ffa405-1430146536552-1.7-m-26-hu.wav,babycry/donateacry:3bb2445a-9ae9-4dc8-9a2e-86c696ffa405,Baby_Crying,2,val
owlgebra_babycry/donateacry__3c0b4e07-33ec-4d68-a6b2-5f5dcb8cff8e-1430070829977-1.7-m-26-hu.wav,babycry/donateacry:3c0b4e07-33ec-4d68-a6b2-5f5dcb8cff8e,Baby_Crying,2,test
owlgebra_babycry/donateacry__3c51dedc-6e4c-47dd-a179-86a25e95f1ef-1430651019625-1.7-m-04-hu.wav,babycry/donateacry:3c51dedc-6e4c-47dd-a179-86a25e95f1ef,Baby_Crying,2,train
owlgebra_babycry/donateacry__3d3e244d-20b1-4ec3-9732-92dcd14ff35a-1436961241219-1.7-m-72-hu.wav,babycry/donateacry:3d3e244d-20b1-4ec3-9732-92dcd14ff35a,Baby_Crying,2,train
owlgebra_babycry/donateacry__40a4c760-facf-4911-b0a6-22eccc3ab18d-1430466164038-1.7-f-26-hu.wav,babycry/donateacry:40a4c760-facf-4911-b0a6-22eccc3ab18d,Baby_Crying,2,train
owlgebra_babycry/donateacry__40a4c760-facf-4911-b0a6-22eccc3ab18d-1430466176951-1.7-f-26-hu.wav,babycry/donateacry:40a4c760-facf-4911-b0a6-22eccc3ab18d,Baby_Crying,2,train
owlgebra_babycry/donateacry__40a4c760-facf-4911-b0a6-22eccc3ab18d-1430477691332-1.7-f-26-hu.wav,babycry/donateacry:40a4c760-facf-4911-b0a6-22eccc3ab18d,Baby_Crying,2,train
owlgebra_babycry/donateacry__40a4c760-facf-4911-b0a6-22eccc3ab18d-1430477717469-1.7-f-26-hu.wav,babycry/donateacry:40a4c760-facf-4911-b0a6-22eccc3ab18d,Baby_Crying,2,train
owlgebra_babycry/donateacry__40a4c760-facf-4911-b0a6-22eccc3ab18d-1430477726097-1.7-f-26-hu.wav,babycry/donateacry:40a4c760-facf-4911-b0a6-22eccc3ab18d,Baby_Crying,2,train
owlgebra_babycry/donateacry__415d69b4-6d84-4bf8-97b0-10f8f108dc1d-1430739498797-1.7-m-04-hu.wav,babycry/donateacry:415d69b4-6d84-4bf8-97b0-10f8f108dc1d,Baby_Crying,2,val
owlgebra_babycry/donateacry__415d69b4-6d84-4bf8-97b0-10f8f108dc1d-1430739528719-1.7-m-04-hu.wav,babycry/donateacry:415d69b4-6d84-4bf8-97b0-10f8f108dc1d,Baby_Crying,2,val
owlgebra_babycry/donateacry__459c3f85-5710-4efa-bcc9-8012aa1af55e-1430034895673-1.7-f-48-hu.wav,babycry/donateacry:459c3f85-5710-4efa-bcc9-8012aa1af55e,Baby_Crying,2,val
owlgebra_babycry/donateacry__4be720ce-a5e5-4a48-930f-a212f8a239f6-1434737668804-1.7-f-48-hu.wav,babycry/donateacry:4be720ce-a5e5-4a48-930f-a212f8a239f6,Baby_Crying,2,train
owlgebra_babycry/donateacry__4be720ce-a5e5-4a48-930f-a212f8a239f6-1434774932733-1.7-f-48-hu.wav,babycry/donateacry:4be720ce-a5e5-4a48-930f-a212f8a239f6,Baby_Crying,2,train
owlgebra_babycry/donateacry__4cefc13c-e7c0-4b5a-bddb-c40c103e640a-1431583470764-1.7-f-26-hu.wav,babycry/donateacry:4cefc13c-e7c0-4b5a-bddb-c40c103e640a,Baby_Crying,2,train
owlgebra_babycry/donateacry__52dfc27a-fbc4-4d9f-bbcf-6406c919324a-1430041644396-1.7-m-26-hu.wav,babycry/donateacry:52dfc27a-fbc4-4d9f-bbcf-6406c919324a,Baby_Crying,2,train
owlgebra_babycry/donateacry__52dfc27a-fbc4-4d9f-bbcf-6406c919324a-1430041657947-1.7-m-26-hu.wav,babycry/donateacry:52dfc27a-fbc4-4d9f-bbcf-6406c919324a,Baby_Crying,2,train
owlgebra_babycry/donateacry__539FDD32-6326-422E-A707-FCF063D3426C-1437073534-1.1-f-26-hu.wav,babycry/donateacry:539fdd32-6326-422e-a707-fcf063d3426c,Baby_Crying,2,val
owlgebra_babycry/donateacry__549a46d8-9c84-430e-ade8-97eae2bef787-1430130669340-1.7-m-48-hu.wav,babycry/donateacry:549a46d8-9c84-430e-ade8-97eae2bef787,Baby_Crying,2,train
owlgebra_babycry/donateacry__549a46d8-9c84-430e-ade8-97eae2bef787-1430130686288-1.7-m-48-hu.wav,babycry/donateacry:549a46d8-9c84-430e-ade8-97eae2bef787,Baby_Crying,2,train
owlgebra_babycry/donateacry__549a46d8-9c84-430e-ade8-97eae2bef787-1430130702316-1.7-m-48-hu.wav,babycry/donateacry:549a46d8-9c84-430e-ade8-97eae2bef787,Baby_Crying,2,train
owlgebra_babycry/donateacry__549a46d8-9c84-430e-ade8-97eae2bef787-1430130772174-1.7-m-48-bp.wav,babycry/donateacry:549a46d8-9c84-430e-ade8-97eae2bef787,Baby_Crying,2,train
owlgebra_babycry/donateacry__5728DDD6-149B-412F-A14B-C29B9B5E415F-1432635035-1.0-m-26-hu.wav,babycry/donateacry:5728ddd6-149b-412f-a14b-c29b9b5e415f,Baby_Crying,2,train
owlgebra_babycry/donateacry__5728DDD6-149B-412F-A14B-C29B9B5E415F-1432635047-1.0-m-26-hu.wav,babycry/donateacry:5728ddd6-149b-412f-a14b-c29b9b5e415f,Baby_Crying,2,train
owlgebra_babycry/donateacry__5728DDD6-149B-412F-A14B-C29B9B5E415F-1432635069-1.0-m-26-hu.wav,babycry/donateacry:5728ddd6-149b-412f-a14b-c29b9b5e415f,Baby_Crying,2,train
owlgebra_babycry/donateacry__5B416CE8-2591-4531-9ADC-86D085B5D48B-1430144827-1.0-m-48-ti.wav,babycry/donateacry:5b416ce8-2591-4531-9adc-86d085b5d48b,Baby_Crying,2,train
owlgebra_babycry/donateacry__5C2F730C-9721-40B7-A2D8-C257DB518978-1429966336-1.0-m-04-hu.wav,babycry/donateacry:5c2f730c-9721-40b7-a2d8-c257db518978,Baby_Crying,2,train
owlgebra_babycry/donateacry__5E01DC60-1DE3-4AF9-A661-7F649EAE457D-1430141106-1.0-m-26-hu.wav,babycry/donateacry:5e01dc60-1de3-4af9-a661-7f649eae457d,Baby_Crying,2,val
owlgebra_babycry/donateacry__5afc6a14-a9d8-45f8-b31d-c79dd87cc8c6-1430757081034-1.7-m-48-hu.wav,babycry/donateacry:5afc6a14-a9d8-45f8-b31d-c79dd87cc8c6,Baby_Crying,2,train
owlgebra_babycry/donateacry__5b49f19f-a3a7-411e-bb32-755da3cbd6f0-1430029991480-1.7-m-48-hu.wav,babycry/donateacry:5b49f19f-a3a7-411e-bb32-755da3cbd6f0,Baby_Crying,2,train
owlgebra_babycry/donateacry__5f651112-d2a3-4911-b3a5-f37bfc092494-1430734658837-1.7-m-72-hu.wav,babycry/donateacry:5f651112-d2a3-4911-b3a5-f37bfc092494,Baby_Crying,2,test
owlgebra_babycry/donateacry__602b06a7-31f0-4370-b35a-9cc81d205958-1430739585531-1.7-m-04-hu.wav,babycry/donateacry:602b06a7-31f0-4370-b35a-9cc81d205958,Baby_Crying,2,test
owlgebra_babycry/donateacry__602b06a7-31f0-4370-b35a-9cc81d205958-1430907796431-1.7-f-72-hu.wav,babycry/donateacry:602b06a7-31f0-4370-b35a-9cc81d205958,Baby_Crying,2,test
owlgebra_babycry/donateacry__63CA92F7-973A-4DCA-A410-7B19811A2478-1430041884-1.0-f-26-hu.wav,babycry/donateacry:63ca92f7-973a-4dca-a410-7b19811a2478,Baby_Crying,2,val
owlgebra_babycry/donateacry__643D64AD-B711-469A-AF69-55C0D5D3E30F-1430138506-1.0-m-72-bp.wav,babycry/donateacry:643d64ad-b711-469a-af69-55c0d5d3e30f,Baby_Crying,2,train
owlgebra_babycry/donateacry__643D64AD-B711-469A-AF69-55C0D5D3E30F-1430138514-1.0-m-72-bp.wav,babycry/donateacry:643d64ad-b711-469a-af69-55c0d5d3e30f,Baby_Crying,2,train
owlgebra_babycry/donateacry__643D64AD-B711-469A-AF69-55C0D5D3E30F-1430138536-1.0-m-72-bp.wav,babycry/donateacry:643d64ad-b711-469a-af69-55c0d5d3e30f,Baby_Crying,2,train
owlgebra_babycry/donateacry__643D64AD-B711-469A-AF69-55C0D5D3E30F-1430138545-1.0-m-72-bp.wav,babycry/donateacry:643d64ad-b711-469a-af69-55c0d5d3e30f,Baby_Crying,2,train
owlgebra_babycry/donateacry__643D64AD-B711-469A-AF69-55C0D5D3E30F-1430138591-1.0-m-72-bp.wav,babycry/donateacry:643d64ad-b711-469a-af69-55c0d5d3e30f,Baby_Crying,2,train
owlgebra_babycry/donateacry__64acb345-a61e-4ef3-a5a6-cf83c04b83f1-1430058973897-1.7-m-72-hu.wav,babycry/donateacry:64acb345-a61e-4ef3-a5a6-cf83c04b83f1,Baby_Crying,2,val
owlgebra_babycry/donateacry__64acb345-a61e-4ef3-a5a6-cf83c04b83f1-1430058990597-1.7-m-72-dc.wav,babycry/donateacry:64acb345-a61e-4ef3-a5a6-cf83c04b83f1,Baby_Crying,2,val
owlgebra_babycry/donateacry__64acb345-a61e-4ef3-a5a6-cf83c04b83f1-1430059012473-1.7-m-72-dc.wav,babycry/donateacry:64acb345-a61e-4ef3-a5a6-cf83c04b83f1,Baby_Crying,2,val
owlgebra_babycry/donateacry__6639C63C-F634-489C-91B3-E3DB5930EFD5-1431370278-1.1-m-04-hu.wav,babycry/donateacry:6639c63c-f634-489c-91b3-e3db5930efd5,Baby_Crying,2,train
owlgebra_babycry/donateacry__665BDF6D-2897-49F9-8AD0-978B3B2A0468-1430530218-1.0-m-26-dc.wav,babycry/donateacry:665bdf6d-2897-49f9-8ad0-978b3b2a0468,Baby_Crying,2,train
owlgebra_babycry/donateacry__67414C5E-0EB2-48FD-8391-FCF085FDB6D9-1430050964-1.0-m-04-hu.wav,babycry/donateacry:67414c5e-0eb2-48fd-8391-fcf085fdb6d9,Baby_Crying,2,test
owlgebra_babycry/donateacry__69BDA5D6-0276-4462-9BF7-951799563728-1436936185-1.1-m-26-bp.wav,babycry/donateacry:69bda5d6-0276-4462-9bf7-951799563728,Baby_Crying,2,test
owlgebra_babycry/donateacry__6bd76f21-f279-4c46-9453-58c95e7b2475-1430767927715-1.7-m-72-hu.wav,babycry/donateacry:6bd76f21-f279-4c46-9453-58c95e7b2475,Baby_Crying,2,val
owlgebra_babycry/donateacry__7060a4f6-4c0c-494b-912c-ae60158b185a-1436931995150-1.7-f-04-hu.wav,babycry/donateacry:7060a4f6-4c0c-494b-912c-ae60158b185a,Baby_Crying,2,train
owlgebra_babycry/donateacry__70d30513-0ec3-49e4-9976-e85785e85c2d-1431033372810-1.7-m-04-hu.wav,babycry/donateacry:70d30513-0ec3-49e4-9976-e85785e85c2d,Baby_Crying,2,train
owlgebra_babycry/donateacry__719bb382-a592-46b7-82d2-8b4a625263b7-1430376483385-1.7-m-48-hu.wav,babycry/donateacry:719bb382-a592-46b7-82d2-8b4a625263b7,Baby_Crying,2,val
owlgebra_babycry/donateacry__719bb382-a592-46b7-82d2-8b4a625263b7-1430376501744-1.7-m-48-hu.wav,babycry/donateacry:719bb382-a592-46b7-82d2-8b4a625263b7,Baby_Crying,2,val
owlgebra_babycry/donateacry__743E7CCA-D32B-40B6-9541-9808122D3F6B-1436860053-1.1-f-26-hu.wav,babycry/donateacry:743e7cca-d32b-40b6-9541-9808122d3f6b,Baby_Crying,2,val
owlgebra_babycry/donateacry__743E7CCA-D32B-40B6-9541-9808122D3F6B-1436860161-1.1-f-26-hu.wav,babycry/donateacry:743e7cca-d32b-40b6-9541-9808122d3f6b,Baby_Crying,2,val
owlgebra_babycry/donateacry__7616E8F4-B1A7-45A6-9A0C-C9BB2DE64FC3-1436868751-1.1-m-72-hu.wav,babycry/donateacry:7616e8f4-b1a7-45a6-9a0c-c9bb2de64fc3,Baby_Crying,2,train
owlgebra_babycry/donateacry__771fa0cc-4535-471b-9cec-d26deff8d567-1429803644891-1.7-m-04-hu.wav,babycry/donateacry:771fa0cc-4535-471b-9cec-d26deff8d567,Baby_Crying,2,train
owlgebra_babycry/donateacry__789d2553-cbf2-4911-91e4-fb228d231238-1430818517787-1.7-m-26-hu.wav,babycry/donateacry:789d2553-cbf2-4911-91e4-fb228d231238,Baby_Crying,2,test
owlgebra_babycry/donateacry__79FF400A-97E2-4701-987D-C7C850D5523C-1430089487-1.0-f-48-ti.wav,babycry/donateacry:79ff400a-97e2-4701-987d-c7c850d5523c,Baby_Crying,2,test
owlgebra_babycry/donateacry__7A22229D-06C2-4AAA-9674-DE5DF1906B3A-1436891933-1.1-m-72-hu.wav,babycry/donateacry:7a22229d-06c2-4aaa-9674-de5df1906b3a,Baby_Crying,2,train
owlgebra_babycry/donateacry__7A22229D-06C2-4AAA-9674-DE5DF1906B3A-1436891944-1.1-m-72-ti.wav,babycry/donateacry:7a22229d-06c2-4aaa-9674-de5df1906b3a,Baby_Crying,2,train
owlgebra_babycry/donateacry__7A22229D-06C2-4AAA-9674-DE5DF1906B3A-1436891957-1.1-m-72-ti.wav,babycry/donateacry:7a22229d-06c2-4aaa-9674-de5df1906b3a,Baby_Crying,2,train
owlgebra_babycry/donateacry__7A864194-4B6B-4850-ABBF-0C2A8170107B-1436846824-1.1-f-26-hu.wav,babycry/donateacry:7a864194-4b6b-4850-abbf-0c2a8170107b,Baby_Crying,2,train
owlgebra_babycry/donateacry__7B924575-21FC-462A-969E-BABB46D1CBF5-1430055220-1.0-f-72-hu.wav,babycry/donateacry:7b924575-21fc-462a-969e-babb46d1cbf5,Baby_Crying,2,train
owlgebra_babycry/donateacry__7B924575-21FC-462A-969E-BABB46D1CBF5-1430055243-1.0-f-72-hu.wav,babycry/donateacry:7b924575-21fc-462a-969e-babb46d1cbf5,Baby_Crying,2,train
owlgebra_babycry/donateacry__7CF37029-1040-40B8-ACC9-7E6E5C03AF9B-1429808939-1.0-m-72-hu.wav,babycry/donateacry:7cf37029-1040-40b8-acc9-7e6e5c03af9b,Baby_Crying,2,test
owlgebra_babycry/donateacry__7E4B9C14-F955-4BED-9B03-7F3096A6CBFF-1430232157-1.0-f-26-hu.wav,babycry/donateacry:7e4b9c14-f955-4bed-9b03-7f3096a6cbff,Baby_Crying,2,train
owlgebra_babycry/donateacry__7E4B9C14-F955-4BED-9B03-7F3096A6CBFF-1430232166-1.0-f-26-hu.wav,babycry/donateacry:7e4b9c14-f955-4bed-9b03-7f3096a6cbff,Baby_Crying,2,train
owlgebra_babycry/donateacry__7b0e160e-0505-459e-8ecb-304d7afae9d2-1437486974312-1.7-m-04-dc.wav,babycry/donateacry:7b0e160e-0505-459e-8ecb-304d7afae9d2,Baby_Crying,2,test
owlgebra_babycry/donateacry__7b23d26e-6f97-4e8b-b520-a9fdde21ee91-1432261716253-1.7-m-48-hu.wav,babycry/donateacry:7b23d26e-6f97-4e8b-b520-a9fdde21ee91,Baby_Crying,2,val
owlgebra_babycry/donateacry__7b23d26e-6f97-4e8b-b520-a9fdde21ee91-1432275312750-1.7-m-48-hu.wav,babycry/donateacry:7b23d26e-6f97-4e8b-b520-a9fdde21ee91,Baby_Crying,2,val
owlgebra_babycry/donateacry__7fd72d70-07c4-40a0-85e9-c91df9bdefb2-1430994916704-1.7-f-04-hu.wav,babycry/donateacry:7fd72d70-07c4-40a0-85e9-c91df9bdefb2,Baby_Crying,2,train
owlgebra_babycry/donateacry__80f5ab0a-16c1-4738-9209-fbdae52ff769-1430140636917-1.7-f-04-hu.wav,babycry/donateacry:80f5ab0a-16c1-4738-9209-fbdae52ff769,Baby_Crying,2,train
owlgebra_babycry/donateacry__815af07e-4c31-4032-8bd1-dab6e60c879e-1433156413683-1.7-m-04-hu.wav,babycry/donateacry:815af07e-4c31-4032-8bd1-dab6e60c879e,Baby_Crying,2,train
owlgebra_babycry/donateacry__815af07e-4c31-4032-8bd1-dab6e60c879e-1433156423585-1.7-m-04-hu.wav,babycry/donateacry:815af07e-4c31-4032-8bd1-dab6e60c879e,Baby_Crying,2,train
owlgebra_babycry/donateacry__81724071-bc5e-4e38-8f35-85a691af5721-1430737552979-1.7-m-04-hu.wav,babycry/donateacry:81724071-bc5e-4e38-8f35-85a691af5721,Baby_Crying,2,val
owlgebra_babycry/donateacry__818A32F4-D5D8-426C-B88C-81A8154AC81A-1430093571-1.0-m-26-hu.wav,babycry/donateacry:818a32f4-d5d8-426c-b88c-81a8154ac81a,Baby_Crying,2,val
owlgebra_babycry/donateacry__837fd072-8704-4196-9ff1-1d2c07886e55-1432429478471-1.7-m-22-dc.wav,babycry/donateacry:837fd072-8704-4196-9ff1-1d2c07886e55,Baby_Crying,2,train
owlgebra_babycry/donateacry__85FAB169-4DCC-406D-AC93-2F6A8D797DAB-1437632141-1.1-m-04-hu.wav,babycry/donateacry:85fab169-4dcc-406d-ac93-2f6a8d797dab,Baby_Crying,2,test
owlgebra_babycry/donateacry__89964233-cbdb-4f34-a819-5f4b5ce3f5f5-1430049852345-1.7-f-04-hu.wav,babycry/donateacry:89964233-cbdb-4f34-a819-5f4b5ce3f5f5,Baby_Crying,2,val
owlgebra_babycry/donateacry__8FDA58A7-FDC6-4421-855F-738E6E853E43-1429895742-1.0-m-26-hu.wav,babycry/donateacry:8fda58a7-fdc6-4421-855f-738e6e853e43,Baby_Crying,2,val
owlgebra_babycry/donateacry__8FDA58A7-FDC6-4421-855F-738E6E853E43-1429895751-1.0-m-26-hu.wav,babycry/donateacry:8fda58a7-fdc6-4421-855f-738e6e853e43,Baby_Crying,2,val
owlgebra_babycry/donateacry__8FDA58A7-FDC6-4421-855F-738E6E853E43-1429895780-1.0-m-26-hu.wav,babycry/donateacry:8fda58a7-fdc6-4421-855f-738e6e853e43,Baby_Crying,2,val
owlgebra_babycry/donateacry__8b1faa77-e3ac-48af-bf2a-58aadebefcba-1436798541805-1.7-m-04-hu.wav,babycry/donateacry:8b1faa77-e3ac-48af-bf2a-58aadebefcba,Baby_Crying,2,train
owlgebra_babycry/donateacry__8c920fd0-fa9f-4926-bcac-074767dcbfcd-1436850948195-1.7-m-04-hu.wav,babycry/donateacry:8c920fd0-fa9f-4926-bcac-074767dcbfcd,Baby_Crying,2,val
owlgebra_babycry/donateacry__8c920fd0-fa9f-4926-bcac-074767dcbfcd-1436856382717-1.7-m-04-hu.wav,babycry/donateacry:8c920fd0-fa9f-4926-bcac-074767dcbfcd,Baby_Crying,2,val
owlgebra_babycry/donateacry__8f4dbf5a-b504-4452-b6ac-94e646a6a052-1430727792958-1.7-f-72-hu.wav,babycry/donateacry:8f4dbf5a-b504-4452-b6ac-94e646a6a052,Baby_Crying,2,train
owlgebra_babycry/donateacry__8f4dbf5a-b504-4452-b6ac-94e646a6a052-1430729451597-1.7-f-72-hu.wav,babycry/donateacry:8f4dbf5a-b504-4452-b6ac-94e646a6a052,Baby_Crying,2,train
owlgebra_babycry/donateacry__8f4dbf5a-b504-4452-b6ac-94e646a6a052-1430734962301-1.7-f-72-hu.wav,babycry/donateacry:8f4dbf5a-b504-4452-b6ac-94e646a6a052,Baby_Crying,2,train
owlgebra_babycry/donateacry__8f4dbf5a-b504-4452-b6ac-94e646a6a052-1430735157938-1.7-f-72-hu.wav,babycry/donateacry:8f4dbf5a-b504-4452-b6ac-94e646a6a052,Baby_Crying,2,train
owlgebra_babycry/donateacry__8f5c01dc-6826-4076-a831-027ad61afdaf-1435873509176-1.7-f-26-hu.wav,babycry/donateacry:8f5c01dc-6826-4076-a831-027ad61afdaf,Baby_Crying,2,test
owlgebra_babycry/donateacry__9090c7a3-bebc-4485-aafc-64e4298da3ac-1430088396663-1.7-f-26-hu.wav,babycry/donateacry:9090c7a3-bebc-4485-aafc-64e4298da3ac,Baby_Crying,2,train
owlgebra_babycry/donateacry__92d08bbe-553f-4844-85b1-15d572f06ea2-1436873183951-1.7-m-04-hu.wav,babycry/donateacry:92d08bbe-553f-4844-85b1-15d572f06ea2,Baby_Crying,2,val
owlgebra_babycry/donateacry__96986c8b-9988-4c37-a0f8-e7c4269cc3ac-1431719845836-1.7-m-26-hu.wav,babycry/donateacry:96986c8b-9988-4c37-a0f8-e7c4269cc3ac,Baby_Crying,2,train
owlgebra_babycry/donateacry__990DE219-FCD1-4634-91CE-19AB93E5D2B0-1430214575-1.0-m-04-hu.wav,babycry/donateacry:990de219-fcd1-4634-91ce-19ab93e5d2b0,Baby_Crying,2,train
owlgebra_babycry/donateacry__999bf14b-e417-4b44-b746-9253f81efe38-1430844958178-1.7-m-04-ch.wav,babycry/donateacry:999bf14b-e417-4b44-b746-9253f81efe38,Baby_Crying,2,train
owlgebra_babycry/donateacry__999bf14b-e417-4b44-b746-9253f81efe38-1430844979531-1.7-m-04-ch.wav,babycry/donateacry:999bf14b-e417-4b44-b746-9253f81efe38,Baby_Crying,2,train
owlgebra_babycry/donateacry__999bf14b-e417-4b44-b746-9253f81efe38-1430845018393-1.7-m-26-ch.wav,babycry/donateacry:999bf14b-e417-4b44-b746-9253f81efe38,Baby_Crying,2,train
owlgebra_babycry/donateacry__999bf14b-e417-4b44-b746-9253f81efe38-1430972705879-1.7-m-26-hu.wav,babycry/donateacry:999bf14b-e417-4b44-b746-9253f81efe38,Baby_Crying,2,train
owlgebra_babycry/donateacry__999bf14b-e417-4b44-b746-9253f81efe38-1430974001343-1.7-m-26-bp.wav,babycry/donateacry:999bf14b-e417-4b44-b746-9253f81efe38,Baby_Crying,2,train
owlgebra_babycry/donateacry__999bf14b-e417-4b44-b746-9253f81efe38-1431013054417-1.7-m-26-hu.wav,babycry/donateacry:999bf14b-e417-4b44-b746-9253f81efe38,Baby_Crying,2,train
owlgebra_babycry/donateacry__9CFD61B9-BF13-406D-8B2F-F73CFAAF25CB-1430927693-1.0-f-04-hu.wav,babycry/donateacry:9cfd61b9-bf13-406d-8b2f-f73cfaaf25cb,Baby_Crying,2,val
owlgebra_babycry/donateacry__9CFD61B9-BF13-406D-8B2F-F73CFAAF25CB-1430927704-1.0-f-04-hu.wav,babycry/donateacry:9cfd61b9-bf13-406d-8b2f-f73cfaaf25cb,Baby_Crying,2,val
owlgebra_babycry/donateacry__9CFD61B9-BF13-406D-8B2F-F73CFAAF25CB-1430927728-1.0-f-04-hu.wav,babycry/donateacry:9cfd61b9-bf13-406d-8b2f-f73cfaaf25cb,Baby_Crying,2,val
owlgebra_babycry/donateacry__9CFD61B9-BF13-406D-8B2F-F73CFAAF25CB-1430927741-1.0-f-04-hu.wav,babycry/donateacry:9cfd61b9-bf13-406d-8b2f-f73cfaaf25cb,Baby_Crying,2,val
owlgebra_babycry/donateacry__9fe37482-6a64-401d-b8b9-3e47d6ed9ac0-1430047362195-1.7-f-26-hu.wav,babycry/donateacry:9fe37482-6a64-401d-b8b9-3e47d6ed9ac0,Baby_Crying,2,train
owlgebra_babycry/donateacry__9fe37482-6a64-401d-b8b9-3e47d6ed9ac0-1430047373513-1.7-f-26-hu.wav,babycry/donateacry:9fe37482-6a64-401d-b8b9-3e47d6ed9ac0,Baby_Crying,2,train
owlgebra_babycry/donateacry__9fe37482-6a64-401d-b8b9-3e47d6ed9ac0-1430047399844-1.7-f-26-hu.wav,babycry/donateacry:9fe37482-6a64-401d-b8b9-3e47d6ed9ac0,Baby_Crying,2,train
owlgebra_babycry/donateacry__A123AD65-38D3-4A65-AB37-330034765840-1430093699-1.0-m-04-hu.wav,babycry/donateacry:a123ad65-38d3-4a65-ab37-330034765840,Baby_Crying,2,test
owlgebra_babycry/donateacry__A123AD65-38D3-4A65-AB37-330034765840-1430093710-1.0-m-04-hu.wav,babycry/donateacry:a123ad65-38d3-4a65-ab37-330034765840,Baby_Crying,2,test
owlgebra_babycry/donateacry__A123AD65-38D3-4A65-AB37-330034765840-1430093726-1.0-m-04-hu.wav,babycry/donateacry:a123ad65-38d3-4a65-ab37-330034765840,Baby_Crying,2,test
owlgebra_babycry/donateacry__AA2CA7F6-4547-4CC0-AA4C-5D7B64727FB5-1437123487-1.1-f-26-hu.wav,babycry/donateacry:aa2ca7f6-4547-4cc0-aa4c-5d7b64727fb5,Baby_Crying,2,train
owlgebra_babycry/donateacry__AE02C934-F4E5-4C73-818D-56AA6887EC18-1430279454-1.0-m-26-hu.wav,babycry/donateacry:ae02c934-f4e5-4c73-818d-56aa6887ec18,Baby_Crying,2,train
owlgebra_babycry/donateacry__B2A105BB-347B-4878-A735-AA4ECF32CD16-1436864116-1.1-m-26-hu.wav,babycry/donateacry:b2a105bb-347b-4878-a735-aa4ecf32cd16,Baby_Crying,2,train
owlgebra_babycry/donateacry__B2AABCE0-1F62-4B57-B58A-308959ABDFE7-1437188766-1.1-m-26-ti.wav,babycry/donateacry:b2aabce0-1f62-4b57-b58a-308959abdfe7,Baby_Crying,2,train
owlgebra_babycry/donateacry__B327333E-2DE2-4833-A75A-4C576208BED3-1430087443-1.0-f-48-hu.wav,babycry/donateacry:b327333e-2de2-4833-a75a-4c576208bed3,Baby_Crying,2,train
owlgebra_babycry/donateacry__B327333E-2DE2-4833-A75A-4C576208BED3-1430087456-1.0-f-48-hu.wav,babycry/donateacry:b327333e-2de2-4833-a75a-4c576208bed3,Baby_Crying,2,train
owlgebra_babycry/donateacry__B400D2D0-9FCE-472E-A152-1FF349B9B407-1436845915-1.1-m-04-hu.wav,babycry/donateacry:b400d2d0-9fce-472e-a152-1ff349b9b407,Baby_Crying,2,test
owlgebra_babycry/donateacry__C249BCDD-0F65-4D6A-82BE-43C4006E3DDB-1436891733-1.1-m-72-hu.wav,babycry/donateacry:c249bcdd-0f65-4d6a-82be-43c4006e3ddb,Baby_Crying,2,val
owlgebra_babycry/donateacry__C421C6FE-DFEE-4080-8AEA-848E7CE4756B-1430548277-1.0-f-26-hu.wav,babycry/donateacry:c421c6fe-dfee-4080-8aea-848e7ce4756b,Baby_Crying,2,val
owlgebra_babycry/donateacry__C421C6FE-DFEE-4080-8AEA-848E7CE4756B-1430548333-1.0-f-26-bp.wav,babycry/donateacry:c421c6fe-dfee-4080-8aea-848e7ce4756b,Baby_Crying,2,val
owlgebra_babycry/donateacry__C5127741-5897-468C-A543-7F1B72569F0E-1428333964-1.0-m-26-ti.wav,babycry/donateacry:c5127741-5897-468c-a543-7f1b72569f0e,Baby_Crying,2,test
owlgebra_babycry/donateacry__CC8771B1-C84E-4223-A010-029A7629A975-1434107299-1.1-f-04-hu.wav,babycry/donateacry:cc8771b1-c84e-4223-a010-029a7629a975,Baby_Crying,2,train
owlgebra_babycry/donateacry__D18A30C6-4370-4BE0-83F8-031892F96603-1432989796-1.1-f-04-hu.wav,babycry/donateacry:d18a30c6-4370-4be0-83f8-031892f96603,Baby_Crying,2,test
owlgebra_babycry/donateacry__D1CB71F9-EF76-49B3-A703-41D557444D21-1436863375-1.1-m-04-hu.wav,babycry/donateacry:d1cb71f9-ef76-49b3-a703-41d557444d21,Baby_Crying,2,train
owlgebra_babycry/donateacry__D4665929-8695-4655-927F-63F09B2D4CB8-1430726940-1.0-f-26-ti.wav,babycry/donateacry:d4665929-8695-4655-927f-63f09b2d4cb8,Baby_Crying,2,train
owlgebra_babycry/donateacry__D54D9C2A-56ED-4338-9D1F-2ADB4E081DAD-1429807587-1.0-m-48-hu.wav,babycry/donateacry:d54d9c2a-56ed-4338-9d1f-2adb4e081dad,Baby_Crying,2,train
owlgebra_babycry/donateacry__D54D9C2A-56ED-4338-9D1F-2ADB4E081DAD-1429807598-1.0-m-48-hu.wav,babycry/donateacry:d54d9c2a-56ed-4338-9d1f-2adb4e081dad,Baby_Crying,2,train
owlgebra_babycry/donateacry__D54D9C2A-56ED-4338-9D1F-2ADB4E081DAD-1430036283-1.0-m-48-hu.wav,babycry/donateacry:d54d9c2a-56ed-4338-9d1f-2adb4e081dad,Baby_Crying,2,train
owlgebra_babycry/donateacry__D833237F-1F7C-4338-BEDE-84C0CF5F4145-1430083995-1.0-f-26-hu.wav,babycry/donateacry:d833237f-1f7c-4338-bede-84c0cf5f4145,Baby_Crying,2,train
owlgebra_babycry/donateacry__DB95BF4A-E3E5-4429-A660-DBBCF486E6DF-1430664611-1.0-f-72-hu.wav,babycry/donateacry:db95bf4a-e3e5-4429-a660-dbbcf486e6df,Baby_Crying,2,test
owlgebra_babycry/donateacry__DBA77EDC-D457-4B3A-83B8-B7AFBF272D4E-1436860486-1.1-m-72-hu.wav,babycry/donateacry:dba77edc-d457-4b3a-83b8-b7afbf272d4e,Baby_Crying,2,val
owlgebra_babycry/donateacry__DCB33551-F9BA-4B4A-8DA1-A3107E1AD859-1430406483-1.0-m-04-hu.wav,babycry/donateacry:dcb33551-f9ba-4b4a-8da1-a3107e1ad859,Baby_Crying,2,val
owlgebra_babycry/donateacry__E2C4BCE0-99FD-49EC-8AB1-5EA5DF7DD8C5-1430042952-1.0-m-04-hu.wav,babycry/donateacry:e2c4bce0-99fd-49ec-8ab1-5ea5df7dd8c5,Baby_Crying,2,test
owlgebra_babycry/donateacry__F1AF5794-AD3B-4181-B010-AB835E5BDA64-1430441342-1.0-m-72-hu.wav,babycry/donateacry:f1af5794-ad3b-4181-b010-ab835e5bda64,Baby_Crying,2,train
owlgebra_babycry/donateacry__F24DE44B-762C-4149-AC92-96A5E57ED118-1430816918-1.0-m-04-hu.wav,babycry/donateacry:f24de44b-762c-4149-ac92-96a5e57ed118,Baby_Crying,2,train
owlgebra_babycry/donateacry__F2F97740-D638-4B6F-9E09-3AC65F06B448-1436849313-1.1-f-48-hu.wav,babycry/donateacry:f2f97740-d638-4b6f-9e09-3ac65f06b448,Baby_Crying,2,train
owlgebra_babycry/donateacry__F2F97740-D638-4B6F-9E09-3AC65F06B448-1436849335-1.1-f-48-hu.wav,babycry/donateacry:f2f97740-d638-4b6f-9e09-3ac65f06b448,Baby_Crying,2,train
owlgebra_babycry/donateacry__F3BAEDDA-CDC0-4A65-90EE-5C372CEE4F3B-1437012044-1.1-m-26-hu.wav,babycry/donateacry:f3baedda-cdc0-4a65-90ee-5c372cee4f3b,Baby_Crying,2,train
owlgebra_babycry/donateacry__F3BAEDDA-CDC0-4A65-90EE-5C372CEE4F3B-1437012059-1.1-m-26-hu.wav,babycry/donateacry:f3baedda-cdc0-4a65-90ee-5c372cee4f3b,Baby_Crying,2,train
owlgebra_babycry/donateacry__F4A0C710-AC2D-42E0-8EA9-3E4CAC31EE20-1430318390-1.0-m-04-hu.wav,babycry/donateacry:f4a0c710-ac2d-42e0-8ea9-3e4cac31ee20,Baby_Crying,2,val
owlgebra_babycry/donateacry__F4A0C710-AC2D-42E0-8EA9-3E4CAC31EE20-1430318400-1.0-m-04-hu.wav,babycry/donateacry:f4a0c710-ac2d-42e0-8ea9-3e4cac31ee20,Baby_Crying,2,val
owlgebra_babycry/donateacry__F4A0C710-AC2D-42E0-8EA9-3E4CAC31EE20-1430318416-1.0-m-04-hu.wav,babycry/donateacry:f4a0c710-ac2d-42e0-8ea9-3e4cac31ee20,Baby_Crying,2,val
owlgebra_babycry/donateacry__F4A65A98-ADEE-49C4-9B45-65A8429DF170-1430232330-1.0-m-72-hu.wav,babycry/donateacry:f4a65a98-adee-49c4-9b45-65a8429df170,Baby_Crying,2,train
owlgebra_babycry/donateacry__F6C6D3EE-F139-48A4-9EAC-0A50EB011CDC-1430103957-1.0-m-04-hu.wav,babycry/donateacry:f6c6d3ee-f139-48a4-9eac-0a50eb011cdc,Baby_Crying,2,train
owlgebra_babycry/donateacry__F6C6D3EE-F139-48A4-9EAC-0A50EB011CDC-1430103974-1.0-m-04-hu.wav,babycry/donateacry:f6c6d3ee-f139-48a4-9eac-0a50eb011cdc,Baby_Crying,2,train
owlgebra_babycry/donateacry__F95D4BCE-2FB0-4A0C-A058-BFB0674539AF-1430055800-1.0-m-26-hu.wav,babycry/donateacry:f95d4bce-2fb0-4a0c-a058-bfb0674539af,Baby_Crying,2,test
owlgebra_babycry/donateacry__F95D4BCE-2FB0-4A0C-A058-BFB0674539AF-1430055950-1.0-m-26-hu.wav,babycry/donateacry:f95d4bce-2fb0-4a0c-a058-bfb0674539af,Baby_Crying,2,test
owlgebra_babycry/donateacry__FAE74A94-9968-43ED-958C-50D7C4C1F13C-1430770871-1.0-f-22-hu.wav,babycry/donateacry:fae74a94-9968-43ed-958c-50d7c4c1f13c,Baby_Crying,2,train
owlgebra_babycry/donateacry__FF2CD2F6-404D-4626-8718-6E6C751F63B8-1431104346-1.0-m-04-hu.wav,babycry/donateacry:ff2cd2f6-404d-4626-8718-6e6c751f63b8,Baby_Crying,2,train
owlgebra_babycry/donateacry__FF2CD2F6-404D-4626-8718-6E6C751F63B8-1431104396-1.0-m-04-hu.wav,babycry/donateacry:ff2cd2f6-404d-4626-8718-6e6c751f63b8,Baby_Crying,2,train
owlgebra_babycry/donateacry__a40b9b8d-e4bc-457a-badf-f38bdbc0c358-1430016779981-1.7-m-26-hu.wav,babycry/donateacry:a40b9b8d-e4bc-457a-badf-f38bdbc0c358,Baby_Crying,2,train
owlgebra_babycry/donateacry__a40b9b8d-e4bc-457a-badf-f38bdbc0c358-1430017191818-1.7-m-26-hu.wav,babycry/donateacry:a40b9b8d-e4bc-457a-badf-f38bdbc0c358,Baby_Crying,2,train
owlgebra_babycry/donateacry__a56e2494-d2b2-480e-af0b-de9ea8f33572-1436897427825-1.7-f-26-hu.wav,babycry/donateacry:a56e2494-d2b2-480e-af0b-de9ea8f33572,Baby_Crying,2,train
owlgebra_babycry/donateacry__a7b13b65-da2c-48ec-8aed-46adcaba705f-1430823489236-1.7-f-26-hu.wav,babycry/donateacry:a7b13b65-da2c-48ec-8aed-46adcaba705f,Baby_Crying,2,val
owlgebra_babycry/donateacry__aaa57dbd-7b88-454a-963e-6faa2f4ed4e7-1436910235521-1.7-f-04-hu.wav,babycry/donateacry:aaa57dbd-7b88-454a-963e-6faa2f4ed4e7,Baby_Crying,2,test
owlgebra_babycry/donateacry__aaa57dbd-7b88-454a-963e-6faa2f4ed4e7-1436982066128-1.7-f-04-hu.wav,babycry/donateacry:aaa57dbd-7b88-454a-963e-6faa2f4ed4e7,Baby_Crying,2,test
owlgebra_babycry/donateacry__aaa57dbd-7b88-454a-963e-6faa2f4ed4e7-1436982075169-1.7-f-04-hu.wav,babycry/donateacry:aaa57dbd-7b88-454a-963e-6faa2f4ed4e7,Baby_Crying,2,test
owlgebra_babycry/donateacry__aaa57dbd-7b88-454a-963e-6faa2f4ed4e7-1436982098411-1.7-f-04-hu.wav,babycry/donateacry:aaa57dbd-7b88-454a-963e-6faa2f4ed4e7,Baby_Crying,2,test
owlgebra_babycry/donateacry__aaa57dbd-7b88-454a-963e-6faa2f4ed4e7-1437166513710-1.7-f-04-hu.wav,babycry/donateacry:aaa57dbd-7b88-454a-963e-6faa2f4ed4e7,Baby_Crying,2,test
owlgebra_babycry/donateacry__ad7fd28b-3e85-4e9b-9e18-af4bda64c60f-1430756389867-1.7-m-72-hu.wav,babycry/donateacry:ad7fd28b-3e85-4e9b-9e18-af4bda64c60f,Baby_Crying,2,train
owlgebra_babycry/donateacry__adb53808-8b13-4c08-b055-6653c75298be-1430133962749-1.7-m-72-hu.wav,babycry/donateacry:adb53808-8b13-4c08-b055-6653c75298be,Baby_Crying,2,val
owlgebra_babycry/donateacry__adb53808-8b13-4c08-b055-6653c75298be-1430133982281-1.7-m-72-hu.wav,babycry/donateacry:adb53808-8b13-4c08-b055-6653c75298be,Baby_Crying,2,val
owlgebra_babycry/donateacry__adcefe56-90b1-4120-83b1-93008cb6f7f0-1430731683554-1.7-m-04-hu.wav,babycry/donateacry:adcefe56-90b1-4120-83b1-93008cb6f7f0,Baby_Crying,2,val
owlgebra_babycry/donateacry__ae5a462b-5424-4b5b-82d5-07ccb61654ab-1431155960186-1.7-f-48-hu.wav,babycry/donateacry:ae5a462b-5424-4b5b-82d5-07ccb61654ab,Baby_Crying,2,train
owlgebra_babycry/donateacry__ae5f103b-5fee-442f-bb1b-d9d0570c46ab-1431533857965-1.7-m-26-bp.wav,babycry/donateacry:ae5f103b-5fee-442f-bb1b-d9d0570c46ab,Baby_Crying,2,train
owlgebra_babycry/donateacry__af30880e-5f98-4dc0-b37a-be6b21fa0ba3-1431240037389-1.7-m-26-hu.wav,babycry/donateacry:af30880e-5f98-4dc0-b37a-be6b21fa0ba3,Baby_Crying,2,test
owlgebra_babycry/donateacry__afa44e7f-4187-4f1c-9437-b49ba75f542e-1430629785235-1.7-f-04-hu.wav,babycry/donateacry:afa44e7f-4187-4f1c-9437-b49ba75f542e,Baby_Crying,2,train
owlgebra_babycry/donateacry__b4c460d8-bd6b-4017-9bb8-2ae4ff0c5af1-1432751065608-1.7-f-26-hu.wav,babycry/donateacry:b4c460d8-bd6b-4017-9bb8-2ae4ff0c5af1,Baby_Crying,2,train
owlgebra_babycry/donateacry__b5044f9a-6f2e-44fc-8e04-9076a988acf2-1435544527174-1.7-m-04-hu.wav,babycry/donateacry:b5044f9a-6f2e-44fc-8e04-9076a988acf2,Baby_Crying,2,val
owlgebra_babycry/donateacry__b8fe4527-5e46-437f-897d-be32112bc1c8-1430166086647-1.7-f-48-hu.wav,babycry/donateacry:b8fe4527-5e46-437f-897d-be32112bc1c8,Baby_Crying,2,test
owlgebra_babycry/donateacry__bb2bdafb-0477-4be4-8c41-1a6192e8c6d4-1430637736064-1.7-m-72-hu.wav,babycry/donateacry:bb2bdafb-0477-4be4-8c41-1a6192e8c6d4,Baby_Crying,2,train
owlgebra_babycry/donateacry__bfbc4d23-39b2-4b33-b686-2f048f062b60-1430077722675-1.7-f-72-hu.wav,babycry/donateacry:bfbc4d23-39b2-4b33-b686-2f048f062b60,Baby_Crying,2,train
owlgebra_babycry/donateacry__c10e2b0f-0cb8-4485-b82f-d453edf97db7-1430739179429-1.7-f-26-hu.wav,babycry/donateacry:c10e2b0f-0cb8-4485-b82f-d453edf97db7,Baby_Crying,2,train
owlgebra_babycry/donateacry__c42e76b9-a4c1-48f6-a91d-27ab83015874-1430737177322-1.7-f-72-hu.wav,babycry/donateacry:c42e76b9-a4c1-48f6-a91d-27ab83015874,Baby_Crying,2,train
owlgebra_babycry/donateacry__c6fd9d60-0fa7-44c0-b3ce-0192527d7b81-1429978271017-1.7-m-04-hu.wav,babycry/donateacry:c6fd9d60-0fa7-44c0-b3ce-0192527d7b81,Baby_Crying,2,test
owlgebra_babycry/donateacry__c6fd9d60-0fa7-44c0-b3ce-0192527d7b81-1430038968282-1.7-m-04-hu.wav,babycry/donateacry:c6fd9d60-0fa7-44c0-b3ce-0192527d7b81,Baby_Crying,2,test
owlgebra_babycry/donateacry__ca7d8d54-13cb-4060-8db4-90651b60c078-1434674769219-1.7-f-26-hu.wav,babycry/donateacry:ca7d8d54-13cb-4060-8db4-90651b60c078,Baby_Crying,2,train
owlgebra_babycry/donateacry__ca7d8d54-13cb-4060-8db4-90651b60c078-1434674792223-1.7-f-26-ti.wav,babycry/donateacry:ca7d8d54-13cb-4060-8db4-90651b60c078,Baby_Crying,2,train
owlgebra_babycry/donateacry__cde108d0-62c3-47f8-82c4-233c9fba5cdd-1436884406827-1.7-m-48-hu.wav,babycry/donateacry:cde108d0-62c3-47f8-82c4-233c9fba5cdd,Baby_Crying,2,train
owlgebra_babycry/donateacry__d1e236a0-e030-4137-9030-5625026cd098-1430477951092-1.2-m-04-hu.wav,babycry/donateacry:d1e236a0-e030-4137-9030-5625026cd098,Baby_Crying,2,train
owlgebra_babycry/donateacry__d1e236a0-e030-4137-9030-5625026cd098-1430477960643-1.2-m-04-hu.wav,babycry/donateacry:d1e236a0-e030-4137-9030-5625026cd098,Baby_Crying,2,train
owlgebra_babycry/donateacry__d5abedab-9ed5-48d0-a83b-fc00c33d6d6b-1430079192907-1.7-f-04-ti.wav,babycry/donateacry:d5abedab-9ed5-48d0-a83b-fc00c33d6d6b,Baby_Crying,2,val
owlgebra_babycry/donateacry__d6cda191-4962-4308-9a36-46d5648a95ed-1428333797380-1.5-f-26-hu.wav,babycry/donateacry:d6cda191-4962-4308-9a36-46d5648a95ed,Baby_Crying,2,test
owlgebra_babycry/donateacry__d6cda191-4962-4308-9a36-46d5648a95ed-1430640304482-1.7-m-04-hu.wav,babycry/donateacry:d6cda191-4962-4308-9a36-46d5648a95ed,Baby_Crying,2,test
owlgebra_babycry/donateacry__d6cda191-4962-4308-9a36-46d5648a95ed-1431086262776-1.7-m-04-ch.wav,babycry/donateacry:d6cda191-4962-4308-9a36-46d5648a95ed,Baby_Crying,2,test
owlgebra_babycry/donateacry__d6cda191-4962-4308-9a36-46d5648a95ed-1431587887997-1.7-m-04-ti.wav,babycry/donateacry:d6cda191-4962-4308-9a36-46d5648a95ed,Baby_Crying,2,test
owlgebra_babycry/donateacry__d6cda191-4962-4308-9a36-46d5648a95ed-1431587899682-1.7-m-04-ti.wav,babycry/donateacry:d6cda191-4962-4308-9a36-46d5648a95ed,Baby_Crying,2,test
owlgebra_babycry/donateacry__d6cda191-4962-4308-9a36-46d5648a95ed-1431616581736-1.7-m-04-ti.wav,babycry/donateacry:d6cda191-4962-4308-9a36-46d5648a95ed,Baby_Crying,2,test
owlgebra_babycry/donateacry__d6cda191-4962-4308-9a36-46d5648a95ed-1431700390946-1.7-m-04-bp.wav,babycry/donateacry:d6cda191-4962-4308-9a36-46d5648a95ed,Baby_Crying,2,test
owlgebra_babycry/donateacry__d6cda191-4962-4308-9a36-46d5648a95ed-1431882043380-1.7-m-04-hu.wav,babycry/donateacry:d6cda191-4962-4308-9a36-46d5648a95ed,Baby_Crying,2,test
owlgebra_babycry/donateacry__e1e640e2-78cb-4cb7-9ccc-93813bfc251c-1430738640598-1.7-m-72-hu.wav,babycry/donateacry:e1e640e2-78cb-4cb7-9ccc-93813bfc251c,Baby_Crying,2,train
owlgebra_babycry/donateacry__e1e640e2-78cb-4cb7-9ccc-93813bfc251c-1430738652322-1.7-m-72-hu.wav,babycry/donateacry:e1e640e2-78cb-4cb7-9ccc-93813bfc251c,Baby_Crying,2,train
owlgebra_babycry/donateacry__e37c323c-0edb-4942-be47-3cc0b2de00a1-1434392936735-1.7-f-26-hu.wav,babycry/donateacry:e37c323c-0edb-4942-be47-3cc0b2de00a1,Baby_Crying,2,train
owlgebra_babycry/donateacry__e4051e62-d21d-4bb8-a235-fd7e859ad787-1430739655763-1.7-m-04-hu.wav,babycry/donateacry:e4051e62-d21d-4bb8-a235-fd7e859ad787,Baby_Crying,2,test
owlgebra_babycry/donateacry__eccb4617-8373-4c4f-b49e-bb2d72bce8d8-1430035348191-1.7-m-26-hu.wav,babycry/donateacry:eccb4617-8373-4c4f-b49e-bb2d72bce8d8,Baby_Crying,2,train
owlgebra_babycry/donateacry__ed31b187-34af-4ff1-979c-3b8a5905fb7b-1430044808480-1.7-m-04-hu.wav,babycry/donateacry:ed31b187-34af-4ff1-979c-3b8a5905fb7b,Baby_Crying,2,val
owlgebra_babycry/donateacry__edb5924c-07ba-4eaa-838b-aaf9511a219b-1431894189631-1.7-m-48-hu.wav,babycry/donateacry:edb5924c-07ba-4eaa-838b-aaf9511a219b,Baby_Crying,2,train
owlgebra_babycry/donateacry__edb5924c-07ba-4eaa-838b-aaf9511a219b-1431899400326-1.7-m-48-hu.wav,babycry/donateacry:edb5924c-07ba-4eaa-838b-aaf9511a219b,Baby_Crying,2,train
owlgebra_babycry/donateacry__eea17285-4ab9-4d34-a2f5-55fc8c866ac6-1431887695278-1.7-f-26-ti.wav,babycry/donateacry:eea17285-4ab9-4d34-a2f5-55fc8c866ac6,Baby_Crying,2,test
owlgebra_babycry/donateacry__f258a8e2-92cd-4843-9da4-80ed26ec8e10-1436944996156-1.7-f-26-ch.wav,babycry/donateacry:f258a8e2-92cd-4843-9da4-80ed26ec8e10,Baby_Crying,2,val
owlgebra_babycry/donateacry__f5b29377-7cd6-4688-942c-5a07add39dc5-1437480263225-1.7-f-26-dc.wav,babycry/donateacry:f5b29377-7cd6-4688-942c-5a07add39dc5,Baby_Crying,2,train
owlgebra_babycry/donateacry__f896b69d-6241-4b51-9c45-0d628bc827c1-1430090255303-1.7-m-04-hu.wav,babycry/donateacry:f896b69d-6241-4b51-9c45-0d628bc827c1,Baby_Crying,2,train
owlgebra_babycry/donateacry__f896b69d-6241-4b51-9c45-0d628bc827c1-1430090400166-1.7-m-72-hu.wav,babycry/donateacry:f896b69d-6241-4b51-9c45-0d628bc827c1,Baby_Crying,2,train
owlgebra_babycry/donateacry__fa8620d3-e7db-4101-aff0-28dbf0d96a5f-1434296505682-1.7-f-04-hu.wav,babycry/donateacry:fa8620d3-e7db-4101-aff0-28dbf0d96a5f,Baby_Crying,2,train
owlgebra_babycry/donateacry__fa8620d3-e7db-4101-aff0-28dbf0d96a5f-1434465485354-1.7-f-04-hu.wav,babycry/donateacry:fa8620d3-e7db-4101-aff0-28dbf0d96a5f,Baby_Crying,2,train
owlgebra_babycry/recanvo__200112_2059_00-04-25.83--00-04-26.37.wav,babycry/recanvo:200112_2059,Baby_Crying,2,val
owlgebra_babycry/recanvo__200112_2059_00-16-18.27--00-16-20.99.wav,babycry/recanvo:200112_2059,Baby_Crying,2,val
owlgebra_babycry/recanvo__200112_2127_00-02-16.4--00-02-17.48.wav,babycry/recanvo:200112_2127,Baby_Crying,2,train
owlgebra_babycry/recanvo__200112_2127_00-02-18.82--00-02-19.94.wav,babycry/recanvo:200112_2127,Baby_Crying,2,train
owlgebra_babycry/recanvo__200124_1828_00-01-27.23--00-01-28.55.wav,babycry/recanvo:200124_1828,Baby_Crying,2,train
owlgebra_babycry/recanvo__200124_1828_00-01-29.66--00-01-30.38.wav,babycry/recanvo:200124_1828,Baby_Crying,2,train
owlgebra_babycry/recanvo__200124_1828_00-01-44.67--00-01-46.12.wav,babycry/recanvo:200124_1828,Baby_Crying,2,train
owlgebra_babycry/recanvo__200124_1828_00-01-59.83--00-02-01.58.wav,babycry/recanvo:200124_1828,Baby_Crying,2,train
owlgebra_babycry/recanvo__200124_1828_00-02-16.68--00-02-17.78.wav,babycry/recanvo:200124_1828,Baby_Crying,2,train
owlgebra_babycry/recanvo__200124_1828_00-02-28.45--00-02-30.56.wav,babycry/recanvo:200124_1828,Baby_Crying,2,train
owlgebra_babycry/recanvo__200124_1828_00-02-32.46--00-02-33.42.wav,babycry/recanvo:200124_1828,Baby_Crying,2,train
owlgebra_babycry/recanvo__200124_1828_00-02-34.67--00-02-36.13.wav,babycry/recanvo:200124_1828,Baby_Crying,2,train
owlgebra_babycry/recanvo__200124_1828_00-02-37.77--00-02-38.89.wav,babycry/recanvo:200124_1828,Baby_Crying,2,train
owlgebra_babycry/recanvo__200124_1828_00-02-44.09--00-02-45.26.wav,babycry/recanvo:200124_1828,Baby_Crying,2,train
owlgebra_babycry/recanvo__200124_1828_00-02-48.79--00-02-49.69.wav,babycry/recanvo:200124_1828,Baby_Crying,2,train
owlgebra_babycry/recanvo__200124_1828_00-03-33.59--00-03-35.01.wav,babycry/recanvo:200124_1828,Baby_Crying,2,train
owlgebra_babycry/recanvo__200124_1828_00-03-36.85--00-03-37.97.wav,babycry/recanvo:200124_1828,Baby_Crying,2,train
owlgebra_babycry/recanvo__200124_1828_00-04-50.3--00-04-51.78.wav,babycry/recanvo:200124_1828,Baby_Crying,2,train
owlgebra_babycry/recanvo__200124_1828_00-04-52.49--00-04-53.54.wav,babycry/recanvo:200124_1828,Baby_Crying,2,train
owlgebra_babycry/recanvo__200124_1828_00-04-54.72--00-04-56.4.wav,babycry/recanvo:200124_1828,Baby_Crying,2,train
owlgebra_babycry/recanvo__200124_1828_00-04-57.26--00-04-58.66.wav,babycry/recanvo:200124_1828,Baby_Crying,2,train
owlgebra_babycry/recanvo__200124_1828_00-05-00.30399--00-05-02.703.wav,babycry/recanvo:200124_1828,Baby_Crying,2,train
owlgebra_babycry/recanvo__200124_1828_00-05-12.38--00-05-13.82.wav,babycry/recanvo:200124_1828,Baby_Crying,2,train
owlgebra_babycry/recanvo__200124_1828_00-05-17.93--00-05-18.91.wav,babycry/recanvo:200124_1828,Baby_Crying,2,train
owlgebra_babycry/recanvo__200124_1828_00-05-32.9--00-05-35.97.wav,babycry/recanvo:200124_1828,Baby_Crying,2,train
owlgebra_babycry/recanvo__200124_1828_00-06-15.65--00-06-16.33.wav,babycry/recanvo:200124_1828,Baby_Crying,2,train
owlgebra_babycry/recanvo__200124_1828_00-06-45.83--00-06-47.wav,babycry/recanvo:200124_1828,Baby_Crying,2,train
owlgebra_babycry/recanvo__200124_1828_00-06-48.28--00-06-49.38.wav,babycry/recanvo:200124_1828,Baby_Crying,2,train
owlgebra_babycry/recanvo__200124_1828_00-06-55.67--00-06-56.64.wav,babycry/recanvo:200124_1828,Baby_Crying,2,train
owlgebra_babycry/recanvo__200124_1828_00-07-00.90299--00-07-01.893.wav,babycry/recanvo:200124_1828,Baby_Crying,2,train
owlgebra_babycry/recanvo__200124_1828_00-07-11.9--00-07-13.21.wav,babycry/recanvo:200124_1828,Baby_Crying,2,train
owlgebra_babycry/recanvo__200124_1828_00-07-26.46--00-07-28.34.wav,babycry/recanvo:200124_1828,Baby_Crying,2,train
owlgebra_babycry/recanvo__200124_1828_00-08-46.04--00-08-48.18.wav,babycry/recanvo:200124_1828,Baby_Crying,2,train
owlgebra_babycry/recanvo__200124_1828_00-09-16.89--00-09-18.17.wav,babycry/recanvo:200124_1828,Baby_Crying,2,train
owlgebra_babycry/recanvo__200124_1828_00-09-19.21--00-09-20.wav,babycry/recanvo:200124_1828,Baby_Crying,2,train
owlgebra_babycry/recanvo__200124_1828_00-09-36.55--00-09-37.58.wav,babycry/recanvo:200124_1828,Baby_Crying,2,train
owlgebra_babycry/recanvo__200124_1828_00-09-43.81--00-09-44.4.wav,babycry/recanvo:200124_1828,Baby_Crying,2,train
owlgebra_babycry/recanvo__200124_1828_00-09-47.8--00-09-48.42.wav,babycry/recanvo:200124_1828,Baby_Crying,2,train
owlgebra_babycry/recanvo__200124_1828_00-12-20.53--00-12-22.03.wav,babycry/recanvo:200124_1828,Baby_Crying,2,train
owlgebra_babycry/recanvo__200124_1828_00-12-26.41--00-12-27.98.wav,babycry/recanvo:200124_1828,Baby_Crying,2,train
owlgebra_babycry/recanvo__200124_1828_00-12-29.09--00-12-29.93.wav,babycry/recanvo:200124_1828,Baby_Crying,2,train
owlgebra_babycry/recanvo__200124_1828_00-12-39.37--00-12-40.51.wav,babycry/recanvo:200124_1828,Baby_Crying,2,train
owlgebra_babycry/recanvo__200124_1828_00-13-08.79--00-13-09.632.wav,babycry/recanvo:200124_1828,Baby_Crying,2,train
owlgebra_babycry/recanvo__200124_1828_00-13-13.16--00-13-14.15.wav,babycry/recanvo:200124_1828,Baby_Crying,2,train
owlgebra_babycry/recanvo__200124_1828_00-14-08.637--00-14-09.787.wav,babycry/recanvo:200124_1828,Baby_Crying,2,train
owlgebra_babycry/recanvo__200124_1828_00-14-13.77--00-14-14.93.wav,babycry/recanvo:200124_1828,Baby_Crying,2,train
owlgebra_babycry/recanvo__200124_1828_00-14-16.9--00-14-18.42.wav,babycry/recanvo:200124_1828,Baby_Crying,2,train
owlgebra_babycry/recanvo__200124_1828_00-14-31.26--00-14-31.91.wav,babycry/recanvo:200124_1828,Baby_Crying,2,train
owlgebra_babycry/recanvo__200126_2142_00-00-20.57--00-00-22.81.wav,babycry/recanvo:200126_2142,Baby_Crying,2,train
owlgebra_babycry/recanvo__200126_2142_00-01-25.94--00-01-26.48.wav,babycry/recanvo:200126_2142,Baby_Crying,2,train
owlgebra_babycry/recanvo__200126_2142_00-02-22.47--00-02-23.43.wav,babycry/recanvo:200126_2142,Baby_Crying,2,train
owlgebra_babycry/recanvo__200126_2142_00-04-16.05--00-04-18.31.wav,babycry/recanvo:200126_2142,Baby_Crying,2,train
owlgebra_babycry/recanvo__200126_2142_00-04-23.23--00-04-24.56.wav,babycry/recanvo:200126_2142,Baby_Crying,2,train
owlgebra_babycry/recanvo__200126_2142_00-04-25.72--00-04-27.22.wav,babycry/recanvo:200126_2142,Baby_Crying,2,train
owlgebra_babycry/recanvo__200126_2142_00-04-51.61--00-04-52.89.wav,babycry/recanvo:200126_2142,Baby_Crying,2,train
owlgebra_babycry/recanvo__200126_2142_00-04-53.74--00-04-55.29.wav,babycry/recanvo:200126_2142,Baby_Crying,2,train
owlgebra_babycry/recanvo__200126_2142_00-06-21.42--00-06-22.19.wav,babycry/recanvo:200126_2142,Baby_Crying,2,train
owlgebra_babycry/recanvo__200126_2142_00-06-29.27--00-06-30.34.wav,babycry/recanvo:200126_2142,Baby_Crying,2,train
owlgebra_babycry/recanvo__200126_2142_00-06-32.15--00-06-33.16.wav,babycry/recanvo:200126_2142,Baby_Crying,2,train
owlgebra_babycry/recanvo__200126_2142_00-06-41.54--00-06-42.47.wav,babycry/recanvo:200126_2142,Baby_Crying,2,train
owlgebra_babycry/recanvo__200126_2142_00-08-41.5--00-08-42.25.wav,babycry/recanvo:200126_2142,Baby_Crying,2,train
owlgebra_babycry/recanvo__200126_2142_00-09-04.785--00-09-05.612.wav,babycry/recanvo:200126_2142,Baby_Crying,2,train
owlgebra_babycry/recanvo__200126_2142_00-09-33.55--00-09-34.5.wav,babycry/recanvo:200126_2142,Baby_Crying,2,train
owlgebra_babycry/recanvo__200126_2142_00-11-35.94--00-11-37.08.wav,babycry/recanvo:200126_2142,Baby_Crying,2,train
owlgebra_babycry/recanvo__200126_2142_00-12-50.42--00-12-52.18.wav,babycry/recanvo:200126_2142,Baby_Crying,2,train
owlgebra_babycry/recanvo__200126_2142_00-13-40.47--00-13-41.93.wav,babycry/recanvo:200126_2142,Baby_Crying,2,train
owlgebra_babycry/recanvo__200126_2142_00-14-02.66--00-14-04.874.wav,babycry/recanvo:200126_2142,Baby_Crying,2,train
owlgebra_babycry/recanvo__200126_2142_00-14-05.709--00-14-06.796.wav,babycry/recanvo:200126_2142,Baby_Crying,2,train
owlgebra_babycry/recanvo__200126_2142_00-15-36.76--00-15-39.33.wav,babycry/recanvo:200126_2142,Baby_Crying,2,train
owlgebra_babycry/recanvo__200126_2142_00-16-20.15--00-16-22.28.wav,babycry/recanvo:200126_2142,Baby_Crying,2,train
owlgebra_babycry/recanvo__200126_2142_00-16-22.81--00-16-23.66.wav,babycry/recanvo:200126_2142,Baby_Crying,2,train
owlgebra_babycry/recanvo__200126_2142_00-17-54.82--00-17-56.33.wav,babycry/recanvo:200126_2142,Baby_Crying,2,train
owlgebra_babycry/recanvo__200126_2142_00-18-00.71698--00-18-03.416.wav,babycry/recanvo:200126_2142,Baby_Crying,2,train
owlgebra_babycry/recanvo__200126_2142_00-18-44.81--00-18-45.56.wav,babycry/recanvo:200126_2142,Baby_Crying,2,train
owlgebra_babycry/recanvo__200126_2142_00-18-59.45--00-19-00.37499.wav,babycry/recanvo:200126_2142,Baby_Crying,2,train
owlgebra_babycry/recanvo__200126_2142_00-19-41.47--00-19-44.91.wav,babycry/recanvo:200126_2142,Baby_Crying,2,train
owlgebra_babycry/recanvo__200126_2142_00-19-47.69--00-19-48.79.wav,babycry/recanvo:200126_2142,Baby_Crying,2,train
owlgebra_babycry/recanvo__200126_2142_00-21-30.46--00-21-31.16.wav,babycry/recanvo:200126_2142,Baby_Crying,2,train
owlgebra_babycry/recanvo__200126_2142_00-21-49.18--00-21-50.19.wav,babycry/recanvo:200126_2142,Baby_Crying,2,train
owlgebra_babycry/recanvo__200126_2142_00-21-53.48--00-21-54.45.wav,babycry/recanvo:200126_2142,Baby_Crying,2,train
owlgebra_babycry/recanvo__200126_2142_00-23-41.24--00-23-42.11.wav,babycry/recanvo:200126_2142,Baby_Crying,2,train
owlgebra_babycry/recanvo__200126_2142_00-23-43.47--00-23-44.63.wav,babycry/recanvo:200126_2142,Baby_Crying,2,train
owlgebra_babycry/recanvo__200229_2156_00-04-39.41--00-04-40.63.wav,babycry/recanvo:200229_2156,Baby_Crying,2,test
owlgebra_babycry/recanvo__200229_2156_00-04-43.06--00-04-44.22.wav,babycry/recanvo:200229_2156,Baby_Crying,2,test
owlgebra_babycry/recanvo__200229_2156_00-04-45.4--00-04-46.71.wav,babycry/recanvo:200229_2156,Baby_Crying,2,test
owlgebra_babycry/recanvo__200229_2156_00-04-49.17--00-04-50.96.wav,babycry/recanvo:200229_2156,Baby_Crying,2,test
owlgebra_babycry/recanvo__200229_2156_00-04-53.57--00-04-55.08.wav,babycry/recanvo:200229_2156,Baby_Crying,2,test
owlgebra_babycry/recanvo__200229_2156_00-04-58.98--00-04-59.72.wav,babycry/recanvo:200229_2156,Baby_Crying,2,test
owlgebra_babycry/recanvo__200229_2156_00-05-11.62--00-05-12.94.wav,babycry/recanvo:200229_2156,Baby_Crying,2,test
owlgebra_babycry/recanvo__200229_2156_00-05-37.83--00-05-39.07.wav,babycry/recanvo:200229_2156,Baby_Crying,2,test
owlgebra_babycry/recanvo__200229_2156_00-05-39.75--00-05-41.24.wav,babycry/recanvo:200229_2156,Baby_Crying,2,test
owlgebra_babycry/recanvo__200229_2156_00-06-09.567--00-06-11.09.wav,babycry/recanvo:200229_2156,Baby_Crying,2,test
owlgebra_babycry/recanvo__200229_2156_00-08-01.665--00-08-03.284.wav,babycry/recanvo:200229_2156,Baby_Crying,2,test
owlgebra_babycry/recanvo__200229_2156_00-08-07.7--00-08-08.689.wav,babycry/recanvo:200229_2156,Baby_Crying,2,test
owlgebra_babycry/recanvo__200302_2156_00-00-37.49--00-00-38.27.wav,babycry/recanvo:200302_2156,Baby_Crying,2,train
owlgebra_babycry/recanvo__200302_2156_00-00-40.25--00-00-41.64.wav,babycry/recanvo:200302_2156,Baby_Crying,2,train
owlgebra_babycry/recanvo__200302_2156_00-02-26.36--00-02-27.74.wav,babycry/recanvo:200302_2156,Baby_Crying,2,train
owlgebra_babycry/recanvo__200302_2156_00-03-30.49--00-03-32.51.wav,babycry/recanvo:200302_2156,Baby_Crying,2,train
owlgebra_babycry/recanvo__200302_2156_00-03-36.27--00-03-37.73.wav,babycry/recanvo:200302_2156,Baby_Crying,2,train
owlgebra_babycry/recanvo__200302_2156_00-03-42.11--00-03-42.82.wav,babycry/recanvo:200302_2156,Baby_Crying,2,train
owlgebra_babycry/recanvo__200302_2156_00-03-44.25--00-03-44.88.wav,babycry/recanvo:200302_2156,Baby_Crying,2,train
owlgebra_babycry/recanvo__200302_2156_00-03-58.58--00-03-59.56.wav,babycry/recanvo:200302_2156,Baby_Crying,2,train
owlgebra_babycry/recanvo__200302_2156_00-04-00.50499--00-04-01.402.wav,babycry/recanvo:200302_2156,Baby_Crying,2,train
owlgebra_babycry/recanvo__200302_2156_00-04-03.033--00-04-03.543.wav,babycry/recanvo:200302_2156,Baby_Crying,2,train
owlgebra_babycry/recanvo__200302_2156_00-04-24.98--00-04-26.29.wav,babycry/recanvo:200302_2156,Baby_Crying,2,train
owlgebra_babycry/recanvo__200302_2156_00-04-27.2--00-04-28.27.wav,babycry/recanvo:200302_2156,Baby_Crying,2,train
owlgebra_babycry/recanvo__200302_2156_00-04-33.36--00-04-34.71.wav,babycry/recanvo:200302_2156,Baby_Crying,2,train
owlgebra_babycry/recanvo__200302_2156_00-04-35.74--00-04-36.62.wav,babycry/recanvo:200302_2156,Baby_Crying,2,train
owlgebra_babycry/recanvo__200302_2156_00-04-37.65--00-04-39.49.wav,babycry/recanvo:200302_2156,Baby_Crying,2,train
owlgebra_babycry/recanvo__200302_2156_00-04-49.18--00-04-50.39.wav,babycry/recanvo:200302_2156,Baby_Crying,2,train
owlgebra_babycry/recanvo__200302_2156_00-05-02.775--00-05-04.437.wav,babycry/recanvo:200302_2156,Baby_Crying,2,train
owlgebra_babycry/recanvo__200302_2156_00-05-08.187--00-05-09.9.wav,babycry/recanvo:200302_2156,Baby_Crying,2,train
owlgebra_babycry/recanvo__200302_2156_00-05-56.55--00-05-57.4.wav,babycry/recanvo:200302_2156,Baby_Crying,2,train
owlgebra_babycry/recanvo__200302_2156_00-06-02.013--00-06-03.194.wav,babycry/recanvo:200302_2156,Baby_Crying,2,train
owlgebra_babycry/recanvo__200302_2156_00-06-04.044--00-06-05.248.wav,babycry/recanvo:200302_2156,Baby_Crying,2,train
owlgebra_babycry/recanvo__200302_2156_00-06-05.617--00-06-07.357.wav,babycry/recanvo:200302_2156,Baby_Crying,2,train
owlgebra_babycry/recanvo__200302_2156_00-06-08.407--00-06-10.38.wav,babycry/recanvo:200302_2156,Baby_Crying,2,train
owlgebra_babycry/recanvo__200302_2203_00-00-00.12485--00-00-02.4449.wav,babycry/recanvo:200302_2203,Baby_Crying,2,val
owlgebra_babycry/recanvo__200302_2203_00-00-00.48399--00-00-02.51.wav,babycry/recanvo:200302_2203,Baby_Crying,2,val
owlgebra_babycry/recanvo__200302_2203_00-00-00.5502--00-00-01.2792.wav,babycry/recanvo:200302_2203,Baby_Crying,2,val
owlgebra_babycry/recanvo__200302_2203_00-00-00.93764--00-00-02.4807.wav,babycry/recanvo:200302_2203,Baby_Crying,2,val
owlgebra_babycry/recanvo__200302_2203_00-00-00.95261--00-00-02.2586.wav,babycry/recanvo:200302_2203,Baby_Crying,2,val
owlgebra_babycry/recanvo__200302_2203_00-00-03.992--00-00-06.2699.wav,babycry/recanvo:200302_2203,Baby_Crying,2,val
owlgebra_babycry/recanvo__200302_2203_00-00-03.9946--00-00-06.0716.wav,babycry/recanvo:200302_2203,Baby_Crying,2,val
owlgebra_babycry/recanvo__200302_2203_00-00-04.1679--00-00-04.9389.wav,babycry/recanvo:200302_2203,Baby_Crying,2,val
owlgebra_babycry/recanvo__200302_2203_00-00-04.2514--00-00-05.3304.wav,babycry/recanvo:200302_2203,Baby_Crying,2,val
owlgebra_babycry/recanvo__200302_2204_00-00-00.0080045--00-00-02.052.wav,babycry/recanvo:200302_2204,Baby_Crying,2,train
owlgebra_babycry/recanvo__200302_2204_00-00-03.068--00-00-03.91.wav,babycry/recanvo:200302_2204,Baby_Crying,2,train
owlgebra_babycry/recanvo__200302_2204_00-00-04.76--00-00-06.25.wav,babycry/recanvo:200302_2204,Baby_Crying,2,train
owlgebra_babycry/recanvo__200302_2204_00-00-09.856--00-00-10.75.wav,babycry/recanvo:200302_2204,Baby_Crying,2,train
owlgebra_babycry/recanvo__200302_2204_00-00-18.3--00-00-19.08.wav,babycry/recanvo:200302_2204,Baby_Crying,2,train
owlgebra_babycry/recanvo__200302_2204_00-00-31.12--00-00-32.89.wav,babycry/recanvo:200302_2204,Baby_Crying,2,train
owlgebra_babycry/recanvo__200306_2047SelfTalk-Frustrated_00-05-28.57--00-05-35.81.wav,babycry/recanvo:200306_2047,Baby_Crying,2,train
owlgebra_babycry/recanvo__200306_2047SelfTalk-Frustrated_00-06-04.879--00-06-07.201.wav,babycry/recanvo:200306_2047,Baby_Crying,2,train
owlgebra_babycry/recanvo__200306_2047_00-00-04.759--00-00-05.707.wav,babycry/recanvo:200306_2047,Baby_Crying,2,train
owlgebra_babycry/recanvo__200306_2047_00-00-22.42--00-00-23.56.wav,babycry/recanvo:200306_2047,Baby_Crying,2,train
owlgebra_babycry/recanvo__200306_2047_00-00-29.69--00-00-30.79.wav,babycry/recanvo:200306_2047,Baby_Crying,2,train
owlgebra_babycry/recanvo__200306_2047_00-00-42.57--00-00-43.19.wav,babycry/recanvo:200306_2047,Baby_Crying,2,train
owlgebra_babycry/recanvo__200306_2047_00-00-43.86--00-00-44.9.wav,babycry/recanvo:200306_2047,Baby_Crying,2,train
owlgebra_babycry/recanvo__200306_2047_00-00-47.12--00-00-47.87.wav,babycry/recanvo:200306_2047,Baby_Crying,2,train
owlgebra_babycry/recanvo__200306_2047_00-01-13.59--00-01-16.69.wav,babycry/recanvo:200306_2047,Baby_Crying,2,train
owlgebra_babycry/recanvo__200306_2047_00-01-18.9--00-01-22.43.wav,babycry/recanvo:200306_2047,Baby_Crying,2,train
owlgebra_babycry/recanvo__200306_2047_00-01-25.79--00-01-28.92.wav,babycry/recanvo:200306_2047,Baby_Crying,2,train
owlgebra_babycry/recanvo__200306_2047_00-01-40.07--00-01-41.14.wav,babycry/recanvo:200306_2047,Baby_Crying,2,train
owlgebra_babycry/recanvo__200306_2047_00-01-49.94--00-01-57.27.wav,babycry/recanvo:200306_2047,Baby_Crying,2,train
owlgebra_babycry/recanvo__200306_2047_00-01-58.46--00-02-01.85.wav,babycry/recanvo:200306_2047,Baby_Crying,2,train
owlgebra_babycry/recanvo__200306_2047_00-02-02.25--00-02-04.038.wav,babycry/recanvo:200306_2047,Baby_Crying,2,train
owlgebra_babycry/recanvo__200306_2047_00-02-16.12--00-02-20.12.wav,babycry/recanvo:200306_2047,Baby_Crying,2,train
owlgebra_babycry/recanvo__200306_2047_00-02-26.17--00-02-27.11.wav,babycry/recanvo:200306_2047,Baby_Crying,2,train
owlgebra_babycry/recanvo__200306_2047_00-02-32.73--00-02-35.48.wav,babycry/recanvo:200306_2047,Baby_Crying,2,train
owlgebra_babycry/recanvo__200306_2047_00-02-55.25--00-02-56.21.wav,babycry/recanvo:200306_2047,Baby_Crying,2,train
owlgebra_babycry/recanvo__200306_2047_00-02-56.99--00-02-57.67.wav,babycry/recanvo:200306_2047,Baby_Crying,2,train
owlgebra_babycry/recanvo__200306_2047_00-04-10.4--00-04-13.75.wav,babycry/recanvo:200306_2047,Baby_Crying,2,train
owlgebra_babycry/recanvo__200306_2047_00-04-25.47--00-04-27.17.wav,babycry/recanvo:200306_2047,Baby_Crying,2,train
owlgebra_babycry/recanvo__200306_2047_00-04-31.22--00-04-32.25.wav,babycry/recanvo:200306_2047,Baby_Crying,2,train
owlgebra_babycry/recanvo__200306_2047_00-04-49.82--00-04-53.89.wav,babycry/recanvo:200306_2047,Baby_Crying,2,train
owlgebra_babycry/recanvo__200306_2047_00-04-54.51--00-04-56.64.wav,babycry/recanvo:200306_2047,Baby_Crying,2,train
owlgebra_babycry/recanvo__200306_2047_00-04-57.29--00-04-59.03.wav,babycry/recanvo:200306_2047,Baby_Crying,2,train
owlgebra_babycry/recanvo__200306_2047_00-05-00.208--00-05-04.286.wav,babycry/recanvo:200306_2047,Baby_Crying,2,train
owlgebra_babycry/recanvo__200306_2047_00-05-11.17--00-05-12.22.wav,babycry/recanvo:200306_2047,Baby_Crying,2,train
owlgebra_babycry/recanvo__200306_2047_00-05-12.85--00-05-20.24.wav,babycry/recanvo:200306_2047,Baby_Crying,2,train
owlgebra_babycry/recanvo__200307_1850_00-02-07.466--00-02-07.968.wav,babycry/recanvo:200307_1850,Baby_Crying,2,train
owlgebra_babycry/recanvo__200307_1850_00-02-23.78--00-02-24.56.wav,babycry/recanvo:200307_1850,Baby_Crying,2,train
owlgebra_babycry/recanvo__200309_2035_00-07-21.02--00-07-22.54.wav,babycry/recanvo:200309_2035,Baby_Crying,2,val
owlgebra_babycry/recanvo__200309_2035_00-07-23.21--00-07-24.14.wav,babycry/recanvo:200309_2035,Baby_Crying,2,val
owlgebra_babycry/recanvo__200316_1751_00-01-54.74--00-01-55.67.wav,babycry/recanvo:200316_1751,Baby_Crying,2,train
owlgebra_babycry/recanvo__200316_1751_00-02-09.932--00-02-11.86.wav,babycry/recanvo:200316_1751,Baby_Crying,2,train
owlgebra_babycry/recanvo__200316_1751_00-02-17.53--00-02-20.01.wav,babycry/recanvo:200316_1751,Baby_Crying,2,train
owlgebra_babycry/recanvo__200316_1751_00-02-32.96--00-02-34.31.wav,babycry/recanvo:200316_1751,Baby_Crying,2,train
owlgebra_babycry/recanvo__200316_1751_00-02-38.54--00-02-39.74.wav,babycry/recanvo:200316_1751,Baby_Crying,2,train
owlgebra_babycry/recanvo__200316_1751_00-02-43.85--00-02-44.86.wav,babycry/recanvo:200316_1751,Baby_Crying,2,train
owlgebra_babycry/recanvo__200316_1751_00-02-47.79--00-02-48.68.wav,babycry/recanvo:200316_1751,Baby_Crying,2,train
owlgebra_babycry/recanvo__200316_1751_00-02-51.87--00-02-52.66.wav,babycry/recanvo:200316_1751,Baby_Crying,2,train
owlgebra_babycry/recanvo__200316_1751_00-02-57.78--00-02-58.74.wav,babycry/recanvo:200316_1751,Baby_Crying,2,train
owlgebra_babycry/recanvo__200316_1751_00-03-02.173--00-03-03.782.wav,babycry/recanvo:200316_1751,Baby_Crying,2,train
owlgebra_babycry/recanvo__200316_1751_00-03-11.05--00-03-12.8.wav,babycry/recanvo:200316_1751,Baby_Crying,2,train
owlgebra_babycry/recanvo__200316_1751_00-03-22.5--00-03-29.36.wav,babycry/recanvo:200316_1751,Baby_Crying,2,train
owlgebra_babycry/recanvo__200316_1751_00-03-32.62--00-03-34.88.wav,babycry/recanvo:200316_1751,Baby_Crying,2,train
owlgebra_babycry/recanvo__200316_1751_00-03-36.3--00-03-37.52.wav,babycry/recanvo:200316_1751,Baby_Crying,2,train
owlgebra_babycry/recanvo__200316_1751_00-03-43.13--00-03-46.96.wav,babycry/recanvo:200316_1751,Baby_Crying,2,train
owlgebra_babycry/recanvo__200316_1751_00-03-51.38--00-03-52.67.wav,babycry/recanvo:200316_1751,Baby_Crying,2,train
owlgebra_babycry/recanvo__200316_1751_00-03-53.61--00-03-54.88.wav,babycry/recanvo:200316_1751,Baby_Crying,2,train
owlgebra_babycry/recanvo__200316_1751_00-03-59.56--00-04-00.38397.wav,babycry/recanvo:200316_1751,Baby_Crying,2,train
owlgebra_babycry/recanvo__200316_1751_00-04-09.305--00-04-10.69.wav,babycry/recanvo:200316_1751,Baby_Crying,2,train
owlgebra_babycry/recanvo__200316_1751_00-04-16.32--00-04-17.29.wav,babycry/recanvo:200316_1751,Baby_Crying,2,train
owlgebra_babycry/recanvo__200316_1751_00-04-34.36--00-04-39.06.wav,babycry/recanvo:200316_1751,Baby_Crying,2,train
owlgebra_babycry/recanvo__200316_1751_00-04-55.32--00-04-56.37.wav,babycry/recanvo:200316_1751,Baby_Crying,2,train
owlgebra_babycry/recanvo__200316_1751_00-04-57.15--00-04-58.31.wav,babycry/recanvo:200316_1751,Baby_Crying,2,train
owlgebra_babycry/recanvo__200316_1751_00-05-00.046984--00-05-01.035.wav,babycry/recanvo:200316_1751,Baby_Crying,2,train
owlgebra_babycry/recanvo__200316_1751_00-05-19.22--00-05-19.81.wav,babycry/recanvo:200316_1751,Baby_Crying,2,train
owlgebra_babycry/recanvo__200316_1751_00-05-32.05--00-05-36.26.wav,babycry/recanvo:200316_1751,Baby_Crying,2,train
owlgebra_babycry/recanvo__200316_1751_00-05-37.26--00-05-40.5.wav,babycry/recanvo:200316_1751,Baby_Crying,2,train
owlgebra_babycry/recanvo__200316_1751_00-05-41.49--00-05-42.65.wav,babycry/recanvo:200316_1751,Baby_Crying,2,train
owlgebra_babycry/recanvo__200316_1751_00-05-47.05--00-05-48.8.wav,babycry/recanvo:200316_1751,Baby_Crying,2,train
owlgebra_babycry/recanvo__200316_1751_00-05-53.04--00-06-00.25798.wav,babycry/recanvo:200316_1751,Baby_Crying,2,train
owlgebra_babycry/recanvo__200316_1751_00-06-41.31--00-06-44.17.wav,babycry/recanvo:200316_1751,Baby_Crying,2,train
owlgebra_babycry/recanvo__200316_1751_00-06-46.84--00-06-47.69.wav,babycry/recanvo:200316_1751,Baby_Crying,2,train
owlgebra_babycry/recanvo__200316_1751_00-06-55.07--00-06-56.23.wav,babycry/recanvo:200316_1751,Baby_Crying,2,train
owlgebra_babycry/recanvo__200316_1751_00-06-59.62--00-07-00.39297.wav,babycry/recanvo:200316_1751,Baby_Crying,2,train
owlgebra_babycry/recanvo__200316_1751_00-07-19.73--00-07-22.66.wav,babycry/recanvo:200316_1751,Baby_Crying,2,train
owlgebra_babycry/recanvo__200316_1751_00-07-33.11--00-07-34.35.wav,babycry/recanvo:200316_1751,Baby_Crying,2,train
owlgebra_babycry/recanvo__200316_1751_00-07-39.86--00-07-40.88.wav,babycry/recanvo:200316_1751,Baby_Crying,2,train
owlgebra_babycry/recanvo__200316_1751_00-07-41.6--00-07-42.78.wav,babycry/recanvo:200316_1751,Baby_Crying,2,train
owlgebra_babycry/recanvo__200316_1751_00-07-45.39--00-07-46.16.wav,babycry/recanvo:200316_1751,Baby_Crying,2,train
owlgebra_babycry/recanvo__200316_1751_00-07-50.1--00-07-51.92.wav,babycry/recanvo:200316_1751,Baby_Crying,2,train
owlgebra_babycry/recanvo__200316_1751_00-07-55.36--00-07-58.89.wav,babycry/recanvo:200316_1751,Baby_Crying,2,train
owlgebra_babycry/recanvo__200316_1751_00-08-03.258--00-08-04.581.wav,babycry/recanvo:200316_1751,Baby_Crying,2,train
owlgebra_babycry/recanvo__200316_1751_00-08-07.222--00-08-08.073.wav,babycry/recanvo:200316_1751,Baby_Crying,2,train
owlgebra_babycry/recanvo__200316_1751_00-08-09.429--00-08-10.33.wav,babycry/recanvo:200316_1751,Baby_Crying,2,train
owlgebra_babycry/recanvo__200316_1751_00-08-24.71--00-08-25.77.wav,babycry/recanvo:200316_1751,Baby_Crying,2,train
owlgebra_babycry/recanvo__200316_1751_00-08-29.61--00-08-32.56.wav,babycry/recanvo:200316_1751,Baby_Crying,2,train
owlgebra_babycry/recanvo__200316_1751_00-08-34.59--00-08-35.48.wav,babycry/recanvo:200316_1751,Baby_Crying,2,train
owlgebra_babycry/recanvo__200316_1751_00-08-51.02--00-08-52.49.wav,babycry/recanvo:200316_1751,Baby_Crying,2,train
owlgebra_babycry/recanvo__200316_1751_00-08-58.17--00-09-00.02.wav,babycry/recanvo:200316_1751,Baby_Crying,2,train
owlgebra_babycry/recanvo__200316_1751_00-09-00.78399--00-09-03.907.wav,babycry/recanvo:200316_1751,Baby_Crying,2,train
owlgebra_babycry/recanvo__200316_1751_00-09-10.15--00-09-11.57.wav,babycry/recanvo:200316_1751,Baby_Crying,2,train
owlgebra_babycry/recanvo__200316_1751_00-09-13.91--00-09-14.8.wav,babycry/recanvo:200316_1751,Baby_Crying,2,train
owlgebra_babycry/recanvo__200316_1751_00-09-15.94--00-09-16.96.wav,babycry/recanvo:200316_1751,Baby_Crying,2,train
owlgebra_babycry/recanvo__200509_1619_00-00-20.35--00-00-21.34.wav,babycry/recanvo:200509_1619,Baby_Crying,2,train
owlgebra_babycry/recanvo__200509_1619_00-00-25.64--00-00-27.08.wav,babycry/recanvo:200509_1619,Baby_Crying,2,train
owlgebra_babycry/recanvo__200509_1619_00-00-28.62--00-00-30.1.wav,babycry/recanvo:200509_1619,Baby_Crying,2,train
owlgebra_babycry/recanvo__200509_1619_00-00-35.57--00-00-37.04.wav,babycry/recanvo:200509_1619,Baby_Crying,2,train
owlgebra_babycry/recanvo__200509_1619_00-00-38.47--00-00-39.14.wav,babycry/recanvo:200509_1619,Baby_Crying,2,train
owlgebra_babycry/recanvo__200509_1619_00-00-43.19--00-00-44.8.wav,babycry/recanvo:200509_1619,Baby_Crying,2,train
owlgebra_babycry/recanvo__200509_1619_00-00-45.7--00-00-47.62.wav,babycry/recanvo:200509_1619,Baby_Crying,2,train
owlgebra_babycry/recanvo__200509_1619_00-00-48.85--00-00-49.96.wav,babycry/recanvo:200509_1619,Baby_Crying,2,train
owlgebra_babycry/recanvo__200509_1619_00-01-04.84--00-01-05.95.wav,babycry/recanvo:200509_1619,Baby_Crying,2,train
owlgebra_babycry/recanvo__200509_1619_00-01-08.11--00-01-10.14.wav,babycry/recanvo:200509_1619,Baby_Crying,2,train
owlgebra_babycry/recanvo__200509_1621_00-00-02.83--00-00-04.01.wav,babycry/recanvo:200509_1621,Baby_Crying,2,train
owlgebra_babycry/recanvo__200509_1621_00-00-13.16--00-00-14.68.wav,babycry/recanvo:200509_1621,Baby_Crying,2,train
