group_key,split,n_clips,classes
babycry/donateacry:02c3b725-26e4-4a2c-9336-04ddc58836d9,train,1,Baby_Crying
babycry/donateacry:02ead89b-aa02-453e-8b83-6ebde9fe7551,test,1,Baby_Crying
babycry/donateacry:03abcb8f-400a-47d8-ad82-7e4586cc06be,val,1,Baby_Crying
babycry/donateacry:03addcfb-354e-416d-bf32-260cf47f7060,test,1,Baby_Crying
babycry/donateacry:06c4cfa2-7fa6-4fda-91a1-ea186a4acc64,train,2,Baby_Crying
babycry/donateacry:0776b33b-c41a-4a2e-8b9c-f1c184be00c8,train,1,Baby_Crying
babycry/donateacry:08e9485b-2772-444b-a636-77e14dd14a8c,train,1,Baby_Crying
babycry/donateacry:090c15a8-5406-4ea5-97a3-81f6527227c0,val,2,Baby_Crying
babycry/donateacry:0c8f14a9-6999-485b-97a2-913c1cbf099c,train,1,Baby_Crying
babycry/donateacry:0d1ad73e-4c5e-45f3-85c4-9a3cb71e8856,train,1,Baby_Crying
babycry/donateacry:0f257dac-7d6f-4575-9192-e3b4dcd3d4ef,train,1,Baby_Crying
babycry/donateacry:0f4b1065-4012-47c8-88b7-ace11b1a536e,val,1,Baby_Crying
babycry/donateacry:10a40438-09aa-4a21-83b4-8119f03f7a11,train,4,Baby_Crying
babycry/donateacry:11417ac2-dcc9-48cd-8177-ca8665e51b2f,train,1,Baby_Crying
babycry/donateacry:1259bcad-2308-46fa-9a36-b5d8f359886a,val,2,Baby_Crying
babycry/donateacry:1309b82c-f146-46f0-a723-45345afa6ea8,train,4,Baby_Crying
babycry/donateacry:1445575b-80ad-477b-8e48-36194cac728e,train,1,Baby_Crying
babycry/donateacry:177dc72e-d0f8-47ef-a5a7-3b46878e11a0,test,3,Baby_Crying
babycry/donateacry:189b78c6-9e78-43f2-bcb8-6cc8a462f4dc,train,1,Baby_Crying
babycry/donateacry:19aae3d1-51c6-4ffb-aeb8-efb6ae7ba83e,train,1,Baby_Crying
babycry/donateacry:1abb2260-a652-4ba7-bd98-7d463312730f,train,1,Baby_Crying
babycry/donateacry:1f40790f-68f2-4e7e-845e-715bd97c82d0,test,2,Baby_Crying
babycry/donateacry:20e2b5a0-40a4-4fd8-8935-afd1db833510,val,1,Baby_Crying
babycry/donateacry:218e6fd7-f9c5-4490-afd7-c4fba174e7d2,val,1,Baby_Crying
babycry/donateacry:21c07aff-0a8d-4e74-ad5e-e3c7f7bcb11b,train,1,Baby_Crying
babycry/donateacry:2294e2b2-8e36-4da6-a898-b947cb9446ab,train,1,Baby_Crying
babycry/donateacry:22b43570-d440-475b-b2f1-e528c81081f7,train,1,Baby_Crying
babycry/donateacry:2439388a-9cf2-4d3b-9534-e6951fc9ead4,train,2,Baby_Crying
babycry/donateacry:24f2a4e1-7161-42a3-a2a2-a29a2422c0b8,train,2,Baby_Crying
babycry/donateacry:24f94b49-c8bc-4ed2-b43a-80b099f12936,train,1,Baby_Crying
babycry/donateacry:2562ad82-485a-44c2-ad25-f70fce71480b,val,1,Baby_Crying
babycry/donateacry:2602b7c2-e96d-42f6-9767-f1ae74925ef8,test,1,Baby_Crying
babycry/donateacry:2a0e6a88-b049-4f46-a3d6-d73ffae470d5,train,1,Baby_Crying
babycry/donateacry:2e25d0a5-0b2b-44ef-8491-e445b16ea75c,test,1,Baby_Crying
babycry/donateacry:3030d0e9-0c9b-4616-9b83-f10dc2dedbfd,train,2,Baby_Crying
babycry/donateacry:30c2cee4-b682-4dcb-86b9-7fa6f36f1b66,train,1,Baby_Crying
babycry/donateacry:35d58153-7ab7-443d-bed0-2d7abf73743f,train,1,Baby_Crying
babycry/donateacry:36f1b3ec-3d2a-470e-af6f-0a8cc11b2723,val,1,Baby_Crying
babycry/donateacry:375308c6-f894-49a5-b246-8c2819e9c6ed,val,1,Baby_Crying
babycry/donateacry:376c006e-3664-4056-80d0-7661f631a062,val,1,Baby_Crying
babycry/donateacry:39180491-e076-4300-b5de-24e812dca6fe,train,1,Baby_Crying
babycry/donateacry:3941d08c-5a97-48a4-8830-091d878137f6,test,1,Baby_Crying
babycry/donateacry:3bb2445a-9ae9-4dc8-9a2e-86c696ffa405,val,3,Baby_Crying
babycry/donateacry:3c0b4e07-33ec-4d68-a6b2-5f5dcb8cff8e,test,1,Baby_Crying
babycry/donateacry:3c51dedc-6e4c-47dd-a179-86a25e95f1ef,train,1,Baby_Crying
babycry/donateacry:3d3e244d-20b1-4ec3-9732-92dcd14ff35a,train,1,Baby_Crying
babycry/donateacry:40a4c760-facf-4911-b0a6-22eccc3ab18d,train,5,Baby_Crying
babycry/donateacry:415d69b4-6d84-4bf8-97b0-10f8f108dc1d,val,2,Baby_Crying
babycry/donateacry:459c3f85-5710-4efa-bcc9-8012aa1af55e,val,1,Baby_Crying
babycry/donateacry:4be720ce-a5e5-4a48-930f-a212f8a239f6,train,2,Baby_Crying
babycry/donateacry:4cefc13c-e7c0-4b5a-bddb-c40c103e640a,train,1,Baby_Crying
babycry/donateacry:52dfc27a-fbc4-4d9f-bbcf-6406c919324a,train,2,Baby_Crying
babycry/donateacry:539fdd32-6326-422e-a707-fcf063d3426c,val,1,Baby_Crying
babycry/donateacry:549a46d8-9c84-430e-ade8-97eae2bef787,train,4,Baby_Crying
babycry/donateacry:5728ddd6-149b-412f-a14b-c29b9b5e415f,train,3,Baby_Crying
babycry/donateacry:5afc6a14-a9d8-45f8-b31d-c79dd87cc8c6,train,1,Baby_Crying
babycry/donateacry:5b416ce8-2591-4531-9adc-86d085b5d48b,train,1,Baby_Crying
babycry/donateacry:5b49f19f-a3a7-411e-bb32-755da3cbd6f0,train,1,Baby_Crying
babycry/donateacry:5c2f730c-9721-40b7-a2d8-c257db518978,train,1,Baby_Crying
babycry/donateacry:5e01dc60-1de3-4af9-a661-7f649eae457d,val,1,Baby_Crying
babycry/donateacry:5f651112-d2a3-4911-b3a5-f37bfc092494,test,1,Baby_Crying
babycry/donateacry:602b06a7-31f0-4370-b35a-9cc81d205958,test,2,Baby_Crying
babycry/donateacry:63ca92f7-973a-4dca-a410-7b19811a2478,val,1,Baby_Crying
babycry/donateacry:643d64ad-b711-469a-af69-55c0d5d3e30f,train,5,Baby_Crying
babycry/donateacry:64acb345-a61e-4ef3-a5a6-cf83c04b83f1,val,3,Baby_Crying
babycry/donateacry:6639c63c-f634-489c-91b3-e3db5930efd5,train,1,Baby_Crying
babycry/donateacry:665bdf6d-2897-49f9-8ad0-978b3b2a0468,train,1,Baby_Crying
babycry/donateacry:67414c5e-0eb2-48fd-8391-fcf085fdb6d9,test,1,Baby_Crying
babycry/donateacry:69bda5d6-0276-4462-9bf7-951799563728,test,1,Baby_Crying
babycry/donateacry:6bd76f21-f279-4c46-9453-58c95e7b2475,val,1,Baby_Crying
babycry/donateacry:7060a4f6-4c0c-494b-912c-ae60158b185a,train,1,Baby_Crying
babycry/donateacry:70d30513-0ec3-49e4-9976-e85785e85c2d,train,1,Baby_Crying
babycry/donateacry:719bb382-a592-46b7-82d2-8b4a625263b7,val,2,Baby_Crying
babycry/donateacry:743e7cca-d32b-40b6-9541-9808122d3f6b,val,2,Baby_Crying
babycry/donateacry:7616e8f4-b1a7-45a6-9a0c-c9bb2de64fc3,train,1,Baby_Crying
babycry/donateacry:771fa0cc-4535-471b-9cec-d26deff8d567,train,1,Baby_Crying
babycry/donateacry:789d2553-cbf2-4911-91e4-fb228d231238,test,1,Baby_Crying
babycry/donateacry:79ff400a-97e2-4701-987d-c7c850d5523c,test,1,Baby_Crying
babycry/donateacry:7a22229d-06c2-4aaa-9674-de5df1906b3a,train,3,Baby_Crying
babycry/donateacry:7a864194-4b6b-4850-abbf-0c2a8170107b,train,1,Baby_Crying
babycry/donateacry:7b0e160e-0505-459e-8ecb-304d7afae9d2,test,1,Baby_Crying
babycry/donateacry:7b23d26e-6f97-4e8b-b520-a9fdde21ee91,val,2,Baby_Crying
babycry/donateacry:7b924575-21fc-462a-969e-babb46d1cbf5,train,2,Baby_Crying
babycry/donateacry:7cf37029-1040-40b8-acc9-7e6e5c03af9b,test,1,Baby_Crying
babycry/donateacry:7e4b9c14-f955-4bed-9b03-7f3096a6cbff,train,2,Baby_Crying
babycry/donateacry:7fd72d70-07c4-40a0-85e9-c91df9bdefb2,train,1,Baby_Crying
babycry/donateacry:80f5ab0a-16c1-4738-9209-fbdae52ff769,train,1,Baby_Crying
babycry/donateacry:815af07e-4c31-4032-8bd1-dab6e60c879e,train,2,Baby_Crying
babycry/donateacry:81724071-bc5e-4e38-8f35-85a691af5721,val,1,Baby_Crying
babycry/donateacry:818a32f4-d5d8-426c-b88c-81a8154ac81a,val,1,Baby_Crying
babycry/donateacry:837fd072-8704-4196-9ff1-1d2c07886e55,train,1,Baby_Crying
babycry/donateacry:85fab169-4dcc-406d-ac93-2f6a8d797dab,test,1,Baby_Crying
babycry/donateacry:89964233-cbdb-4f34-a819-5f4b5ce3f5f5,val,1,Baby_Crying
babycry/donateacry:8b1faa77-e3ac-48af-bf2a-58aadebefcba,train,1,Baby_Crying
babycry/donateacry:8c920fd0-fa9f-4926-bcac-074767dcbfcd,val,2,Baby_Crying
babycry/donateacry:8f4dbf5a-b504-4452-b6ac-94e646a6a052,train,4,Baby_Crying
babycry/donateacry:8f5c01dc-6826-4076-a831-027ad61afdaf,test,1,Baby_Crying
babycry/donateacry:8fda58a7-fdc6-4421-855f-738e6e853e43,val,3,Baby_Crying
babycry/donateacry:9090c7a3-bebc-4485-aafc-64e4298da3ac,train,1,Baby_Crying
babycry/donateacry:92d08bbe-553f-4844-85b1-15d572f06ea2,val,1,Baby_Crying
babycry/donateacry:96986c8b-9988-4c37-a0f8-e7c4269cc3ac,train,1,Baby_Crying
babycry/donateacry:990de219-fcd1-4634-91ce-19ab93e5d2b0,train,1,Baby_Crying
babycry/donateacry:999bf14b-e417-4b44-b746-9253f81efe38,train,6,Baby_Crying
babycry/donateacry:9cfd61b9-bf13-406d-8b2f-f73cfaaf25cb,val,4,Baby_Crying
babycry/donateacry:9fe37482-6a64-401d-b8b9-3e47d6ed9ac0,train,3,Baby_Crying
babycry/donateacry:a123ad65-38d3-4a65-ab37-330034765840,test,3,Baby_Crying
babycry/donateacry:a40b9b8d-e4bc-457a-badf-f38bdbc0c358,train,2,Baby_Crying
babycry/donateacry:a56e2494-d2b2-480e-af0b-de9ea8f33572,train,1,Baby_Crying
babycry/donateacry:a7b13b65-da2c-48ec-8aed-46adcaba705f,val,1,Baby_Crying
babycry/donateacry:aa2ca7f6-4547-4cc0-aa4c-5d7b64727fb5,train,1,Baby_Crying
babycry/donateacry:aaa57dbd-7b88-454a-963e-6faa2f4ed4e7,test,5,Baby_Crying
babycry/donateacry:ad7fd28b-3e85-4e9b-9e18-af4bda64c60f,train,1,Baby_Crying
babycry/donateacry:adb53808-8b13-4c08-b055-6653c75298be,val,2,Baby_Crying
babycry/donateacry:adcefe56-90b1-4120-83b1-93008cb6f7f0,val,1,Baby_Crying
babycry/donateacry:ae02c934-f4e5-4c73-818d-56aa6887ec18,train,1,Baby_Crying
babycry/donateacry:ae5a462b-5424-4b5b-82d5-07ccb61654ab,train,1,Baby_Crying
babycry/donateacry:ae5f103b-5fee-442f-bb1b-d9d0570c46ab,train,1,Baby_Crying
babycry/donateacry:af30880e-5f98-4dc0-b37a-be6b21fa0ba3,test,1,Baby_Crying
babycry/donateacry:afa44e7f-4187-4f1c-9437-b49ba75f542e,train,1,Baby_Crying
babycry/donateacry:b2a105bb-347b-4878-a735-aa4ecf32cd16,train,1,Baby_Crying
babycry/donateacry:b2aabce0-1f62-4b57-b58a-308959abdfe7,train,1,Baby_Crying
babycry/donateacry:b327333e-2de2-4833-a75a-4c576208bed3,train,2,Baby_Crying
babycry/donateacry:b400d2d0-9fce-472e-a152-1ff349b9b407,test,1,Baby_Crying
babycry/donateacry:b4c460d8-bd6b-4017-9bb8-2ae4ff0c5af1,train,1,Baby_Crying
babycry/donateacry:b5044f9a-6f2e-44fc-8e04-9076a988acf2,val,1,Baby_Crying
babycry/donateacry:b8fe4527-5e46-437f-897d-be32112bc1c8,test,1,Baby_Crying
babycry/donateacry:bb2bdafb-0477-4be4-8c41-1a6192e8c6d4,train,1,Baby_Crying
babycry/donateacry:bfbc4d23-39b2-4b33-b686-2f048f062b60,train,1,Baby_Crying
babycry/donateacry:c10e2b0f-0cb8-4485-b82f-d453edf97db7,train,1,Baby_Crying
babycry/donateacry:c249bcdd-0f65-4d6a-82be-43c4006e3ddb,val,1,Baby_Crying
babycry/donateacry:c421c6fe-dfee-4080-8aea-848e7ce4756b,val,2,Baby_Crying
babycry/donateacry:c42e76b9-a4c1-48f6-a91d-27ab83015874,train,1,Baby_Crying
babycry/donateacry:c5127741-5897-468c-a543-7f1b72569f0e,test,1,Baby_Crying
babycry/donateacry:c6fd9d60-0fa7-44c0-b3ce-0192527d7b81,test,2,Baby_Crying
babycry/donateacry:ca7d8d54-13cb-4060-8db4-90651b60c078,train,2,Baby_Crying
babycry/donateacry:cc8771b1-c84e-4223-a010-029a7629a975,train,1,Baby_Crying
babycry/donateacry:cde108d0-62c3-47f8-82c4-233c9fba5cdd,train,1,Baby_Crying
babycry/donateacry:d18a30c6-4370-4be0-83f8-031892f96603,test,1,Baby_Crying
babycry/donateacry:d1cb71f9-ef76-49b3-a703-41d557444d21,train,1,Baby_Crying
babycry/donateacry:d1e236a0-e030-4137-9030-5625026cd098,train,2,Baby_Crying
babycry/donateacry:d4665929-8695-4655-927f-63f09b2d4cb8,train,1,Baby_Crying
babycry/donateacry:d54d9c2a-56ed-4338-9d1f-2adb4e081dad,train,3,Baby_Crying
babycry/donateacry:d5abedab-9ed5-48d0-a83b-fc00c33d6d6b,val,1,Baby_Crying
babycry/donateacry:d6cda191-4962-4308-9a36-46d5648a95ed,test,8,Baby_Crying
babycry/donateacry:d833237f-1f7c-4338-bede-84c0cf5f4145,train,1,Baby_Crying
babycry/donateacry:db95bf4a-e3e5-4429-a660-dbbcf486e6df,test,1,Baby_Crying
babycry/donateacry:dba77edc-d457-4b3a-83b8-b7afbf272d4e,val,1,Baby_Crying
babycry/donateacry:dcb33551-f9ba-4b4a-8da1-a3107e1ad859,val,1,Baby_Crying
babycry/donateacry:e1e640e2-78cb-4cb7-9ccc-93813bfc251c,train,2,Baby_Crying
babycry/donateacry:e2c4bce0-99fd-49ec-8ab1-5ea5df7dd8c5,test,1,Baby_Crying
babycry/donateacry:e37c323c-0edb-4942-be47-3cc0b2de00a1,train,1,Baby_Crying
babycry/donateacry:e4051e62-d21d-4bb8-a235-fd7e859ad787,test,1,Baby_Crying
babycry/donateacry:eccb4617-8373-4c4f-b49e-bb2d72bce8d8,train,1,Baby_Crying
babycry/donateacry:ed31b187-34af-4ff1-979c-3b8a5905fb7b,val,1,Baby_Crying
babycry/donateacry:edb5924c-07ba-4eaa-838b-aaf9511a219b,train,2,Baby_Crying
babycry/donateacry:eea17285-4ab9-4d34-a2f5-55fc8c866ac6,test,1,Baby_Crying
babycry/donateacry:f1af5794-ad3b-4181-b010-ab835e5bda64,train,1,Baby_Crying
babycry/donateacry:f24de44b-762c-4149-ac92-96a5e57ed118,train,1,Baby_Crying
babycry/donateacry:f258a8e2-92cd-4843-9da4-80ed26ec8e10,val,1,Baby_Crying
babycry/donateacry:f2f97740-d638-4b6f-9e09-3ac65f06b448,train,2,Baby_Crying
babycry/donateacry:f3baedda-cdc0-4a65-90ee-5c372cee4f3b,train,2,Baby_Crying
babycry/donateacry:f4a0c710-ac2d-42e0-8ea9-3e4cac31ee20,val,3,Baby_Crying
babycry/donateacry:f4a65a98-adee-49c4-9b45-65a8429df170,train,1,Baby_Crying
babycry/donateacry:f5b29377-7cd6-4688-942c-5a07add39dc5,train,1,Baby_Crying
babycry/donateacry:f6c6d3ee-f139-48a4-9eac-0a50eb011cdc,train,2,Baby_Crying
babycry/donateacry:f896b69d-6241-4b51-9c45-0d628bc827c1,train,2,Baby_Crying
babycry/donateacry:f95d4bce-2fb0-4a0c-a058-bfb0674539af,test,2,Baby_Crying
babycry/donateacry:fa8620d3-e7db-4101-aff0-28dbf0d96a5f,train,2,Baby_Crying
babycry/donateacry:fae74a94-9968-43ed-958c-50d7c4c1f13c,train,1,Baby_Crying
babycry/donateacry:ff2cd2f6-404d-4626-8718-6e6c751f63b8,train,2,Baby_Crying
babycry/recanvo:200112_2059,val,2,Baby_Crying
babycry/recanvo:200112_2127,train,2,Baby_Crying
babycry/recanvo:200124_1828,train,44,Baby_Crying
babycry/recanvo:200126_2142,train,34,Baby_Crying
babycry/recanvo:200229_2156,test,12,Baby_Crying
babycry/recanvo:200302_2156,train,23,Baby_Crying
babycry/recanvo:200302_2203,val,9,Baby_Crying
babycry/recanvo:200302_2204,train,6,Baby_Crying
babycry/recanvo:200306_2047,train,29,Baby_Crying
babycry/recanvo:200307_1850,train,2,Baby_Crying
babycry/recanvo:200309_2035,val,2,Baby_Crying
babycry/recanvo:200316_1751,train,53,Baby_Crying
babycry/recanvo:200509_1619,train,10,Baby_Crying
babycry/recanvo:200509_1621,train,2,Baby_Crying
esc-50/101336,train,1,Knocking
esc-50/103597,test,1,Footsteps
esc-50/103598,train,1,Footsteps
esc-50/103599,test,2,Footsteps
esc-50/103995,train,1,Knocking
esc-50/103999,val,1,Knocking
esc-50/105270,val,1,Aircraft
esc-50/106849,val,1,Aircraft
esc-50/106881,test,1,Glass_Breaking
esc-50/107351,test,2,Baby_Crying
esc-50/112213,test,2,Glass_Breaking
esc-50/114254,train,1,Knocking
esc-50/115387,train,3,Aircraft
esc-50/11687,train,1,Aircraft
esc-50/117116,train,1,Alarm
esc-50/117627,train,1,Footsteps
esc-50/117630,val,1,Footsteps
esc-50/117793,val,1,Alarm
esc-50/118624,train,1,Knocking
esc-50/118625,val,1,Knocking
esc-50/119125,val,1,Train
esc-50/120218,train,2,Knocking
esc-50/120526,train,2,Alarm
esc-50/122066,train,2,Train
esc-50/122067,train,2,Train
esc-50/125929,train,1,Aircraft
esc-50/128512,val,2,Aircraft
esc-50/131943,train,1,Alarm
esc-50/133889,train,1,Knocking
esc-50/134915,test,1,Knocking
esc-50/135649,train,3,Train
esc-50/135650,train,2,Train
esc-50/13613,train,1,Alarm
esc-50/136451,train,1,Train
esc-50/138212,train,1,Train
esc-50/140841,train,1,Knocking
esc-50/141559,train,1,Train
esc-50/141563,train,1,Glass_Breaking
esc-50/143560,val,1,Aircraft
esc-50/143562,test,1,Aircraft
esc-50/144137,train,1,Vehicle_Horn
esc-50/144510,test,1,Knocking
esc-50/146697,val,1,Vehicle_Horn
esc-50/150979,train,3,Aircraft
esc-50/151079,val,1,Baby_Crying
esc-50/151080,train,1,Baby_Crying
esc-50/151081,train,2,Baby_Crying
esc-50/151085,val,1,Baby_Crying
esc-50/151089,train,1,Knocking
esc-50/151242,train,1,Alarm
esc-50/152007,test,5,Baby_Crying
esc-50/152594,train,1,Knocking
esc-50/154378,test,1,Knocking
esc-50/154926,test,2,Aircraft
esc-50/155858,train,6,Footsteps
esc-50/157492,train,1,Train
esc-50/159445,train,2,Train
esc-50/160888,test,1,Aircraft
esc-50/161099,train,2,Aircraft
esc-50/161100,val,1,Aircraft
esc-50/161103,train,1,Aircraft
esc-50/161105,train,2,Aircraft
esc-50/161579,test,2,Aircraft
esc-50/165606,val,1,Train
esc-50/165791,train,2,Train
esc-50/165845,train,2,Train
esc-50/165933,train,1,Train
esc-50/167077,test,3,Baby_Crying
esc-50/168446,train,1,Train
esc-50/169508,train,1,Alarm
esc-50/170574,train,1,Knocking
esc-50/172366,train,1,Alarm
esc-50/172649,train,6,Aircraft
esc-50/173559,train,1,Glass_Breaking
esc-50/173607,train,1,Glass_Breaking
esc-50/173618,test,1,Glass_Breaking
esc-50/175000,test,3,Aircraft
esc-50/177957,train,5,Aircraft
esc-50/178881,val,1,Train
esc-50/180147,val,1,Knocking
esc-50/181071,train,2,Aircraft
esc-50/182023,val,1,Knocking
esc-50/182025,train,1,Knocking
esc-50/182034,test,1,Knocking
esc-50/182039,test,1,Knocking
esc-50/182041,train,1,Knocking
esc-50/185575,test,3,Baby_Crying
esc-50/186518,train,1,Knocking
esc-50/187207,train,1,Baby_Crying
esc-50/187284,train,1,Knocking
esc-50/188796,train,1,Train
esc-50/188822,train,4,Aircraft
esc-50/188878,val,1,Knocking
esc-50/188945,train,1,Train
esc-50/191015,train,1,Vehicle_Horn
esc-50/191131,val,1,Aircraft
esc-50/193480,train,2,Aircraft
esc-50/193767,train,1,Aircraft
esc-50/194979,test,1,Footsteps
esc-50/194981,train,1,Footsteps
esc-50/197118,test,1,Train
esc-50/197121,train,2,Train
esc-50/198411,train,7,Baby_Crying
esc-50/198600,train,1,Train
esc-50/198841,train,1,Alarm
esc-50/198962,test,2,Footsteps
esc-50/199284,test,2,Train
esc-50/20133,train,1,Glass_Breaking
esc-50/203371,train,1,Glass_Breaking
esc-50/203373,train,1,Glass_Breaking
esc-50/203374,train,1,Glass_Breaking
esc-50/203375,train,1,Glass_Breaking
esc-50/203377,train,1,Glass_Breaking
esc-50/204115,val,1,Glass_Breaking
esc-50/204119,train,1,Glass_Breaking
esc-50/204121,train,1,Glass_Breaking
esc-50/204123,train,1,Glass_Breaking
esc-50/204777,train,3,Glass_Breaking
esc-50/205898,train,1,Aircraft
esc-50/209471,train,1,Footsteps
esc-50/209472,train,1,Footsteps
esc-50/209473,test,1,Footsteps
esc-50/209474,train,1,Footsteps
esc-50/209475,train,1,Footsteps
esc-50/209476,train,1,Footsteps
esc-50/209477,test,1,Footsteps
esc-50/209478,train,1,Footsteps
esc-50/210612,train,1,Alarm
esc-50/211502,train,1,Knocking
esc-50/211527,test,3,Baby_Crying
esc-50/212698,train,1,Glass_Breaking
esc-50/215445,train,1,Aircraft
esc-50/215447,train,1,Aircraft
esc-50/215449,train,1,Aircraft
esc-50/216280,train,1,Glass_Breaking
esc-50/216281,test,1,Glass_Breaking
esc-50/216284,train,1,Glass_Breaking
esc-50/218304,train,2,Footsteps
esc-50/218980,test,1,Knocking
esc-50/218981,train,1,Knocking
esc-50/219242,test,2,Alarm
esc-50/220955,train,1,Aircraft
esc-50/221528,val,1,Glass_Breaking
esc-50/221529,train,1,Glass_Breaking
esc-50/223162,train,1,Footsteps
esc-50/22694,train,2,Baby_Crying
esc-50/233605,test,1,Glass_Breaking
esc-50/233607,test,1,Glass_Breaking
esc-50/234247,train,1,Alarm
esc-50/234263,val,1,Footsteps
esc-50/234855,train,1,Footsteps
esc-50/235644,train,1,Knocking
esc-50/235956,train,1,Aircraft
esc-50/243025,train,1,Footsteps
esc-50/243726,val,1,Vehicle_Horn
esc-50/244310,val,1,Footsteps
esc-50/24796,train,1,Aircraft
esc-50/249913,test,1,Footsteps
esc-50/250026,train,2,Knocking
esc-50/250710,val,1,Glass_Breaking
esc-50/251426,train,2,Knocking
esc-50/251957,test,1,Aircraft
esc-50/251959,train,1,Aircraft
esc-50/251962,train,1,Aircraft
esc-50/251963,val,1,Aircraft
esc-50/251971,test,1,Aircraft
esc-50/255371,train,1,Aircraft
esc-50/256512,train,1,Knocking
esc-50/257642,train,1,Glass_Breaking
esc-50/260432,train,1,Glass_Breaking
esc-50/260433,train,1,Glass_Breaking
esc-50/260434,train,1,Glass_Breaking
esc-50/261068,train,1,Knocking
esc-50/26188,train,1,Knocking
esc-50/262579,train,1,Train
esc-50/263490,val,1,Footsteps
esc-50/263491,train,1,Footsteps
esc-50/263501,val,1,Footsteps
esc-50/36929,val,1,Aircraft
esc-50/37806,train,4,Aircraft
esc-50/43807,train,4,Aircraft
esc-50/50665,val,1,Baby_Crying
esc-50/50666,test,1,Baby_Crying
esc-50/51147,val,1,Footsteps
esc-50/51149,train,1,Footsteps
esc-50/52290,test,1,Knocking
esc-50/53467,train,1,Aircraft
esc-50/54065,train,2,Train
esc-50/59579,train,2,Baby_Crying
esc-50/60997,val,2,Baby_Crying
esc-50/62509,train,1,Train
esc-50/64473,train,1,Train
esc-50/66637,train,2,Baby_Crying
esc-50/67033,test,1,Alarm
esc-50/68630,train,3,Aircraft
esc-50/70300,val,1,Train
esc-50/72195,test,2,Alarm
esc-50/74361,train,1,Aircraft
esc-50/74517,test,1,Alarm
esc-50/78562,train,2,Alarm
esc-50/78781,train,1,Aircraft
esc-50/78799,train,1,Aircraft
esc-50/80482,val,1,Baby_Crying
esc-50/81001,train,2,Knocking
esc-50/82817,train,1,Knocking
esc-50/84536,train,1,Glass_Breaking
esc-50/84704,train,1,Glass_Breaking
esc-50/84705,train,1,Glass_Breaking
esc-50/85168,train,1,Glass_Breaking
esc-50/85184,val,1,Glass_Breaking
esc-50/88409,train,2,Train
esc-50/88807,train,1,Glass_Breaking
esc-50/89516,train,1,Alarm
esc-50/94342,test,1,Footsteps
esc-50/94343,val,1,Footsteps
esc-50/94344,test,1,Footsteps
esc-50/96063,train,1,Alarm
esc-50/96654,test,1,Aircraft
esc-50/977,test,1,Glass_Breaking
esc-50/98866,val,1,Aircraft
fsd50k/100144,val,1,Gunshot
fsd50k/100150,train,1,Aircraft
fsd50k/100155,train,1,Aircraft
fsd50k/100265,val,1,Alarm
fsd50k/100357,train,1,Alarm
fsd50k/100461,train,1,Alarm
fsd50k/100465,train,1,Gunshot
fsd50k/100634,train,1,Doorbell
fsd50k/100647,train,1,Vehicle_Horn
fsd50k/100896,train,1,Help_Shouting
fsd50k/100904,train,1,Help_Shouting
fsd50k/101202,train,1,Train
fsd50k/101309,test,1,Help_Shouting
fsd50k/101310,train,1,Help_Shouting
fsd50k/101311,train,1,Help_Shouting
fsd50k/101312,train,1,Help_Shouting
fsd50k/101313,test,1,Help_Shouting
fsd50k/101315,train,1,Help_Shouting
fsd50k/101318,val,1,Help_Shouting
fsd50k/101328,val,1,Motorcycle
fsd50k/101354,train,1,Alarm
fsd50k/101744,train,1,Help_Shouting
fsd50k/101746,train,1,Alarm
fsd50k/101794,train,1,Footsteps
fsd50k/101843,test,1,Footsteps
fsd50k/101851,train,1,Alarm
fsd50k/101855,train,1,Motorcycle
fsd50k/101857,train,1,Footsteps
fsd50k/101861,train,1,Motorcycle
fsd50k/101864,train,1,Motorcycle
fsd50k/101961,train,1,Gunshot
fsd50k/101962,train,1,Gunshot
fsd50k/102435,val,1,Alarm
fsd50k/102679,train,1,Train
fsd50k/103025,train,1,Train
fsd50k/103325,val,1,Aircraft
fsd50k/103335,train,1,Alarm
fsd50k/103429,train,1,Motorcycle
fsd50k/103430,train,1,Motorcycle
fsd50k/103431,train,1,Motorcycle
fsd50k/103432,test,1,Motorcycle
fsd50k/103433,train,1,Motorcycle
fsd50k/103601,train,1,Footsteps
fsd50k/103626,train,1,Gunshot
fsd50k/103650,test,1,Footsteps
fsd50k/103998,train,1,Knocking
fsd50k/104000,train,1,Knocking
fsd50k/104001,val,1,Knocking
fsd50k/104002,val,1,Knocking
fsd50k/104030,val,1,Help_Shouting
fsd50k/104031,train,1,Help_Shouting
fsd50k/104032,train,1,Help_Shouting
fsd50k/104038,train,1,Help_Shouting
fsd50k/1042,val,1,Motorcycle
fsd50k/1043,test,1,Motorcycle
fsd50k/1044,train,1,Motorcycle
fsd50k/104420,val,1,Alarm
fsd50k/104422,val,1,Train
fsd50k/104475,train,1,Alarm
fsd50k/104476,train,1,Alarm
fsd50k/1045,train,1,Motorcycle
fsd50k/1046,train,1,Motorcycle
fsd50k/104803,train,1,Alarm
fsd50k/105025,train,1,Gunshot
fsd50k/105223,train,1,Help_Shouting
fsd50k/106115,val,1,Footsteps
fsd50k/106135,train,1,Footsteps
fsd50k/106210,train,1,Train
fsd50k/106269,train,1,Footsteps
fsd50k/106270,test,1,Doorbell
fsd50k/106729,train,1,Aircraft
fsd50k/106803,train,1,Alarm
fsd50k/106831,val,1,Alarm
fsd50k/107583,train,1,Motorcycle
fsd50k/107616,train,1,Footsteps
fsd50k/107619,test,1,Gunshot
fsd50k/107620,train,1,Gunshot
fsd50k/107621,val,1,Gunshot
fsd50k/108043,train,1,Gunshot
fsd50k/108044,train,1,Gunshot
fsd50k/108045,train,1,Gunshot
fsd50k/108046,train,1,Gunshot
fsd50k/108047,test,1,Gunshot
fsd50k/108048,train,1,Train
fsd50k/108192,test,1,Alarm
fsd50k/108843,train,1,Footsteps
fsd50k/109083,test,1,Footsteps
fsd50k/109216,train,1,Alarm
fsd50k/109405,train,1,Motorcycle
fsd50k/109483,test,1,Alarm
fsd50k/110106,train,1,Alarm
fsd50k/110107,train,1,Train
fsd50k/110139,train,1,Help_Shouting
fsd50k/110142,train,1,Help_Shouting
fsd50k/110165,train,1,Alarm
fsd50k/110692,val,1,Alarm
fsd50k/110734,test,1,Train
fsd50k/110735,train,1,Train
fsd50k/11156,train,1,Footsteps
fsd50k/112028,train,1,Train
fsd50k/112047,train,1,Train
fsd50k/112270,train,1,Help_Shouting
fsd50k/112354,train,1,Footsteps
fsd50k/112671,train,1,Train
fsd50k/112672,val,1,Train
fsd50k/112673,train,1,Train
fsd50k/112674,train,1,Train
fsd50k/112675,val,1,Train
fsd50k/112676,train,1,Train
fsd50k/112677,train,1,Train
fsd50k/112678,train,1,Train
fsd50k/112679,test,1,Train
fsd50k/112680,train,1,Train
fsd50k/112681,train,1,Train
fsd50k/112683,test,1,Train
fsd50k/112684,train,1,Train
fsd50k/112685,test,1,Train
fsd50k/112686,train,1,Train
fsd50k/112688,train,1,Train
fsd50k/112689,train,1,Train
fsd50k/112690,train,1,Train
fsd50k/112693,val,1,Train
fsd50k/112694,train,1,Train
fsd50k/112695,train,1,Train
fsd50k/112696,train,1,Train
fsd50k/112697,train,1,Train
fsd50k/112698,train,1,Train
fsd50k/112700,train,1,Train
fsd50k/112789,test,1,Train
fsd50k/112799,test,1,Train
fsd50k/112800,train,1,Train
fsd50k/112801,val,1,Train
fsd50k/112802,train,1,Train
fsd50k/112803,train,1,Train
fsd50k/112804,train,1,Train
fsd50k/112805,test,1,Train
fsd50k/112806,val,1,Train
fsd50k/113131,train,1,Knocking
fsd50k/113138,test,1,Knocking
fsd50k/113159,train,1,Aircraft
fsd50k/113319,train,1,Vehicle_Horn
fsd50k/113661,train,1,Aircraft
fsd50k/113663,train,1,Aircraft
fsd50k/113664,train,1,Aircraft
fsd50k/113665,test,1,Aircraft
fsd50k/113666,train,1,Aircraft
fsd50k/113667,val,1,Aircraft
fsd50k/113668,train,1,Aircraft
fsd50k/113669,train,1,Aircraft
fsd50k/113670,train,1,Aircraft
fsd50k/113672,test,1,Aircraft
fsd50k/113674,train,1,Aircraft
fsd50k/113675,test,1,Aircraft
fsd50k/113676,val,1,Aircraft
fsd50k/114042,train,1,Knocking
fsd50k/114467,train,1,Train
fsd50k/114469,train,1,Train
fsd50k/114477,train,1,Train
fsd50k/114479,train,1,Train
fsd50k/114489,train,1,Train
fsd50k/115073,train,1,Alarm
fsd50k/115074,val,1,Alarm
fsd50k/115869,train,1,Alarm
fsd50k/115916,train,1,Glass_Breaking
fsd50k/115922,val,1,Glass_Breaking
fsd50k/116174,train,1,Train
fsd50k/116175,train,1,Train
fsd50k/116176,train,1,Train
fsd50k/116329,train,1,Glass_Breaking
fsd50k/116664,train,1,Alarm
fsd50k/117041,train,1,Alarm
fsd50k/117120,test,1,Alarm
fsd50k/117121,test,1,Alarm
fsd50k/117126,train,1,Alarm
fsd50k/117165,val,1,Vehicle_Horn
fsd50k/117221,test,1,Train
fsd50k/117270,train,1,Aircraft
fsd50k/117518,train,1,Train
fsd50k/117548,test,1,Aircraft
fsd50k/117883,train,1,Alarm
fsd50k/118078,train,1,Vehicle_Horn
fsd50k/118084,test,1,Footsteps
fsd50k/118198,train,1,Glass_Breaking
fsd50k/118234,test,1,Alarm
fsd50k/118450,train,1,Gunshot
fsd50k/118515,train,1,Glass_Breaking
fsd50k/118565,test,1,Motorcycle
fsd50k/118566,train,1,Motorcycle
fsd50k/118577,train,1,Alarm
fsd50k/118807,train,1,Vehicle_Horn
fsd50k/118984,test,1,Footsteps
fsd50k/118985,train,1,Footsteps
fsd50k/119024,train,1,Help_Shouting
fsd50k/119025,train,1,Help_Shouting
fsd50k/119030,train,1,Help_Shouting
fsd50k/119086,val,1,Footsteps
fsd50k/119132,test,1,Footsteps
fsd50k/119523,test,1,Alarm
fsd50k/119633,train,1,Gunshot
fsd50k/119634,train,1,Alarm
fsd50k/119833,train,1,Knocking
fsd50k/119913,val,1,Footsteps
fsd50k/119914,val,1,Footsteps
fsd50k/119958,test,1,Doorbell
fsd50k/120059,train,1,Gunshot
fsd50k/120145,train,1,Motorcycle
fsd50k/120330,val,1,Knocking
fsd50k/120331,train,1,Knocking
fsd50k/120493,val,1,Alarm
fsd50k/120501,test,1,Alarm
fsd50k/120557,train,1,Alarm
fsd50k/121306,test,1,Alarm
fsd50k/121904,train,1,Alarm
fsd50k/121908,val,1,Alarm
fsd50k/122807,test,1,Aircraft
fsd50k/122814,train,1,Footsteps
fsd50k/122819,train,1,Train
fsd50k/123085,train,1,Alarm
fsd50k/123350,test,1,Alarm
fsd50k/123747,train,1,Help_Shouting
fsd50k/123748,test,1,Help_Shouting
fsd50k/124030,train,1,Glass_Breaking
fsd50k/124501,train,1,Alarm
fsd50k/124502,train,1,Alarm
fsd50k/124805,train,1,Help_Shouting
fsd50k/12501,val,1,Train
fsd50k/125130,train,1,Help_Shouting
fsd50k/125131,train,1,Help_Shouting
fsd50k/125362,train,1,Motorcycle
fsd50k/125560,val,1,Aircraft
fsd50k/125630,train,1,Gunshot
fsd50k/125840,train,1,Train
fsd50k/125841,val,1,Train
fsd50k/125846,train,1,Train
fsd50k/125848,train,1,Train
fsd50k/125849,train,1,Train
fsd50k/125967,train,1,Alarm
fsd50k/126429,train,1,Train
fsd50k/126465,train,1,Glass_Breaking
fsd50k/126519,test,1,Alarm
fsd50k/126555,test,1,Train
fsd50k/126559,train,1,Alarm
fsd50k/12674,test,1,Train
fsd50k/126877,train,1,Glass_Breaking
fsd50k/126878,train,1,Glass_Breaking
fsd50k/127004,train,1,Help_Shouting
fsd50k/127321,train,1,Aircraft
fsd50k/127451,train,1,Train
fsd50k/127543,test,1,Glass_Breaking
fsd50k/127721,val,1,Gunshot
fsd50k/127722,val,1,Gunshot
fsd50k/127724,train,1,Aircraft
fsd50k/127725,val,1,Aircraft
fsd50k/127729,train,1,Aircraft
fsd50k/127737,train,1,Aircraft
fsd50k/127800,train,1,Knocking
fsd50k/127826,val,1,Train
fsd50k/127846,test,1,Gunshot
fsd50k/127857,test,1,Alarm
fsd50k/128013,train,1,Alarm
fsd50k/128017,train,1,Aircraft
fsd50k/128138,train,1,Alarm
fsd50k/12815,train,1,Aircraft
fsd50k/128293,train,1,Gunshot
fsd50k/128294,train,1,Gunshot
fsd50k/128296,train,1,Gunshot
fsd50k/128297,train,1,Gunshot
fsd50k/128298,train,1,Gunshot
fsd50k/128299,train,1,Gunshot
fsd50k/128301,train,1,Gunshot
fsd50k/128334,train,1,Motorcycle
fsd50k/128614,train,1,Aircraft
fsd50k/128910,train,1,Alarm
fsd50k/128979,train,1,Gunshot
fsd50k/128981,test,1,Gunshot
fsd50k/130069,val,1,Motorcycle
fsd50k/130434,test,1,Train
fsd50k/130585,train,1,Motorcycle
fsd50k/131173,train,1,Train
fsd50k/131368,train,1,Train
fsd50k/131560,train,1,Doorbell
fsd50k/131641,test,1,Alarm
fsd50k/131642,test,1,Alarm
fsd50k/131643,train,1,Alarm
fsd50k/131709,train,1,Help_Shouting
fsd50k/131989,train,1,Doorbell
fsd50k/132074,test,1,Alarm
fsd50k/132340,train,1,Alarm
fsd50k/132551,test,1,Gunshot
fsd50k/132738,train,1,Help_Shouting
fsd50k/132828,train,1,Help_Shouting
fsd50k/132894,val,1,Train
fsd50k/133731,train,1,Motorcycle
fsd50k/133851,train,1,Knocking
fsd50k/134696,train,1,Help_Shouting
fsd50k/134766,train,1,Train
fsd50k/134952,train,1,Alarm
fsd50k/13509,train,1,Footsteps
fsd50k/135428,train,1,Knocking
fsd50k/135509,train,1,Alarm
fsd50k/135511,train,1,Alarm
fsd50k/135585,train,1,Train
fsd50k/135613,train,1,Alarm
fsd50k/135717,train,1,Alarm
fsd50k/135718,train,1,Alarm
fsd50k/135799,val,1,Help_Shouting
fsd50k/136052,train,1,Footsteps
fsd50k/136544,train,1,Knocking
fsd50k/136629,train,1,Glass_Breaking
fsd50k/136642,train,1,Vehicle_Horn
fsd50k/136766,train,1,Gunshot
fsd50k/137034,val,1,Gunshot
fsd50k/137083,val,1,Knocking
fsd50k/137134,train,1,Alarm
fsd50k/137172,val,1,Footsteps
fsd50k/137734,test,1,Alarm
fsd50k/137746,train,1,Footsteps
fsd50k/137886,train,1,Motorcycle
fsd50k/13797,val,1,Help_Shouting
fsd50k/138052,val,1,Footsteps
fsd50k/138058,train,1,Footsteps
fsd50k/138060,train,1,Footsteps
fsd50k/138071,val,1,Footsteps
fsd50k/138093,train,1,Footsteps
fsd50k/138095,val,1,Footsteps
fsd50k/138277,train,1,Alarm
fsd50k/138316,train,1,Footsteps
fsd50k/138323,train,1,Knocking
fsd50k/138336,train,1,Footsteps
fsd50k/138462,val,1,Footsteps
fsd50k/138679,train,1,Gunshot
fsd50k/138961,train,1,Aircraft
fsd50k/139028,train,1,Gunshot
fsd50k/139086,test,1,Help_Shouting
fsd50k/139087,val,1,Help_Shouting
fsd50k/139958,train,1,Alarm
fsd50k/140036,val,1,Train
fsd50k/140342,val,1,Help_Shouting
fsd50k/140487,test,1,Footsteps
fsd50k/140493,train,1,Footsteps
fsd50k/140582,train,1,Aircraft
fsd50k/140589,train,1,Aircraft
fsd50k/140590,train,1,Aircraft
fsd50k/140591,test,1,Aircraft
fsd50k/140592,train,1,Aircraft
fsd50k/141272,train,1,Train
fsd50k/141273,test,1,Train
fsd50k/141274,train,1,Train
fsd50k/141515,train,1,Glass_Breaking
fsd50k/142008,train,1,Footsteps
fsd50k/142350,train,1,Knocking
fsd50k/14262,train,1,Alarm
fsd50k/14263,train,1,Alarm
fsd50k/143126,train,1,Train
fsd50k/143556,train,1,Aircraft
fsd50k/143557,val,1,Aircraft
fsd50k/143558,train,1,Aircraft
fsd50k/143563,train,1,Aircraft
fsd50k/144115,train,1,Glass_Breaking
fsd50k/144121,test,1,Footsteps
fsd50k/144321,train,1,Glass_Breaking
fsd50k/144337,test,1,Help_Shouting
fsd50k/144338,val,1,Help_Shouting
fsd50k/144909,train,1,Footsteps
fsd50k/144941,train,1,Motorcycle
fsd50k/144942,train,1,Knocking
fsd50k/144943,train,1,Knocking
fsd50k/144946,train,1,Knocking
fsd50k/144947,train,1,Knocking
fsd50k/144948,train,1,Knocking
fsd50k/144949,train,1,Knocking
fsd50k/144950,train,1,Knocking
fsd50k/144951,train,1,Knocking
fsd50k/145209,val,1,Glass_Breaking
fsd50k/145541,train,1,Motorcycle
fsd50k/145558,train,1,Glass_Breaking
fsd50k/145559,train,1,Glass_Breaking
fsd50k/145562,train,1,Glass_Breaking
fsd50k/145563,train,1,Glass_Breaking
fsd50k/145580,val,1,Gunshot
fsd50k/145622,val,1,Train
fsd50k/14577,train,1,Alarm
fsd50k/145801,train,1,Help_Shouting
fsd50k/146204,train,1,Train
fsd50k/146205,train,1,Train
fsd50k/146206,train,1,Train
fsd50k/146207,train,1,Train
fsd50k/146209,val,1,Train
fsd50k/146323,train,1,Gunshot
fsd50k/146921,train,1,Train
fsd50k/147375,train,1,Footsteps
fsd50k/147867,train,1,Glass_Breaking
fsd50k/147901,train,1,Gunshot
fsd50k/147924,train,1,Footsteps
fsd50k/147925,val,1,Motorcycle
fsd50k/147933,val,1,Alarm
fsd50k/148073,test,1,Glass_Breaking
fsd50k/148074,train,1,Glass_Breaking
fsd50k/148075,train,1,Glass_Breaking
fsd50k/148156,train,1,Train
fsd50k/148266,train,1,Alarm
fsd50k/148297,train,1,Alarm
fsd50k/148796,train,1,Footsteps
fsd50k/148831,train,1,Gunshot
fsd50k/148832,test,1,Gunshot
fsd50k/148836,train,1,Gunshot
fsd50k/148853,train,1,Footsteps
fsd50k/148854,val,1,Motorcycle
fsd50k/148855,val,1,Motorcycle
fsd50k/148862,test,1,Motorcycle
fsd50k/148944,train,1,Knocking
fsd50k/148945,val,1,Knocking
fsd50k/148946,train,1,Knocking
fsd50k/148947,train,1,Knocking
fsd50k/148950,train,1,Knocking
fsd50k/148951,test,1,Knocking
fsd50k/14905,train,1,Train
fsd50k/149211,test,1,Train
fsd50k/149256,train,1,Footsteps
fsd50k/149258,train,1,Footsteps
fsd50k/149825,train,1,Help_Shouting
fsd50k/149919,train,1,Help_Shouting
fsd50k/150053,train,1,Alarm
fsd50k/150139,train,1,Gunshot
fsd50k/150305,train,1,Gunshot
fsd50k/150978,train,1,Train
fsd50k/150981,val,1,Alarm
fsd50k/151066,test,1,Gunshot
fsd50k/151072,train,1,Gunshot
fsd50k/151075,train,1,Gunshot
fsd50k/151088,test,1,Knocking
fsd50k/151150,train,1,Alarm
fsd50k/151208,train,1,Footsteps
fsd50k/151209,train,1,Footsteps
fsd50k/151222,train,1,Footsteps
fsd50k/151555,train,1,Gunshot
fsd50k/151556,train,1,Gunshot
fsd50k/151620,train,1,Gunshot
fsd50k/151889,train,1,Knocking
fsd50k/151894,train,1,Knocking
fsd50k/152593,train,1,Knocking
fsd50k/152595,train,1,Alarm
fsd50k/152614,train,1,Knocking
fsd50k/152781,train,1,Footsteps
fsd50k/152787,train,1,Footsteps
fsd50k/152788,train,1,Footsteps
fsd50k/152792,val,1,Footsteps
fsd50k/152795,train,1,Footsteps
fsd50k/152796,train,1,Footsteps
fsd50k/152901,test,1,Footsteps
fsd50k/152953,train,1,Alarm
fsd50k/152954,train,1,Footsteps
fsd50k/153054,train,1,Alarm
fsd50k/153104,val,1,Footsteps
fsd50k/153170,train,1,Alarm
fsd50k/153282,train,1,Footsteps
fsd50k/153310,test,1,Footsteps
fsd50k/153492,val,1,Gunshot
fsd50k/153578,train,1,Motorcycle
fsd50k/154463,val,1,Knocking
fsd50k/154663,train,1,Footsteps
fsd50k/154780,test,1,Knocking
fsd50k/154840,train,1,Alarm
fsd50k/154856,train,1,Train
fsd50k/154894,train,1,Alarm
fsd50k/154954,train,1,Alarm
fsd50k/154956,train,1,Alarm
fsd50k/155092,train,1,Train
fsd50k/155197,test,1,Motorcycle
fsd50k/155249,train,1,Motorcycle
fsd50k/155251,train,1,Alarm
fsd50k/15561,val,1,Footsteps
fsd50k/15562,train,1,Footsteps
fsd50k/155620,test,1,Glass_Breaking
fsd50k/155639,train,1,Alarm
fsd50k/155654,train,1,Gunshot
fsd50k/155769,train,1,Alarm
fsd50k/155770,train,1,Alarm
fsd50k/155773,train,1,Motorcycle
fsd50k/155776,train,1,Alarm
fsd50k/155790,train,1,Gunshot
fsd50k/155920,train,1,Footsteps
fsd50k/155994,train,1,Train
fsd50k/156064,train,1,Alarm
fsd50k/156095,train,1,Motorcycle
fsd50k/156125,train,1,Alarm
fsd50k/156126,test,1,Alarm
fsd50k/156203,train,1,Motorcycle
fsd50k/156204,train,1,Motorcycle
fsd50k/156206,test,1,Footsteps
fsd50k/156453,train,1,Alarm
fsd50k/156510,val,1,Help_Shouting
fsd50k/15657,test,1,Motorcycle
fsd50k/156578,train,1,Glass_Breaking
fsd50k/156627,train,1,Footsteps
fsd50k/156672,test,1,Alarm
fsd50k/156677,train,1,Aircraft
fsd50k/156831,train,1,Alarm
fsd50k/156901,val,1,Help_Shouting
fsd50k/156904,train,1,Gunshot
fsd50k/156946,val,1,Footsteps
fsd50k/157018,test,1,Help_Shouting
fsd50k/157026,test,1,Footsteps
fsd50k/157206,test,1,Gunshot
fsd50k/157400,test,1,Aircraft
fsd50k/157580,train,1,Alarm
fsd50k/157803,val,1,Motorcycle
fsd50k/157961,train,1,Footsteps
fsd50k/157966,val,1,Footsteps
fsd50k/15813,val,1,Alarm
fsd50k/158140,train,1,Glass_Breaking
fsd50k/158142,train,1,Glass_Breaking
fsd50k/158501,train,1,Alarm
fsd50k/158502,train,1,Alarm
fsd50k/158503,test,1,Alarm
fsd50k/158504,train,1,Alarm
fsd50k/158505,val,1,Alarm
fsd50k/158507,val,1,Alarm
fsd50k/158509,train,1,Alarm
fsd50k/158517,val,1,Alarm
fsd50k/158519,train,1,Alarm
fsd50k/158609,val,1,Train
fsd50k/158611,train,1,Train
fsd50k/158724,train,1,Gunshot
fsd50k/159197,train,1,Glass_Breaking
fsd50k/159459,train,1,Help_Shouting
fsd50k/159460,val,1,Help_Shouting
fsd50k/159462,test,1,Glass_Breaking
fsd50k/159778,train,1,Aircraft
fsd50k/159779,test,1,Aircraft
fsd50k/160355,train,1,Gunshot
fsd50k/160362,train,1,Footsteps
fsd50k/160590,test,1,Gunshot
fsd50k/160605,train,1,Footsteps
fsd50k/160606,train,1,Train
fsd50k/160682,test,1,Train
fsd50k/160759,train,1,Glass_Breaking
fsd50k/160772,train,1,Gunshot
fsd50k/160773,test,1,Gunshot
fsd50k/16086,test,1,Help_Shouting
fsd50k/161102,train,1,Aircraft
fsd50k/161113,train,1,Aircraft
fsd50k/161114,train,1,Aircraft
fsd50k/161115,train,1,Aircraft
fsd50k/161309,train,1,Glass_Breaking
fsd50k/161360,train,1,Help_Shouting
fsd50k/161369,val,1,Help_Shouting
fsd50k/161370,train,1,Help_Shouting
fsd50k/161371,train,1,Help_Shouting
fsd50k/161475,train,1,Gunshot
fsd50k/161698,train,1,Aircraft
fsd50k/161967,train,1,Help_Shouting
fsd50k/161968,train,1,Gunshot
fsd50k/161969,test,1,Gunshot
fsd50k/161970,train,1,Gunshot
fsd50k/162169,train,1,Glass_Breaking
fsd50k/162258,train,1,Gunshot
fsd50k/162262,val,1,Gunshot
fsd50k/162263,train,1,Gunshot
fsd50k/162367,train,1,Aircraft
fsd50k/162397,train,1,Gunshot
fsd50k/162398,test,1,Gunshot
fsd50k/162403,train,1,Gunshot
fsd50k/162408,test,1,Aircraft
fsd50k/162439,test,1,Aircraft
fsd50k/162443,val,1,Alarm
fsd50k/162455,val,1,Gunshot
fsd50k/162802,train,1,Train
fsd50k/162803,val,1,Train
fsd50k/162816,test,1,Train
fsd50k/162817,test,1,Train
fsd50k/162851,train,1,Alarm
fsd50k/163050,train,1,Aircraft
fsd50k/16322,train,1,Aircraft
fsd50k/163364,train,1,Glass_Breaking
fsd50k/163455,train,1,Gunshot
fsd50k/163596,test,1,Motorcycle
fsd50k/163728,train,1,Help_Shouting
fsd50k/163729,test,1,Help_Shouting
fsd50k/163730,train,1,Doorbell
fsd50k/164006,train,1,Alarm
fsd50k/164020,train,1,Gunshot
fsd50k/164089,train,1,Alarm
fsd50k/164090,train,1,Alarm
fsd50k/164328,val,1,Glass_Breaking
fsd50k/164329,train,1,Glass_Breaking
fsd50k/164330,train,1,Glass_Breaking
fsd50k/164332,train,1,Glass_Breaking
fsd50k/164494,train,1,Footsteps
fsd50k/164539,val,1,Glass_Breaking
fsd50k/164540,train,1,Glass_Breaking
fsd50k/164541,train,1,Glass_Breaking
fsd50k/164542,train,1,Glass_Breaking
fsd50k/164566,train,1,Knocking
fsd50k/164567,test,1,Knocking
fsd50k/164568,val,1,Knocking
fsd50k/164569,train,1,Knocking
fsd50k/164571,train,1,Knocking
fsd50k/164666,train,1,Gunshot
fsd50k/164824,train,1,Footsteps
fsd50k/164937,val,1,Gunshot
fsd50k/165391,train,1,Gunshot
fsd50k/165393,test,1,Gunshot
fsd50k/165394,train,1,Gunshot
fsd50k/165478,train,1,Gunshot
fsd50k/165540,train,1,Gunshot
fsd50k/165542,train,1,Alarm
fsd50k/165596,train,1,Help_Shouting
fsd50k/165748,train,1,Aircraft
fsd50k/165795,test,1,Gunshot
fsd50k/165898,train,1,Help_Shouting
fsd50k/165987,train,1,Footsteps
fsd50k/166076,test,1,Gunshot
fsd50k/166157,train,1,Help_Shouting
fsd50k/166192,test,1,Gunshot
fsd50k/166275,val,1,Footsteps
fsd50k/166284,train,1,Footsteps
fsd50k/166287,train,1,Footsteps
fsd50k/166289,train,1,Footsteps
fsd50k/166293,val,1,Footsteps
fsd50k/166295,val,1,Footsteps
fsd50k/166297,val,1,Footsteps
fsd50k/166302,train,1,Footsteps
fsd50k/166303,test,1,Footsteps
fsd50k/166304,val,1,Footsteps
fsd50k/166305,train,1,Footsteps
fsd50k/166306,train,1,Footsteps
fsd50k/166356,train,1,Alarm
fsd50k/166416,train,1,Aircraft
fsd50k/166417,train,1,Aircraft
fsd50k/166434,train,1,Help_Shouting
fsd50k/166436,train,1,Help_Shouting
fsd50k/166441,train,1,Alarm
fsd50k/166509,test,1,Footsteps
fsd50k/166510,train,1,Footsteps
fsd50k/166623,train,1,Help_Shouting
fsd50k/166943,train,1,Help_Shouting
fsd50k/167157,val,1,Footsteps
fsd50k/167227,train,1,Help_Shouting
fsd50k/167337,val,1,Alarm
fsd50k/167487,test,1,Footsteps
fsd50k/168028,val,1,Alarm
fsd50k/168029,test,1,Alarm
fsd50k/168258,train,1,Alarm
fsd50k/168725,val,1,Help_Shouting
fsd50k/168777,train,1,Help_Shouting
fsd50k/168825,train,1,Alarm
fsd50k/169628,train,1,Help_Shouting
fsd50k/169673,train,1,Gunshot
fsd50k/169693,val,1,Footsteps
fsd50k/169811,train,1,Help_Shouting
fsd50k/169947,val,1,Train
fsd50k/169955,train,1,Train
fsd50k/170107,train,1,Footsteps
fsd50k/170464,train,1,Alarm
fsd50k/17060,train,1,Train
fsd50k/170847,train,1,Train
fsd50k/170848,train,1,Alarm
fsd50k/170902,train,1,Knocking
fsd50k/170955,train,1,Train
fsd50k/171136,train,1,Knocking
fsd50k/171236,train,1,Gunshot
fsd50k/171237,train,1,Gunshot
fsd50k/17140,train,1,Footsteps
fsd50k/171475,train,1,Gunshot
fsd50k/17148,train,1,Footsteps
fsd50k/171496,val,1,Alarm
fsd50k/17158,val,1,Motorcycle
fsd50k/171755,val,1,Alarm
fsd50k/171765,test,1,Help_Shouting
fsd50k/171973,train,1,Knocking
fsd50k/171994,train,1,Glass_Breaking
fsd50k/171996,train,1,Glass_Breaking
fsd50k/171998,train,1,Glass_Breaking
fsd50k/172000,val,1,Glass_Breaking
fsd50k/17204,train,1,Train
fsd50k/17206,train,1,Train
fsd50k/17208,test,1,Train
fsd50k/172357,test,1,Footsteps
fsd50k/172361,train,1,Footsteps
fsd50k/172364,test,1,Footsteps
fsd50k/172667,val,1,Aircraft
fsd50k/173000,test,1,Alarm
fsd50k/173001,val,1,Alarm
fsd50k/173070,train,1,Help_Shouting
fsd50k/173088,train,1,Help_Shouting
fsd50k/17314,train,1,Motorcycle
fsd50k/173557,val,1,Glass_Breaking
fsd50k/173558,train,1,Glass_Breaking
fsd50k/173560,train,1,Glass_Breaking
fsd50k/173576,train,1,Glass_Breaking
fsd50k/173577,val,1,Glass_Breaking
fsd50k/173579,train,1,Glass_Breaking
fsd50k/173580,train,1,Glass_Breaking
fsd50k/173581,val,1,Glass_Breaking
fsd50k/173585,train,1,Glass_Breaking
fsd50k/173591,train,1,Glass_Breaking
fsd50k/173592,train,1,Glass_Breaking
fsd50k/173593,train,1,Glass_Breaking
fsd50k/173594,train,1,Glass_Breaking
fsd50k/173595,train,1,Glass_Breaking
fsd50k/173596,test,1,Footsteps
fsd50k/173600,test,1,Glass_Breaking
fsd50k/173601,train,1,Glass_Breaking
fsd50k/173602,train,1,Glass_Breaking
fsd50k/173604,train,1,Glass_Breaking
fsd50k/173605,train,1,Glass_Breaking
fsd50k/173606,train,1,Glass_Breaking
fsd50k/173608,train,1,Glass_Breaking
fsd50k/173609,test,1,Glass_Breaking
fsd50k/173610,train,1,Glass_Breaking
fsd50k/173611,train,1,Glass_Breaking
fsd50k/173613,train,1,Glass_Breaking
fsd50k/173614,train,1,Glass_Breaking
fsd50k/173619,val,1,Glass_Breaking
fsd50k/173621,val,1,Glass_Breaking
fsd50k/173622,train,1,Glass_Breaking
fsd50k/173623,train,1,Glass_Breaking
fsd50k/174023,train,1,Train
fsd50k/174036,val,1,Train
fsd50k/174283,test,1,Gunshot
fsd50k/174640,train,1,Knocking
fsd50k/174747,train,1,Glass_Breaking
fsd50k/174750,test,1,Glass_Breaking
fsd50k/174882,train,1,Train
fsd50k/17490,train,1,Train
fsd50k/17500,val,1,Train
fsd50k/175142,train,1,Footsteps
fsd50k/175385,test,1,Help_Shouting
fsd50k/175389,train,1,Help_Shouting
fsd50k/175417,test,1,Knocking
fsd50k/175939,val,1,Footsteps
fsd50k/175940,train,1,Footsteps
fsd50k/17602,train,1,Help_Shouting
fsd50k/17603,val,1,Help_Shouting
fsd50k/176159,train,1,Footsteps
fsd50k/176338,train,1,Footsteps
fsd50k/17643,train,1,Help_Shouting
fsd50k/176805,val,1,Aircraft
fsd50k/176871,train,1,Train
fsd50k/177697,train,1,Motorcycle
fsd50k/177874,train,1,Alarm
fsd50k/177875,test,1,Alarm
fsd50k/177959,train,1,Glass_Breaking
fsd50k/178032,train,1,Alarm
fsd50k/178105,train,1,Help_Shouting
fsd50k/178180,train,1,Gunshot
fsd50k/17822,test,1,Aircraft
fsd50k/178313,train,1,Help_Shouting
fsd50k/178410,train,1,Help_Shouting
fsd50k/17851,train,1,Train
fsd50k/178582,train,1,Glass_Breaking
fsd50k/178608,train,1,Train
fsd50k/178849,train,1,Help_Shouting
fsd50k/178898,test,1,Alarm
fsd50k/178900,train,1,Train
fsd50k/178991,train,1,Knocking
fsd50k/179113,train,1,Alarm
fsd50k/179227,train,1,Glass_Breaking
fsd50k/179228,train,1,Glass_Breaking
fsd50k/179229,train,1,Glass_Breaking
fsd50k/179230,train,1,Glass_Breaking
fsd50k/179231,val,1,Glass_Breaking
fsd50k/179232,train,1,Glass_Breaking
fsd50k/179233,train,1,Glass_Breaking
fsd50k/179234,train,1,Glass_Breaking
fsd50k/179235,train,1,Glass_Breaking
fsd50k/179236,train,1,Glass_Breaking
fsd50k/179239,train,1,Glass_Breaking
fsd50k/179240,val,1,Glass_Breaking
fsd50k/179241,train,1,Glass_Breaking
fsd50k/179242,test,1,Glass_Breaking
fsd50k/179249,val,1,Glass_Breaking
fsd50k/179250,train,1,Glass_Breaking
fsd50k/179251,train,1,Glass_Breaking
fsd50k/179259,val,1,Glass_Breaking
fsd50k/179263,val,1,Glass_Breaking
fsd50k/179264,val,1,Glass_Breaking
fsd50k/179265,test,1,Glass_Breaking
fsd50k/179313,train,1,Help_Shouting
fsd50k/179315,train,1,Help_Shouting
fsd50k/179319,train,1,Help_Shouting
fsd50k/179321,val,1,Help_Shouting
fsd50k/179339,train,1,Footsteps
fsd50k/179349,val,1,Train
fsd50k/179352,train,1,Train
fsd50k/179714,val,1,Footsteps
fsd50k/180174,val,1,Alarm
fsd50k/180299,val,1,Help_Shouting
fsd50k/180300,test,1,Help_Shouting
fsd50k/180301,train,1,Help_Shouting
fsd50k/180302,train,1,Help_Shouting
fsd50k/180305,train,1,Help_Shouting
fsd50k/180307,train,1,Help_Shouting
fsd50k/180309,train,1,Help_Shouting
fsd50k/180310,val,1,Help_Shouting
fsd50k/180313,val,1,Help_Shouting
fsd50k/180315,train,1,Help_Shouting
fsd50k/180339,val,1,Vehicle_Horn
fsd50k/180341,train,1,Help_Shouting
fsd50k/180344,train,1,Help_Shouting
fsd50k/180350,val,1,Help_Shouting
fsd50k/180671,test,1,Motorcycle
fsd50k/180672,train,1,Motorcycle
fsd50k/180673,train,1,Motorcycle
fsd50k/180737,train,1,Alarm
fsd50k/180961,test,1,Gunshot
fsd50k/181347,train,1,Help_Shouting
fsd50k/181363,train,1,Alarm
fsd50k/181597,test,1,Alarm
fsd50k/181601,train,1,Alarm
fsd50k/18169,train,1,Footsteps
fsd50k/181728,train,1,Footsteps
fsd50k/181923,train,1,Knocking
fsd50k/182022,test,1,Knocking
fsd50k/182024,train,1,Knocking
fsd50k/182032,val,1,Knocking
fsd50k/182033,val,1,Knocking
fsd50k/182043,train,1,Knocking
fsd50k/182051,train,1,Gunshot
fsd50k/182236,train,1,Gunshot
fsd50k/182271,train,1,Gunshot
fsd50k/182272,train,1,Gunshot
fsd50k/182273,train,1,Gunshot
fsd50k/182274,train,1,Gunshot
fsd50k/182351,val,1,Alarm
fsd50k/182429,train,1,Gunshot
fsd50k/182431,train,1,Gunshot
fsd50k/182435,train,1,Gunshot
fsd50k/182785,val,1,Motorcycle
fsd50k/182790,train,1,Gunshot
fsd50k/182806,test,1,Gunshot
fsd50k/182896,test,1,Glass_Breaking
fsd50k/182924,train,1,Help_Shouting
fsd50k/183592,val,1,Aircraft
fsd50k/183627,train,1,Aircraft
fsd50k/184000,train,1,Alarm
fsd50k/184226,val,1,Train
fsd50k/184275,train,1,Gunshot
fsd50k/184291,train,1,Train
fsd50k/184373,train,1,Help_Shouting
fsd50k/184412,train,1,Aircraft
fsd50k/184418,train,1,Gunshot
fsd50k/18442,train,1,Motorcycle
fsd50k/18443,train,1,Footsteps
fsd50k/184582,val,1,Footsteps
fsd50k/184651,train,1,Gunshot
fsd50k/184723,val,1,Aircraft
fsd50k/184833,val,1,Help_Shouting
fsd50k/184880,test,1,Footsteps
fsd50k/184947,train,1,Aircraft
fsd50k/185034,train,1,Gunshot
fsd50k/185042,val,1,Footsteps
fsd50k/185056,train,1,Alarm
fsd50k/185124,train,1,Train
fsd50k/18529,train,1,Train
fsd50k/185474,train,1,Alarm
fsd50k/185560,train,1,Alarm
fsd50k/185708,train,1,Alarm
fsd50k/185951,train,1,Aircraft
fsd50k/186011,test,1,Footsteps
fsd50k/18603,train,1,Aircraft
fsd50k/186037,train,1,Footsteps
fsd50k/186049,val,1,Gunshot
fsd50k/18632,test,1,Alarm
fsd50k/186395,train,1,Motorcycle
fsd50k/186473,train,1,Footsteps
fsd50k/186474,train,1,Alarm
fsd50k/186517,train,1,Knocking
fsd50k/186767,test,1,Glass_Breaking
fsd50k/18686,val,1,Train
fsd50k/187021,train,1,Motorcycle
fsd50k/187281,train,1,Footsteps
fsd50k/187294,val,1,Help_Shouting
fsd50k/187303,train,1,Train
fsd50k/187306,train,1,Alarm
fsd50k/187308,train,1,Help_Shouting
fsd50k/187314,test,1,Doorbell
fsd50k/187381,train,1,Footsteps
fsd50k/187534,train,1,Gunshot
fsd50k/18754,val,1,Footsteps
fsd50k/187591,train,1,Motorcycle
fsd50k/187592,train,1,Motorcycle
fsd50k/187678,train,1,Aircraft
fsd50k/187681,test,1,Aircraft
fsd50k/187702,train,1,Gunshot
fsd50k/187708,val,1,Aircraft
fsd50k/187734,train,1,Aircraft
fsd50k/187762,val,1,Help_Shouting
fsd50k/187767,test,1,Gunshot
fsd50k/187793,test,1,Help_Shouting
fsd50k/187905,train,1,Motorcycle
fsd50k/188006,train,1,Motorcycle
fsd50k/188032,test,1,Alarm
fsd50k/188058,test,1,Footsteps
fsd50k/188089,val,1,Motorcycle
fsd50k/188276,train,1,Knocking
fsd50k/188488,train,1,Help_Shouting
fsd50k/188490,train,1,Help_Shouting
fsd50k/188848,val,1,Footsteps
fsd50k/188883,train,1,Knocking
fsd50k/189229,test,1,Footsteps
fsd50k/189327,train,1,Alarm
fsd50k/189332,train,1,Alarm
fsd50k/189446,train,1,Aircraft
fsd50k/189575,test,1,Glass_Breaking
fsd50k/189644,train,1,Aircraft
fsd50k/189754,train,1,Alarm
fsd50k/189755,train,1,Alarm
fsd50k/189764,train,1,Alarm
fsd50k/189773,train,1,Motorcycle
fsd50k/189843,test,1,Footsteps
fsd50k/18994,train,1,Train
fsd50k/18997,train,1,Train
fsd50k/18998,train,1,Train
fsd50k/18999,train,1,Train
fsd50k/19000,val,1,Train
fsd50k/19002,test,1,Train
fsd50k/190025,train,1,Knocking
fsd50k/190026,train,1,Knocking
fsd50k/190027,train,1,Knocking
fsd50k/19003,val,1,Train
fsd50k/190465,train,1,Train
fsd50k/190647,train,1,Alarm
fsd50k/191088,train,1,Help_Shouting
fsd50k/191121,val,1,Footsteps
fsd50k/191125,train,1,Alarm
fsd50k/191289,train,1,Gunshot
fsd50k/191334,test,1,Train
fsd50k/191733,train,1,Vehicle_Horn
fsd50k/191851,val,1,Footsteps
fsd50k/19188,train,1,Help_Shouting
fsd50k/191901,val,1,Alarm
fsd50k/191944,train,1,Help_Shouting
fsd50k/192002,val,1,Help_Shouting
fsd50k/192060,train,1,Glass_Breaking
fsd50k/192104,train,1,Gunshot
fsd50k/192133,train,1,Help_Shouting
fsd50k/1922,train,1,Help_Shouting
fsd50k/192343,train,1,Alarm
fsd50k/192387,test,1,Motorcycle
fsd50k/192388,train,1,Motorcycle
fsd50k/192389,train,1,Motorcycle
fsd50k/192390,test,1,Motorcycle
fsd50k/192391,test,1,Motorcycle
fsd50k/192392,train,1,Motorcycle
fsd50k/192393,train,1,Motorcycle
fsd50k/192394,test,1,Motorcycle
fsd50k/192395,val,1,Motorcycle
fsd50k/192396,train,1,Motorcycle
fsd50k/192397,train,1,Motorcycle
fsd50k/192398,train,1,Motorcycle
fsd50k/192399,train,1,Motorcycle
fsd50k/1925,train,1,Help_Shouting
fsd50k/192761,train,1,Alarm
fsd50k/19345,train,1,Help_Shouting
fsd50k/193732,train,1,Train
fsd50k/193826,train,1,Knocking
fsd50k/193827,test,1,Knocking
fsd50k/193828,train,1,Knocking
fsd50k/193829,train,1,Knocking
fsd50k/193830,test,1,Knocking
fsd50k/193831,test,1,Knocking
fsd50k/193832,val,1,Knocking
fsd50k/193833,train,1,Knocking
fsd50k/193834,val,1,Knocking
fsd50k/193835,train,1,Knocking
fsd50k/193836,train,1,Knocking
fsd50k/193837,test,1,Knocking
fsd50k/193838,val,1,Knocking
fsd50k/193839,train,1,Knocking
fsd50k/193840,train,1,Knocking
fsd50k/193841,test,1,Knocking
fsd50k/193842,train,1,Knocking
fsd50k/193843,test,1,Knocking
fsd50k/193844,train,1,Knocking
fsd50k/193845,train,1,Knocking
fsd50k/193846,test,1,Knocking
fsd50k/193847,train,1,Knocking
fsd50k/193848,train,1,Knocking
fsd50k/193849,val,1,Knocking
fsd50k/193850,test,1,Knocking
fsd50k/193851,train,1,Knocking
fsd50k/193852,test,1,Knocking
fsd50k/193853,val,1,Knocking
fsd50k/193854,train,1,Knocking
fsd50k/193855,train,1,Knocking
fsd50k/193856,train,1,Knocking
fsd50k/193857,train,1,Knocking
fsd50k/193858,test,1,Knocking
fsd50k/193859,train,1,Knocking
fsd50k/193860,train,1,Knocking
fsd50k/193861,train,1,Knocking
fsd50k/193862,train,1,Knocking
fsd50k/193863,train,1,Knocking
fsd50k/193864,train,1,Knocking
fsd50k/193865,train,1,Knocking
fsd50k/193866,train,1,Knocking
fsd50k/193867,val,1,Knocking
fsd50k/193868,train,1,Knocking
fsd50k/193869,train,1,Knocking
fsd50k/193870,train,1,Knocking
fsd50k/193871,train,1,Knocking
fsd50k/193872,train,1,Knocking
fsd50k/193873,val,1,Knocking
fsd50k/194365,train,1,Knocking
fsd50k/194682,train,1,Glass_Breaking
fsd50k/194683,val,1,Glass_Breaking
fsd50k/194684,train,1,Glass_Breaking
fsd50k/194685,train,1,Glass_Breaking
fsd50k/194786,train,1,Aircraft
fsd50k/194813,train,1,Help_Shouting
fsd50k/194944,train,1,Footsteps
fsd50k/194978,train,1,Footsteps
fsd50k/194991,test,1,Footsteps
fsd50k/194993,train,1,Footsteps
fsd50k/195089,train,1,Help_Shouting
fsd50k/195167,test,1,Motorcycle
fsd50k/195168,test,1,Motorcycle
fsd50k/195410,train,1,Aircraft
fsd50k/195411,train,1,Help_Shouting
fsd50k/195412,val,1,Aircraft
fsd50k/195457,train,1,Footsteps
fsd50k/195458,train,1,Footsteps
fsd50k/195466,train,1,Train
fsd50k/195624,train,1,Glass_Breaking
fsd50k/195655,train,1,Motorcycle
fsd50k/195981,train,1,Train
fsd50k/195982,train,1,Train
fsd50k/195983,val,1,Train
fsd50k/196117,train,1,Help_Shouting
fsd50k/196128,train,1,Help_Shouting
fsd50k/196139,train,1,Alarm
fsd50k/196259,train,1,Alarm
fsd50k/196368,val,1,Alarm
fsd50k/196370,train,1,Doorbell
fsd50k/196371,train,1,Doorbell
fsd50k/196372,test,1,Alarm
fsd50k/196373,train,1,Alarm
fsd50k/196374,train,1,Doorbell
fsd50k/196375,train,1,Alarm
fsd50k/196376,train,1,Alarm
fsd50k/196377,train,1,Alarm
fsd50k/196378,train,1,Doorbell
fsd50k/196379,train,1,Alarm
fsd50k/196380,train,1,Doorbell
fsd50k/196645,test,1,Help_Shouting
fsd50k/196653,train,1,Aircraft
fsd50k/196693,train,1,Motorcycle
fsd50k/196694,train,1,Motorcycle
fsd50k/196753,train,1,Gunshot
fsd50k/196838,train,1,Alarm
fsd50k/197106,train,1,Motorcycle
fsd50k/197122,val,1,Train
fsd50k/197248,val,1,Aircraft
fsd50k/197261,train,1,Glass_Breaking
fsd50k/197322,train,1,Gunshot
fsd50k/197417,train,1,Help_Shouting
fsd50k/197450,train,1,Footsteps
fsd50k/197866,val,1,Knocking
fsd50k/197979,train,1,Knocking
fsd50k/19805,train,1,Train
fsd50k/19806,val,1,Train
fsd50k/19807,train,1,Train
fsd50k/198121,train,1,Gunshot
fsd50k/198297,train,1,Alarm
fsd50k/198408,test,1,Alarm
fsd50k/198496,val,1,Alarm
fsd50k/198611,train,1,Motorcycle
fsd50k/198612,val,1,Motorcycle
fsd50k/198844,val,1,Alarm
fsd50k/198952,val,1,Gunshot
fsd50k/198989,test,1,Footsteps
fsd50k/199567,train,1,Footsteps
fsd50k/199828,train,1,Train
fsd50k/199878,train,1,Footsteps
fsd50k/199879,val,1,Knocking
fsd50k/199882,train,1,Knocking
fsd50k/199888,train,1,Footsteps
fsd50k/199889,train,1,Footsteps
fsd50k/199906,train,1,Glass_Breaking
fsd50k/200338,train,1,Train
fsd50k/200436,test,1,Aircraft
fsd50k/200809,val,1,Alarm
fsd50k/201309,train,1,Train
fsd50k/201319,train,1,Footsteps
fsd50k/201325,test,1,Alarm
fsd50k/201611,train,1,Alarm
fsd50k/201667,test,1,Gunshot
fsd50k/201713,val,1,Gunshot
fsd50k/201852,train,1,Footsteps
fsd50k/201899,train,1,Alarm
fsd50k/201917,train,1,Alarm
fsd50k/201945,val,1,Alarm
fsd50k/20198,train,1,Motorcycle
fsd50k/202029,train,1,Alarm
fsd50k/202037,train,1,Help_Shouting
fsd50k/202093,test,1,Glass_Breaking
fsd50k/202231,train,1,Knocking
fsd50k/202412,train,1,Footsteps
fsd50k/202418,test,1,Alarm
fsd50k/202423,test,1,Alarm
fsd50k/202474,train,1,Alarm
fsd50k/202498,train,1,Help_Shouting
fsd50k/202512,val,1,Alarm
fsd50k/202676,val,1,Alarm
fsd50k/202809,test,1,Motorcycle
fsd50k/203175,train,1,Train
fsd50k/203287,train,1,Alarm
fsd50k/203368,train,1,Glass_Breaking
fsd50k/203369,train,1,Glass_Breaking
fsd50k/203370,train,1,Glass_Breaking
fsd50k/203372,train,1,Glass_Breaking
fsd50k/203379,train,1,Glass_Breaking
fsd50k/20352,train,1,Gunshot
fsd50k/203539,val,1,Alarm
fsd50k/203941,train,1,Doorbell
fsd50k/203942,train,1,Doorbell
fsd50k/203943,train,1,Alarm
fsd50k/203944,train,1,Alarm
fsd50k/203945,train,1,Doorbell
fsd50k/203946,train,1,Alarm
fsd50k/203947,train,1,Alarm
fsd50k/203948,train,1,Alarm
fsd50k/204009,train,1,Gunshot
fsd50k/204010,train,1,Gunshot
fsd50k/204116,train,1,Glass_Breaking
fsd50k/204120,train,1,Glass_Breaking
fsd50k/204122,val,1,Glass_Breaking
fsd50k/204124,test,1,Glass_Breaking
fsd50k/204132,train,1,Glass_Breaking
fsd50k/204133,train,1,Glass_Breaking
fsd50k/204134,test,1,Glass_Breaking
fsd50k/204140,test,1,Glass_Breaking
fsd50k/204141,train,1,Glass_Breaking
fsd50k/204142,train,1,Glass_Breaking
fsd50k/204143,test,1,Glass_Breaking
fsd50k/204144,train,1,Glass_Breaking
fsd50k/204185,train,1,Glass_Breaking
fsd50k/204423,train,1,Alarm
fsd50k/204425,train,1,Alarm
fsd50k/204426,train,1,Alarm
fsd50k/204468,train,1,Footsteps
fsd50k/204491,train,1,Knocking
fsd50k/204684,train,1,Alarm
fsd50k/204685,train,1,Glass_Breaking
fsd50k/204686,train,1,Glass_Breaking
fsd50k/204687,train,1,Glass_Breaking
fsd50k/204688,train,1,Glass_Breaking
fsd50k/204692,test,1,Glass_Breaking
fsd50k/204697,train,1,Glass_Breaking
fsd50k/204920,test,1,Footsteps
fsd50k/204949,train,1,Gunshot
fsd50k/205011,train,1,Gunshot
fsd50k/205734,train,1,Help_Shouting
fsd50k/205735,train,1,Help_Shouting
fsd50k/205749,train,1,Footsteps
fsd50k/205949,train,1,Doorbell
fsd50k/206080,val,1,Alarm
fsd50k/206081,train,1,Alarm
fsd50k/207125,train,1,Footsteps
fsd50k/207126,train,1,Footsteps
fsd50k/207135,train,1,Alarm
fsd50k/207224,train,1,Footsteps
fsd50k/207247,train,1,Aircraft
fsd50k/207252,val,1,Aircraft
fsd50k/207451,train,1,Help_Shouting
fsd50k/207456,train,1,Aircraft
fsd50k/207457,test,1,Aircraft
fsd50k/207463,val,1,Aircraft
fsd50k/207470,train,1,Aircraft
fsd50k/207751,test,1,Alarm
fsd50k/207860,train,1,Help_Shouting
fsd50k/208034,test,1,Help_Shouting
fsd50k/208317,train,1,Knocking
fsd50k/208656,train,1,Glass_Breaking
fsd50k/208696,train,1,Glass_Breaking
fsd50k/208766,val,1,Footsteps
fsd50k/208840,val,1,Aircraft
fsd50k/208841,train,1,Aircraft
fsd50k/208846,test,1,Aircraft
fsd50k/208847,train,1,Aircraft
fsd50k/208854,val,1,Aircraft
fsd50k/208855,train,1,Aircraft
fsd50k/208861,train,1,Aircraft
fsd50k/209042,val,1,Aircraft
fsd50k/209220,train,1,Knocking
fsd50k/209221,val,1,Knocking
fsd50k/209222,train,1,Knocking
fsd50k/209223,train,1,Knocking
fsd50k/209420,test,1,Aircraft
fsd50k/209422,train,1,Aircraft
fsd50k/209434,train,1,Aircraft
fsd50k/209437,train,1,Aircraft
fsd50k/209442,train,1,Aircraft
fsd50k/209445,train,1,Aircraft
fsd50k/209523,train,1,Alarm
fsd50k/209536,train,1,Alarm
fsd50k/209661,train,1,Footsteps
fsd50k/209698,val,1,Alarm
fsd50k/209964,train,1,Footsteps
fsd50k/209969,train,1,Alarm
fsd50k/209970,train,1,Vehicle_Horn
fsd50k/209979,train,1,Footsteps
fsd50k/209990,train,1,Help_Shouting
fsd50k/209996,train,1,Glass_Breaking
fsd50k/210195,train,1,Footsteps
fsd50k/210254,train,1,Alarm
fsd50k/210262,train,1,Alarm
fsd50k/210270,train,1,Alarm
fsd50k/210363,val,1,Alarm
fsd50k/210513,val,1,Alarm
fsd50k/210535,val,1,Knocking
fsd50k/210536,train,1,Knocking
fsd50k/210731,train,1,Help_Shouting
fsd50k/210734,train,1,Help_Shouting
fsd50k/210901,train,1,Gunshot
fsd50k/210995,train,1,Help_Shouting
fsd50k/211103,train,1,Alarm
fsd50k/211408,train,1,Alarm
fsd50k/211496,test,1,Knocking
fsd50k/211497,train,1,Knocking
fsd50k/211498,train,1,Knocking
fsd50k/211499,train,1,Knocking
fsd50k/211501,train,1,Knocking
fsd50k/211503,train,1,Knocking
fsd50k/211667,val,1,Motorcycle
fsd50k/211668,train,1,Motorcycle
fsd50k/21191,train,1,Motorcycle
fsd50k/21192,val,1,Motorcycle
fsd50k/212127,train,1,Doorbell
fsd50k/212128,train,1,Alarm
fsd50k/212129,test,1,Alarm
fsd50k/212182,train,1,Alarm
fsd50k/212186,test,1,Alarm
fsd50k/212187,train,1,Vehicle_Horn
fsd50k/212594,train,1,Gunshot
fsd50k/212600,train,1,Gunshot
fsd50k/212710,val,1,Help_Shouting
fsd50k/213153,train,1,Glass_Breaking
fsd50k/213154,train,1,Glass_Breaking
fsd50k/213156,train,1,Glass_Breaking
fsd50k/213158,train,1,Glass_Breaking
fsd50k/213159,train,1,Glass_Breaking
fsd50k/213160,val,1,Glass_Breaking
fsd50k/213161,train,1,Glass_Breaking
fsd50k/213162,train,1,Glass_Breaking
fsd50k/213163,train,1,Glass_Breaking
fsd50k/213164,train,1,Glass_Breaking
fsd50k/213165,train,1,Glass_Breaking
fsd50k/213166,test,1,Glass_Breaking
fsd50k/21323,train,1,Help_Shouting
fsd50k/21324,train,1,Help_Shouting
fsd50k/213298,test,1,Footsteps
fsd50k/213305,train,1,Footsteps
fsd50k/213307,train,1,Footsteps
fsd50k/213560,train,1,Train
fsd50k/213583,test,1,Footsteps
fsd50k/213890,val,1,Alarm
fsd50k/214336,train,1,Glass_Breaking
fsd50k/214989,val,1,Help_Shouting
fsd50k/215137,val,1,Footsteps
fsd50k/21560,train,1,Aircraft
fsd50k/215842,train,1,Gunshot
fsd50k/215843,train,1,Gunshot
fsd50k/215845,train,1,Gunshot
fsd50k/215846,test,1,Gunshot
fsd50k/215847,train,1,Gunshot
fsd50k/215969,test,1,Footsteps
fsd50k/215990,train,1,Footsteps
fsd50k/216009,test,1,Alarm
fsd50k/216090,train,1,Alarm
fsd50k/216150,train,1,Aircraft
fsd50k/216279,test,1,Glass_Breaking
fsd50k/216282,train,1,Glass_Breaking
fsd50k/216283,train,1,Glass_Breaking
fsd50k/216286,train,1,Glass_Breaking
fsd50k/216287,train,1,Glass_Breaking
fsd50k/216288,train,1,Glass_Breaking
fsd50k/216289,test,1,Glass_Breaking
fsd50k/216290,train,1,Glass_Breaking
fsd50k/216291,train,1,Glass_Breaking
fsd50k/216292,train,1,Glass_Breaking
fsd50k/216293,train,1,Glass_Breaking
fsd50k/216294,train,1,Glass_Breaking
fsd50k/216296,test,1,Glass_Breaking
fsd50k/216298,train,1,Glass_Breaking
fsd50k/216299,train,1,Glass_Breaking
fsd50k/216312,train,1,Gunshot
fsd50k/216315,train,1,Gunshot
fsd50k/216317,train,1,Gunshot
fsd50k/216318,train,1,Gunshot
fsd50k/216319,train,1,Gunshot
fsd50k/216534,train,1,Help_Shouting
fsd50k/216604,train,1,Gunshot
fsd50k/216748,train,1,Glass_Breaking
fsd50k/21687,train,1,Vehicle_Horn
fsd50k/217138,test,1,Alarm
fsd50k/217172,train,1,Help_Shouting
fsd50k/21737,test,1,Aircraft
fsd50k/217805,train,1,Gunshot
fsd50k/217806,train,1,Vehicle_Horn
fsd50k/217853,val,1,Train
fsd50k/217901,train,1,Footsteps
fsd50k/217947,val,1,Footsteps
fsd50k/217963,train,1,Footsteps
fsd50k/217984,val,1,Footsteps
fsd50k/218055,train,1,Help_Shouting
fsd50k/218162,train,1,Train
fsd50k/218178,val,1,Train
fsd50k/218179,train,1,Train
fsd50k/218317,train,1,Doorbell
fsd50k/218480,val,1,Gunshot
fsd50k/218484,train,1,Gunshot
fsd50k/218487,train,1,Gunshot
fsd50k/21871,train,1,Alarm
fsd50k/218843,test,1,Alarm
fsd50k/218984,train,1,Knocking
fsd50k/218985,val,1,Knocking
fsd50k/218987,test,1,Knocking
fsd50k/218988,train,1,Knocking
fsd50k/218989,train,1,Knocking
fsd50k/218999,train,1,Footsteps
fsd50k/21917,train,1,Motorcycle
fsd50k/219246,train,1,Alarm
fsd50k/21928,train,1,Train
fsd50k/219355,train,1,Alarm
fsd50k/219455,train,1,Gunshot
fsd50k/219457,val,1,Gunshot
fsd50k/219466,test,1,Aircraft
fsd50k/219467,train,1,Aircraft
fsd50k/219468,train,1,Aircraft
fsd50k/219469,train,1,Aircraft
fsd50k/219470,val,1,Aircraft
fsd50k/219471,train,1,Aircraft
fsd50k/219539,train,1,Aircraft
fsd50k/219591,val,1,Train
fsd50k/219644,train,1,Footsteps
fsd50k/219647,train,1,Help_Shouting
fsd50k/219657,train,1,Help_Shouting
fsd50k/219661,train,1,Help_Shouting
fsd50k/219663,train,1,Help_Shouting
fsd50k/219666,train,1,Help_Shouting
fsd50k/219668,val,1,Knocking
fsd50k/219673,train,1,Footsteps
fsd50k/219693,train,1,Help_Shouting
fsd50k/219724,train,1,Help_Shouting
fsd50k/219837,test,1,Glass_Breaking
fsd50k/219838,test,1,Glass_Breaking
fsd50k/219842,val,1,Glass_Breaking
fsd50k/219843,train,1,Glass_Breaking
fsd50k/219844,train,1,Glass_Breaking
fsd50k/219845,train,1,Glass_Breaking
fsd50k/219846,train,1,Glass_Breaking
fsd50k/219847,train,1,Glass_Breaking
fsd50k/21985,train,1,Alarm
fsd50k/219856,train,1,Help_Shouting
fsd50k/219858,train,1,Help_Shouting
fsd50k/21986,val,1,Alarm
fsd50k/219867,train,1,Help_Shouting
fsd50k/219882,train,1,Help_Shouting
fsd50k/219940,val,1,Glass_Breaking
fsd50k/220045,test,1,Help_Shouting
fsd50k/220130,train,1,Gunshot
fsd50k/220220,test,1,Train
fsd50k/220291,val,1,Help_Shouting
fsd50k/220292,val,1,Help_Shouting
fsd50k/220293,train,1,Help_Shouting
fsd50k/220295,train,1,Help_Shouting
fsd50k/220302,train,1,Help_Shouting
fsd50k/220307,train,1,Help_Shouting
fsd50k/220311,train,1,Help_Shouting
fsd50k/220365,train,1,Help_Shouting
fsd50k/220368,train,1,Help_Shouting
fsd50k/220612,train,1,Gunshot
fsd50k/220613,train,1,Gunshot
fsd50k/220619,train,1,Help_Shouting
fsd50k/220655,train,1,Help_Shouting
fsd50k/220657,val,1,Help_Shouting
fsd50k/220658,train,1,Help_Shouting
fsd50k/220660,train,1,Help_Shouting
fsd50k/220663,val,1,Help_Shouting
fsd50k/220665,train,1,Help_Shouting
fsd50k/220694,train,1,Help_Shouting
fsd50k/220815,val,1,Help_Shouting
fsd50k/220822,train,1,Help_Shouting
fsd50k/220823,test,1,Help_Shouting
fsd50k/221085,train,1,Alarm
fsd50k/221086,train,1,Alarm
fsd50k/221087,test,1,Alarm
fsd50k/221150,test,1,Help_Shouting
fsd50k/221151,train,1,Help_Shouting
fsd50k/221152,train,1,Help_Shouting
fsd50k/221153,train,1,Help_Shouting
fsd50k/221451,test,1,Gunshot
fsd50k/221455,train,1,Gunshot
fsd50k/221457,train,1,Gunshot
fsd50k/221522,train,1,Alarm
fsd50k/221531,train,1,Glass_Breaking
fsd50k/221532,train,1,Glass_Breaking
fsd50k/221533,train,1,Glass_Breaking
fsd50k/221548,val,1,Help_Shouting
fsd50k/221639,train,1,Alarm
fsd50k/221640,train,1,Gunshot
fsd50k/221644,train,1,Alarm
fsd50k/221650,val,1,Footsteps
fsd50k/221665,train,1,Aircraft
fsd50k/2217,train,1,Train
fsd50k/221958,train,1,Help_Shouting
fsd50k/222534,train,1,Help_Shouting
fsd50k/222535,val,1,Help_Shouting
fsd50k/222545,train,1,Help_Shouting
fsd50k/222584,train,1,Help_Shouting
fsd50k/222586,train,1,Help_Shouting
fsd50k/222589,train,1,Help_Shouting
fsd50k/222648,train,1,Help_Shouting
fsd50k/222671,train,1,Help_Shouting
fsd50k/222672,train,1,Help_Shouting
fsd50k/222674,train,1,Help_Shouting
fsd50k/222991,train,1,Knocking
fsd50k/223017,val,1,Knocking
fsd50k/223154,test,1,Footsteps
fsd50k/223176,train,1,Alarm
fsd50k/223320,train,1,Alarm
fsd50k/223521,train,1,Help_Shouting
fsd50k/223527,train,1,Help_Shouting
fsd50k/223552,train,1,Glass_Breaking
fsd50k/223671,train,1,Doorbell
fsd50k/223672,train,1,Alarm
fsd50k/223673,val,1,Alarm
fsd50k/223745,test,1,Help_Shouting
fsd50k/223824,train,1,Alarm
fsd50k/22457,val,1,Alarm
fsd50k/22459,train,1,Motorcycle
fsd50k/22460,test,1,Motorcycle
fsd50k/22591,train,1,Train
fsd50k/22615,train,1,Motorcycle
fsd50k/22627,train,1,Alarm
fsd50k/22718,train,1,Motorcycle
fsd50k/22719,train,1,Motorcycle
fsd50k/22722,train,1,Train
fsd50k/22724,train,1,Train
fsd50k/22732,val,1,Train
fsd50k/22733,train,1,Train
fsd50k/228611,test,1,Gunshot
fsd50k/22877,train,1,Alarm
fsd50k/22939,train,1,Footsteps
fsd50k/231245,train,1,Gunshot
fsd50k/231247,train,1,Gunshot
fsd50k/231248,train,1,Gunshot
fsd50k/231297,train,1,Glass_Breaking
fsd50k/231765,train,1,Gunshot
fsd50k/231852,train,1,Footsteps
fsd50k/231934,train,1,Aircraft
fsd50k/231936,test,1,Footsteps
fsd50k/231956,test,1,Aircraft
fsd50k/231959,train,1,Footsteps
fsd50k/231960,test,1,Aircraft
fsd50k/231961,test,1,Footsteps
fsd50k/231963,test,1,Aircraft
fsd50k/23212,train,1,Motorcycle
fsd50k/232164,test,1,Train
fsd50k/232176,train,1,Glass_Breaking
fsd50k/232178,train,1,Train
fsd50k/232210,train,1,Alarm
fsd50k/232442,train,1,Train
fsd50k/232443,train,1,Train
fsd50k/232567,train,1,Footsteps
fsd50k/232668,train,1,Knocking
fsd50k/232784,val,1,Alarm
fsd50k/232818,train,1,Aircraft
fsd50k/232824,train,1,Footsteps
fsd50k/232848,train,1,Knocking
fsd50k/232868,train,1,Gunshot
fsd50k/23288,train,1,Aircraft
fsd50k/232923,train,1,Knocking
fsd50k/232961,train,1,Gunshot
fsd50k/232963,train,1,Alarm
fsd50k/233016,train,1,Footsteps
fsd50k/233042,train,1,Motorcycle
fsd50k/233044,val,1,Gunshot
fsd50k/233062,test,1,Alarm
fsd50k/233065,train,1,Footsteps
fsd50k/233068,train,1,Help_Shouting
fsd50k/233261,train,1,Footsteps
fsd50k/233318,test,1,Gunshot
fsd50k/233321,train,1,Gunshot
fsd50k/233322,train,1,Gunshot
fsd50k/233323,train,1,Gunshot
fsd50k/233382,train,1,Footsteps
fsd50k/233383,train,1,Footsteps
fsd50k/233384,train,1,Footsteps
fsd50k/233458,train,1,Footsteps
fsd50k/233486,test,1,Knocking
fsd50k/233502,val,1,Alarm
fsd50k/233582,train,1,Aircraft
fsd50k/233606,train,1,Glass_Breaking
fsd50k/233645,train,1,Alarm
fsd50k/233795,train,1,Knocking
fsd50k/234034,val,1,Help_Shouting
fsd50k/234303,train,1,Train
fsd50k/234304,train,1,Train
fsd50k/234305,train,1,Gunshot
fsd50k/234573,train,1,Footsteps
fsd50k/234615,train,1,Gunshot
fsd50k/234616,train,1,Gunshot
fsd50k/234617,train,1,Gunshot
fsd50k/234618,val,1,Gunshot
fsd50k/234619,train,1,Gunshot
fsd50k/234634,val,1,Alarm
fsd50k/234681,train,1,Alarm
fsd50k/234860,train,1,Footsteps
fsd50k/23519,train,1,Aircraft
fsd50k/235191,train,1,Help_Shouting
fsd50k/235363,train,1,Alarm
fsd50k/235365,train,1,Aircraft
fsd50k/235506,train,1,Alarm
fsd50k/235514,train,1,Footsteps
fsd50k/235517,train,1,Aircraft
fsd50k/235524,val,1,Footsteps
fsd50k/235595,train,1,Help_Shouting
fsd50k/235942,train,1,Footsteps
fsd50k/235957,train,1,Aircraft
fsd50k/235962,train,1,Vehicle_Horn
fsd50k/236291,train,1,Train
fsd50k/23641,train,1,Train
fsd50k/23710,train,1,Knocking
fsd50k/237273,train,1,Gunshot
fsd50k/237471,train,1,Train
fsd50k/23750,val,1,Alarm
fsd50k/237937,train,1,Knocking
fsd50k/237974,train,1,Aircraft
fsd50k/238159,val,1,Gunshot
fsd50k/238209,train,1,Alarm
fsd50k/238241,train,1,Gunshot
fsd50k/238242,train,1,Gunshot
fsd50k/238243,train,1,Gunshot
fsd50k/238244,train,1,Gunshot
fsd50k/238245,val,1,Gunshot
fsd50k/238246,val,1,Gunshot
fsd50k/238247,train,1,Gunshot
fsd50k/238287,test,1,Knocking
fsd50k/238360,train,1,Footsteps
fsd50k/238390,test,1,Alarm
fsd50k/238562,val,1,Alarm
fsd50k/238675,train,1,Gunshot
fsd50k/238676,train,1,Gunshot
fsd50k/238677,val,1,Gunshot
fsd50k/239030,train,1,Alarm
fsd50k/239031,train,1,Alarm
fsd50k/239137,test,1,Gunshot
fsd50k/239138,train,1,Gunshot
fsd50k/239592,train,1,Help_Shouting
fsd50k/239596,train,1,Gunshot
fsd50k/239902,val,1,Help_Shouting
fsd50k/240356,train,1,Footsteps
fsd50k/240377,train,1,Gunshot
fsd50k/240688,train,1,Footsteps
fsd50k/241272,train,1,Footsteps
fsd50k/241591,train,1,Help_Shouting
fsd50k/241592,val,1,Help_Shouting
fsd50k/241644,test,1,Knocking
fsd50k/241721,test,1,Footsteps
fsd50k/241921,train,1,Alarm
fsd50k/242101,train,1,Alarm
fsd50k/242184,test,1,Knocking
fsd50k/24232,val,1,Alarm
fsd50k/24233,train,1,Alarm
fsd50k/242494,train,1,Alarm
fsd50k/242498,train,1,Help_Shouting
fsd50k/242846,train,1,Gunshot
fsd50k/242856,train,1,Alarm
fsd50k/242951,val,1,Aircraft
fsd50k/24332,train,1,Motorcycle
fsd50k/243607,val,1,Alarm
fsd50k/243654,train,1,Footsteps
fsd50k/243786,test,1,Knocking
fsd50k/243794,val,1,Footsteps
fsd50k/244238,test,1,Glass_Breaking
fsd50k/244500,train,1,Help_Shouting
fsd50k/244503,val,1,Motorcycle
fsd50k/244931,train,1,Train
fsd50k/245028,train,1,Alarm
fsd50k/245037,train,1,Footsteps
fsd50k/245167,train,1,Glass_Breaking
fsd50k/24519,train,1,Train
fsd50k/245399,val,1,Train
fsd50k/245400,test,1,Train
fsd50k/245410,val,1,Glass_Breaking
fsd50k/245602,train,1,Gunshot
fsd50k/245692,val,1,Motorcycle
fsd50k/245693,train,1,Motorcycle
fsd50k/245694,train,1,Motorcycle
fsd50k/245794,train,1,Motorcycle
fsd50k/245795,train,1,Motorcycle
fsd50k/245873,train,1,Train
fsd50k/245888,train,1,Alarm
fsd50k/245940,train,1,Alarm
fsd50k/245943,test,1,Alarm
fsd50k/246273,test,1,Glass_Breaking
fsd50k/246328,train,1,Alarm
fsd50k/246331,train,1,Train
fsd50k/249146,train,1,Gunshot
fsd50k/249150,val,1,Alarm
fsd50k/249298,train,1,Gunshot
fsd50k/249303,val,1,Alarm
fsd50k/249304,test,1,Alarm
fsd50k/249568,train,1,Aircraft
fsd50k/249679,train,1,Footsteps
fsd50k/24968,test,1,Train
fsd50k/249745,train,1,Help_Shouting
fsd50k/249807,train,1,Help_Shouting
fsd50k/249873,val,1,Glass_Breaking
fsd50k/249874,val,1,Glass_Breaking
fsd50k/249920,train,1,Motorcycle
fsd50k/250080,test,1,Train
fsd50k/250285,test,1,Alarm
fsd50k/25032,val,1,Alarm
fsd50k/250380,train,1,Help_Shouting
fsd50k/250506,train,1,Footsteps
fsd50k/250539,train,1,Knocking
fsd50k/250550,train,1,Help_Shouting
fsd50k/250629,train,1,Alarm
fsd50k/250654,train,1,Alarm
fsd50k/250709,train,1,Glass_Breaking
fsd50k/250724,train,1,Footsteps
fsd50k/250853,test,1,Help_Shouting
fsd50k/251004,train,1,Gunshot
fsd50k/251008,train,1,Motorcycle
fsd50k/251323,train,1,Aircraft
fsd50k/251325,train,1,Aircraft
fsd50k/251328,train,1,Aircraft
fsd50k/251424,train,1,Knocking
fsd50k/251564,test,1,Alarm
fsd50k/251788,train,1,Footsteps
fsd50k/251958,val,1,Aircraft
fsd50k/251961,val,1,Aircraft
fsd50k/251964,train,1,Aircraft
fsd50k/251965,train,1,Motorcycle
fsd50k/251966,val,1,Aircraft
fsd50k/251967,train,1,Aircraft
fsd50k/251968,train,1,Aircraft
fsd50k/251969,train,1,Motorcycle
fsd50k/251974,train,1,Aircraft
fsd50k/251975,train,1,Aircraft
fsd50k/251976,test,1,Aircraft
fsd50k/251977,train,1,Aircraft
fsd50k/25270,test,1,Help_Shouting
fsd50k/25293,test,1,Help_Shouting
fsd50k/25312,test,1,Help_Shouting
fsd50k/25328,train,1,Footsteps
fsd50k/253313,train,1,Alarm
fsd50k/253314,train,1,Alarm
fsd50k/253315,train,1,Alarm
fsd50k/253316,val,1,Alarm
fsd50k/253438,train,1,Gunshot
fsd50k/253603,val,1,Help_Shouting
fsd50k/253611,train,1,Help_Shouting
fsd50k/253719,train,1,Motorcycle
fsd50k/253721,train,1,Train
fsd50k/253724,val,1,Motorcycle
fsd50k/253734,train,1,Gunshot
fsd50k/253771,test,1,Help_Shouting
fsd50k/2539,train,1,Doorbell
fsd50k/253982,train,1,Alarm
fsd50k/254146,train,1,Alarm
fsd50k/254336,train,1,Help_Shouting
fsd50k/254477,val,1,Help_Shouting
fsd50k/254507,test,1,Alarm
fsd50k/254678,train,1,Vehicle_Horn
fsd50k/254721,train,1,Glass_Breaking
fsd50k/254772,train,1,Gunshot
fsd50k/254778,test,1,Train
fsd50k/254809,train,1,Train
fsd50k/254901,val,1,Motorcycle
fsd50k/254907,train,1,Alarm
fsd50k/254981,train,1,Knocking
fsd50k/254993,val,1,Glass_Breaking
fsd50k/255114,train,1,Glass_Breaking
fsd50k/255182,train,1,Glass_Breaking
fsd50k/255194,train,1,Alarm
fsd50k/255195,train,1,Alarm
fsd50k/255216,train,1,Gunshot
fsd50k/25527,val,1,Aircraft
fsd50k/255272,train,1,Gunshot
fsd50k/255699,train,1,Alarm
fsd50k/255700,train,1,Alarm
fsd50k/255706,train,1,Motorcycle
fsd50k/255850,train,1,Alarm
fsd50k/255977,train,1,Aircraft
fsd50k/256316,test,1,Footsteps
fsd50k/256494,train,1,Help_Shouting
fsd50k/256513,train,1,Knocking
fsd50k/256635,test,1,Help_Shouting
fsd50k/256993,train,1,Glass_Breaking
fsd50k/257001,test,1,Alarm
fsd50k/257002,train,1,Alarm
fsd50k/25713,train,1,Help_Shouting
fsd50k/257202,val,1,Alarm
fsd50k/257364,val,1,Gunshot
fsd50k/257430,train,1,Alarm
fsd50k/257496,test,1,Glass_Breaking
fsd50k/257579,train,1,Help_Shouting
fsd50k/257691,train,1,Help_Shouting
fsd50k/257791,train,1,Glass_Breaking
fsd50k/257815,train,1,Aircraft
fsd50k/257858,test,1,Help_Shouting
fsd50k/257873,train,1,Gunshot
fsd50k/257874,val,1,Gunshot
fsd50k/257875,train,1,Gunshot
fsd50k/257876,train,1,Gunshot
fsd50k/257963,train,1,Gunshot
fsd50k/258004,train,1,Footsteps
fsd50k/258089,val,1,Alarm
fsd50k/258140,test,1,Footsteps
fsd50k/258169,train,1,Alarm
fsd50k/258182,test,1,Train
fsd50k/25824,train,1,Train
fsd50k/258342,train,1,Help_Shouting
fsd50k/25888,test,1,Train
fsd50k/259181,train,1,Knocking
fsd50k/259537,train,1,Alarm
fsd50k/259539,val,1,Gunshot
fsd50k/259681,val,1,Help_Shouting
fsd50k/259697,train,1,Footsteps
fsd50k/259758,train,1,Gunshot
fsd50k/259870,train,1,Train
fsd50k/26010,train,1,Footsteps
fsd50k/260224,train,1,Knocking
fsd50k/260718,train,1,Footsteps
fsd50k/260939,train,1,Gunshot
fsd50k/26096,train,1,Aircraft
fsd50k/26128,val,1,Aircraft
fsd50k/26141,val,1,Gunshot
fsd50k/261593,train,1,Alarm
fsd50k/261853,train,1,Help_Shouting
fsd50k/261854,train,1,Help_Shouting
fsd50k/26211,test,1,Train
fsd50k/26213,train,1,Train
fsd50k/26215,train,1,Train
fsd50k/26217,test,1,Alarm
fsd50k/262278,train,1,Alarm
fsd50k/26247,train,1,Footsteps
fsd50k/262640,test,1,Train
fsd50k/262699,train,1,Footsteps
fsd50k/262753,test,1,Aircraft
fsd50k/26285,val,1,Train
fsd50k/262878,train,1,Alarm
fsd50k/262897,val,1,Alarm
fsd50k/263042,train,1,Footsteps
fsd50k/263078,train,1,Doorbell
fsd50k/263082,test,1,Footsteps
fsd50k/263395,train,1,Train
fsd50k/263396,train,1,Train
fsd50k/263458,train,1,Aircraft
fsd50k/263522,test,1,Aircraft
fsd50k/263680,train,1,Alarm
fsd50k/26385,train,1,Alarm
fsd50k/26386,train,1,Train
fsd50k/263920,test,1,Footsteps
fsd50k/263959,train,1,Aircraft
fsd50k/263960,test,1,Aircraft
fsd50k/263961,test,1,Aircraft
fsd50k/263962,train,1,Aircraft
fsd50k/263963,test,1,Aircraft
fsd50k/263964,train,1,Aircraft
fsd50k/264351,train,1,Help_Shouting
fsd50k/264470,train,1,Footsteps
fsd50k/264589,val,1,Footsteps
fsd50k/264653,train,1,Footsteps
fsd50k/264773,train,1,Motorcycle
fsd50k/264863,train,1,Alarm
fsd50k/264918,train,1,Help_Shouting
fsd50k/264993,train,1,Alarm
fsd50k/265003,test,1,Knocking
fsd50k/265017,train,1,Alarm
fsd50k/265044,val,1,Knocking
fsd50k/265110,train,1,Footsteps
fsd50k/265644,train,1,Alarm
fsd50k/265769,val,1,Alarm
fsd50k/265968,train,1,Knocking
fsd50k/265977,val,1,Alarm
fsd50k/266105,test,1,Gunshot
fsd50k/266184,train,1,Help_Shouting
fsd50k/266528,val,1,Footsteps
fsd50k/266600,train,1,Knocking
fsd50k/266824,train,1,Footsteps
fsd50k/266848,train,1,Alarm
fsd50k/266924,train,1,Alarm
fsd50k/266977,train,1,Gunshot
fsd50k/26720,val,1,Help_Shouting
fsd50k/267341,train,1,Gunshot
fsd50k/267499,train,1,Footsteps
fsd50k/267573,train,1,Glass_Breaking
fsd50k/26781,train,1,Knocking
fsd50k/267889,train,1,Glass_Breaking
fsd50k/267893,train,1,Gunshot
fsd50k/267900,train,1,Alarm
fsd50k/267901,train,1,Alarm
fsd50k/267931,train,1,Knocking
fsd50k/268015,train,1,Alarm
fsd50k/268074,train,1,Doorbell
fsd50k/268076,train,1,Alarm
fsd50k/268103,train,1,Help_Shouting
fsd50k/268126,train,1,Knocking
fsd50k/26839,train,1,Train
fsd50k/26840,train,1,Train
fsd50k/26841,train,1,Train
fsd50k/26842,train,1,Train
fsd50k/26843,train,1,Train
fsd50k/26845,train,1,Train
fsd50k/268500,train,1,Knocking
fsd50k/268809,train,1,Alarm
fsd50k/268823,train,1,Alarm
fsd50k/268884,train,1,Footsteps
fsd50k/269260,train,1,Train
fsd50k/269541,train,1,Alarm
fsd50k/269599,train,1,Footsteps
fsd50k/26960,train,1,Alarm
fsd50k/26962,train,1,Alarm
fsd50k/26963,train,1,Alarm
fsd50k/26964,train,1,Alarm
fsd50k/26965,train,1,Alarm
fsd50k/26971,train,1,Train
fsd50k/269847,train,1,Footsteps
fsd50k/269855,test,1,Footsteps
fsd50k/269860,val,1,Footsteps
fsd50k/269864,train,1,Footsteps
fsd50k/270251,train,1,Footsteps
fsd50k/270257,train,1,Footsteps
fsd50k/270271,train,1,Aircraft
fsd50k/270474,train,1,Help_Shouting
fsd50k/270515,train,1,Glass_Breaking
fsd50k/270516,train,1,Glass_Breaking
fsd50k/270517,train,1,Glass_Breaking
fsd50k/270518,test,1,Glass_Breaking
fsd50k/270643,train,1,Alarm
fsd50k/270811,train,1,Glass_Breaking
fsd50k/270815,train,1,Glass_Breaking
fsd50k/270816,train,1,Glass_Breaking
fsd50k/270883,train,1,Alarm
fsd50k/271063,train,1,Alarm
fsd50k/271110,train,1,Alarm
fsd50k/271925,test,1,Footsteps
fsd50k/272065,train,1,Glass_Breaking
fsd50k/272380,train,1,Footsteps
fsd50k/272381,train,1,Footsteps
fsd50k/272410,test,1,Help_Shouting
fsd50k/272489,test,1,Glass_Breaking
fsd50k/272563,train,1,Footsteps
fsd50k/273151,val,1,Help_Shouting
fsd50k/273153,train,1,Help_Shouting
fsd50k/273303,train,1,Gunshot
fsd50k/273320,train,1,Alarm
fsd50k/273384,train,1,Footsteps
fsd50k/273402,train,1,Footsteps
fsd50k/273421,train,1,Footsteps
fsd50k/273647,test,1,Glass_Breaking
fsd50k/273710,test,1,Help_Shouting
fsd50k/273719,train,1,Alarm
fsd50k/273750,test,1,Alarm
fsd50k/274559,test,1,Gunshot
fsd50k/274679,train,1,Footsteps
fsd50k/274814,train,1,Knocking
fsd50k/274892,train,1,Aircraft
fsd50k/274962,train,1,Motorcycle
fsd50k/275042,train,1,Aircraft
fsd50k/275068,train,1,Doorbell
fsd50k/275069,train,1,Alarm
fsd50k/275070,val,1,Alarm
fsd50k/275071,test,1,Alarm
fsd50k/275072,test,1,Alarm
fsd50k/275088,train,1,Footsteps
fsd50k/275252,train,1,Footsteps
fsd50k/275443,test,1,Train
fsd50k/275558,val,1,Vehicle_Horn
fsd50k/275564,train,1,Alarm
fsd50k/275565,train,1,Alarm
fsd50k/275566,train,1,Alarm
fsd50k/275567,train,1,Alarm
fsd50k/275568,train,1,Doorbell
fsd50k/275569,train,1,Doorbell
fsd50k/275570,val,1,Alarm
fsd50k/275571,val,1,Alarm
fsd50k/275581,val,1,Knocking
fsd50k/275588,train,1,Motorcycle
fsd50k/275629,train,1,Alarm
fsd50k/275910,train,1,Alarm
fsd50k/275911,train,1,Knocking
fsd50k/275912,test,1,Knocking
fsd50k/276291,train,1,Aircraft
fsd50k/276549,train,1,Footsteps
fsd50k/276682,train,1,Footsteps
fsd50k/276938,test,1,Glass_Breaking
fsd50k/276939,train,1,Glass_Breaking
fsd50k/276965,test,1,Alarm
fsd50k/277011,val,1,Train
fsd50k/277032,test,1,Alarm
fsd50k/277252,train,1,Motorcycle
fsd50k/277330,train,1,Motorcycle
fsd50k/277368,train,1,Train
fsd50k/277508,val,1,Alarm
fsd50k/277510,train,1,Alarm
fsd50k/277754,train,1,Train
fsd50k/27787,train,1,Alarm
fsd50k/278152,train,1,Glass_Breaking
fsd50k/278176,train,1,Train
fsd50k/27882,train,1,Alarm
fsd50k/278885,train,1,Train
fsd50k/278887,train,1,Train
fsd50k/27977,train,1,Footsteps
fsd50k/28085,train,1,Train
fsd50k/281,train,1,Train
fsd50k/28132,train,1,Train
fsd50k/28138,test,1,Train
fsd50k/28165,val,1,Alarm
fsd50k/28167,train,1,Train
fsd50k/283,train,1,Train
fsd50k/28396,train,1,Train
fsd50k/28451,train,1,Aircraft
fsd50k/28452,train,1,Aircraft
fsd50k/28453,val,1,Aircraft
fsd50k/28777,train,1,Train
fsd50k/29544,train,1,Footsteps
fsd50k/29579,train,1,Motorcycle
fsd50k/29712,test,1,Glass_Breaking
fsd50k/29724,train,1,Alarm
fsd50k/29726,test,1,Alarm
fsd50k/29739,train,1,Aircraft
fsd50k/30185,train,1,Gunshot
fsd50k/30203,train,1,Footsteps
fsd50k/30276,train,1,Help_Shouting
fsd50k/30277,train,1,Help_Shouting
fsd50k/30303,train,1,Alarm
fsd50k/30368,val,1,Glass_Breaking
fsd50k/30749,train,1,Gunshot
fsd50k/30934,train,1,Footsteps
fsd50k/30988,train,1,Help_Shouting
fsd50k/31000,val,1,Help_Shouting
fsd50k/31133,test,1,Alarm
fsd50k/31153,train,1,Footsteps
fsd50k/31371,val,1,Knocking
fsd50k/31447,train,1,Aircraft
fsd50k/31482,train,1,Alarm
fsd50k/315646,train,1,Glass_Breaking
fsd50k/315647,train,1,Glass_Breaking
fsd50k/315648,train,1,Glass_Breaking
fsd50k/315828,train,1,Help_Shouting
fsd50k/315858,test,1,Gunshot
fsd50k/315904,val,1,Alarm
fsd50k/315935,train,1,Knocking
fsd50k/31626,train,1,Train
fsd50k/316398,train,1,Help_Shouting
fsd50k/316409,train,1,Help_Shouting
fsd50k/316411,train,1,Help_Shouting
fsd50k/316416,train,1,Help_Shouting
fsd50k/316616,train,1,Train
fsd50k/316640,test,1,Help_Shouting
fsd50k/316645,train,1,Help_Shouting
fsd50k/316648,train,1,Help_Shouting
fsd50k/316689,train,1,Train
fsd50k/316750,train,1,Train
fsd50k/316977,train,1,Alarm
fsd50k/317330,test,1,Alarm
fsd50k/317533,train,1,Alarm
fsd50k/317552,train,1,Train
fsd50k/317680,train,1,Footsteps
fsd50k/31775,train,1,Alarm
fsd50k/31777,train,1,Footsteps
fsd50k/318193,test,1,Alarm
fsd50k/3186,train,1,Motorcycle
fsd50k/318614,train,1,Knocking
fsd50k/3187,val,1,Motorcycle
fsd50k/3188,val,1,Motorcycle
fsd50k/3189,val,1,Motorcycle
fsd50k/318900,val,1,Footsteps
fsd50k/318910,train,1,Alarm
fsd50k/318945,train,1,Alarm
fsd50k/318973,train,1,Gunshot
fsd50k/3190,test,1,Motorcycle
fsd50k/319008,train,1,Gunshot
fsd50k/319009,train,1,Gunshot
fsd50k/319010,val,1,Gunshot
fsd50k/319041,train,1,Doorbell
fsd50k/3191,train,1,Motorcycle
fsd50k/319206,val,1,Footsteps
fsd50k/319399,train,1,Gunshot
fsd50k/319400,train,1,Gunshot
fsd50k/319401,train,1,Gunshot
fsd50k/319751,train,1,Alarm
fsd50k/320128,train,1,Glass_Breaking
fsd50k/320135,train,1,Gunshot
fsd50k/320136,train,1,Gunshot
fsd50k/320167,train,1,Glass_Breaking
fsd50k/320234,train,1,Alarm
fsd50k/320512,train,1,Footsteps
fsd50k/320742,train,1,Gunshot
fsd50k/320767,train,1,Alarm
fsd50k/320786,train,1,Aircraft
fsd50k/321073,train,1,Motorcycle
fsd50k/321139,train,1,Glass_Breaking
fsd50k/321143,train,1,Glass_Breaking
fsd50k/321169,val,1,Aircraft
fsd50k/321230,train,1,Help_Shouting
fsd50k/321232,train,1,Train
fsd50k/321456,train,1,Aircraft
fsd50k/321457,train,1,Aircraft
fsd50k/321684,train,1,Alarm
fsd50k/321753,val,1,Footsteps
fsd50k/321783,test,1,Help_Shouting
fsd50k/321785,train,1,Help_Shouting
fsd50k/321832,val,1,Alarm
fsd50k/321841,val,1,Footsteps
fsd50k/321847,val,1,Footsteps
fsd50k/321848,train,1,Footsteps
fsd50k/321971,train,1,Help_Shouting
fsd50k/321980,train,1,Footsteps
fsd50k/322129,val,1,Vehicle_Horn
fsd50k/322130,test,1,Alarm
fsd50k/322179,train,1,Aircraft
fsd50k/322205,train,1,Alarm
fsd50k/322581,train,1,Alarm
fsd50k/322582,val,1,Alarm
fsd50k/322599,test,1,Aircraft
fsd50k/322602,val,1,Glass_Breaking
fsd50k/322603,train,1,Glass_Breaking
fsd50k/322887,train,1,Train
fsd50k/32296,val,1,Knocking
fsd50k/32297,train,1,Knocking
fsd50k/32298,train,1,Knocking
fsd50k/323016,train,1,Alarm
fsd50k/323019,train,1,Alarm
fsd50k/323055,test,1,Train
fsd50k/323056,train,1,Train
fsd50k/323059,val,1,Train
fsd50k/323077,train,1,Glass_Breaking
fsd50k/323079,test,1,Help_Shouting
fsd50k/323080,train,1,Help_Shouting
fsd50k/323081,val,1,Help_Shouting
fsd50k/323082,train,1,Help_Shouting
fsd50k/323122,train,1,Alarm
fsd50k/323123,test,1,Alarm
fsd50k/323125,train,1,Alarm
fsd50k/323129,train,1,Alarm
fsd50k/323131,val,1,Alarm
fsd50k/323132,test,1,Alarm
fsd50k/32320,train,1,Alarm
fsd50k/32321,train,1,Alarm
fsd50k/323238,train,1,Alarm
fsd50k/323481,val,1,Knocking
fsd50k/32402,train,1,Aircraft
fsd50k/324228,train,1,Aircraft
fsd50k/324230,train,1,Aircraft
fsd50k/324275,val,1,Alarm
fsd50k/324311,train,1,Aircraft
fsd50k/324318,train,1,Aircraft
fsd50k/324319,test,1,Aircraft
fsd50k/324415,train,1,Alarm
fsd50k/324567,train,1,Aircraft
fsd50k/324584,train,1,Footsteps
fsd50k/324585,test,1,Gunshot
fsd50k/324586,train,1,Alarm
fsd50k/324645,test,1,Glass_Breaking
fsd50k/32481,train,1,Train
fsd50k/325157,train,1,Gunshot
fsd50k/325161,train,1,Aircraft
fsd50k/325213,train,1,Knocking
fsd50k/325228,val,1,Knocking
fsd50k/325229,val,1,Knocking
fsd50k/325679,train,1,Aircraft
fsd50k/325683,train,1,Aircraft
fsd50k/325701,val,1,Alarm
fsd50k/32575,train,1,Footsteps
fsd50k/325844,train,1,Aircraft
fsd50k/325845,test,1,Aircraft
fsd50k/325894,val,1,Alarm
fsd50k/326074,test,1,Alarm
fsd50k/326353,train,1,Alarm
fsd50k/326366,test,1,Help_Shouting
fsd50k/326422,train,1,Glass_Breaking
fsd50k/32653,test,1,Alarm
fsd50k/326539,val,1,Help_Shouting
fsd50k/326565,val,1,Glass_Breaking
fsd50k/326645,train,1,Alarm
fsd50k/326883,train,1,Help_Shouting
fsd50k/326889,train,1,Help_Shouting
fsd50k/326922,train,1,Knocking
fsd50k/326965,test,1,Aircraft
fsd50k/327062,train,1,Aircraft
fsd50k/327381,train,1,Alarm
fsd50k/327417,val,1,Vehicle_Horn
fsd50k/327432,train,1,Knocking
fsd50k/327538,val,1,Aircraft
fsd50k/327548,train,1,Aircraft
fsd50k/327591,train,1,Glass_Breaking
fsd50k/327677,train,1,Motorcycle
fsd50k/327969,train,1,Alarm
fsd50k/327970,train,1,Alarm
fsd50k/32799,val,1,Gunshot
fsd50k/328003,train,1,Help_Shouting
fsd50k/328113,train,1,Train
fsd50k/328114,train,1,Train
fsd50k/328126,train,1,Knocking
fsd50k/32841,train,1,Gunshot
fsd50k/32842,train,1,Gunshot
fsd50k/328611,train,1,Glass_Breaking
fsd50k/328758,train,1,Alarm
fsd50k/32880,train,1,Glass_Breaking
fsd50k/328813,train,1,Help_Shouting
fsd50k/328825,train,1,Alarm
fsd50k/328842,train,1,Help_Shouting
fsd50k/329018,train,1,Knocking
fsd50k/329612,train,1,Alarm
fsd50k/329616,train,1,Aircraft
fsd50k/329716,val,1,Gunshot
fsd50k/32983,train,1,Help_Shouting
fsd50k/32984,test,1,Motorcycle
fsd50k/329893,train,1,Alarm
fsd50k/329894,train,1,Alarm
fsd50k/329911,test,1,Knocking
fsd50k/329924,val,1,Knocking
fsd50k/329978,val,1,Alarm
fsd50k/329986,test,1,Train
fsd50k/330400,test,1,Doorbell
fsd50k/330660,train,1,Train
fsd50k/330800,train,1,Glass_Breaking
fsd50k/330816,train,1,Aircraft
fsd50k/330856,test,1,Help_Shouting
fsd50k/330956,train,1,Alarm
fsd50k/331241,test,1,Footsteps
fsd50k/331327,val,1,Aircraft
fsd50k/331540,val,1,Alarm
fsd50k/331542,train,1,Alarm
fsd50k/331569,train,1,Alarm
fsd50k/331680,val,1,Doorbell
fsd50k/331703,train,1,Footsteps
fsd50k/331885,train,1,Train
fsd50k/331895,val,1,Motorcycle
fsd50k/331907,train,1,Help_Shouting
fsd50k/332014,train,1,Train
fsd50k/332015,train,1,Train
fsd50k/332066,train,1,Train
fsd50k/332184,train,1,Train
fsd50k/332415,train,1,Train
fsd50k/332416,val,1,Train
fsd50k/332451,val,1,Help_Shouting
fsd50k/332479,train,1,Gunshot
fsd50k/332516,train,1,Footsteps
fsd50k/332563,train,1,Alarm
fsd50k/332858,train,1,Alarm
fsd50k/332914,val,1,Alarm
fsd50k/333003,test,1,Train
fsd50k/333006,train,1,Train
fsd50k/333360,test,1,Help_Shouting
fsd50k/333659,train,1,Alarm
fsd50k/333821,train,1,Aircraft
fsd50k/334043,train,1,Knocking
fsd50k/334084,train,1,Alarm
fsd50k/33443,train,1,Help_Shouting
fsd50k/334468,train,1,Help_Shouting
fsd50k/334618,train,1,Train
fsd50k/334684,val,1,Alarm
fsd50k/334915,train,1,Help_Shouting
fsd50k/33497,train,1,Alarm
fsd50k/334988,val,1,Knocking
fsd50k/335176,test,1,Footsteps
fsd50k/335181,train,1,Footsteps
fsd50k/335224,val,1,Doorbell
fsd50k/335248,train,1,Alarm
fsd50k/335393,train,1,Knocking
fsd50k/33563,val,1,Help_Shouting
fsd50k/33564,test,1,Help_Shouting
fsd50k/335760,train,1,Footsteps
fsd50k/335988,test,1,Knocking
fsd50k/33629,val,1,Glass_Breaking
fsd50k/336332,test,1,Train
fsd50k/336390,test,1,Knocking
fsd50k/336391,train,1,Knocking
fsd50k/336392,train,1,Knocking
fsd50k/336425,train,1,Glass_Breaking
fsd50k/33651,train,1,Help_Shouting
fsd50k/336537,train,1,Help_Shouting
fsd50k/336549,train,1,Motorcycle
fsd50k/33655,train,1,Help_Shouting
fsd50k/33656,train,1,Help_Shouting
fsd50k/336841,train,1,Help_Shouting
fsd50k/33687,train,1,Help_Shouting
fsd50k/336877,train,1,Train
fsd50k/336894,train,1,Alarm
fsd50k/336896,train,1,Alarm
fsd50k/336897,train,1,Alarm
fsd50k/33691,train,1,Help_Shouting
fsd50k/33694,train,1,Help_Shouting
fsd50k/337102,test,1,Help_Shouting
fsd50k/337142,test,1,Footsteps
fsd50k/337166,train,1,Gunshot
fsd50k/33724,test,1,Alarm
fsd50k/33725,val,1,Alarm
fsd50k/337257,train,1,Alarm
fsd50k/33726,val,1,Alarm
fsd50k/33727,train,1,Alarm
fsd50k/33728,train,1,Alarm
fsd50k/337280,train,1,Footsteps
fsd50k/337281,train,1,Footsteps
fsd50k/33729,train,1,Alarm
fsd50k/337294,train,1,Footsteps
fsd50k/33731,train,1,Alarm
fsd50k/33732,train,1,Alarm
fsd50k/33733,train,1,Alarm
fsd50k/33734,train,1,Alarm
fsd50k/33735,train,1,Alarm
fsd50k/33737,test,1,Alarm
fsd50k/33739,train,1,Alarm
fsd50k/33740,train,1,Alarm
fsd50k/33742,val,1,Alarm
fsd50k/33744,train,1,Alarm
fsd50k/33745,val,1,Alarm
fsd50k/33746,train,1,Alarm
fsd50k/33747,train,1,Alarm
fsd50k/33748,train,1,Alarm
fsd50k/33749,train,1,Alarm
fsd50k/33750,train,1,Alarm
fsd50k/33751,train,1,Alarm
fsd50k/33752,train,1,Alarm
fsd50k/337721,train,1,Knocking
fsd50k/337754,train,1,Alarm
fsd50k/33804,train,1,Train
fsd50k/338046,train,1,Gunshot
fsd50k/33806,train,1,Train
fsd50k/338121,train,1,Motorcycle
fsd50k/338125,val,1,Motorcycle
fsd50k/338126,train,1,Motorcycle
fsd50k/338127,train,1,Motorcycle
fsd50k/338128,train,1,Motorcycle
fsd50k/338168,train,1,Alarm
fsd50k/338299,train,1,Knocking
fsd50k/338321,train,1,Help_Shouting
fsd50k/338324,train,1,Gunshot
fsd50k/338333,train,1,Footsteps
fsd50k/338691,train,1,Glass_Breaking
fsd50k/338692,val,1,Glass_Breaking
fsd50k/338694,train,1,Glass_Breaking
fsd50k/338853,test,1,Alarm
fsd50k/338936,test,1,Help_Shouting
fsd50k/338938,train,1,Help_Shouting
fsd50k/338939,test,1,Help_Shouting
fsd50k/339141,test,1,Train
fsd50k/339874,test,1,Train
fsd50k/339916,train,1,Train
fsd50k/339927,train,1,Footsteps
fsd50k/339932,train,1,Footsteps
fsd50k/340061,val,1,Footsteps
fsd50k/340206,train,1,Footsteps
fsd50k/340217,val,1,Footsteps
fsd50k/340224,test,1,Footsteps
fsd50k/340225,train,1,Footsteps
fsd50k/340361,train,1,Help_Shouting
fsd50k/340454,train,1,Footsteps
fsd50k/340462,train,1,Train
fsd50k/340463,train,1,Train
fsd50k/340464,train,1,Train
fsd50k/340466,val,1,Train
fsd50k/340750,train,1,Alarm
fsd50k/340862,train,1,Aircraft
fsd50k/340889,train,1,Help_Shouting
fsd50k/340898,train,1,Alarm
fsd50k/340905,train,1,Vehicle_Horn
fsd50k/340942,train,1,Alarm
fsd50k/341070,train,1,Glass_Breaking
fsd50k/341113,train,1,Aircraft
fsd50k/341197,train,1,Train
fsd50k/341198,val,1,Train
fsd50k/341203,val,1,Train
fsd50k/341328,train,1,Train
fsd50k/341329,train,1,Train
fsd50k/341395,train,1,Alarm
fsd50k/341509,train,1,Help_Shouting
fsd50k/341569,val,1,Footsteps
fsd50k/341905,train,1,Train
fsd50k/34201,train,1,Glass_Breaking
fsd50k/34202,train,1,Glass_Breaking
fsd50k/342184,train,1,Gunshot
fsd50k/34254,train,1,Footsteps
fsd50k/342551,train,1,Knocking
fsd50k/342552,train,1,Knocking
fsd50k/342568,train,1,Glass_Breaking
fsd50k/34260,train,1,Knocking
fsd50k/34261,train,1,Knocking
fsd50k/342654,test,1,Alarm
fsd50k/342656,train,1,Alarm
fsd50k/342663,val,1,Alarm
fsd50k/34281,val,1,Help_Shouting
fsd50k/34283,train,1,Help_Shouting
fsd50k/342952,train,1,Gunshot
fsd50k/343169,val,1,Help_Shouting
fsd50k/343367,test,1,Footsteps
fsd50k/343391,train,1,Glass_Breaking
fsd50k/343680,val,1,Gunshot
fsd50k/343685,val,1,Aircraft
fsd50k/343686,test,1,Motorcycle
fsd50k/343689,train,1,Footsteps
fsd50k/343690,train,1,Aircraft
fsd50k/343756,train,1,Glass_Breaking
fsd50k/343771,test,1,Help_Shouting
fsd50k/343877,val,1,Help_Shouting
fsd50k/343879,train,1,Help_Shouting
fsd50k/343887,test,1,Help_Shouting
fsd50k/343891,val,1,Help_Shouting
fsd50k/343897,test,1,Help_Shouting
fsd50k/343915,train,1,Help_Shouting
fsd50k/343918,train,1,Help_Shouting
fsd50k/343930,test,1,Help_Shouting
fsd50k/343954,train,1,Help_Shouting
fsd50k/343957,test,1,Help_Shouting
fsd50k/343960,val,1,Help_Shouting
fsd50k/343965,train,1,Help_Shouting
fsd50k/343967,train,1,Help_Shouting
fsd50k/343974,train,1,Help_Shouting
fsd50k/343985,train,1,Help_Shouting
fsd50k/344000,train,1,Help_Shouting
fsd50k/344028,val,1,Help_Shouting
fsd50k/344051,test,1,Help_Shouting
fsd50k/344056,train,1,Help_Shouting
fsd50k/344057,train,1,Help_Shouting
fsd50k/344142,train,1,Gunshot
fsd50k/344224,train,1,Alarm
fsd50k/344265,test,1,Glass_Breaking
fsd50k/344266,train,1,Glass_Breaking
fsd50k/344267,val,1,Glass_Breaking
fsd50k/344268,train,1,Glass_Breaking
fsd50k/344269,train,1,Glass_Breaking
fsd50k/344270,train,1,Glass_Breaking
fsd50k/344271,train,1,Glass_Breaking
fsd50k/344272,train,1,Glass_Breaking
fsd50k/344602,test,1,Footsteps
fsd50k/344723,train,1,Train
fsd50k/344769,train,1,Footsteps
fsd50k/345068,val,1,Alarm
fsd50k/34524,train,1,Alarm
fsd50k/34525,train,1,Alarm
fsd50k/345275,train,1,Doorbell
fsd50k/345474,train,1,Knocking
fsd50k/345599,train,1,Knocking
fsd50k/345685,train,1,Footsteps
fsd50k/345815,train,1,Alarm
fsd50k/345844,train,1,Gunshot
fsd50k/34585,train,1,Footsteps
fsd50k/345933,train,1,Help_Shouting
fsd50k/346108,test,1,Alarm
fsd50k/346173,train,1,Glass_Breaking
fsd50k/346370,train,1,Train
fsd50k/346372,val,1,Aircraft
fsd50k/346537,test,1,Gunshot
fsd50k/346572,test,1,Train
fsd50k/346715,train,1,Knocking
fsd50k/346759,train,1,Motorcycle
fsd50k/346814,test,1,Help_Shouting
fsd50k/346898,val,1,Help_Shouting
fsd50k/346904,train,1,Gunshot
fsd50k/346905,val,1,Gunshot
fsd50k/346957,test,1,Train
fsd50k/347216,train,1,Alarm
fsd50k/347217,train,1,Alarm
fsd50k/347246,test,1,Train
fsd50k/34733,test,1,Alarm
fsd50k/347400,train,1,Doorbell
fsd50k/347401,test,1,Knocking
fsd50k/347496,train,1,Glass_Breaking
fsd50k/347585,train,1,Knocking
fsd50k/347586,val,1,Alarm
fsd50k/347609,train,1,Knocking
fsd50k/347647,train,1,Gunshot
fsd50k/347648,train,1,Glass_Breaking
fsd50k/347677,train,1,Alarm
fsd50k/347709,train,1,Aircraft
fsd50k/347821,train,1,Train
fsd50k/347944,test,1,Knocking
fsd50k/347964,train,1,Alarm
fsd50k/348106,train,1,Glass_Breaking
fsd50k/348149,train,1,Train
fsd50k/348310,val,1,Help_Shouting
fsd50k/348322,test,1,Alarm
fsd50k/348323,train,1,Footsteps
fsd50k/348324,train,1,Footsteps
fsd50k/348325,train,1,Alarm
fsd50k/34853,train,1,Alarm
fsd50k/348551,train,1,Alarm
fsd50k/34859,train,1,Knocking
fsd50k/34865,test,1,Alarm
fsd50k/348663,train,1,Gunshot
fsd50k/348664,val,1,Gunshot
fsd50k/348665,val,1,Gunshot
fsd50k/348666,val,1,Gunshot
fsd50k/348670,train,1,Gunshot
fsd50k/348671,train,1,Gunshot
fsd50k/348752,train,1,Footsteps
fsd50k/349101,train,1,Footsteps
fsd50k/349102,train,1,Footsteps
fsd50k/349103,train,1,Footsteps
fsd50k/349105,train,1,Footsteps
fsd50k/349109,train,1,Footsteps
fsd50k/349136,train,1,Train
fsd50k/349137,train,1,Train
fsd50k/349138,train,1,Train
fsd50k/349139,val,1,Train
fsd50k/349140,val,1,Train
fsd50k/349141,val,1,Train
fsd50k/349152,train,1,Motorcycle
fsd50k/349217,train,1,Gunshot
fsd50k/349240,train,1,Glass_Breaking
fsd50k/349242,test,1,Knocking
fsd50k/349243,train,1,Knocking
fsd50k/349244,train,1,Knocking
fsd50k/349245,train,1,Knocking
fsd50k/349284,train,1,Knocking
fsd50k/349285,train,1,Knocking
fsd50k/349286,train,1,Knocking
fsd50k/349287,train,1,Knocking
fsd50k/349288,train,1,Knocking
fsd50k/349289,train,1,Knocking
fsd50k/349290,train,1,Knocking
fsd50k/349291,test,1,Knocking
fsd50k/349292,train,1,Knocking
fsd50k/349293,train,1,Knocking
fsd50k/349294,train,1,Knocking
fsd50k/349295,train,1,Knocking
fsd50k/349296,train,1,Knocking
fsd50k/349297,train,1,Knocking
fsd50k/349298,train,1,Knocking
fsd50k/349299,train,1,Knocking
fsd50k/349301,val,1,Knocking
fsd50k/349302,train,1,Knocking
fsd50k/349303,train,1,Knocking
fsd50k/349304,train,1,Knocking
fsd50k/349305,test,1,Knocking
fsd50k/349306,train,1,Knocking
fsd50k/349307,train,1,Knocking
fsd50k/349308,val,1,Knocking
fsd50k/349309,train,1,Knocking
fsd50k/349310,train,1,Knocking
fsd50k/349391,train,1,Alarm
fsd50k/349714,train,1,Aircraft
fsd50k/34979,train,1,Alarm
fsd50k/349905,train,1,Glass_Breaking
fsd50k/349922,train,1,Alarm
fsd50k/350264,test,1,Gunshot
fsd50k/350283,train,1,Alarm
fsd50k/350438,train,1,Help_Shouting
fsd50k/350439,train,1,Help_Shouting
fsd50k/350446,train,1,Help_Shouting
fsd50k/350448,train,1,Help_Shouting
fsd50k/350451,train,1,Help_Shouting
fsd50k/35058,train,1,Train
fsd50k/350605,train,1,Help_Shouting
fsd50k/350642,train,1,Alarm
fsd50k/350714,train,1,Help_Shouting
fsd50k/350745,train,1,Help_Shouting
fsd50k/350773,train,1,Alarm
fsd50k/351144,train,1,Knocking
fsd50k/351183,train,1,Aircraft
fsd50k/351257,test,1,Alarm
fsd50k/351337,val,1,Help_Shouting
fsd50k/351339,val,1,Help_Shouting
fsd50k/351483,train,1,Train
fsd50k/351598,train,1,Help_Shouting
fsd50k/351627,train,1,Help_Shouting
fsd50k/351628,train,1,Help_Shouting
fsd50k/351630,train,1,Help_Shouting
fsd50k/351631,train,1,Help_Shouting
fsd50k/351634,test,1,Help_Shouting
fsd50k/351777,train,1,Gunshot
fsd50k/351778,train,1,Gunshot
fsd50k/351785,test,1,Footsteps
fsd50k/352134,train,1,Aircraft
fsd50k/35220,test,1,Footsteps
fsd50k/352331,train,1,Glass_Breaking
fsd50k/352360,train,1,Footsteps
fsd50k/352374,train,1,Alarm
fsd50k/352418,train,1,Train
fsd50k/35252,test,1,Footsteps
fsd50k/352631,train,1,Train
fsd50k/352673,val,1,Knocking
fsd50k/352746,test,1,Glass_Breaking
fsd50k/352813,train,1,Aircraft
fsd50k/352905,train,1,Footsteps
fsd50k/353036,train,1,Knocking
fsd50k/353086,train,1,Help_Shouting
fsd50k/353093,train,1,Gunshot
fsd50k/353103,val,1,Help_Shouting
fsd50k/353104,train,1,Help_Shouting
fsd50k/353265,train,1,Alarm
fsd50k/353285,train,1,Help_Shouting
fsd50k/353287,test,1,Help_Shouting
fsd50k/353288,train,1,Help_Shouting
fsd50k/353291,train,1,Help_Shouting
fsd50k/353294,train,1,Help_Shouting
fsd50k/353295,train,1,Help_Shouting
fsd50k/353538,test,1,Footsteps
fsd50k/353615,train,1,Footsteps
fsd50k/353626,val,1,Glass_Breaking
fsd50k/353635,train,1,Alarm
fsd50k/353665,train,1,Train
fsd50k/353771,test,1,Motorcycle
fsd50k/353799,train,1,Footsteps
fsd50k/35384,train,1,Aircraft
fsd50k/353881,train,1,Motorcycle
fsd50k/353928,val,1,Glass_Breaking
fsd50k/353956,train,1,Alarm
fsd50k/353977,val,1,Motorcycle
fsd50k/353978,train,1,Motorcycle
fsd50k/353979,val,1,Motorcycle
fsd50k/353980,val,1,Motorcycle
fsd50k/354061,train,1,Footsteps
fsd50k/35433,train,1,Alarm
fsd50k/35436,val,1,Alarm
fsd50k/35437,test,1,Alarm
fsd50k/35439,train,1,Alarm
fsd50k/35498,test,1,Motorcycle
fsd50k/355057,val,1,Aircraft
fsd50k/355063,train,1,Help_Shouting
fsd50k/35534,train,1,Footsteps
fsd50k/355340,val,1,Glass_Breaking
fsd50k/356312,train,1,Glass_Breaking
fsd50k/359126,test,1,Glass_Breaking
fsd50k/360410,train,1,Glass_Breaking
fsd50k/360465,train,1,Help_Shouting
fsd50k/360481,train,1,Knocking
fsd50k/36052,train,1,Help_Shouting
fsd50k/360692,train,1,Alarm
fsd50k/360727,test,1,Train
fsd50k/360728,train,1,Motorcycle
fsd50k/360842,train,1,Alarm
fsd50k/361116,test,1,Knocking
fsd50k/361136,train,1,Gunshot
fsd50k/361172,train,1,Footsteps
fsd50k/361341,test,1,Glass_Breaking
fsd50k/361400,train,1,Help_Shouting
fsd50k/361403,test,1,Motorcycle
fsd50k/361404,train,1,Motorcycle
fsd50k/361406,train,1,Motorcycle
fsd50k/361498,train,1,Aircraft
fsd50k/361537,test,1,Alarm
fsd50k/361564,train,1,Alarm
fsd50k/361856,train,1,Alarm
fsd50k/362234,train,1,Motorcycle
fsd50k/362235,train,1,Motorcycle
fsd50k/362238,test,1,Glass_Breaking
fsd50k/362249,test,1,Footsteps
fsd50k/362310,train,1,Glass_Breaking
fsd50k/362357,val,1,Footsteps
fsd50k/362471,val,1,Gunshot
fsd50k/362486,test,1,Gunshot
fsd50k/362487,val,1,Gunshot
fsd50k/362633,train,1,Knocking
fsd50k/362665,test,1,Help_Shouting
fsd50k/362666,train,1,Help_Shouting
fsd50k/362799,test,1,Vehicle_Horn
fsd50k/362918,train,1,Alarm
fsd50k/36362,val,1,Footsteps
fsd50k/363874,val,1,Footsteps
fsd50k/364235,train,1,Footsteps
fsd50k/364244,train,1,Footsteps
fsd50k/364270,val,1,Alarm
fsd50k/364271,train,1,Alarm
fsd50k/364443,train,1,Footsteps
fsd50k/364458,train,1,Footsteps
fsd50k/364678,train,1,Knocking
fsd50k/364680,val,1,Knocking
fsd50k/364702,train,1,Footsteps
fsd50k/364806,train,1,Alarm
fsd50k/364835,train,1,Knocking
fsd50k/364839,train,1,Alarm
fsd50k/364863,train,1,Train
fsd50k/364876,train,1,Footsteps
fsd50k/364897,test,1,Help_Shouting
fsd50k/364911,train,1,Alarm
fsd50k/364976,test,1,Gunshot
fsd50k/365011,train,1,Footsteps
fsd50k/365220,train,1,Footsteps
fsd50k/365509,train,1,Footsteps
fsd50k/365544,test,1,Footsteps
fsd50k/365575,val,1,Doorbell
fsd50k/365620,train,1,Footsteps
fsd50k/365666,train,1,Knocking
fsd50k/365667,train,1,Alarm
fsd50k/365902,train,1,Knocking
fsd50k/365903,train,1,Alarm
fsd50k/365905,train,1,Gunshot
fsd50k/365907,train,1,Knocking
fsd50k/365908,train,1,Knocking
fsd50k/365916,train,1,Train
fsd50k/365917,val,1,Train
fsd50k/366111,train,1,Footsteps
fsd50k/366179,val,1,Glass_Breaking
fsd50k/366236,val,1,Knocking
fsd50k/366329,train,1,Knocking
fsd50k/366346,train,1,Knocking
fsd50k/366440,train,1,Alarm
fsd50k/366595,test,1,Glass_Breaking
fsd50k/366706,train,1,Aircraft
fsd50k/366738,train,1,Glass_Breaking
fsd50k/366766,train,1,Footsteps
fsd50k/366878,val,1,Gunshot
fsd50k/367129,val,1,Knocking
fsd50k/367178,train,1,Footsteps
fsd50k/367307,test,1,Help_Shouting
fsd50k/367437,train,1,Train
fsd50k/367438,val,1,Train
fsd50k/367441,val,1,Train
fsd50k/367448,val,1,Glass_Breaking
fsd50k/367624,train,1,Glass_Breaking
fsd50k/367744,val,1,Alarm
fsd50k/367770,train,1,Glass_Breaking
fsd50k/367811,train,1,Train
fsd50k/367839,train,1,Alarm
fsd50k/36815,val,1,Gunshot
fsd50k/368206,train,1,Motorcycle
fsd50k/368207,train,1,Motorcycle
fsd50k/368208,train,1,Motorcycle
fsd50k/368209,train,1,Motorcycle
fsd50k/368210,train,1,Motorcycle
fsd50k/368211,test,1,Motorcycle
fsd50k/368212,train,1,Motorcycle
fsd50k/368213,test,1,Motorcycle
fsd50k/368214,train,1,Motorcycle
fsd50k/368215,train,1,Motorcycle
fsd50k/368269,train,1,Gunshot
fsd50k/368270,train,1,Gunshot
fsd50k/368276,val,1,Help_Shouting
fsd50k/368283,train,1,Footsteps
fsd50k/368324,test,1,Glass_Breaking
fsd50k/368331,train,1,Glass_Breaking
fsd50k/368334,train,1,Glass_Breaking
fsd50k/368335,train,1,Glass_Breaking
fsd50k/368338,train,1,Glass_Breaking
fsd50k/368341,test,1,Glass_Breaking
fsd50k/368342,train,1,Glass_Breaking
fsd50k/368343,val,1,Glass_Breaking
fsd50k/368352,train,1,Glass_Breaking
fsd50k/368456,test,1,Help_Shouting
fsd50k/368471,test,1,Alarm
fsd50k/368525,train,1,Help_Shouting
fsd50k/368563,train,1,Alarm
fsd50k/368736,train,1,Gunshot
fsd50k/368805,train,1,Gunshot
fsd50k/368824,train,1,Help_Shouting
fsd50k/368841,train,1,Help_Shouting
fsd50k/368905,train,1,Glass_Breaking
fsd50k/368944,train,1,Glass_Breaking
fsd50k/36898,val,1,Train
fsd50k/36899,train,1,Train
fsd50k/36900,test,1,Train
fsd50k/369070,train,1,Glass_Breaking
fsd50k/369124,val,1,Gunshot
fsd50k/369126,train,1,Gunshot
fsd50k/369202,test,1,Alarm
fsd50k/369395,val,1,Gunshot
fsd50k/369482,test,1,Aircraft
fsd50k/369530,train,1,Gunshot
fsd50k/369710,test,1,Knocking
fsd50k/369781,test,1,Gunshot
fsd50k/369782,val,1,Gunshot
fsd50k/369818,val,1,Gunshot
fsd50k/369879,train,1,Alarm
fsd50k/370219,test,1,Gunshot
fsd50k/370220,train,1,Gunshot
fsd50k/370304,train,1,Gunshot
fsd50k/370340,train,1,Motorcycle
fsd50k/370899,test,1,Knocking
fsd50k/370913,train,1,Knocking
fsd50k/370916,train,1,Knocking
fsd50k/370919,train,1,Alarm
fsd50k/370920,test,1,Knocking
fsd50k/370931,test,1,Footsteps
fsd50k/370998,test,1,Gunshot
fsd50k/371001,train,1,Gunshot
fsd50k/371002,train,1,Gunshot
fsd50k/371004,train,1,Gunshot
fsd50k/371015,train,1,Footsteps
fsd50k/371017,train,1,Footsteps
fsd50k/371041,test,1,Gunshot
fsd50k/371091,train,1,Glass_Breaking
fsd50k/371092,train,1,Glass_Breaking
fsd50k/371093,val,1,Glass_Breaking
fsd50k/371158,train,1,Gunshot
fsd50k/371177,train,1,Alarm
fsd50k/371440,test,1,Gunshot
fsd50k/371450,train,1,Vehicle_Horn
fsd50k/371548,val,1,Gunshot
fsd50k/371575,val,1,Gunshot
fsd50k/371602,train,1,Help_Shouting
fsd50k/371661,train,1,Knocking
fsd50k/371782,train,1,Alarm
fsd50k/371786,train,1,Glass_Breaking
fsd50k/371833,train,1,Vehicle_Horn
fsd50k/371836,test,1,Alarm
fsd50k/371853,train,1,Vehicle_Horn
fsd50k/372002,test,1,Train
fsd50k/372087,train,1,Alarm
fsd50k/372230,train,1,Knocking
fsd50k/372231,train,1,Knocking
fsd50k/372232,test,1,Knocking
fsd50k/372251,train,1,Alarm
fsd50k/37237,val,1,Gunshot
fsd50k/372573,train,1,Knocking
fsd50k/372871,train,1,Alarm
fsd50k/372917,train,1,Knocking
fsd50k/372919,test,1,Glass_Breaking
fsd50k/376197,train,1,Glass_Breaking
fsd50k/376374,train,1,Alarm
fsd50k/376462,train,1,Glass_Breaking
fsd50k/376638,train,1,Help_Shouting
fsd50k/376697,train,1,Aircraft
fsd50k/376698,train,1,Aircraft
fsd50k/376699,test,1,Aircraft
fsd50k/377125,train,1,Alarm
fsd50k/377239,train,1,Aircraft
fsd50k/377245,train,1,Gunshot
fsd50k/377300,test,1,Vehicle_Horn
fsd50k/377302,train,1,Alarm
fsd50k/377491,test,1,Footsteps
fsd50k/377496,train,1,Vehicle_Horn
fsd50k/377500,train,1,Knocking
fsd50k/377547,train,1,Footsteps
fsd50k/377590,train,1,Footsteps
fsd50k/37789,train,1,Glass_Breaking
fsd50k/378204,train,1,Gunshot
fsd50k/378252,train,1,Alarm
fsd50k/378257,val,1,Alarm
fsd50k/378285,train,1,Glass_Breaking
fsd50k/378289,val,1,Glass_Breaking
fsd50k/378321,train,1,Glass_Breaking
fsd50k/378335,train,1,Motorcycle
fsd50k/378338,train,1,Motorcycle
fsd50k/378339,train,1,Motorcycle
fsd50k/378340,train,1,Motorcycle
fsd50k/378341,test,1,Motorcycle
fsd50k/378347,train,1,Motorcycle
fsd50k/378398,train,1,Footsteps
fsd50k/378563,test,1,Gunshot
fsd50k/378568,test,1,Glass_Breaking
fsd50k/378584,test,1,Footsteps
fsd50k/378586,train,1,Footsteps
fsd50k/378740,train,1,Knocking
fsd50k/378742,train,1,Knocking
fsd50k/378908,val,1,Alarm
fsd50k/378911,train,1,Alarm
fsd50k/378912,train,1,Alarm
fsd50k/379015,train,1,Glass_Breaking
fsd50k/379019,test,1,Footsteps
fsd50k/379034,val,1,Alarm
fsd50k/37908,train,1,Motorcycle
fsd50k/379093,val,1,Train
fsd50k/379121,train,1,Knocking
fsd50k/37915,train,1,Alarm
fsd50k/379175,test,1,Footsteps
fsd50k/379207,train,1,Footsteps
fsd50k/379212,train,1,Footsteps
fsd50k/37928,train,1,Train
fsd50k/379288,train,1,Footsteps
fsd50k/379297,train,1,Footsteps
fsd50k/379360,train,1,Footsteps
fsd50k/379375,train,1,Alarm
fsd50k/379387,train,1,Alarm
fsd50k/379388,train,1,Alarm
fsd50k/379754,train,1,Alarm
fsd50k/379756,train,1,Alarm
fsd50k/379915,train,1,Motorcycle
fsd50k/379916,train,1,Alarm
fsd50k/379969,train,1,Help_Shouting
fsd50k/379994,val,1,Train
fsd50k/380349,val,1,Gunshot
fsd50k/380398,train,1,Alarm
fsd50k/380400,train,1,Help_Shouting
fsd50k/380667,test,1,Train
fsd50k/380670,train,1,Train
fsd50k/380676,train,1,Train
fsd50k/380679,train,1,Train
fsd50k/380680,train,1,Train
fsd50k/380681,test,1,Train
fsd50k/380682,train,1,Train
fsd50k/380685,train,1,Train
fsd50k/380686,train,1,Train
fsd50k/380772,val,1,Vehicle_Horn
fsd50k/380811,train,1,Motorcycle
fsd50k/380812,train,1,Knocking
fsd50k/380840,train,1,Glass_Breaking
fsd50k/380886,train,1,Gunshot
fsd50k/381194,val,1,Footsteps
fsd50k/381382,train,1,Alarm
fsd50k/381397,val,1,Footsteps
fsd50k/381526,test,1,Gunshot
fsd50k/381535,train,1,Footsteps
fsd50k/381569,train,1,Gunshot
fsd50k/381702,train,1,Train
fsd50k/381712,val,1,Motorcycle
fsd50k/381774,train,1,Alarm
fsd50k/381775,train,1,Alarm
fsd50k/381801,train,1,Help_Shouting
fsd50k/381802,train,1,Help_Shouting
fsd50k/381894,train,1,Help_Shouting
fsd50k/381895,train,1,Help_Shouting
fsd50k/381943,train,1,Help_Shouting
fsd50k/381951,val,1,Help_Shouting
fsd50k/381957,train,1,Alarm
fsd50k/382016,val,1,Help_Shouting
fsd50k/382236,train,1,Alarm
fsd50k/382275,train,1,Footsteps
fsd50k/382302,train,1,Aircraft
fsd50k/382572,train,1,Vehicle_Horn
fsd50k/382579,train,1,Train
fsd50k/382586,train,1,Train
fsd50k/382589,train,1,Help_Shouting
fsd50k/382614,train,1,Alarm
fsd50k/382620,train,1,Alarm
fsd50k/382732,train,1,Glass_Breaking
fsd50k/382735,train,1,Gunshot
fsd50k/382989,val,1,Help_Shouting
fsd50k/382991,test,1,Help_Shouting
fsd50k/383021,train,1,Alarm
fsd50k/383594,train,1,Alarm
fsd50k/383595,train,1,Alarm
fsd50k/383596,train,1,Alarm
fsd50k/383597,train,1,Alarm
fsd50k/383598,train,1,Alarm
fsd50k/383599,train,1,Alarm
fsd50k/383624,train,1,Alarm
fsd50k/383626,val,1,Alarm
fsd50k/383627,train,1,Alarm
fsd50k/383628,test,1,Alarm
fsd50k/383630,train,1,Alarm
fsd50k/383761,train,1,Knocking
fsd50k/383796,train,1,Gunshot
fsd50k/383976,train,1,Doorbell
fsd50k/383978,train,1,Glass_Breaking
fsd50k/384100,train,1,Footsteps
fsd50k/384213,train,1,Help_Shouting
fsd50k/385821,train,1,Train
fsd50k/385946,train,1,Glass_Breaking
fsd50k/386006,train,1,Aircraft
fsd50k/386055,train,1,Help_Shouting
fsd50k/386140,train,1,Aircraft
fsd50k/386553,val,1,Footsteps
fsd50k/386695,train,1,Footsteps
fsd50k/386733,train,1,Alarm
fsd50k/386734,train,1,Alarm
fsd50k/386780,test,1,Gunshot
fsd50k/386842,train,1,Gunshot
fsd50k/386845,val,1,Gunshot
fsd50k/386879,train,1,Footsteps
fsd50k/386906,train,1,Glass_Breaking
fsd50k/387177,train,1,Glass_Breaking
fsd50k/387336,train,1,Gunshot
fsd50k/387337,train,1,Gunshot
fsd50k/387349,train,1,Glass_Breaking
fsd50k/387477,train,1,Gunshot
fsd50k/387537,test,1,Alarm
fsd50k/387829,train,1,Help_Shouting
fsd50k/388054,train,1,Gunshot
fsd50k/388080,train,1,Motorcycle
fsd50k/388270,train,1,Knocking
fsd50k/388273,val,1,Gunshot
fsd50k/388504,val,1,Footsteps
fsd50k/388518,train,1,Footsteps
fsd50k/388526,train,1,Glass_Breaking
fsd50k/388528,train,1,Gunshot
fsd50k/388565,train,1,Train
fsd50k/388568,val,1,Train
fsd50k/388569,val,1,Train
fsd50k/388579,train,1,Footsteps
fsd50k/388615,train,1,Footsteps
fsd50k/388709,train,1,Alarm
fsd50k/388824,train,1,Alarm
fsd50k/389295,val,1,Footsteps
fsd50k/389300,val,1,Footsteps
fsd50k/389518,train,1,Alarm
fsd50k/389775,train,1,Alarm
fsd50k/389793,train,1,Glass_Breaking
fsd50k/389798,test,1,Knocking
fsd50k/389804,test,1,Glass_Breaking
fsd50k/390119,val,1,Train
fsd50k/390242,train,1,Footsteps
fsd50k/390278,train,1,Alarm
fsd50k/390302,val,1,Train
fsd50k/390583,train,1,Footsteps
fsd50k/39065,train,1,Gunshot
fsd50k/39066,test,1,Gunshot
fsd50k/390663,train,1,Gunshot
fsd50k/39070,train,1,Gunshot
fsd50k/390700,train,1,Glass_Breaking
fsd50k/390701,train,1,Glass_Breaking
fsd50k/390702,val,1,Glass_Breaking
fsd50k/390703,train,1,Glass_Breaking
fsd50k/390704,val,1,Glass_Breaking
fsd50k/390705,train,1,Glass_Breaking
fsd50k/390706,test,1,Glass_Breaking
fsd50k/390707,train,1,Glass_Breaking
fsd50k/390708,train,1,Glass_Breaking
fsd50k/390709,train,1,Glass_Breaking
fsd50k/39071,train,1,Gunshot
fsd50k/390714,train,1,Glass_Breaking
fsd50k/390715,train,1,Glass_Breaking
fsd50k/390716,train,1,Glass_Breaking
fsd50k/390718,test,1,Glass_Breaking
fsd50k/390719,train,1,Glass_Breaking
fsd50k/390720,train,1,Glass_Breaking
fsd50k/390721,train,1,Glass_Breaking
fsd50k/390722,test,1,Glass_Breaking
fsd50k/390723,val,1,Glass_Breaking
fsd50k/390725,train,1,Glass_Breaking
fsd50k/390726,test,1,Glass_Breaking
fsd50k/390727,train,1,Glass_Breaking
fsd50k/390728,train,1,Glass_Breaking
fsd50k/390729,val,1,Glass_Breaking
fsd50k/391180,train,1,Gunshot
fsd50k/391293,val,1,Help_Shouting
fsd50k/391327,train,1,Glass_Breaking
fsd50k/391328,test,1,Gunshot
fsd50k/391358,train,1,Help_Shouting
fsd50k/391362,test,1,Help_Shouting
fsd50k/391436,val,1,Alarm
fsd50k/391515,test,1,Aircraft
fsd50k/391516,train,1,Aircraft
fsd50k/391747,train,1,Motorcycle
fsd50k/391748,train,1,Motorcycle
fsd50k/391893,test,1,Train
fsd50k/391920,train,1,Footsteps
fsd50k/392226,val,1,Gunshot
fsd50k/392229,train,1,Gunshot
fsd50k/392257,train,1,Alarm
fsd50k/392303,test,1,Footsteps
fsd50k/392319,train,1,Glass_Breaking
fsd50k/392324,train,1,Aircraft
fsd50k/392721,train,1,Alarm
fsd50k/392743,train,1,Alarm
fsd50k/392801,val,1,Alarm
fsd50k/392839,train,1,Footsteps
fsd50k/393179,test,1,Alarm
fsd50k/393333,train,1,Alarm
fsd50k/393651,train,1,Gunshot
fsd50k/393662,train,1,Alarm
fsd50k/393665,train,1,Alarm
fsd50k/393667,test,1,Alarm
fsd50k/393671,test,1,Gunshot
fsd50k/393780,train,1,Train
fsd50k/393918,val,1,Help_Shouting
fsd50k/39413,val,1,Train
fsd50k/394162,train,1,Knocking
fsd50k/394221,test,1,Alarm
fsd50k/394282,test,1,Help_Shouting
fsd50k/394608,val,1,Help_Shouting
fsd50k/394655,train,1,Alarm
fsd50k/395095,val,1,Knocking
fsd50k/395124,test,1,Help_Shouting
fsd50k/39514,train,1,Alarm
fsd50k/39518,test,1,Help_Shouting
fsd50k/39520,train,1,Help_Shouting
fsd50k/395213,test,1,Alarm
fsd50k/395282,train,1,Knocking
fsd50k/395626,train,1,Train
fsd50k/395736,train,1,Help_Shouting
fsd50k/395789,train,1,Gunshot
fsd50k/395810,train,1,Help_Shouting
fsd50k/395828,test,1,Help_Shouting
fsd50k/396137,val,1,Alarm
fsd50k/396270,train,1,Glass_Breaking
fsd50k/396271,train,1,Gunshot
fsd50k/396274,train,1,Gunshot
fsd50k/396276,train,1,Gunshot
fsd50k/396280,val,1,Knocking
fsd50k/396316,train,1,Gunshot
fsd50k/396982,train,1,Train
fsd50k/396983,train,1,Train
fsd50k/396984,train,1,Footsteps
fsd50k/396985,test,1,Train
fsd50k/396992,train,1,Aircraft
fsd50k/397010,train,1,Help_Shouting
fsd50k/397164,train,1,Aircraft
fsd50k/397165,train,1,Aircraft
fsd50k/397299,train,1,Help_Shouting
fsd50k/397313,train,1,Motorcycle
fsd50k/397317,train,1,Help_Shouting
fsd50k/397368,train,1,Train
fsd50k/397409,val,1,Motorcycle
fsd50k/397621,train,1,Doorbell
fsd50k/397657,val,1,Gunshot
fsd50k/397919,train,1,Alarm
fsd50k/397986,train,1,Gunshot
fsd50k/398004,train,1,Alarm
fsd50k/398121,train,1,Motorcycle
fsd50k/398123,val,1,Alarm
fsd50k/398415,train,1,Alarm
fsd50k/398461,train,1,Train
fsd50k/398485,train,1,Aircraft
fsd50k/39855,train,1,Motorcycle
fsd50k/398597,train,1,Gunshot
fsd50k/39865,train,1,Aircraft
fsd50k/398683,train,1,Train
fsd50k/398778,train,1,Footsteps
fsd50k/398873,train,1,Train
fsd50k/399065,train,1,Gunshot
fsd50k/399092,train,1,Doorbell
fsd50k/399205,train,1,Alarm
fsd50k/399254,train,1,Alarm
fsd50k/399266,val,1,Gunshot
fsd50k/399536,train,1,Alarm
fsd50k/399663,val,1,Knocking
fsd50k/399664,val,1,Knocking
fsd50k/399665,test,1,Knocking
fsd50k/399675,train,1,Help_Shouting
fsd50k/399811,train,1,Knocking
fsd50k/399825,test,1,Knocking
fsd50k/399826,train,1,Knocking
fsd50k/399828,train,1,Alarm
fsd50k/39983,train,1,Aircraft
fsd50k/39984,train,1,Aircraft
fsd50k/39985,train,1,Aircraft
fsd50k/400075,test,1,Train
fsd50k/400093,test,1,Train
fsd50k/400182,train,1,Help_Shouting
fsd50k/400356,train,1,Help_Shouting
fsd50k/400586,val,1,Help_Shouting
fsd50k/400587,train,1,Help_Shouting
fsd50k/400590,train,1,Help_Shouting
fsd50k/400695,test,1,Doorbell
fsd50k/400894,train,1,Alarm
fsd50k/401255,train,1,Aircraft
fsd50k/401619,train,1,Glass_Breaking
fsd50k/402010,train,1,Gunshot
fsd50k/402074,train,1,Train
fsd50k/402443,train,1,Knocking
fsd50k/402452,train,1,Knocking
fsd50k/402612,test,1,Knocking
fsd50k/402614,val,1,Footsteps
fsd50k/402642,train,1,Help_Shouting
fsd50k/402643,train,1,Help_Shouting
fsd50k/402861,train,1,Help_Shouting
fsd50k/402958,val,1,Alarm
fsd50k/403057,test,1,Help_Shouting
fsd50k/403164,train,1,Footsteps
fsd50k/403167,train,1,Footsteps
fsd50k/403213,train,1,Doorbell
fsd50k/403316,train,1,Aircraft
fsd50k/403430,train,1,Alarm
fsd50k/403439,test,1,Alarm
fsd50k/403449,train,1,Alarm
fsd50k/403455,train,1,Alarm
fsd50k/403457,train,1,Alarm
fsd50k/403471,val,1,Alarm
fsd50k/403474,train,1,Alarm
fsd50k/403575,test,1,Alarm
fsd50k/403600,train,1,Footsteps
fsd50k/403691,train,1,Knocking
fsd50k/403889,train,1,Footsteps
fsd50k/403890,train,1,Footsteps
fsd50k/403931,train,1,Train
fsd50k/403980,train,1,Alarm
fsd50k/403981,train,1,Alarm
fsd50k/404098,train,1,Alarm
fsd50k/404099,train,1,Alarm
fsd50k/404159,train,1,Train
fsd50k/404163,train,1,Train
fsd50k/404334,train,1,Gunshot
fsd50k/404456,train,1,Alarm
fsd50k/404472,train,1,Footsteps
fsd50k/404561,val,1,Gunshot
fsd50k/404562,val,1,Gunshot
fsd50k/404816,train,1,Gunshot
fsd50k/404923,test,1,Glass_Breaking
fsd50k/404993,train,1,Motorcycle
fsd50k/404994,train,1,Motorcycle
fsd50k/405019,train,1,Motorcycle
fsd50k/405020,train,1,Motorcycle
fsd50k/405112,train,1,Footsteps
fsd50k/405114,train,1,Footsteps
fsd50k/405343,val,1,Train
fsd50k/405358,train,1,Alarm
fsd50k/405504,train,1,Gunshot
fsd50k/405572,train,1,Alarm
fsd50k/405573,train,1,Alarm
fsd50k/405590,test,1,Alarm
fsd50k/405592,train,1,Alarm
fsd50k/405627,train,1,Alarm
fsd50k/405632,train,1,Footsteps
fsd50k/405633,val,1,Footsteps
fsd50k/405634,train,1,Footsteps
fsd50k/406112,train,1,Glass_Breaking
fsd50k/406256,train,1,Glass_Breaking
fsd50k/406257,train,1,Glass_Breaking
fsd50k/406386,train,1,Motorcycle
fsd50k/406387,train,1,Motorcycle
fsd50k/406504,train,1,Help_Shouting
fsd50k/406674,val,1,Footsteps
fsd50k/406678,train,1,Footsteps
fsd50k/407191,train,1,Knocking
fsd50k/407349,train,1,Knocking
fsd50k/407363,train,1,Footsteps
fsd50k/407394,train,1,Train
fsd50k/407431,train,1,Glass_Breaking
fsd50k/407450,test,1,Footsteps
fsd50k/40751,train,1,Alarm
fsd50k/407589,test,1,Glass_Breaking
fsd50k/407604,train,1,Footsteps
fsd50k/407637,test,1,Alarm
fsd50k/407655,train,1,Footsteps
fsd50k/408099,train,1,Gunshot
fsd50k/408218,train,1,Glass_Breaking
fsd50k/408417,test,1,Alarm
fsd50k/408590,train,1,Knocking
fsd50k/408623,train,1,Motorcycle
fsd50k/408624,train,1,Motorcycle
fsd50k/408709,train,1,Alarm
fsd50k/408788,train,1,Knocking
fsd50k/408863,train,1,Footsteps
fsd50k/408967,train,1,Footsteps
fsd50k/409297,train,1,Glass_Breaking
fsd50k/40966,train,1,Help_Shouting
fsd50k/40971,train,1,Gunshot
fsd50k/409802,val,1,Footsteps
fsd50k/41004,train,1,Aircraft
fsd50k/410241,train,1,Footsteps
fsd50k/410260,train,1,Gunshot
fsd50k/410261,val,1,Gunshot
fsd50k/410262,train,1,Gunshot
fsd50k/410294,val,1,Knocking
fsd50k/410384,train,1,Alarm
fsd50k/410464,test,1,Footsteps
fsd50k/410483,train,1,Footsteps
fsd50k/410738,train,1,Train
fsd50k/410763,train,1,Knocking
fsd50k/410814,train,1,Footsteps
fsd50k/410827,train,1,Knocking
fsd50k/410851,train,1,Alarm
fsd50k/410868,train,1,Help_Shouting
fsd50k/411014,train,1,Alarm
fsd50k/411030,train,1,Alarm
fsd50k/411070,test,1,Footsteps
fsd50k/411451,train,1,Footsteps
fsd50k/411515,val,1,Alarm
fsd50k/411517,test,1,Alarm
fsd50k/411519,val,1,Doorbell
fsd50k/411521,val,1,Doorbell
fsd50k/411540,train,1,Footsteps
fsd50k/412054,val,1,Glass_Breaking
fsd50k/412375,train,1,Knocking
fsd50k/412376,train,1,Knocking
fsd50k/412381,val,1,Knocking
fsd50k/412431,val,1,Motorcycle
fsd50k/412432,train,1,Motorcycle
fsd50k/412433,val,1,Motorcycle
fsd50k/412434,train,1,Motorcycle
fsd50k/412435,test,1,Motorcycle
fsd50k/412436,train,1,Motorcycle
fsd50k/412437,train,1,Motorcycle
fsd50k/412785,test,1,Footsteps
fsd50k/412855,train,1,Knocking
fsd50k/412856,train,1,Knocking
fsd50k/412857,val,1,Knocking
fsd50k/412858,test,1,Knocking
fsd50k/413036,val,1,Footsteps
fsd50k/413105,test,1,Gunshot
fsd50k/413106,train,1,Gunshot
fsd50k/413117,train,1,Gunshot
fsd50k/413120,test,1,Gunshot
fsd50k/413122,train,1,Gunshot
fsd50k/413270,train,1,Knocking
fsd50k/413271,train,1,Knocking
fsd50k/41328,train,1,Help_Shouting
fsd50k/413391,val,1,Alarm
fsd50k/41348,train,1,Glass_Breaking
fsd50k/413657,train,1,Alarm
fsd50k/413742,val,1,Knocking
fsd50k/414023,train,1,Gunshot
fsd50k/414047,train,1,Glass_Breaking
fsd50k/414263,test,1,Motorcycle
fsd50k/414292,train,1,Help_Shouting
fsd50k/414366,train,1,Alarm
fsd50k/414494,val,1,Alarm
fsd50k/414827,train,1,Gunshot
fsd50k/414942,val,1,Knocking
fsd50k/414976,train,1,Aircraft
fsd50k/414985,train,1,Help_Shouting
fsd50k/415026,train,1,Help_Shouting
fsd50k/415160,train,1,Motorcycle
fsd50k/415164,train,1,Alarm
fsd50k/415298,train,1,Alarm
fsd50k/415352,train,1,Help_Shouting
fsd50k/415353,test,1,Help_Shouting
fsd50k/415508,train,1,Gunshot
fsd50k/416117,test,1,Knocking
fsd50k/41629,val,1,Doorbell
fsd50k/416418,train,1,Aircraft
fsd50k/416507,train,1,Help_Shouting
fsd50k/416537,train,1,Help_Shouting
fsd50k/416538,train,1,Help_Shouting
fsd50k/416545,train,1,Help_Shouting
fsd50k/416840,train,1,Help_Shouting
fsd50k/417608,train,1,Doorbell
fsd50k/417657,val,1,Train
fsd50k/417658,train,1,Train
fsd50k/417660,train,1,Train
fsd50k/417686,train,1,Gunshot
fsd50k/417688,train,1,Gunshot
fsd50k/417689,train,1,Gunshot
fsd50k/417768,train,1,Alarm
fsd50k/417858,test,1,Doorbell
fsd50k/418074,train,1,Alarm
fsd50k/418199,train,1,Aircraft
fsd50k/418200,train,1,Aircraft
fsd50k/418239,train,1,Footsteps
fsd50k/418296,train,1,Train
fsd50k/418385,train,1,Aircraft
fsd50k/41862,train,1,Knocking
fsd50k/418705,train,1,Alarm
fsd50k/418706,train,1,Vehicle_Horn
fsd50k/418786,train,1,Help_Shouting
fsd50k/418867,val,1,Doorbell
fsd50k/418898,train,1,Alarm
fsd50k/419086,train,1,Alarm
fsd50k/419089,test,1,Knocking
fsd50k/419091,val,1,Motorcycle
fsd50k/419447,train,1,Footsteps
fsd50k/419695,train,1,Alarm
fsd50k/419698,test,1,Alarm
fsd50k/419931,train,1,Footsteps
fsd50k/419932,val,1,Train
fsd50k/420015,val,1,Help_Shouting
fsd50k/420018,train,1,Help_Shouting
fsd50k/420356,val,1,Glass_Breaking
fsd50k/420442,train,1,Aircraft
fsd50k/420464,train,1,Motorcycle
fsd50k/420552,train,1,Footsteps
fsd50k/420560,train,1,Aircraft
fsd50k/420655,test,1,Train
fsd50k/420661,train,1,Alarm
fsd50k/420735,test,1,Knocking
fsd50k/420763,train,1,Footsteps
fsd50k/420830,test,1,Alarm
fsd50k/420931,train,1,Footsteps
fsd50k/420937,train,1,Footsteps
fsd50k/421017,train,1,Alarm
fsd50k/421141,train,1,Footsteps
fsd50k/421791,train,1,Footsteps
fsd50k/421872,train,1,Help_Shouting
fsd50k/421873,train,1,Help_Shouting
fsd50k/421874,train,1,Help_Shouting
fsd50k/422144,val,1,Footsteps
fsd50k/422145,test,1,Footsteps
fsd50k/422158,test,1,Footsteps
fsd50k/422161,train,1,Footsteps
fsd50k/422240,train,1,Glass_Breaking
fsd50k/422630,train,1,Footsteps
fsd50k/422633,train,1,Glass_Breaking
fsd50k/422639,train,1,Knocking
fsd50k/422640,train,1,Knocking
fsd50k/422668,train,1,Alarm
fsd50k/422687,train,1,Footsteps
fsd50k/422724,val,1,Help_Shouting
fsd50k/422739,train,1,Footsteps
fsd50k/422743,train,1,Footsteps
fsd50k/422745,train,1,Footsteps
fsd50k/422747,test,1,Footsteps
fsd50k/422751,train,1,Footsteps
fsd50k/422756,train,1,Footsteps
fsd50k/422758,train,1,Footsteps
fsd50k/422854,train,1,Footsteps
fsd50k/422856,val,1,Footsteps
fsd50k/423108,val,1,Gunshot
fsd50k/423109,val,1,Gunshot
fsd50k/423114,train,1,Gunshot
fsd50k/423115,test,1,Gunshot
fsd50k/423141,train,1,Alarm
fsd50k/423217,train,1,Alarm
fsd50k/423355,train,1,Train
fsd50k/423356,train,1,Train
fsd50k/423357,test,1,Train
fsd50k/423358,train,1,Train
fsd50k/423710,train,1,Footsteps
fsd50k/423906,train,1,Train
fsd50k/423929,train,1,Alarm
fsd50k/423990,train,1,Vehicle_Horn
fsd50k/424295,train,1,Alarm
fsd50k/424592,test,1,Aircraft
fsd50k/424600,train,1,Footsteps
fsd50k/424601,train,1,Vehicle_Horn
fsd50k/424603,train,1,Vehicle_Horn
fsd50k/424604,train,1,Alarm
fsd50k/424616,train,1,Aircraft
fsd50k/424619,train,1,Motorcycle
fsd50k/424739,train,1,Alarm
fsd50k/425076,train,1,Footsteps
fsd50k/425170,val,1,Motorcycle
fsd50k/425268,val,1,Aircraft
fsd50k/425496,train,1,Alarm
fsd50k/425672,val,1,Footsteps
fsd50k/425683,train,1,Footsteps
fsd50k/425848,train,1,Alarm
fsd50k/426019,test,1,Doorbell
fsd50k/426195,train,1,Help_Shouting
fsd50k/426204,train,1,Glass_Breaking
fsd50k/426205,train,1,Glass_Breaking
fsd50k/426372,train,1,Knocking
fsd50k/426559,train,1,Alarm
fsd50k/426736,train,1,Knocking
fsd50k/427111,train,1,Knocking
fsd50k/427116,train,1,Footsteps
fsd50k/427419,train,1,Footsteps
fsd50k/427592,test,1,Gunshot
fsd50k/427598,val,1,Gunshot
fsd50k/427613,train,1,Knocking
fsd50k/427619,train,1,Knocking
fsd50k/427650,train,1,Footsteps
fsd50k/427683,test,1,Footsteps
fsd50k/427684,train,1,Footsteps
fsd50k/427812,val,1,Footsteps
fsd50k/428144,val,1,Footsteps
fsd50k/428164,test,1,Knocking
fsd50k/428365,train,1,Footsteps
fsd50k/428484,train,1,Alarm
fsd50k/42849,train,1,Help_Shouting
fsd50k/428506,train,1,Footsteps
fsd50k/428513,train,1,Footsteps
fsd50k/428981,val,1,Footsteps
fsd50k/42900,val,1,Glass_Breaking
fsd50k/42901,val,1,Glass_Breaking
fsd50k/42902,val,1,Glass_Breaking
fsd50k/42903,val,1,Glass_Breaking
fsd50k/42904,train,1,Glass_Breaking
fsd50k/42906,test,1,Glass_Breaking
fsd50k/42907,train,1,Glass_Breaking
fsd50k/429149,train,1,Help_Shouting
fsd50k/429248,train,1,Footsteps
fsd50k/429310,train,1,Footsteps
fsd50k/429312,train,1,Knocking
fsd50k/429322,train,1,Footsteps
fsd50k/429370,train,1,Footsteps
fsd50k/429371,train,1,Footsteps
fsd50k/429491,train,1,Motorcycle
fsd50k/429802,train,1,Footsteps
fsd50k/429964,train,1,Knocking
fsd50k/430046,train,1,Help_Shouting
fsd50k/430173,train,1,Footsteps
fsd50k/430212,train,1,Footsteps
fsd50k/430213,train,1,Footsteps
fsd50k/430214,train,1,Footsteps
fsd50k/430221,train,1,Footsteps
fsd50k/430702,train,1,Glass_Breaking
fsd50k/430844,train,1,Knocking
fsd50k/430993,train,1,Train
fsd50k/431206,train,1,Aircraft
fsd50k/43122,train,1,Aircraft
fsd50k/431320,train,1,Alarm
fsd50k/431396,train,1,Alarm
fsd50k/431473,test,1,Aircraft
fsd50k/431651,test,1,Alarm
fsd50k/431745,train,1,Knocking
fsd50k/431822,train,1,Gunshot
fsd50k/431825,train,1,Gunshot
fsd50k/431827,train,1,Gunshot
fsd50k/431828,train,1,Gunshot
fsd50k/431831,train,1,Gunshot
fsd50k/431837,test,1,Gunshot
fsd50k/431841,train,1,Alarm
fsd50k/431893,train,1,Footsteps
fsd50k/431902,train,1,Footsteps
fsd50k/432063,test,1,Alarm
fsd50k/432304,val,1,Motorcycle
fsd50k/432366,test,1,Gunshot
fsd50k/432372,train,1,Train
fsd50k/432464,train,1,Footsteps
fsd50k/432465,train,1,Footsteps
fsd50k/432467,train,1,Footsteps
fsd50k/432641,train,1,Alarm
fsd50k/432804,test,1,Motorcycle
fsd50k/433537,val,1,Footsteps
fsd50k/433578,test,1,Alarm
fsd50k/43361,train,1,Train
fsd50k/433725,train,1,Footsteps
fsd50k/434437,train,1,Glass_Breaking
fsd50k/434438,train,1,Glass_Breaking
fsd50k/434439,train,1,Glass_Breaking
fsd50k/434440,val,1,Glass_Breaking
fsd50k/434441,test,1,Glass_Breaking
fsd50k/434442,train,1,Glass_Breaking
fsd50k/434443,train,1,Glass_Breaking
fsd50k/434444,train,1,Glass_Breaking
fsd50k/434446,train,1,Glass_Breaking
fsd50k/434447,val,1,Glass_Breaking
fsd50k/434448,test,1,Glass_Breaking
fsd50k/434449,test,1,Glass_Breaking
fsd50k/434450,val,1,Glass_Breaking
fsd50k/434451,train,1,Glass_Breaking
fsd50k/434634,val,1,Train
fsd50k/434714,test,1,Train
fsd50k/434818,train,1,Alarm
fsd50k/43945,train,1,Train
fsd50k/44261,test,1,Help_Shouting
fsd50k/44742,train,1,Train
fsd50k/44791,train,1,Vehicle_Horn
fsd50k/44814,train,1,Aircraft
fsd50k/45359,train,1,Train
fsd50k/45360,train,1,Train
fsd50k/45603,train,1,Help_Shouting
fsd50k/46063,train,1,Gunshot
fsd50k/46136,val,1,Knocking
fsd50k/46263,train,1,Gunshot
fsd50k/46731,test,1,Train
fsd50k/47012,train,1,Glass_Breaking
fsd50k/47013,train,1,Glass_Breaking
fsd50k/47275,train,1,Alarm
fsd50k/47276,val,1,Alarm
fsd50k/47395,train,1,Footsteps
fsd50k/47519,train,1,Train
fsd50k/47521,train,1,Train
fsd50k/47522,train,1,Train
fsd50k/47523,train,1,Train
fsd50k/47524,train,1,Train
fsd50k/47525,train,1,Train
fsd50k/47529,train,1,Train
fsd50k/47531,train,1,Train
fsd50k/47829,train,1,Help_Shouting
fsd50k/48212,train,1,Footsteps
fsd50k/48248,train,1,Footsteps
fsd50k/48402,val,1,Train
fsd50k/48935,test,1,Train
fsd50k/49310,val,1,Alarm
fsd50k/49326,val,1,Motorcycle
fsd50k/49327,train,1,Motorcycle
fsd50k/49328,val,1,Motorcycle
fsd50k/49329,train,1,Motorcycle
fsd50k/49481,train,1,Aircraft
fsd50k/49482,train,1,Aircraft
fsd50k/49512,val,1,Gunshot
fsd50k/49513,train,1,Gunshot
fsd50k/49777,train,1,Help_Shouting
fsd50k/49781,train,1,Help_Shouting
fsd50k/50156,train,1,Help_Shouting
fsd50k/50178,val,1,Help_Shouting
fsd50k/50179,train,1,Help_Shouting
fsd50k/50180,train,1,Help_Shouting
fsd50k/50181,train,1,Help_Shouting
fsd50k/50724,val,1,Footsteps
fsd50k/50776,train,1,Help_Shouting
fsd50k/50816,train,1,Train
fsd50k/51055,train,1,Gunshot
fsd50k/51227,train,1,Train
fsd50k/51228,test,1,Train
fsd50k/51470,test,1,Gunshot
fsd50k/51490,train,1,Aircraft
fsd50k/51491,train,1,Aircraft
fsd50k/51723,train,1,Train
fsd50k/51734,val,1,Glass_Breaking
fsd50k/51741,test,1,Train
fsd50k/51747,train,1,Alarm
fsd50k/51889,train,1,Train
fsd50k/52004,test,1,Alarm
fsd50k/52285,train,1,Footsteps
fsd50k/52322,train,1,Help_Shouting
fsd50k/52593,test,1,Gunshot
fsd50k/53268,test,1,Alarm
fsd50k/53379,train,1,Motorcycle
fsd50k/53383,train,1,Motorcycle
fsd50k/53442,train,1,Knocking
fsd50k/54193,val,1,Alarm
fsd50k/54271,train,1,Motorcycle
fsd50k/54404,test,1,Train
fsd50k/54512,train,1,Motorcycle
fsd50k/55003,train,1,Footsteps
fsd50k/55031,train,1,Alarm
fsd50k/55057,train,1,Motorcycle
fsd50k/55064,train,1,Footsteps
fsd50k/55214,train,1,Alarm
fsd50k/55245,train,1,Motorcycle
fsd50k/55348,train,1,Footsteps
fsd50k/55377,train,1,Train
fsd50k/55380,train,1,Train
fsd50k/55842,train,1,Gunshot
fsd50k/55851,train,1,Gunshot
fsd50k/5635,val,1,Alarm
fsd50k/56579,test,1,Help_Shouting
fsd50k/56652,train,1,Footsteps
fsd50k/56671,train,1,Alarm
fsd50k/56673,train,1,Footsteps
fsd50k/56899,test,1,Help_Shouting
fsd50k/56900,train,1,Help_Shouting
fsd50k/56901,train,1,Help_Shouting
fsd50k/57181,train,1,Help_Shouting
fsd50k/57193,test,1,Train
fsd50k/57194,train,1,Train
fsd50k/57196,train,1,Train
fsd50k/57325,train,1,Aircraft
fsd50k/57559,train,1,Train
fsd50k/57587,train,1,Help_Shouting
fsd50k/57770,train,1,Footsteps
fsd50k/57771,val,1,Alarm
fsd50k/57786,train,1,Train
fsd50k/57787,train,1,Train
fsd50k/57801,train,1,Footsteps
fsd50k/57809,train,1,Alarm
fsd50k/58015,train,1,Alarm
fsd50k/58325,train,1,Alarm
fsd50k/58369,val,1,Alarm
fsd50k/58371,train,1,Alarm
fsd50k/58388,test,1,Alarm
fsd50k/58454,test,1,Footsteps
fsd50k/58904,train,1,Gunshot
fsd50k/58905,train,1,Gunshot
fsd50k/58906,val,1,Gunshot
fsd50k/59163,test,1,Help_Shouting
fsd50k/59263,train,1,Glass_Breaking
fsd50k/59277,val,1,Aircraft
fsd50k/59440,train,1,Train
fsd50k/59441,val,1,Train
fsd50k/59442,train,1,Train
fsd50k/59512,train,1,Alarm
fsd50k/59586,train,1,Help_Shouting
fsd50k/59587,train,1,Alarm
fsd50k/59599,train,1,Help_Shouting
fsd50k/59666,train,1,Motorcycle
fsd50k/59667,train,1,Motorcycle
fsd50k/59668,train,1,Motorcycle
fsd50k/59782,train,1,Train
fsd50k/60163,val,1,Alarm
fsd50k/60446,test,1,Help_Shouting
fsd50k/60457,train,1,Help_Shouting
fsd50k/60748,train,1,Knocking
fsd50k/60930,train,1,Footsteps
fsd50k/61503,train,1,Help_Shouting
fsd50k/61504,train,1,Help_Shouting
fsd50k/62025,test,1,Help_Shouting
fsd50k/62058,val,1,Train
fsd50k/62222,train,1,Motorcycle
fsd50k/62303,train,1,Footsteps
fsd50k/62446,train,1,Train
fsd50k/62463,test,1,Motorcycle
fsd50k/62468,train,1,Train
fsd50k/62475,val,1,Train
fsd50k/62476,train,1,Train
fsd50k/62477,val,1,Train
fsd50k/62502,train,1,Alarm
fsd50k/62516,val,1,Footsteps
fsd50k/62591,train,1,Footsteps
fsd50k/62600,train,1,Footsteps
fsd50k/63276,train,1,Help_Shouting
fsd50k/63342,test,1,Help_Shouting
fsd50k/63632,train,1,Help_Shouting
fsd50k/63641,train,1,Help_Shouting
fsd50k/63708,train,1,Help_Shouting
fsd50k/63754,train,1,Help_Shouting
fsd50k/63805,train,1,Footsteps
fsd50k/64003,train,1,Train
fsd50k/64369,train,1,Train
fsd50k/64940,train,1,Help_Shouting
fsd50k/65290,train,1,Gunshot
fsd50k/65752,train,1,Gunshot
fsd50k/65902,val,1,Glass_Breaking
fsd50k/65918,train,1,Glass_Breaking
fsd50k/65923,train,1,Train
fsd50k/65925,val,1,Knocking
fsd50k/65987,train,1,Train
fsd50k/66099,test,1,Train
fsd50k/66397,train,1,Knocking
fsd50k/66519,test,1,Glass_Breaking
fsd50k/66520,val,1,Glass_Breaking
fsd50k/66585,train,1,Alarm
fsd50k/66586,train,1,Alarm
fsd50k/66664,test,1,Footsteps
fsd50k/66756,val,1,Footsteps
fsd50k/66949,train,1,Help_Shouting
fsd50k/66973,val,1,Alarm
fsd50k/66974,train,1,Train
fsd50k/67010,train,1,Alarm
fsd50k/67020,train,1,Gunshot
fsd50k/67048,train,1,Alarm
fsd50k/67114,train,1,Footsteps
fsd50k/67145,train,1,Footsteps
fsd50k/67254,train,1,Footsteps
fsd50k/67304,train,1,Knocking
fsd50k/67330,train,1,Help_Shouting
fsd50k/67332,val,1,Help_Shouting
fsd50k/67333,test,1,Help_Shouting
fsd50k/67334,train,1,Help_Shouting
fsd50k/67335,train,1,Help_Shouting
fsd50k/67336,train,1,Help_Shouting
fsd50k/67339,train,1,Help_Shouting
fsd50k/67340,test,1,Help_Shouting
fsd50k/67341,val,1,Help_Shouting
fsd50k/67345,val,1,Help_Shouting
fsd50k/67358,train,1,Alarm
fsd50k/67359,train,1,Alarm
fsd50k/67556,train,1,Gunshot
fsd50k/67557,train,1,Gunshot
fsd50k/67560,train,1,Gunshot
fsd50k/67561,val,1,Gunshot
fsd50k/67562,train,1,Gunshot
fsd50k/67563,train,1,Gunshot
fsd50k/67564,train,1,Gunshot
fsd50k/67573,val,1,Gunshot
fsd50k/67575,train,1,Gunshot
fsd50k/67577,test,1,Gunshot
fsd50k/67578,train,1,Gunshot
fsd50k/67580,train,1,Gunshot
fsd50k/67581,train,1,Gunshot
fsd50k/67582,train,1,Gunshot
fsd50k/67593,train,1,Gunshot
fsd50k/67616,train,1,Alarm
fsd50k/68036,train,1,Gunshot
fsd50k/68038,train,1,Help_Shouting
fsd50k/68058,train,1,Help_Shouting
fsd50k/68272,train,1,Footsteps
fsd50k/68449,train,1,Glass_Breaking
fsd50k/68654,train,1,Glass_Breaking
fsd50k/68685,train,1,Footsteps
fsd50k/68687,train,1,Footsteps
fsd50k/68688,train,1,Footsteps
fsd50k/68690,train,1,Footsteps
fsd50k/68702,test,1,Knocking
fsd50k/68708,train,1,Motorcycle
fsd50k/68709,train,1,Motorcycle
fsd50k/68710,train,1,Motorcycle
fsd50k/68739,train,1,Footsteps
fsd50k/68740,train,1,Footsteps
fsd50k/68999,train,1,Alarm
fsd50k/69181,train,1,Alarm
fsd50k/69182,train,1,Doorbell
fsd50k/69184,test,1,Doorbell
fsd50k/69185,train,1,Doorbell
fsd50k/69202,test,1,Train
fsd50k/69298,train,1,Footsteps
fsd50k/69384,val,1,Doorbell
fsd50k/69385,train,1,Doorbell
fsd50k/69386,train,1,Doorbell
fsd50k/69390,train,1,Help_Shouting
fsd50k/69494,train,1,Train
fsd50k/69496,train,1,Train
fsd50k/69552,train,1,Alarm
fsd50k/69607,test,1,Aircraft
fsd50k/69608,val,1,Aircraft
fsd50k/69609,val,1,Aircraft
fsd50k/69646,test,1,Train
fsd50k/69663,train,1,Alarm
fsd50k/70052,test,1,Alarm
fsd50k/70102,val,1,Alarm
fsd50k/70289,train,1,Alarm
fsd50k/70292,test,1,Footsteps
fsd50k/70305,train,1,Train
fsd50k/70938,train,1,Alarm
fsd50k/70939,test,1,Alarm
fsd50k/70954,test,1,Train
fsd50k/71053,train,1,Motorcycle
fsd50k/71121,val,1,Train
fsd50k/71136,train,1,Footsteps
fsd50k/71242,train,1,Train
fsd50k/71299,val,1,Help_Shouting
fsd50k/71300,train,1,Gunshot
fsd50k/71686,train,1,Train
fsd50k/71698,train,1,Footsteps
fsd50k/71778,test,1,Train
fsd50k/71897,train,1,Glass_Breaking
fsd50k/71925,test,1,Footsteps
fsd50k/71947,val,1,Glass_Breaking
fsd50k/72030,test,1,Footsteps
fsd50k/72125,val,1,Alarm
fsd50k/72126,train,1,Alarm
fsd50k/72127,train,1,Alarm
fsd50k/72128,train,1,Alarm
fsd50k/72129,train,1,Alarm
fsd50k/72240,val,1,Vehicle_Horn
fsd50k/72531,val,1,Train
fsd50k/72737,train,1,Footsteps
fsd50k/72836,val,1,Help_Shouting
fsd50k/72837,train,1,Help_Shouting
fsd50k/72838,train,1,Help_Shouting
fsd50k/72840,train,1,Help_Shouting
fsd50k/72846,train,1,Help_Shouting
fsd50k/72950,test,1,Help_Shouting
fsd50k/73095,train,1,Footsteps
fsd50k/73288,test,1,Aircraft
fsd50k/73289,val,1,Aircraft
fsd50k/73290,val,1,Aircraft
fsd50k/73292,val,1,Aircraft
fsd50k/73297,train,1,Aircraft
fsd50k/73369,train,1,Motorcycle
fsd50k/74382,train,1,Motorcycle
fsd50k/74384,train,1,Motorcycle
fsd50k/74471,train,1,Alarm
fsd50k/74924,train,1,Footsteps
fsd50k/75270,train,1,Footsteps
fsd50k/76095,train,1,Footsteps
fsd50k/76220,test,1,Motorcycle
fsd50k/76325,val,1,Aircraft
fsd50k/76522,train,1,Help_Shouting
fsd50k/76644,test,1,Help_Shouting
fsd50k/76662,train,1,Help_Shouting
fsd50k/76732,test,1,Footsteps
fsd50k/76736,train,1,Footsteps
fsd50k/76813,train,1,Knocking
fsd50k/76925,test,1,Alarm
fsd50k/77056,train,1,Motorcycle
fsd50k/77113,train,1,Aircraft
fsd50k/77148,test,1,Help_Shouting
fsd50k/77165,val,1,Knocking
fsd50k/7722,train,1,Motorcycle
fsd50k/77528,train,1,Glass_Breaking
fsd50k/77529,train,1,Glass_Breaking
fsd50k/77530,val,1,Glass_Breaking
fsd50k/77531,test,1,Glass_Breaking
fsd50k/77533,train,1,Glass_Breaking
fsd50k/77534,train,1,Glass_Breaking
fsd50k/77598,train,1,Footsteps
fsd50k/77599,val,1,Footsteps
fsd50k/77601,train,1,Footsteps
fsd50k/77603,train,1,Footsteps
fsd50k/77892,train,1,Doorbell
fsd50k/7790,train,1,Train
fsd50k/78369,test,1,Footsteps
fsd50k/78396,train,1,Footsteps
fsd50k/78417,train,1,Help_Shouting
fsd50k/78483,train,1,Footsteps
fsd50k/78484,train,1,Glass_Breaking
fsd50k/78490,train,1,Help_Shouting
fsd50k/78880,train,1,Motorcycle
fsd50k/78948,test,1,Alarm
fsd50k/78957,val,1,Alarm
fsd50k/78958,train,1,Alarm
fsd50k/78968,train,1,Alarm
fsd50k/78970,train,1,Alarm
fsd50k/78984,train,1,Alarm
fsd50k/78991,train,1,Footsteps
fsd50k/7917,test,1,Motorcycle
fsd50k/79180,val,1,Alarm
fsd50k/79356,train,1,Alarm
fsd50k/79874,train,1,Footsteps
fsd50k/80372,train,1,Train
fsd50k/80373,train,1,Train
fsd50k/80374,train,1,Train
fsd50k/80558,test,1,Motorcycle
fsd50k/80590,train,1,Motorcycle
fsd50k/81065,train,1,Alarm
fsd50k/81072,val,1,Alarm
fsd50k/81085,train,1,Alarm
fsd50k/81086,train,1,Alarm
fsd50k/81163,train,1,Alarm
fsd50k/81166,train,1,Alarm
fsd50k/81207,train,1,Train
fsd50k/8135,train,1,Aircraft
fsd50k/81432,val,1,Alarm
fsd50k/81554,train,1,Train
fsd50k/81555,val,1,Train
fsd50k/81875,test,1,Alarm
fsd50k/82083,train,1,Motorcycle
fsd50k/82228,train,1,Alarm
fsd50k/82418,test,1,Help_Shouting
fsd50k/82421,val,1,Knocking
fsd50k/82797,train,1,Alarm
fsd50k/83136,val,1,Knocking
fsd50k/83241,train,1,Knocking
fsd50k/83280,train,1,Alarm
fsd50k/83296,train,1,Train
fsd50k/83298,train,1,Train
fsd50k/83299,train,1,Train
fsd50k/83479,train,1,Knocking
fsd50k/83486,val,1,Motorcycle
fsd50k/83640,train,1,Knocking
fsd50k/83790,train,1,Train
fsd50k/8380,train,1,Train
fsd50k/83910,train,1,Knocking
fsd50k/83914,train,1,Footsteps
fsd50k/84359,train,1,Help_Shouting
fsd50k/84387,train,1,Help_Shouting
fsd50k/84423,val,1,Alarm
fsd50k/84702,train,1,Glass_Breaking
fsd50k/85016,train,1,Knocking
fsd50k/85087,test,1,Knocking
fsd50k/85107,val,1,Glass_Breaking
fsd50k/85110,train,1,Footsteps
fsd50k/85132,train,1,Footsteps
fsd50k/85253,train,1,Knocking
fsd50k/85365,test,1,Motorcycle
fsd50k/85550,train,1,Glass_Breaking
fsd50k/85554,test,1,Help_Shouting
fsd50k/85602,val,1,Footsteps
fsd50k/85603,train,1,Footsteps
fsd50k/85604,val,1,Footsteps
fsd50k/85655,train,1,Footsteps
fsd50k/85731,train,1,Footsteps
fsd50k/85919,train,1,Knocking
fsd50k/86014,train,1,Footsteps
fsd50k/86036,test,1,Footsteps
fsd50k/86040,test,1,Aircraft
fsd50k/86047,train,1,Gunshot
fsd50k/86324,train,1,Glass_Breaking
fsd50k/86346,test,1,Gunshot
fsd50k/86568,test,1,Train
fsd50k/86753,train,1,Train
fsd50k/87151,train,1,Alarm
fsd50k/87315,train,1,Footsteps
fsd50k/87316,test,1,Alarm
fsd50k/87376,train,1,Train
fsd50k/87393,train,1,Alarm
fsd50k/87457,train,1,Gunshot
fsd50k/87518,train,1,Footsteps
fsd50k/88445,train,1,Alarm
fsd50k/88447,train,1,Help_Shouting
fsd50k/88467,train,1,Gunshot
fsd50k/88528,test,1,Alarm
fsd50k/88771,train,1,Motorcycle
fsd50k/88787,train,1,Alarm
fsd50k/88800,val,1,Glass_Breaking
fsd50k/88808,train,1,Glass_Breaking
fsd50k/88809,val,1,Glass_Breaking
fsd50k/88917,train,1,Glass_Breaking
fsd50k/88920,test,1,Glass_Breaking
fsd50k/88921,val,1,Glass_Breaking
fsd50k/88922,val,1,Glass_Breaking
fsd50k/88924,train,1,Glass_Breaking
fsd50k/88925,test,1,Glass_Breaking
fsd50k/88926,val,1,Glass_Breaking
fsd50k/88927,val,1,Glass_Breaking
fsd50k/88931,test,1,Glass_Breaking
fsd50k/88932,train,1,Glass_Breaking
fsd50k/88933,val,1,Glass_Breaking
fsd50k/88935,test,1,Glass_Breaking
fsd50k/88936,train,1,Glass_Breaking
fsd50k/88937,train,1,Glass_Breaking
fsd50k/88941,val,1,Glass_Breaking
fsd50k/88942,train,1,Glass_Breaking
fsd50k/88944,train,1,Glass_Breaking
fsd50k/88945,train,1,Glass_Breaking
fsd50k/88948,train,1,Glass_Breaking
fsd50k/88949,train,1,Glass_Breaking
fsd50k/88950,train,1,Glass_Breaking
fsd50k/89147,train,1,Gunshot
fsd50k/89290,train,1,Footsteps
fsd50k/89362,train,1,Help_Shouting
fsd50k/89589,train,1,Alarm
fsd50k/89680,train,1,Motorcycle
fsd50k/89682,val,1,Alarm
fsd50k/89887,train,1,Glass_Breaking
fsd50k/89888,test,1,Glass_Breaking
fsd50k/89889,val,1,Glass_Breaking
fsd50k/89890,train,1,Glass_Breaking
fsd50k/89894,test,1,Glass_Breaking
fsd50k/89895,train,1,Glass_Breaking
fsd50k/89900,train,1,Glass_Breaking
fsd50k/89901,train,1,Glass_Breaking
fsd50k/89902,train,1,Glass_Breaking
fsd50k/89903,train,1,Glass_Breaking
fsd50k/89904,train,1,Glass_Breaking
fsd50k/89905,train,1,Glass_Breaking
fsd50k/90336,val,1,Footsteps
fsd50k/90344,val,1,Train
fsd50k/90386,test,1,Glass_Breaking
fsd50k/90418,train,1,Train
fsd50k/90756,train,1,Footsteps
fsd50k/9077,test,1,Alarm
fsd50k/90787,train,1,Footsteps
fsd50k/91038,val,1,Footsteps
fsd50k/91083,train,1,Footsteps
fsd50k/91294,val,1,Help_Shouting
fsd50k/91366,test,1,Alarm
fsd50k/91557,val,1,Alarm
fsd50k/91558,train,1,Train
fsd50k/91559,train,1,Train
fsd50k/91571,test,1,Motorcycle
fsd50k/91777,train,1,Footsteps
fsd50k/9197,train,1,Motorcycle
fsd50k/9199,train,1,Motorcycle
fsd50k/92019,test,1,Glass_Breaking
fsd50k/9218,train,1,Alarm
fsd50k/92642,test,1,Glass_Breaking
fsd50k/92643,val,1,Glass_Breaking
fsd50k/92644,train,1,Glass_Breaking
fsd50k/92887,train,1,Train
fsd50k/92992,test,1,Motorcycle
fsd50k/92999,train,1,Footsteps
fsd50k/93020,test,1,Alarm
fsd50k/93076,train,1,Aircraft
fsd50k/93299,train,1,Glass_Breaking
fsd50k/93449,train,1,Glass_Breaking
fsd50k/93639,train,1,Alarm
fsd50k/93643,train,1,Alarm
fsd50k/93646,train,1,Alarm
fsd50k/93676,test,1,Alarm
fsd50k/93964,train,1,Glass_Breaking
fsd50k/9432,train,1,Help_Shouting
fsd50k/94322,train,1,Footsteps
fsd50k/9433,train,1,Help_Shouting
fsd50k/94348,val,1,Footsteps
fsd50k/9435,val,1,Help_Shouting
fsd50k/94367,train,1,Footsteps
fsd50k/94370,train,1,Footsteps
fsd50k/94633,test,1,Train
fsd50k/94735,train,1,Alarm
fsd50k/94773,train,1,Knocking
fsd50k/94789,train,1,Knocking
fsd50k/94867,train,1,Aircraft
fsd50k/95067,test,1,Train
fsd50k/95078,test,1,Glass_Breaking
fsd50k/95864,test,1,Motorcycle
fsd50k/96210,train,1,Aircraft
fsd50k/96376,train,1,Gunshot
fsd50k/96630,train,1,Gunshot
fsd50k/96635,train,1,Gunshot
fsd50k/96636,train,1,Gunshot
fsd50k/96832,val,1,Footsteps
fsd50k/96838,train,1,Knocking
fsd50k/96890,train,1,Alarm
fsd50k/96973,train,1,Alarm
fsd50k/9704,val,1,Help_Shouting
fsd50k/9706,train,1,Help_Shouting
fsd50k/97194,train,1,Train
fsd50k/97669,train,1,Glass_Breaking
fsd50k/97758,train,1,Alarm
fsd50k/978,train,1,Glass_Breaking
fsd50k/979,val,1,Glass_Breaking
fsd50k/980,val,1,Glass_Breaking
fsd50k/98054,train,1,Glass_Breaking
fsd50k/98055,train,1,Glass_Breaking
fsd50k/981,train,1,Glass_Breaking
fsd50k/98247,val,1,Aircraft
fsd50k/98378,train,1,Glass_Breaking
fsd50k/98538,train,1,Motorcycle
fsd50k/98650,train,1,Glass_Breaking
fsd50k/98685,val,1,Train
fsd50k/98748,train,1,Gunshot
fsd50k/98851,train,1,Knocking
fsd50k/98853,test,1,Train
fsd50k/98943,train,1,Motorcycle
fsd50k/9913,train,1,Footsteps
fsd50k/9922,test,1,Alarm
fsd50k/9923,train,1,Alarm
fsd50k/99282,train,1,Alarm
fsd50k/99579,test,1,Footsteps
fsd50k/99633,train,1,Help_Shouting
fsd50k/99634,test,1,Help_Shouting
fsd50k/99966,test,1,Help_Shouting
urbansound8k/100648,train,4,Vehicle_Horn
urbansound8k/100652,train,4,Dog_Bark
urbansound8k/100795,val,4,Dog_Bark
urbansound8k/101281,test,3,Dog_Bark
urbansound8k/101415,train,3,Dog_Bark
urbansound8k/102102,train,1,Dog_Bark
urbansound8k/102103,train,1,Dog_Bark
urbansound8k/102104,test,1,Dog_Bark
urbansound8k/102105,train,1,Dog_Bark
urbansound8k/102106,train,1,Dog_Bark
urbansound8k/102305,train,1,Gunshot
urbansound8k/102547,train,3,Dog_Bark
urbansound8k/102842,train,4,Dog_Bark
urbansound8k/102853,train,8,Siren
urbansound8k/102857,train,31,Car_Engine
urbansound8k/102858,val,2,Car_Engine
urbansound8k/102871,train,16,Siren
urbansound8k/103074,val,22,Jackhammer
urbansound8k/103076,train,2,Dog_Bark
urbansound8k/103199,train,21,Drilling
urbansound8k/103249,train,20,Car_Engine
urbansound8k/103258,train,20,Car_Engine
urbansound8k/103357,test,2,Drilling
urbansound8k/103438,val,3,Car_Engine
urbansound8k/104625,test,18,Drilling
urbansound8k/104817,train,12,Drilling
urbansound8k/104998,train,59,Jackhammer
urbansound8k/105029,train,50,Jackhammer
urbansound8k/105088,train,4,Dog_Bark
urbansound8k/105289,test,19,Siren
urbansound8k/105319,train,3,Dog_Bark
urbansound8k/106014,train,5,Car_Engine
urbansound8k/106015,val,21,Car_Engine
urbansound8k/106486,train,3,Car_Engine
urbansound8k/106487,train,3,Car_Engine
urbansound8k/106905,train,7,Car_Engine;Siren
urbansound8k/106955,train,1,Gunshot
urbansound8k/107090,train,2,Vehicle_Horn
urbansound8k/107190,val,1,Dog_Bark
urbansound8k/107228,test,8,Car_Engine
urbansound8k/107357,test,28,Siren
urbansound8k/107842,train,10,Drilling
urbansound8k/108187,train,3,Dog_Bark
urbansound8k/109233,val,4,Dog_Bark
urbansound8k/109711,test,3,Dog_Bark
urbansound8k/110134,train,1,Dog_Bark
urbansound8k/110371,train,3,Dog_Bark
urbansound8k/110389,train,1,Dog_Bark
urbansound8k/110621,train,4,Jackhammer
urbansound8k/110622,train,1,Gunshot
urbansound8k/110688,train,4,Dog_Bark
urbansound8k/110918,test,4,Dog_Bark
urbansound8k/111048,test,1,Gunshot
urbansound8k/111386,train,23,Car_Engine
urbansound8k/111671,train,23,Siren
urbansound8k/112075,train,3,Car_Engine
urbansound8k/112195,train,4,Dog_Bark
urbansound8k/113160,train,1,Siren
urbansound8k/113201,train,8,Car_Engine
urbansound8k/113202,train,29,Car_Engine
urbansound8k/113203,test,20,Car_Engine
urbansound8k/113205,test,11,Car_Engine
urbansound8k/113216,train,5,Car_Engine
urbansound8k/113785,test,1,Dog_Bark
urbansound8k/114280,train,2,Dog_Bark
urbansound8k/114587,val,4,Dog_Bark
urbansound8k/115411,train,3,Dog_Bark
urbansound8k/115536,train,1,Dog_Bark
urbansound8k/115537,test,1,Dog_Bark
urbansound8k/116163,train,1,Dog_Bark
urbansound8k/116400,train,4,Dog_Bark
urbansound8k/116483,test,4,Dog_Bark
urbansound8k/116484,train,4,Dog_Bark
urbansound8k/116485,train,4,Dog_Bark
urbansound8k/117048,train,4,Dog_Bark
urbansound8k/117072,train,4,Dog_Bark
urbansound8k/117181,train,13,Siren
urbansound8k/11722,train,1,Dog_Bark
urbansound8k/117271,train,4,Dog_Bark
urbansound8k/117536,test,1,Vehicle_Horn
urbansound8k/118072,train,1,Dog_Bark
urbansound8k/118101,test,4,Dog_Bark
urbansound8k/118278,train,14,Drilling
urbansound8k/118279,train,15,Siren
urbansound8k/118440,train,7,Drilling
urbansound8k/118558,train,10,Car_Engine
urbansound8k/118587,train,3,Dog_Bark
urbansound8k/118723,train,1,Drilling
urbansound8k/118961,train,1,Dog_Bark
urbansound8k/118962,train,1,Dog_Bark
urbansound8k/118963,test,1,Dog_Bark
urbansound8k/118964,train,1,Dog_Bark
urbansound8k/119420,train,2,Dog_Bark
urbansound8k/119449,val,7,Car_Engine
urbansound8k/119455,train,8,Car_Engine
urbansound8k/119809,train,7,Jackhammer
urbansound8k/121299,val,1,Vehicle_Horn
urbansound8k/121528,test,2,Siren
urbansound8k/121888,val,1,Dog_Bark
urbansound8k/122199,train,4,Dog_Bark
urbansound8k/122690,val,1,Gunshot
urbansound8k/123685,train,9,Car_Engine
urbansound8k/123688,train,30,Siren
urbansound8k/124389,train,19,Siren
urbansound8k/125520,train,5,Vehicle_Horn
urbansound8k/125523,train,3,Dog_Bark
urbansound8k/125554,val,1,Dog_Bark
urbansound8k/125574,train,1,Dog_Bark
urbansound8k/125678,test,45,Jackhammer
urbansound8k/125791,train,4,Dog_Bark
urbansound8k/12647,train,4,Dog_Bark
urbansound8k/126521,train,4,Dog_Bark
urbansound8k/127443,train,13,Drilling
urbansound8k/127538,train,3,Drilling
urbansound8k/128030,test,3,Dog_Bark
urbansound8k/12812,train,3,Car_Engine
urbansound8k/128160,train,16,Car_Engine
urbansound8k/128240,test,4,Dog_Bark
urbansound8k/128465,train,9,Vehicle_Horn
urbansound8k/128470,val,4,Dog_Bark
urbansound8k/128607,test,9,Drilling
urbansound8k/128891,train,3,Dog_Bark
urbansound8k/130030,val,1,Dog_Bark
urbansound8k/130961,test,17,Drilling
urbansound8k/131571,val,1,Gunshot
urbansound8k/131918,test,9,Jackhammer
urbansound8k/132016,train,9,Jackhammer
urbansound8k/132021,train,14,Jackhammer
urbansound8k/132073,train,5,Vehicle_Horn
urbansound8k/133473,train,6,Siren
urbansound8k/133797,val,3,Gunshot
urbansound8k/135160,train,12,Siren
urbansound8k/135526,train,14,Gunshot
urbansound8k/135527,val,25,Gunshot
urbansound8k/135528,train,15,Gunshot
urbansound8k/135544,train,19,Gunshot
urbansound8k/13577,train,3,Dog_Bark
urbansound8k/135849,train,1,Drilling
urbansound8k/136399,train,10,Gunshot
urbansound8k/137803,train,3,Dog_Bark
urbansound8k/137815,val,11,Drilling
urbansound8k/138015,val,3,Dog_Bark
urbansound8k/138465,train,1,Vehicle_Horn
urbansound8k/138468,train,1,Vehicle_Horn
urbansound8k/139000,val,3,Drilling
urbansound8k/139948,train,4,Dog_Bark
urbansound8k/140824,val,1,Drilling
urbansound8k/14110,train,3,Drilling
urbansound8k/14111,train,8,Drilling
urbansound8k/14113,train,2,Drilling
urbansound8k/14114,val,4,Drilling
urbansound8k/14115,train,1,Drilling
urbansound8k/141240,train,2,Car_Engine
urbansound8k/143115,train,3,Vehicle_Horn
urbansound8k/14358,val,4,Dog_Bark
urbansound8k/143604,train,1,Car_Engine
urbansound8k/143970,train,4,Car_Engine
urbansound8k/144007,train,34,Car_Engine
urbansound8k/144028,train,3,Dog_Bark
urbansound8k/144068,train,34,Car_Engine
urbansound8k/144351,train,20,Drilling
urbansound8k/14468,train,4,Dog_Bark
urbansound8k/145206,train,6,Gunshot
urbansound8k/14524,train,1,Vehicle_Horn
urbansound8k/145577,test,1,Vehicle_Horn
urbansound8k/145608,train,4,Gunshot
urbansound8k/145609,train,2,Gunshot
urbansound8k/145611,train,5,Gunshot
urbansound8k/145612,train,4,Gunshot
urbansound8k/145683,train,6,Gunshot
urbansound8k/146186,train,14,Car_Engine
urbansound8k/146244,train,1,Drilling
urbansound8k/146249,val,1,Drilling
urbansound8k/146343,train,1,Dog_Bark
urbansound8k/147019,test,1,Drilling
urbansound8k/147317,train,1,Gunshot
urbansound8k/14772,train,10,Jackhammer
urbansound8k/147764,test,11,Drilling
urbansound8k/148166,train,1,Gunshot
urbansound8k/148463,val,14,Jackhammer
urbansound8k/148632,test,19,Siren
urbansound8k/148827,test,5,Gunshot
urbansound8k/148828,val,2,Gunshot
urbansound8k/148833,train,2,Gunshot
urbansound8k/148834,train,1,Gunshot
urbansound8k/148835,test,5,Gunshot
urbansound8k/148837,train,3,Gunshot
urbansound8k/148838,train,3,Gunshot
urbansound8k/148841,train,3,Gunshot
urbansound8k/149177,train,1,Gunshot
urbansound8k/149193,train,6,Car_Engine
urbansound8k/151005,train,12,Drilling
urbansound8k/151065,test,1,Gunshot
urbansound8k/151069,train,1,Gunshot
urbansound8k/151071,train,1,Gunshot
urbansound8k/151877,train,2,Car_Engine
urbansound8k/152588,train,4,Dog_Bark
urbansound8k/152908,train,14,Car_Engine
urbansound8k/153057,val,1,Vehicle_Horn
urbansound8k/154758,train,22,Car_Engine
urbansound8k/155129,train,1,Vehicle_Horn
urbansound8k/155130,train,1,Vehicle_Horn
urbansound8k/155234,train,1,Vehicle_Horn
urbansound8k/155283,train,2,Vehicle_Horn
urbansound8k/155294,train,1,Dog_Bark
urbansound8k/155299,train,4,Dog_Bark
urbansound8k/155309,train,1,Dog_Bark
urbansound8k/155310,val,1,Dog_Bark
urbansound8k/155311,train,1,Dog_Bark
urbansound8k/155312,train,1,Dog_Bark
urbansound8k/155313,train,1,Dog_Bark
urbansound8k/155314,val,3,Dog_Bark
urbansound8k/155315,val,1,Dog_Bark
urbansound8k/155317,train,1,Dog_Bark
urbansound8k/155320,train,1,Dog_Bark
urbansound8k/15544,val,20,Car_Engine
urbansound8k/155488,train,4,Dog_Bark
urbansound8k/156091,train,1,Vehicle_Horn
urbansound8k/156358,train,7,Car_Engine
urbansound8k/156362,train,16,Drilling
urbansound8k/156418,val,4,Dog_Bark
urbansound8k/156634,train,23,Car_Engine
urbansound8k/156868,train,5,Siren
urbansound8k/156869,train,12,Siren
urbansound8k/156893,train,12,Jackhammer
urbansound8k/156897,train,1,Gunshot
urbansound8k/157207,train,11,Gunshot
urbansound8k/157322,train,4,Dog_Bark
urbansound8k/157648,train,1,Siren
urbansound8k/157649,test,4,Dog_Bark
urbansound8k/157695,val,4,Dog_Bark
urbansound8k/157799,train,1,Gunshot
urbansound8k/157800,train,1,Gunshot
urbansound8k/157801,train,1,Gunshot
urbansound8k/157866,train,28,Siren
urbansound8k/157867,test,29,Siren
urbansound8k/157868,val,28,Siren
urbansound8k/157950,val,1,Dog_Bark
urbansound8k/158607,test,3,Dog_Bark
urbansound8k/158608,train,11,Siren
urbansound8k/158977,train,1,Gunshot
urbansound8k/158978,val,1,Gunshot
urbansound8k/158979,train,1,Gunshot
urbansound8k/159176,train,1,Dog_Bark
urbansound8k/159701,train,7,Gunshot
urbansound8k/159702,val,7,Gunshot
urbansound8k/159703,train,1,Gunshot
urbansound8k/159704,train,1,Gunshot
urbansound8k/159705,val,1,Gunshot
urbansound8k/159706,train,1,Gunshot
urbansound8k/159707,test,1,Gunshot
urbansound8k/159708,train,1,Gunshot
urbansound8k/159709,train,1,Gunshot
urbansound8k/159710,train,1,Gunshot
urbansound8k/159726,train,2,Dog_Bark
urbansound8k/159738,train,16,Siren
urbansound8k/159742,train,10,Siren
urbansound8k/159743,train,1,Siren
urbansound8k/159744,train,13,Siren
urbansound8k/159745,train,6,Siren
urbansound8k/159747,train,17,Siren
urbansound8k/159748,train,20,Siren
urbansound8k/159750,train,6,Siren
urbansound8k/159751,train,22,Siren
urbansound8k/159752,train,18,Siren
urbansound8k/159753,train,7,Siren
urbansound8k/159754,train,5,Siren
urbansound8k/159755,train,4,Siren
urbansound8k/160366,train,4,Dog_Bark
urbansound8k/160575,val,4,Dog_Bark
urbansound8k/161010,train,4,Vehicle_Horn
urbansound8k/161129,train,17,Drilling
urbansound8k/161195,train,1,Gunshot
urbansound8k/161922,train,4,Dog_Bark
urbansound8k/161923,test,4,Dog_Bark
urbansound8k/162134,train,61,Jackhammer
urbansound8k/162431,train,4,Gunshot
urbansound8k/162432,train,15,Gunshot
urbansound8k/162433,train,4,Gunshot
urbansound8k/162434,train,3,Gunshot
urbansound8k/162435,train,4,Gunshot
urbansound8k/162436,train,1,Gunshot
urbansound8k/162702,train,1,Vehicle_Horn
urbansound8k/162703,val,1,Vehicle_Horn
urbansound8k/163459,test,1,Dog_Bark
urbansound8k/163460,val,1,Gunshot
urbansound8k/164053,val,7,Siren
urbansound8k/164311,train,2,Dog_Bark
urbansound8k/164312,train,4,Dog_Bark
urbansound8k/164626,val,1,Vehicle_Horn
urbansound8k/164627,test,1,Vehicle_Horn
urbansound8k/164646,train,1,Gunshot
urbansound8k/164667,train,1,Gunshot
urbansound8k/164782,train,8,Siren
urbansound8k/165039,train,29,Jackhammer
urbansound8k/165166,train,9,Siren
urbansound8k/165567,train,4,Dog_Bark
urbansound8k/165640,train,3,Drilling
urbansound8k/165641,val,2,Drilling
urbansound8k/165642,train,1,Drilling
urbansound8k/165643,train,1,Drilling
urbansound8k/165644,train,2,Drilling
urbansound8k/165645,test,6,Drilling
urbansound8k/165774,train,9,Jackhammer
urbansound8k/165775,train,1,Jackhammer
urbansound8k/165785,train,5,Drilling
urbansound8k/165786,train,1,Drilling
urbansound8k/166101,train,11,Car_Engine
urbansound8k/166268,train,1,Dog_Bark
urbansound8k/166421,train,3,Dog_Bark
urbansound8k/166489,train,3,Dog_Bark
urbansound8k/16692,test,11,Car_Engine
urbansound8k/166931,test,17,Drilling
urbansound8k/167701,train,17,Drilling
urbansound8k/167702,test,11,Drilling
urbansound8k/16772,train,1,Siren
urbansound8k/167750,train,4,Drilling
urbansound8k/168037,train,14,Drilling
urbansound8k/168846,test,18,Car_Engine
urbansound8k/169098,train,26,Jackhammer
urbansound8k/169261,train,1,Gunshot
urbansound8k/169466,train,21,Drilling
urbansound8k/170015,val,1,Dog_Bark
urbansound8k/17074,test,1,Vehicle_Horn
urbansound8k/171249,val,2,Vehicle_Horn
urbansound8k/171305,train,31,Jackhammer
urbansound8k/171464,train,3,Dog_Bark
urbansound8k/173993,val,4,Dog_Bark
urbansound8k/173994,train,4,Dog_Bark
urbansound8k/173995,train,4,Dog_Bark
urbansound8k/174026,train,4,Dog_Bark
urbansound8k/174276,val,7,Jackhammer
urbansound8k/174282,train,3,Gunshot
urbansound8k/174284,train,3,Gunshot
urbansound8k/174285,train,3,Gunshot
urbansound8k/174287,train,4,Gunshot
urbansound8k/174289,train,4,Gunshot
urbansound8k/174290,test,4,Gunshot
urbansound8k/174292,train,3,Gunshot
urbansound8k/174293,train,3,Gunshot
urbansound8k/174294,test,3,Gunshot
urbansound8k/174840,val,1,Vehicle_Horn
urbansound8k/174841,train,1,Vehicle_Horn
urbansound8k/17486,train,3,Dog_Bark
urbansound8k/174873,train,4,Dog_Bark
urbansound8k/174994,val,4,Dog_Bark
urbansound8k/17578,test,32,Car_Engine
urbansound8k/175843,train,1,Vehicle_Horn
urbansound8k/175844,val,1,Vehicle_Horn
urbansound8k/175845,train,1,Vehicle_Horn
urbansound8k/175846,train,1,Vehicle_Horn
urbansound8k/175847,train,1,Vehicle_Horn
urbansound8k/175848,train,1,Vehicle_Horn
urbansound8k/175849,train,1,Vehicle_Horn
urbansound8k/175850,train,1,Vehicle_Horn
urbansound8k/175851,train,1,Vehicle_Horn
urbansound8k/175852,train,1,Vehicle_Horn
urbansound8k/175854,train,1,Vehicle_Horn
urbansound8k/175855,val,1,Vehicle_Horn
urbansound8k/175856,test,1,Vehicle_Horn
urbansound8k/175915,train,4,Dog_Bark
urbansound8k/175917,train,4,Dog_Bark
urbansound8k/17592,train,5,Car_Engine
urbansound8k/176003,train,1,Vehicle_Horn
urbansound8k/17615,train,4,Dog_Bark
urbansound8k/176257,train,1,Dog_Bark
urbansound8k/176258,test,4,Dog_Bark
urbansound8k/176631,train,1,Vehicle_Horn
urbansound8k/176638,train,5,Car_Engine;Vehicle_Horn
urbansound8k/176783,train,4,Dog_Bark
urbansound8k/176787,val,31,Car_Engine
urbansound8k/177537,test,45,Jackhammer
urbansound8k/177592,train,11,Car_Engine
urbansound8k/177620,test,4,Dog_Bark
urbansound8k/17810,train,1,Dog_Bark
urbansound8k/178118,train,3,Dog_Bark
urbansound8k/178260,val,33,Jackhammer
urbansound8k/178261,train,10,Jackhammer
urbansound8k/178402,train,1,Vehicle_Horn
urbansound8k/178497,train,4,Dog_Bark
urbansound8k/17853,test,16,Car_Engine
urbansound8k/179096,train,4,Dog_Bark
urbansound8k/17913,test,5,Drilling
urbansound8k/179212,train,1,Drilling
urbansound8k/179386,train,4,Dog_Bark
urbansound8k/179725,test,1,Drilling
urbansound8k/179860,train,1,Vehicle_Horn
urbansound8k/179861,train,1,Vehicle_Horn
urbansound8k/179863,train,1,Vehicle_Horn
urbansound8k/179864,train,1,Vehicle_Horn
urbansound8k/179865,train,1,Vehicle_Horn
urbansound8k/179866,train,1,Vehicle_Horn
urbansound8k/179867,train,1,Vehicle_Horn
urbansound8k/179868,train,1,Vehicle_Horn
urbansound8k/180029,train,17,Drilling
urbansound8k/180052,train,4,Dog_Bark
urbansound8k/180125,train,18,Drilling
urbansound8k/180126,val,9,Drilling
urbansound8k/180127,val,22,Drilling
urbansound8k/180128,train,19,Drilling
urbansound8k/180132,val,4,Drilling
urbansound8k/180134,train,17,Drilling
urbansound8k/180156,val,9,Vehicle_Horn
urbansound8k/180256,train,4,Dog_Bark
urbansound8k/180257,train,4,Dog_Bark
urbansound8k/180937,train,95,Drilling;Jackhammer
urbansound8k/180960,train,1,Gunshot
urbansound8k/180977,test,3,Dog_Bark
urbansound8k/181624,val,9,Drilling
urbansound8k/181725,train,3,Dog_Bark
urbansound8k/182474,train,1,Vehicle_Horn
urbansound8k/183894,train,5,Vehicle_Horn
urbansound8k/183989,train,4,Dog_Bark
urbansound8k/183992,train,4,Dog_Bark
urbansound8k/184355,train,1,Vehicle_Horn
urbansound8k/18453,train,1,Dog_Bark
urbansound8k/184575,train,4,Dog_Bark
urbansound8k/184623,train,5,Siren
urbansound8k/184725,train,4,Dog_Bark
urbansound8k/185436,train,8,Vehicle_Horn
urbansound8k/185800,train,6,Drilling
urbansound8k/185801,train,3,Drilling
urbansound8k/18581,val,4,Dog_Bark
urbansound8k/18592,val,5,Car_Engine
urbansound8k/18594,val,1,Vehicle_Horn
urbansound8k/186935,train,2,Car_Engine
urbansound8k/186936,train,2,Car_Engine
urbansound8k/186938,train,1,Car_Engine
urbansound8k/186940,train,1,Car_Engine
urbansound8k/187075,train,9,Car_Engine
urbansound8k/187356,train,6,Vehicle_Horn
urbansound8k/187377,test,2,Drilling
urbansound8k/187378,val,4,Dog_Bark
urbansound8k/187863,train,6,Drilling
urbansound8k/187920,train,5,Jackhammer
urbansound8k/188004,train,3,Siren
urbansound8k/188813,train,18,Jackhammer
urbansound8k/188823,train,17,Jackhammer
urbansound8k/188824,train,13,Jackhammer
urbansound8k/189846,train,4,Dog_Bark
urbansound8k/189895,train,1,Dog_Bark
urbansound8k/19007,test,1,Drilling
urbansound8k/19026,train,1,Vehicle_Horn
urbansound8k/190680,test,3,Dog_Bark
urbansound8k/190996,test,3,Dog_Bark
urbansound8k/191382,train,4,Dog_Bark
urbansound8k/191449,val,1,Gunshot
urbansound8k/191687,train,4,Dog_Bark
urbansound8k/19218,train,1,Dog_Bark
urbansound8k/192236,train,4,Dog_Bark
urbansound8k/19338,train,4,Car_Engine
urbansound8k/193394,train,4,Dog_Bark
urbansound8k/194753,train,4,Dog_Bark
urbansound8k/194754,test,3,Dog_Bark
urbansound8k/19496,train,3,Dog_Bark
urbansound8k/194962,train,3,Car_Engine
urbansound8k/19503,train,3,Dog_Bark
urbansound8k/195063,train,2,Drilling
urbansound8k/195451,train,22,Car_Engine
urbansound8k/196127,train,4,Dog_Bark
urbansound8k/196400,val,1,Gunshot
urbansound8k/196561,train,4,Dog_Bark
urbansound8k/197073,test,4,Dog_Bark
urbansound8k/197074,train,3,Dog_Bark
urbansound8k/197075,train,4,Dog_Bark
urbansound8k/197080,train,4,Dog_Bark
urbansound8k/197243,train,2,Dog_Bark
urbansound8k/197318,test,13,Gunshot
urbansound8k/197320,test,13,Gunshot
urbansound8k/199261,train,4,Dog_Bark
urbansound8k/199769,val,19,Vehicle_Horn
urbansound8k/199929,train,3,Drilling
urbansound8k/20015,train,4,Dog_Bark
urbansound8k/200161,train,4,Dog_Bark
urbansound8k/200460,val,6,Gunshot
urbansound8k/200786,train,7,Car_Engine
urbansound8k/201207,test,4,Dog_Bark
urbansound8k/201652,test,32,Car_Engine
urbansound8k/201988,train,24,Car_Engine
urbansound8k/20285,train,4,Dog_Bark
urbansound8k/203128,val,3,Dog_Bark
urbansound8k/203355,test,2,Dog_Bark
urbansound8k/203356,train,4,Dog_Bark
urbansound8k/203440,train,4,Dog_Bark
urbansound8k/203516,train,1,Dog_Bark
urbansound8k/203913,train,19,Siren
urbansound8k/203929,train,72,Jackhammer
urbansound8k/203956,train,1,Vehicle_Horn
urbansound8k/203962,train,2,Car_Engine
urbansound8k/204765,train,1,Vehicle_Horn
urbansound8k/204773,train,4,Dog_Bark
urbansound8k/204919,test,4,Dog_Bark
urbansound8k/205013,train,1,Gunshot
urbansound8k/205610,train,6,Drilling
urbansound8k/20571,train,2,Dog_Bark
urbansound8k/205874,val,12,Drilling
urbansound8k/205878,train,1,Drilling
urbansound8k/207124,test,3,Dog_Bark
urbansound8k/207369,train,1,Dog_Bark
urbansound8k/207962,val,3,Dog_Bark
urbansound8k/208030,train,4,Dog_Bark
urbansound8k/20841,train,4,Dog_Bark
urbansound8k/208652,test,4,Siren
urbansound8k/209672,train,4,Dog_Bark
urbansound8k/209864,train,4,Car_Engine
urbansound8k/209992,train,27,Car_Engine
urbansound8k/21187,train,1,Car_Engine
urbansound8k/22347,train,4,Dog_Bark
urbansound8k/22601,train,55,Siren
urbansound8k/22882,val,2,Car_Engine
urbansound8k/22883,test,62,Jackhammer
urbansound8k/22885,train,1,Car_Engine
urbansound8k/22962,train,3,Drilling
urbansound8k/22973,test,3,Dog_Bark
urbansound8k/23131,train,4,Dog_Bark
urbansound8k/23218,train,1,Car_Engine
urbansound8k/23219,train,17,Car_Engine
urbansound8k/24074,train,14,Vehicle_Horn
urbansound8k/24076,train,2,Vehicle_Horn
urbansound8k/24347,val,100,Siren
urbansound8k/24364,train,13,Drilling
urbansound8k/24728,train,6,Jackhammer
urbansound8k/24965,val,3,Dog_Bark
urbansound8k/25037,test,2,Gunshot
urbansound8k/25038,test,2,Gunshot
urbansound8k/25039,val,2,Gunshot
urbansound8k/26173,train,1,Siren
urbansound8k/26176,train,1,Vehicle_Horn
urbansound8k/26177,train,2,Vehicle_Horn
urbansound8k/26184,train,8,Car_Engine
urbansound8k/26255,train,3,Dog_Bark
urbansound8k/26256,train,4,Dog_Bark
urbansound8k/26344,train,2,Drilling
urbansound8k/27216,test,4,Dog_Bark
urbansound8k/27217,train,3,Dog_Bark
urbansound8k/27349,train,4,Dog_Bark
urbansound8k/28284,train,3,Dog_Bark
urbansound8k/28426,train,3,Siren
urbansound8k/28808,test,14,Vehicle_Horn
urbansound8k/29721,test,15,Drilling
urbansound8k/29722,train,7,Drilling
urbansound8k/29932,train,2,Vehicle_Horn
urbansound8k/29936,train,4,Dog_Bark
urbansound8k/29937,train,4,Dog_Bark
urbansound8k/30206,val,40,Jackhammer
urbansound8k/30226,train,4,Dog_Bark
urbansound8k/30344,train,4,Dog_Bark
urbansound8k/30823,train,1,Siren
urbansound8k/30832,test,4,Dog_Bark
urbansound8k/31323,train,4,Dog_Bark
urbansound8k/31325,train,4,Dog_Bark
urbansound8k/31840,val,2,Dog_Bark
urbansound8k/31884,train,9,Jackhammer
urbansound8k/32318,train,2,Dog_Bark
urbansound8k/33340,train,17,Jackhammer
urbansound8k/33641,val,4,Dog_Bark
urbansound8k/33696,train,4,Dog_Bark
urbansound8k/33849,train,3,Dog_Bark
urbansound8k/34050,val,7,Jackhammer
urbansound8k/34241,train,3,Vehicle_Horn
urbansound8k/344,test,4,Dog_Bark
urbansound8k/34621,train,19,Drilling
urbansound8k/34643,train,6,Drilling
urbansound8k/34708,train,6,Gunshot
urbansound8k/34771,train,4,Dog_Bark
urbansound8k/34871,val,4,Dog_Bark
urbansound8k/34872,train,3,Dog_Bark
urbansound8k/34931,train,1,Dog_Bark
urbansound8k/34952,train,8,Siren
urbansound8k/35296,val,3,Dog_Bark
urbansound8k/35628,test,1,Dog_Bark
urbansound8k/35629,train,4,Dog_Bark
urbansound8k/35799,test,1,Gunshot
urbansound8k/35800,train,1,Gunshot
urbansound8k/36403,train,1,Gunshot
urbansound8k/36902,train,3,Dog_Bark
urbansound8k/37236,train,1,Gunshot
urbansound8k/37560,train,6,Drilling
urbansound8k/37869,train,4,Dog_Bark
urbansound8k/38121,val,1,Dog_Bark
urbansound8k/38231,train,4,Dog_Bark
urbansound8k/38236,val,3,Dog_Bark
urbansound8k/39532,val,4,Drilling
urbansound8k/39533,test,2,Drilling
urbansound8k/39847,train,14,Car_Engine
urbansound8k/39852,train,2,Car_Engine
urbansound8k/39854,train,6,Car_Engine
urbansound8k/39856,val,29,Car_Engine
urbansound8k/39857,test,12,Car_Engine
urbansound8k/39884,train,8,Car_Engine
urbansound8k/40717,train,7,Siren
urbansound8k/40722,train,9,Siren
urbansound8k/41306,train,3,Dog_Bark
urbansound8k/41372,train,4,Dog_Bark
urbansound8k/41918,val,2,Dog_Bark
urbansound8k/4201,train,1,Dog_Bark
urbansound8k/42097,test,3,Jackhammer
urbansound8k/42101,val,1,Vehicle_Horn
urbansound8k/42117,test,16,Siren
urbansound8k/42324,val,7,Drilling
urbansound8k/42371,val,1,Dog_Bark
urbansound8k/42937,train,3,Drilling
urbansound8k/43784,val,1,Dog_Bark
urbansound8k/43786,train,1,Dog_Bark
urbansound8k/43787,train,3,Dog_Bark
urbansound8k/43805,test,1,Siren
urbansound8k/43806,train,1,Siren
urbansound8k/44110,val,4,Dog_Bark
urbansound8k/44278,train,1,Vehicle_Horn
urbansound8k/44735,test,2,Car_Engine
urbansound8k/44736,train,2,Car_Engine
urbansound8k/44737,val,4,Car_Engine
urbansound8k/44831,train,3,Dog_Bark
urbansound8k/46391,train,2,Vehicle_Horn
urbansound8k/46654,val,1,Gunshot
urbansound8k/46655,train,1,Gunshot
urbansound8k/46656,train,6,Gunshot
urbansound8k/46668,train,3,Drilling
urbansound8k/46669,train,23,Drilling
urbansound8k/46918,train,3,Car_Engine
urbansound8k/47926,train,3,Dog_Bark
urbansound8k/4910,val,1,Dog_Bark
urbansound8k/4918,train,2,Dog_Bark
urbansound8k/49769,train,2,Car_Engine
urbansound8k/49808,train,3,Dog_Bark
urbansound8k/49809,train,3,Dog_Bark
urbansound8k/49974,test,1,Vehicle_Horn
urbansound8k/50223,train,4,Dog_Bark
urbansound8k/50413,train,4,Drilling
urbansound8k/50414,test,2,Drilling
urbansound8k/50415,test,2,Drilling
urbansound8k/50416,test,3,Drilling
urbansound8k/50454,train,1,Car_Engine
urbansound8k/50455,val,1,Car_Engine
urbansound8k/50612,val,1,Dog_Bark
urbansound8k/50613,train,1,Dog_Bark
urbansound8k/50614,test,1,Dog_Bark
urbansound8k/50618,train,1,Gunshot
urbansound8k/50629,train,17,Drilling
urbansound8k/50661,train,6,Car_Engine
urbansound8k/50668,train,12,Car_Engine
urbansound8k/50885,val,4,Dog_Bark
urbansound8k/50898,test,1,Car_Engine
urbansound8k/51022,train,3,Dog_Bark
urbansound8k/51024,train,4,Dog_Bark
urbansound8k/51027,train,4,Dog_Bark
urbansound8k/518,train,4,Drilling
urbansound8k/52077,test,4,Dog_Bark
urbansound8k/52171,train,2,Dog_Bark
urbansound8k/52284,val,1,Gunshot
urbansound8k/52357,train,1,Gunshot
urbansound8k/52441,train,4,Dog_Bark
urbansound8k/52633,test,4,Dog_Bark
urbansound8k/52740,train,4,Dog_Bark
urbansound8k/54086,train,3,Vehicle_Horn
urbansound8k/54187,val,5,Vehicle_Horn
urbansound8k/54545,test,3,Dog_Bark
urbansound8k/54697,val,5,Jackhammer
urbansound8k/54823,val,3,Dog_Bark
urbansound8k/54858,train,3,Dog_Bark
urbansound8k/54898,train,11,Siren
urbansound8k/54976,val,14,Drilling
urbansound8k/55013,train,4,Dog_Bark
urbansound8k/55020,val,15,Drilling
urbansound8k/57105,train,4,Dog_Bark
urbansound8k/57323,train,13,Siren
urbansound8k/57553,train,3,Dog_Bark
urbansound8k/57584,train,9,Drilling
urbansound8k/57596,test,2,Dog_Bark
urbansound8k/57696,train,6,Drilling
urbansound8k/58005,train,18,Drilling
urbansound8k/58202,train,1,Vehicle_Horn
urbansound8k/58382,train,1,Dog_Bark
urbansound8k/58937,train,16,Drilling
urbansound8k/59513,train,4,Dog_Bark
urbansound8k/59594,train,5,Drilling
urbansound8k/59595,train,2,Drilling
urbansound8k/59800,train,4,Dog_Bark
urbansound8k/61077,train,4,Dog_Bark
urbansound8k/61250,train,4,Dog_Bark
urbansound8k/62048,train,4,Dog_Bark
urbansound8k/62564,train,11,Car_Engine
urbansound8k/62566,train,11,Car_Engine
urbansound8k/62567,train,13,Car_Engine
urbansound8k/62837,train,66,Jackhammer
urbansound8k/62878,train,3,Siren
urbansound8k/63095,train,22,Drilling
urbansound8k/63261,train,2,Dog_Bark
urbansound8k/63292,test,2,Dog_Bark
urbansound8k/63932,train,4,Dog_Bark
urbansound8k/64346,train,1,Gunshot
urbansound8k/65381,train,3,Dog_Bark
urbansound8k/65472,val,1,Vehicle_Horn
urbansound8k/65745,test,4,Dog_Bark
urbansound8k/65749,test,4,Dog_Bark
urbansound8k/65750,train,4,Dog_Bark
urbansound8k/66115,train,2,Vehicle_Horn
urbansound8k/66587,train,2,Dog_Bark
urbansound8k/66601,val,6,Siren
urbansound8k/66622,train,9,Drilling
urbansound8k/66623,train,7,Drilling
urbansound8k/66996,train,2,Siren
urbansound8k/67049,train,3,Dog_Bark
urbansound8k/68080,train,10,Jackhammer
urbansound8k/68389,train,3,Dog_Bark
urbansound8k/68657,test,1,Vehicle_Horn
urbansound8k/69598,train,12,Drilling
urbansound8k/69661,train,3,Dog_Bark
urbansound8k/69777,val,3,Dog_Bark
urbansound8k/6988,train,6,Car_Engine
urbansound8k/69883,val,3,Dog_Bark
urbansound8k/70098,train,4,Dog_Bark
urbansound8k/70168,train,4,Dog_Bark
urbansound8k/7060,train,3,Gunshot
urbansound8k/7061,train,1,Gunshot
urbansound8k/7062,train,1,Gunshot
urbansound8k/7063,val,1,Gunshot
urbansound8k/7064,test,6,Gunshot
urbansound8k/7065,test,1,Gunshot
urbansound8k/7066,val,2,Gunshot
urbansound8k/7067,train,1,Gunshot
urbansound8k/7068,train,1,Gunshot
urbansound8k/70740,val,1,Siren
urbansound8k/71079,train,2,Drilling
urbansound8k/71080,train,2,Drilling
urbansound8k/71082,train,2,Drilling
urbansound8k/71086,train,3,Drilling
urbansound8k/71087,train,2,Drilling
urbansound8k/71088,test,3,Drilling
urbansound8k/71171,val,18,Drilling
urbansound8k/71177,val,9,Siren
urbansound8k/71309,train,9,Vehicle_Horn
urbansound8k/71312,train,4,Dog_Bark
urbansound8k/71439,train,3,Vehicle_Horn
urbansound8k/71529,val,10,Drilling
urbansound8k/71700,train,4,Dog_Bark
urbansound8k/72220,train,4,Dog_Bark
urbansound8k/72221,train,4,Dog_Bark
urbansound8k/72259,train,73,Vehicle_Horn
urbansound8k/72261,val,4,Dog_Bark
urbansound8k/72265,val,4,Dog_Bark
urbansound8k/72537,train,3,Dog_Bark
urbansound8k/72538,train,4,Dog_Bark
urbansound8k/72539,train,4,Dog_Bark
urbansound8k/72567,train,19,Vehicle_Horn
urbansound8k/72579,train,4,Dog_Bark
urbansound8k/72723,train,1,Dog_Bark
urbansound8k/72724,test,4,Dog_Bark
urbansound8k/72829,test,3,Dog_Bark
urbansound8k/73168,val,3,Vehicle_Horn
urbansound8k/73373,train,1,Dog_Bark
urbansound8k/73623,train,8,Jackhammer
urbansound8k/7383,train,3,Dog_Bark
urbansound8k/7389,test,35,Vehicle_Horn
urbansound8k/74364,train,28,Siren
urbansound8k/74495,val,2,Dog_Bark
urbansound8k/74513,train,4,Dog_Bark
urbansound8k/74723,val,3,Dog_Bark
urbansound8k/74725,train,2,Dog_Bark
urbansound8k/74726,train,26,Siren
urbansound8k/74922,val,8,Drilling
urbansound8k/74950,train,3,Dog_Bark
urbansound8k/74965,val,7,Drilling
urbansound8k/75490,train,5,Siren
urbansound8k/76085,test,16,Drilling
urbansound8k/76086,train,21,Drilling
urbansound8k/76089,train,1,Gunshot
urbansound8k/76091,train,1,Gunshot
urbansound8k/76093,train,2,Gunshot
urbansound8k/76094,train,2,Gunshot
urbansound8k/76566,train,4,Dog_Bark
urbansound8k/76640,train,1,Dog_Bark
urbansound8k/77233,train,4,Dog_Bark
urbansound8k/77246,train,1,Gunshot
urbansound8k/77247,train,1,Gunshot
urbansound8k/77509,train,1,Vehicle_Horn
urbansound8k/77674,train,1,Dog_Bark
urbansound8k/77751,train,30,Drilling;Jackhammer
urbansound8k/77774,train,6,Drilling
urbansound8k/77927,train,4,Dog_Bark
urbansound8k/78360,train,22,Drilling
urbansound8k/78651,train,18,Car_Engine
urbansound8k/78776,train,1,Gunshot
urbansound8k/7913,train,4,Dog_Bark
urbansound8k/79584,train,4,Dog_Bark
urbansound8k/7965,val,4,Dog_Bark
urbansound8k/7975,train,1,Dog_Bark
urbansound8k/81068,train,8,Car_Engine
urbansound8k/81117,train,6,Drilling
urbansound8k/81722,train,4,Dog_Bark
urbansound8k/81791,test,3,Dog_Bark
urbansound8k/81799,test,4,Dog_Bark
urbansound8k/82024,test,4,Dog_Bark
urbansound8k/82317,val,1,Vehicle_Horn
urbansound8k/82811,train,4,Dog_Bark
urbansound8k/83465,train,1,Vehicle_Horn
urbansound8k/83488,train,1,Vehicle_Horn
urbansound8k/83680,val,4,Car_Engine
urbansound8k/84254,train,1,Gunshot
urbansound8k/84317,val,1,Dog_Bark
urbansound8k/84699,train,7,Drilling
urbansound8k/85362,val,4,Dog_Bark
urbansound8k/85544,train,3,Dog_Bark
urbansound8k/85574,train,4,Dog_Bark
urbansound8k/85661,test,1,Dog_Bark
urbansound8k/85662,val,1,Dog_Bark
urbansound8k/85663,train,1,Dog_Bark
urbansound8k/85664,train,1,Dog_Bark
urbansound8k/85665,train,1,Dog_Bark
urbansound8k/86278,train,1,Gunshot
urbansound8k/86279,train,1,Dog_Bark
urbansound8k/86284,val,2,Dog_Bark
urbansound8k/87562,train,1,Gunshot
urbansound8k/88121,train,6,Siren
urbansound8k/88466,test,1,Jackhammer
urbansound8k/89099,train,3,Drilling
urbansound8k/89209,val,1,Dog_Bark
urbansound8k/89210,val,1,Dog_Bark
urbansound8k/89211,val,1,Dog_Bark
urbansound8k/89212,train,1,Dog_Bark
urbansound8k/89213,train,1,Dog_Bark
urbansound8k/89679,train,2,Vehicle_Horn
urbansound8k/89724,train,6,Car_Engine
urbansound8k/89948,train,1,Car_Engine
urbansound8k/90013,val,14,Jackhammer
urbansound8k/90014,test,7,Siren
urbansound8k/9031,train,3,Dog_Bark
urbansound8k/9032,val,2,Dog_Bark
urbansound8k/90846,train,1,Siren
urbansound8k/91209,train,9,Car_Engine
urbansound8k/91396,train,4,Siren
urbansound8k/91533,test,4,Car_Engine
urbansound8k/93139,train,1,Gunshot
urbansound8k/93567,test,20,Siren
urbansound8k/94020,train,2,Siren
urbansound8k/94401,train,1,Vehicle_Horn
urbansound8k/94632,val,31,Car_Engine
urbansound8k/94636,train,22,Siren
urbansound8k/94710,train,5,Car_Engine
urbansound8k/95077,train,1,Car_Engine
urbansound8k/95404,train,4,Dog_Bark
urbansound8k/95532,test,1,Dog_Bark
urbansound8k/95536,test,4,Dog_Bark
urbansound8k/95549,train,4,Dog_Bark
urbansound8k/95562,train,5,Drilling
urbansound8k/96158,train,1,Drilling
urbansound8k/96159,test,2,Drilling
urbansound8k/96657,train,4,Siren
urbansound8k/9674,train,3,Vehicle_Horn
urbansound8k/97193,train,4,Dog_Bark
urbansound8k/97392,train,1,Dog_Bark
urbansound8k/97606,train,6,Jackhammer
urbansound8k/97756,train,1,Dog_Bark
urbansound8k/98223,test,11,Jackhammer
urbansound8k/98525,train,1,Siren
urbansound8k/98536,train,1,Siren
urbansound8k/98859,train,8,Jackhammer
urbansound8k/99185,val,1,Dog_Bark
urbansound8k/99192,train,27,Drilling
urbansound8k/99812,train,9,Vehicle_Horn
