source_dataset,source_file,source_id,original_label,project_class,local_path,license,source_url,duration,sample_rate,channels,fold,start,end,validation_status,v_duration,v_sample_rate,v_channels,v_peak,v_sha256,v_notes
owlgebra_babycry,donateacry__549a46d8-9c84-430e-ade8-97eae2bef787-1430130772174-1.7-m-48-bp.wav,donateacry:549a46d8-9c84-430e-ade8-97eae2bef787-1430130772174-1.7-m-48-bp,belly_pain,Baby_Crying,data/raw/babycry/Baby_Crying/donateacry__549a46d8-9c84-430e-ade8-97eae2bef787-1430130772174-1.7-m-48-bp.wav,ODbL-1.0,https://huggingface.co/datasets/owlgebra-ai/babycry,6.86,8000,1,-1,0.0,6.86,ok,6.86,8000,1,,32938732caae90647a1d90ac5b91d8143e3a05accb5f3ce9aabf97d63a0bb815,
owlgebra_babycry,donateacry__643D64AD-B711-469A-AF69-55C0D5D3E30F-1430138506-1.0-m-72-bp.wav,donateacry:643D64AD-B711-469A-AF69-55C0D5D3E30F-1430138506-1.0-m-72-bp,belly_pain,Baby_Crying,data/raw/babycry/Baby_Crying/donateacry__643D64AD-B711-469A-AF69-55C0D5D3E30F-1430138506-1.0-m-72-bp.wav,ODbL-1.0,https://huggingface.co/datasets/owlgebra-ai/babycry,7.0,8000,1,-1,0.0,7.0,ok,7.0,8000,1,,62266dea0b78cd004afd86feee74ff29c706cb12f1f248c988904a1fcd28d61d,
owlgebra_babycry,donateacry__643D64AD-B711-469A-AF69-55C0D5D3E30F-1430138514-1.0-m-72-bp.wav,donateacry:643D64AD-B711-469A-AF69-55C0D5D3E30F-1430138514-1.0-m-72-bp,belly_pain,Baby_Crying,data/raw/babycry/Baby_Crying/donateacry__643D64AD-B711-469A-AF69-55C0D5D3E30F-1430138514-1.0-m-72-bp.wav,ODbL-1.0,https://huggingface.co/datasets/owlgebra-ai/babycry,7.0,8000,1,-1,0.0,7.0,ok,7.0,8000,1,,fcbbb79779954c227ae708b04f4a5ef2731727b24769c7a6aabc82762fad48a2,
owlgebra_babycry,donateacry__643D64AD-B711-469A-AF69-55C0D5D3E30F-1430138536-1.0-m-72-bp.wav,donateacry:643D64AD-B711-469A-AF69-55C0D5D3E30F-1430138536-1.0-m-72-bp,belly_pain,Baby_Crying,data/raw/babycry/Baby_Crying/donateacry__643D64AD-B711-469A-AF69-55C0D5D3E30F-1430138536-1.0-m-72-bp.wav,ODbL-1.0,https://huggingface.co/datasets/owlgebra-ai/babycry,7.0,8000,1,-1,0.0,7.0,ok,7.0,8000,1,,61e2d85c38f1ecd70828618b17ecb965fac133078f2ba8f088227744ae2f6290,
owlgebra_babycry,donateacry__643D64AD-B711-469A-AF69-55C0D5D3E30F-1430138545-1.0-m-72-bp.wav,donateacry:643D64AD-B711-469A-AF69-55C0D5D3E30F-1430138545-1.0-m-72-bp,belly_pain,Baby_Crying,data/raw/babycry/Baby_Crying/donateacry__643D64AD-B711-469A-AF69-55C0D5D3E30F-1430138545-1.0-m-72-bp.wav,ODbL-1.0,https://huggingface.co/datasets/owlgebra-ai/babycry,7.0,8000,1,-1,0.0,7.0,ok,7.0,8000,1,,05231087b4c12ee7afccec781dd189cd98f9fc21afd8cbe01a39bc2cca3fa4e1,
owlgebra_babycry,donateacry__643D64AD-B711-469A-AF69-55C0D5D3E30F-1430138591-1.0-m-72-bp.wav,donateacry:643D64AD-B711-469A-AF69-55C0D5D3E30F-1430138591-1.0-m-72-bp,belly_pain,Baby_Crying,data/raw/babycry/Baby_Crying/donateacry__643D64AD-B711-469A-AF69-55C0D5D3E30F-1430138591-1.0-m-72-bp.wav,ODbL-1.0,https://huggingface.co/datasets/owlgebra-ai/babycry,7.0,8000,1,-1,0.0,7.0,ok,7.0,8000,1,,f3cb45e19ca8d2e8b4c36879ae4d2b28e1ff6ef7d4f9bdc5c07781e779c35413,
owlgebra_babycry,donateacry__69BDA5D6-0276-4462-9BF7-951799563728-1436936185-1.1-m-26-bp.wav,donateacry:69BDA5D6-0276-4462-9BF7-951799563728-1436936185-1.1-m-26-bp,belly_pain,Baby_Crying,data/raw/babycry/Baby_Crying/donateacry__69BDA5D6-0276-4462-9BF7-951799563728-1436936185-1.1-m-26-bp.wav,ODbL-1.0,https://huggingface.co/datasets/owlgebra-ai/babycry,7.0,8000,1,-1,0.0,7.0,ok,7.0,8000,1,,898f0afd3ece064760bc81c4aef2a08c443a9191a5bd3121f5aa76359dce5bd6,
owlgebra_babycry,donateacry__999bf14b-e417-4b44-b746-9253f81efe38-1430974001343-1.7-m-26-bp.wav,donateacry:999bf14b-e417-4b44-b746-9253f81efe38-1430974001343-1.7-m-26-bp,belly_pain,Baby_Crying,data/raw/babycry/Baby_Crying/donateacry__999bf14b-e417-4b44-b746-9253f81efe38-1430974001343-1.7-m-26-bp.wav,ODbL-1.0,https://huggingface.co/datasets/owlgebra-ai/babycry,6.9,8000,1,-1,0.0,6.9,ok,6.9,8000,1,,dff73686f70b9b0ed15fa792d2b9a589eabc81bac9e633cfabf50aa3c9fd0efa,
owlgebra_babycry,donateacry__C421C6FE-DFEE-4080-8AEA-848E7CE4756B-1430548333-1.0-f-26-bp.wav,donateacry:C421C6FE-DFEE-4080-8AEA-848E7CE4756B-1430548333-1.0-f-26-bp,belly_pain,Baby_Crying,data/raw/babycry/Baby_Crying/donateacry__C421C6FE-DFEE-4080-8AEA-848E7CE4756B-1430548333-1.0-f-26-bp.wav,ODbL-1.0,https://huggingface.co/datasets/owlgebra-ai/babycry,7.0,8000,1,-1,0.0,7.0,ok,7.0,8000,1,,6a6b725d84b74139fbade066b69faea9b4f97923e57322b7530631c7cc28a287,
owlgebra_babycry,donateacry__ae5f103b-5fee-442f-bb1b-d9d0570c46ab-1431533857965-1.7-m-26-bp.wav,donateacry:ae5f103b-5fee-442f-bb1b-d9d0570c46ab-1431533857965-1.7-m-26-bp,belly_pain,Baby_Crying,data/raw/babycry/Baby_Crying/donateacry__ae5f103b-5fee-442f-bb1b-d9d0570c46ab-1431533857965-1.7-m-26-bp.wav,ODbL-1.0,https://huggingface.co/datasets/owlgebra-ai/babycry,6.96,8000,1,-1,0.0,6.96,ok,6.96,8000,1,,55f981f204ae5dc87070c53945c3b81cf366dd6e76ef49c169e69fc6cf229636,
owlgebra_babycry,donateacry__d6cda191-4962-4308-9a36-46d5648a95ed-1431700390946-1.7-m-04-bp.wav,donateacry:d6cda191-4962-4308-9a36-46d5648a95ed-1431700390946-1.7-m-04-bp,belly_pain,Baby_Crying,data/raw/babycry/Baby_Crying/donateacry__d6cda191-4962-4308-9a36-46d5648a95ed-1431700390946-1.7-m-04-bp.wav,ODbL-1.0,https://huggingface.co/datasets/owlgebra-ai/babycry,6.84,8000,1,-1,0.0,6.84,ok,6.84,8000,1,,3b5a50378fd80f919687e1d0b0db832412f4f99b3fb73341318750b24173ca55,
owlgebra_babycry,donateacry__1309B82C-F146-46F0-A723-45345AFA6EA8-1430703937-1.0-f-48-dc.wav,donateacry:1309B82C-F146-46F0-A723-45345AFA6EA8-1430703937-1.0-f-48-dc,discomfort,Baby_Crying,data/raw/babycry/Baby_Crying/donateacry__1309B82C-F146-46F0-A723-45345AFA6EA8-1430703937-1.0-f-48-dc.wav,ODbL-1.0,https://huggingface.co/datasets/owlgebra-ai/babycry,7.0,8000,1,-1,0.0,7.0,ok,7.0,8000,1,,32f9d12c79cec22682fcf543243bcde83078bfeaecffd763e5fd586a361e70b0,
owlgebra_babycry,donateacry__2294E2B2-8E36-4DA6-A898-B947CB9446AB-1436462707-1.1-m-26-dc.wav,donateacry:2294E2B2-8E36-4DA6-A898-B947CB9446AB-1436462707-1.1-m-26-dc,discomfort,Baby_Crying,data/raw/babycry/Baby_Crying/donateacry__2294E2B2-8E36-4DA6-A898-B947CB9446AB-1436462707-1.1-m-26-dc.wav,ODbL-1.0,https://huggingface.co/datasets/owlgebra-ai/babycry,7.0,8000,1,-1,0.0,7.0,ok,7.0,8000,1,,c31b5d51639b28b01915fe8ea0d85971746260054effd5913f8348efb5941227,
owlgebra_babycry,donateacry__64acb345-a61e-4ef3-a5a6-cf83c04b83f1-1430058990597-1.7-m-72-dc.wav,donateacry:64acb345-a61e-4ef3-a5a6-cf83c04b83f1-1430058990597-1.7-m-72-dc,discomfort,Baby_Crying,data/raw/babycry/Baby_Crying/donateacry__64acb345-a61e-4ef3-a5a6-cf83c04b83f1-1430058990597-1.7-m-72-dc.wav,ODbL-1.0,https://huggingface.co/datasets/owlgebra-ai/babycry,6.66,8000,1,-1,0.0,6.66,ok,6.66,8000,1,,a4bcd58370f7ce51747a6538ad52417ed275f912b813df669ba617aa00c6a96d,
owlgebra_babycry,donateacry__64acb345-a61e-4ef3-a5a6-cf83c04b83f1-1430059012473-1.7-m-72-dc.wav,donateacry:64acb345-a61e-4ef3-a5a6-cf83c04b83f1-1430059012473-1.7-m-72-dc,discomfort,Baby_Crying,data/raw/babycry/Baby_Crying/donateacry__64acb345-a61e-4ef3-a5a6-cf83c04b83f1-1430059012473-1.7-m-72-dc.wav,ODbL-1.0,https://huggingface.co/datasets/owlgebra-ai/babycry,6.68,8000,1,-1,0.0,6.68,ok,6.68,8000,1,,1cad569fe828d51c2545b79c01e68ec4bbe9656782e7337ebb252396ed7d1d77,
owlgebra_babycry,donateacry__665BDF6D-2897-49F9-8AD0-978B3B2A0468-1430530218-1.0-m-26-dc.wav,donateacry:665BDF6D-2897-49F9-8AD0-978B3B2A0468-1430530218-1.0-m-26-dc,discomfort,Baby_Crying,data/raw/babycry/Baby_Crying/donateacry__665BDF6D-2897-49F9-8AD0-978B3B2A0468-1430530218-1.0-m-26-dc.wav,ODbL-1.0,https://huggingface.co/datasets/owlgebra-ai/babycry,7.0,8000,1,-1,0.0,7.0,ok,7.0,8000,1,,e8eb97b1f0338ddb80749f77eacde9958e230adb2f0b44538d1763531178db38,
owlgebra_babycry,donateacry__7b0e160e-0505-459e-8ecb-304d7afae9d2-1437486974312-1.7-m-04-dc.wav,donateacry:7b0e160e-0505-459e-8ecb-304d7afae9d2-1437486974312-1.7-m-04-dc,discomfort,Baby_Crying,data/raw/babycry/Baby_Crying/donateacry__7b0e160e-0505-459e-8ecb-304d7afae9d2-1437486974312-1.7-m-04-dc.wav,ODbL-1.0,https://huggingface.co/datasets/owlgebra-ai/babycry,6.9,8000,1,-1,0.0,6.9,ok,6.9,8000,1,,c9242f04e1e13051fb8ffce9e69d4530727e9b0b938a9cc0932bc43272e7ed02,
owlgebra_babycry,donateacry__837fd072-8704-4196-9ff1-1d2c07886e55-1432429478471-1.7-m-22-dc.wav,donateacry:837fd072-8704-4196-9ff1-1d2c07886e55-1432429478471-1.7-m-22-dc,discomfort,Baby_Crying,data/raw/babycry/Baby_Crying/donateacry__837fd072-8704-4196-9ff1-1d2c07886e55-1432429478471-1.7-m-22-dc.wav,ODbL-1.0,https://huggingface.co/datasets/owlgebra-ai/babycry,6.96,8000,1,-1,0.0,6.96,ok,6.96,8000,1,,898c2dea2e5f90f1000ef2b50eac97671c3a3eda77c2739b25a40e88f5955db3,
owlgebra_babycry,donateacry__999bf14b-e417-4b44-b746-9253f81efe38-1430844958178-1.7-m-04-ch.wav,donateacry:999bf14b-e417-4b44-b746-9253f81efe38-1430844958178-1.7-m-04-ch,discomfort,Baby_Crying,data/raw/babycry/Baby_Crying/donateacry__999bf14b-e417-4b44-b746-9253f81efe38-1430844958178-1.7-m-04-ch.wav,ODbL-1.0,https://huggingface.co/datasets/owlgebra-ai/babycry,6.9,8000,1,-1,0.0,6.9,ok,6.9,8000,1,,30e621aad2cb67f992da0750a42b36bfcfd17467037f05f188bf0007a28bb431,
owlgebra_babycry,donateacry__999bf14b-e417-4b44-b746-9253f81efe38-1430844979531-1.7-m-04-ch.wav,donateacry:999bf14b-e417-4b44-b746-9253f81efe38-1430844979531-1.7-m-04-ch,discomfort,Baby_Crying,data/raw/babycry/Baby_Crying/donateacry__999bf14b-e417-4b44-b746-9253f81efe38-1430844979531-1.7-m-04-ch.wav,ODbL-1.0,https://huggingface.co/datasets/owlgebra-ai/babycry,6.9,8000,1,-1,0.0,6.9,ok,6.9,8000,1,,9c41d2632e6881372099cf7b4309b4b258476010633fc603e2204be2529f56e4,
owlgebra_babycry,donateacry__999bf14b-e417-4b44-b746-9253f81efe38-1430845018393-1.7-m-26-ch.wav,donateacry:999bf14b-e417-4b44-b746-9253f81efe38-1430845018393-1.7-m-26-ch,discomfort,Baby_Crying,data/raw/babycry/Baby_Crying/donateacry__999bf14b-e417-4b44-b746-9253f81efe38-1430845018393-1.7-m-26-ch.wav,ODbL-1.0,https://huggingface.co/datasets/owlgebra-ai/babycry,6.9,8000,1,-1,0.0,6.9,ok,6.9,8000,1,,f17ada8521c680f62b3a376266da3372c9a3f2370e560d617d31feb930e741fb,
owlgebra_babycry,donateacry__d6cda191-4962-4308-9a36-46d5648a95ed-1431086262776-1.7-m-04-ch.wav,donateacry:d6cda191-4962-4308-9a36-46d5648a95ed-1431086262776-1.7-m-04-ch,discomfort,Baby_Crying,data/raw/babycry/Baby_Crying/donateacry__d6cda191-4962-4308-9a36-46d5648a95ed-1431086262776-1.7-m-04-ch.wav,ODbL-1.0,https://huggingface.co/datasets/owlgebra-ai/babycry,6.84,8000,1,-1,0.0,6.84,ok,6.84,8000,1,,effde347e57df1283f9cb2fe4b885bf92d566f64b12d5f0225498df91c820483,
owlgebra_babycry,donateacry__f258a8e2-92cd-4843-9da4-80ed26ec8e10-1436944996156-1.7-f-26-ch.wav,donateacry:f258a8e2-92cd-4843-9da4-80ed26ec8e10-1436944996156-1.7-f-26-ch,discomfort,Baby_Crying,data/raw/babycry/Baby_Crying/donateacry__f258a8e2-92cd-4843-9da4-80ed26ec8e10-1436944996156-1.7-f-26-ch.wav,ODbL-1.0,https://huggingface.co/datasets/owlgebra-ai/babycry,6.66,8000,1,-1,0.0,6.66,ok,6.66,8000,1,,098e8541c0596f9876d0f6a9ab3b44a1db470b9e6d34d99202b6661e6ad5bdeb,
owlgebra_babycry,donateacry__f5b29377-7cd6-4688-942c-5a07add39dc5-1437480263225-1.7-f-26-dc.wav,donateacry:f5b29377-7cd6-4688-942c-5a07add39dc5-1437480263225-1.7-f-26-dc,discomfort,Baby_Crying,data/raw/babycry/Baby_Crying/donateacry__f5b29377-7cd6-4688-942c-5a07add39dc5-1437480263225-1.7-f-26-dc.wav,ODbL-1.0,https://huggingface.co/datasets/owlgebra-ai/babycry,7.06,8000,1,-1,0.0,7.06,ok,7.06,8000,1,,68c1432135d318019e8adb79d2b034326a198e428cf18a8127d7ea4ce3ce92f1,
owlgebra_babycry,donateacry__02c3b725-26e4-4a2c-9336-04ddc58836d9-1430726196216-1.7-m-04-hu.wav,donateacry:02c3b725-26e4-4a2c-9336-04ddc58836d9-1430726196216-1.7-m-04-hu,hungry,Baby_Crying,data/raw/babycry/Baby_Crying/donateacry__02c3b725-26e4-4a2c-9336-04ddc58836d9-1430726196216-1.7-m-04-hu.wav,ODbL-1.0,https://huggingface.co/datasets/owlgebra-ai/babycry,6.94,8000,1,-1,0.0,6.94,ok,6.94,8000,1,,92e659ecfdb745b96880dc49edfdf51a120b6037013ef0a3f6b50d0d81d7a2f1,
owlgebra_babycry,donateacry__02ead89b-aa02-453e-8b83-6ebde9fe7551-1430233132879-1.7-m-26-hu.wav,donateacry:02ead89b-aa02-453e-8b83-6ebde9fe7551-1430233132879-1.7-m-26-hu,hungry,Baby_Crying,data/raw/babycry/Baby_Crying/donateacry__02ead89b-aa02-453e-8b83-6ebde9fe7551-1430233132879-1.7-m-26-hu.wav,ODbL-1.0,https://huggingface.co/datasets/owlgebra-ai/babycry,6.9,8000,1,-1,0.0,6.9,ok,6.9,8000,1,,76ead9148c54c2974a13926c73ba0f5766829f3571ea2d1cf10c9fb8298b68a3,
owlgebra_babycry,donateacry__03abcb8f-400a-47d8-ad82-7e4586cc06be-1431864192133-1.7-f-48-hu.wav,donateacry:03abcb8f-400a-47d8-ad82-7e4586cc06be-1431864192133-1.7-f-48-hu,hungry,Baby_Crying,data/raw/babycry/Baby_Crying/donateacry__03abcb8f-400a-47d8-ad82-7e4586cc06be-1431864192133-1.7-f-48-hu.wav,ODbL-1.0,https://huggingface.co/datasets/owlgebra-ai/babycry,6.98,8000,1,-1,0.0,6.98,ok,6.98,8000,1,,7c5f9fde2eabd42405c4332c10a55fa1a96c59d58fb1abb25bda0820f6f5facf,
owlgebra_babycry,donateacry__0776b33b-c41a-4a2e-8b9c-f1c184be00c8-1437123838264-1.7-f-26-hu.wav,donateacry:0776b33b-c41a-4a2e-8b9c-f1c184be00c8-1437123838264-1.7-f-26-hu,hungry,Baby_Crying,data/raw/babycry/Baby_Crying/donateacry__0776b33b-c41a-4a2e-8b9c-f1c184be00c8-1437123838264-1.7-f-26-hu.wav,ODbL-1.0,https://huggingface.co/datasets/owlgebra-ai/babycry,6.96,8000,1,-1,0.0,6.96,ok,6.96,8000,1,,cb4f4c0a6912851570474e0598fbf27ac72064d7a9db48d64e572ffca6c2b40c,
owlgebra_babycry,donateacry__08E9485B-2772-444B-A636-77E14DD14A8C-1431493453-1.0-m-04-hu.wav,donateacry:08E9485B-2772-444B-A636-77E14DD14A8C-1431493453-1.0-m-04-hu,hungry,Baby_Crying,data/raw/babycry/Baby_Crying/donateacry__08E9485B-2772-444B-A636-77E14DD14A8C-1431493453-1.0-m-04-hu.wav,ODbL-1.0,https://huggingface.co/datasets/owlgebra-ai/babycry,7.0,8000,1,-1,0.0,7.0,ok,7.0,8000,1,,c54ad3df23caad2ba6edf1c6a2a86cf0935b601707df5ad7c891fe115463f152,
owlgebra_babycry,donateacry__090C15A8-5406-4EA5-97A3-81F6527227C0-1430147533-1.0-m-72-hu.wav,donateacry:090C15A8-5406-4EA5-97A3-81F6527227C0-1430147533-1.0-m-72-hu,hungry,Baby_Crying,data/raw/babycry/Baby_Crying/donateacry__090C15A8-5406-4EA5-97A3-81F6527227C0-1430147533-1.0-m-72-hu.wav,ODbL-1.0,https://huggingface.co/datasets/owlgebra-ai/babycry,7.0,8000,1,-1,0.0,7.0,ok,7.0,8000,1,,fcf72cd6c47f47f6d7a1c4288b962f3e8fe9ebad1d86d8db0392f548d96df4ac,
owlgebra_babycry,donateacry__090C15A8-5406-4EA5-97A3-81F6527227C0-1430147582-1.0-m-72-hu.wav,donateacry:090C15A8-5406-4EA5-97A3-81F6527227C0-1430147582-1.0-m-72-hu,hungry,Baby_Crying,data/raw/babycry/Baby_Crying/donateacry__090C15A8-5406-4EA5-97A3-81F6527227C0-1430147582-1.0-m-72-hu.wav,ODbL-1.0,https://huggingface.co/datasets/owlgebra-ai/babycry,7.0,8000,1,-1,0.0,7.0,ok,7.0,8000,1,,8c5e299c20b18a176e331958aebb96e7badbfc2d48153f4b687cd6199eb04cff,
owlgebra_babycry,donateacry__0D1AD73E-4C5E-45F3-85C4-9A3CB71E8856-1430742197-1.0-m-04-hu.wav,donateacry:0D1AD73E-4C5E-45F3-85C4-9A3CB71E8856-1430742197-1.0-m-04-hu,hungry,Baby_Crying,data/raw/babycry/Baby_Crying/donateacry__0D1AD73E-4C5E-45F3-85C4-9A3CB71E8856-1430742197-1.0-m-04-hu.wav,ODbL-1.0,https://huggingface.co/datasets/owlgebra-ai/babycry,7.0,8000,1,-1,0.0,7.0,ok,7.0,8000,1,,2552f6cc0f0d5cacab7b75fc8dbba27c08a1425b96019f4441ac881221a05c85,
owlgebra_babycry,donateacry__0F4B1065-4012-47C8-88B7-ACE11B1A536E-1430038775-1.0-m-04-hu.wav,donateacry:0F4B1065-4012-47C8-88B7-ACE11B1A536E-1430038775-1.0-m-04-hu,hungry,Baby_Crying,data/raw/babycry/Baby_Crying/donateacry__0F4B1065-4012-47C8-88B7-ACE11B1A536E-1430038775-1.0-m-04-hu.wav,ODbL-1.0,https://huggingface.co/datasets/owlgebra-ai/babycry,7.0,8000,1,-1,0.0,7.0,ok,7.0,8000,1,,209595cd28dfb03fd94f64aef6ebbb8ca8ba54e4272f82b36dc2e08ab57d100e,
owlgebra_babycry,donateacry__0c8f14a9-6999-485b-97a2-913c1cbf099c-1430760394426-1.7-m-26-hu.wav,donateacry:0c8f14a9-6999-485b-97a2-913c1cbf099c-1430760394426-1.7-m-26-hu,hungry,Baby_Crying,data/raw/babycry/Baby_Crying/donateacry__0c8f14a9-6999-485b-97a2-913c1cbf099c-1430760394426-1.7-m-26-hu.wav,ODbL-1.0,https://huggingface.co/datasets/owlgebra-ai/babycry,6.96,8000,1,-1,0.0,6.96,ok,6.96,8000,1,,4b7be935029ba46a8f52b1c8212d8e7a7cea96a98d0aee2f43e4bfb448888b37,
owlgebra_babycry,donateacry__0f257dac-7d6f-4575-9192-e3b4dcd3d4ef-1430185441581-1.7-f-26-hu.wav,donateacry:0f257dac-7d6f-4575-9192-e3b4dcd3d4ef-1430185441581-1.7-f-26-hu,hungry,Baby_Crying,data/raw/babycry/Baby_Crying/donateacry__0f257dac-7d6f-4575-9192-e3b4dcd3d4ef-1430185441581-1.7-f-26-hu.wav,ODbL-1.0,https://huggingface.co/datasets/owlgebra-ai/babycry,6.96,8000,1,-1,0.0,6.96,ok,6.96,8000,1,,84b3215c834e875f4fcffc0c7bd76daf5799ebd4702cbdea337200b6adbbe5ad,
owlgebra_babycry,donateacry__10A40438-09AA-4A21-83B4-8119F03F7A11-1430848034-1.0-f-26-hu.wav,donateacry:10A40438-09AA-4A21-83B4-8119F03F7A11-1430848034-1.0-f-26-hu,hungry,Baby_Crying,data/raw/babycry/Baby_Crying/donateacry__10A40438-09AA-4A21-83B4-8119F03F7A11-1430848034-1.0-f-26-hu.wav,ODbL-1.0,https://huggingface.co/datasets/owlgebra-ai/babycry,7.0,8000,1,-1,0.0,7.0,ok,7.0,8000,1,,8f21d862f0f0c98168105bac214a5097f4789ff3e6ac3be485bf0f685da1662e,
owlgebra_babycry,donateacry__10A40438-09AA-4A21-83B4-8119F03F7A11-1430848070-1.0-f-26-hu.wav,donateacry:10A40438-09AA-4A21-83B4-8119F03F7A11-1430848070-1.0-f-26-hu,hungry,Baby_Crying,data/raw/babycry/Baby_Crying/donateacry__10A40438-09AA-4A21-83B4-8119F03F7A11-1430848070-1.0-f-26-hu.wav,ODbL-1.0,https://huggingface.co/datasets/owlgebra-ai/babycry,7.0,8000,1,-1,0.0,7.0,ok,7.0,8000,1,,5b8927574acd312d946ecda86cd8154b6d46832a46cd1949f5cf969bcb8f0189,
owlgebra_babycry,donateacry__10A40438-09AA-4A21-83B4-8119F03F7A11-1430848101-1.0-f-26-hu.wav,donateacry:10A40438-09AA-4A21-83B4-8119F03F7A11-1430848101-1.0-f-26-hu,hungry,Baby_Crying,data/raw/babycry/Baby_Crying/donateacry__10A40438-09AA-4A21-83B4-8119F03F7A11-1430848101-1.0-f-26-hu.wav,ODbL-1.0,https://huggingface.co/datasets/owlgebra-ai/babycry,7.0,8000,1,-1,0.0,7.0,ok,7.0,8000,1,,f4e6d42d3f12be9ac85cd60b38f5922e895fccc257696714ef170193fa238376,
owlgebra_babycry,donateacry__10A40438-09AA-4A21-83B4-8119F03F7A11-1430925172-1.0-f-26-hu.wav,donateacry:10A40438-09AA-4A21-83B4-8119F03F7A11-1430925172-1.0-f-26-hu,hungry,Baby_Crying,data/raw/babycry/Baby_Crying/donateacry__10A40438-09AA-4A21-83B4-8119F03F7A11-1430925172-1.0-f-26-hu.wav,ODbL-1.0,https://huggingface.co/datasets/owlgebra-ai/babycry,7.0,8000,1,-1,0.0,7.0,ok,7.0,8000,1,,ac56e49b251fdcbb6e43cd81237572f821142b91bacb5f97f16e5d9b83655fb1,
owlgebra_babycry,donateacry__11417AC2-DCC9-48CD-8177-CA8665E51B2F-1436881489-1.1-m-48-hu.wav,donateacry:11417AC2-DCC9-48CD-8177-CA8665E51B2F-1436881489-1.1-m-48-hu,hungry,Baby_Crying,data/raw/babycry/Baby_Crying/donateacry__11417AC2-DCC9-48CD-8177-CA8665E51B2F-1436881489-1.1-m-48-hu.wav,ODbL-1.0,https://huggingface.co/datasets/owlgebra-ai/babycry,7.0,8000,1,-1,0.0,7.0,ok,7.0,8000,1,,380aaabf95885d8aff2fb61c912ddc98b3b1117f79265cf684b4a70356b058e2,
owlgebra_babycry,donateacry__1259bcad-2308-46fa-9a36-b5d8f359886a-1430143617162-1.7-m-04-hu.wav,donateacry:1259bcad-2308-46fa-9a36-b5d8f359886a-1430143617162-1.7-m-04-hu,hungry,Baby_Crying,data/raw/babycry/Baby_Crying/donateacry__1259bcad-2308-46fa-9a36-b5d8f359886a-1430143617162-1.7-m-04-hu.wav,ODbL-1.0,https://huggingface.co/datasets/owlgebra-ai/babycry,6.86,8000,1,-1,0.0,6.86,ok,6.86,8000,1,,93cfbd0beeddf0bc4eb9daae3b5b9281964452ead1c43ef467d437b23b0a012f,
owlgebra_babycry,donateacry__1259bcad-2308-46fa-9a36-b5d8f359886a-1430143644843-1.7-f-04-hu.wav,donateacry:1259bcad-2308-46fa-9a36-b5d8f359886a-1430143644843-1.7-f-04-hu,hungry,Baby_Crying,data/raw/babycry/Baby_Crying/donateacry__1259bcad-2308-46fa-9a36-b5d8f359886a-1430143644843-1.7-f-04-hu.wav,ODbL-1.0,https://huggingface.co/datasets/owlgebra-ai/babycry,6.86,8000,1,-1,0.0,6.86,ok,6.86,8000,1,,0e11d42d98f78ad8b7bfbf1a40ad24b0843c71a0133fc3bd3aefca94e53f688c,
owlgebra_babycry,donateacry__1309B82C-F146-46F0-A723-45345AFA6EA8-1430059849-1.0-f-04-hu.wav,donateacry:1309B82C-F146-46F0-A723-45345AFA6EA8-1430059849-1.0-f-04-hu,hungry,Baby_Crying,data/raw/babycry/Baby_Crying/donateacry__1309B82C-F146-46F0-A723-45345AFA6EA8-1430059849-1.0-f-04-hu.wav,ODbL-1.0,https://huggingface.co/datasets/owlgebra-ai/babycry,7.0,8000,1,-1,0.0,7.0,ok,7.0,8000,1,,18d4fd23993b4d94dd6c03d27a90e76e094b95d19932670403b7037c4648bf94,
owlgebra_babycry,donateacry__1445575b-80ad-477b-8e48-36194cac728e-1430244987914-1.7-f-48-hu.wav,donateacry:1445575b-80ad-477b-8e48-36194cac728e-1430244987914-1.7-f-48-hu,hungry,Baby_Crying,data/raw/babycry/Baby_Crying/donateacry__1445575b-80ad-477b-8e48-36194cac728e-1430244987914-1.7-f-48-hu.wav,ODbL-1.0,https://huggingface.co/datasets/owlgebra-ai/babycry,6.78,8000,1,-1,0.0,6.78,ok,6.78,8000,1,,251f2bfee73332579bbbefc74d4b0f371c65b2f32803f99683da2d78f20325d3,
owlgebra_babycry,donateacry__177dc72e-d0f8-47ef-a5a7-3b46878e11a0-1430736358754-1.7-f-26-hu.wav,donateacry:177dc72e-d0f8-47ef-a5a7-3b46878e11a0-1430736358754-1.7-f-26-hu,hungry,Baby_Crying,data/raw/babycry/Baby_Crying/donateacry__177dc72e-d0f8-47ef-a5a7-3b46878e11a0-1430736358754-1.7-f-26-hu.wav,ODbL-1.0,https://huggingface.co/datasets/owlgebra-ai/babycry,6.92,8000,1,-1,0.0,6.92,ok,6.92,8000,1,,036a9ebcbbf723950912e52a8b0d8cbde36b8d7baa737600acab1f1c95b41047,
owlgebra_babycry,donateacry__177dc72e-d0f8-47ef-a5a7-3b46878e11a0-1430736533767-1.7-f-26-hu.wav,donateacry:177dc72e-d0f8-47ef-a5a7-3b46878e11a0-1430736533767-1.7-f-26-hu,hungry,Baby_Crying,data/raw/babycry/Baby_Crying/donateacry__177dc72e-d0f8-47ef-a5a7-3b46878e11a0-1430736533767-1.7-f-26-hu.wav,ODbL-1.0,https://huggingface.co/datasets/owlgebra-ai/babycry,6.92,8000,1,-1,0.0,6.92,ok,6.92,8000,1,,e9a8ef1e336f227b908c14fef4af2f5903c2775e347faea181a5e90853b2a0d2,
owlgebra_babycry,donateacry__177dc72e-d0f8-47ef-a5a7-3b46878e11a0-1430736549614-1.7-f-26-hu.wav,donateacry:177dc72e-d0f8-47ef-a5a7-3b46878e11a0-1430736549614-1.7-f-26-hu,hungry,Baby_Crying,data/raw/babycry/Baby_Crying/donateacry__177dc72e-d0f8-47ef-a5a7-3b46878e11a0-1430736549614-1.7-f-26-hu.wav,ODbL-1.0,https://huggingface.co/datasets/owlgebra-ai/babycry,6.88,8000,1,-1,0.0,6.88,ok,6.88,8000,1,,4ed43462193908549d31a81762b444ddc1bb0c16a0a47a1e8b6f3e1ac930e9fa,
owlgebra_babycry,donateacry__189b78c6-9e78-43f2-bcb8-6cc8a462f4dc-1430807938301-1.7-m-22-hu.wav,donateacry:189b78c6-9e78-43f2-bcb8-6cc8a462f4dc-1430807938301-1.7-m-22-hu,hungry,Baby_Crying,data/raw/babycry/Baby_Crying/donateacry__189b78c6-9e78-43f2-bcb8-6cc8a462f4dc-1430807938301-1.7-m-22-hu.wav,ODbL-1.0,https://huggingface.co/datasets/owlgebra-ai/babycry,6.86,8000,1,-1,0.0,6.86,ok,6.86,8000,1,,ce8d433eb83ac85c12e192c566faf461e5a8fd9a1aff2c27c602c9a3d36a99f3,
owlgebra_babycry,donateacry__19aae3d1-51c6-4ffb-aeb8-efb6ae7ba83e-1436861395462-1.7-m-48-hu.wav,donateacry:19aae3d1-51c6-4ffb-aeb8-efb6ae7ba83e-1436861395462-1.7-m-48-hu,hungry,Baby_Crying,data/raw/babycry/Baby_Crying/donateacry__19aae3d1-51c6-4ffb-aeb8-efb6ae7ba83e-1436861395462-1.7-m-48-hu.wav,ODbL-1.0,https://huggingface.co/datasets/owlgebra-ai/babycry,6.66,8000,1,-1,0.0,6.66,ok,6.66,8000,1,,3965ca8b9a6f11f37e6e1ab36b0ef4d6fd8acc32f22487cfe2cd4ad4f7a004f0,
owlgebra_babycry,donateacry__1abb2260-a652-4ba7-bd98-7d463312730f-1430041727150-1.7-m-04-hu.wav,donateacry:1abb2260-a652-4ba7-bd98-7d463312730f-1430041727150-1.7-m-04-hu,hungry,Baby_Crying,data/raw/babycry/Baby_Crying/donateacry__1abb2260-a652-4ba7-bd98-7d463312730f-1430041727150-1.7-m-04-hu.wav,ODbL-1.0,https://huggingface.co/datasets/owlgebra-ai/babycry,6.9,8000,1,-1,0.0,6.9,ok,6.9,8000,1,,c50c939c78f98cb8f735d20027bbd9603f3d5083a76443b8bbad9568cf451976,
owlgebra_babycry,donateacry__1f40790f-68f2-4e7e-845e-715bd97c82d0-1429979568422-1.7-m-04-hu.wav,donateacry:1f40790f-68f2-4e7e-845e-715bd97c82d0-1429979568422-1.7-m-04-hu,hungry,Baby_Crying,data/raw/babycry/Baby_Crying/donateacry__1f40790f-68f2-4e7e-845e-715bd97c82d0-1429979568422-1.7-m-04-hu.wav,ODbL-1.0,https://huggingface.co/datasets/owlgebra-ai/babycry,6.86,8000,1,-1,0.0,6.86,ok,6.86,8000,1,,f69df1c8c74fc213d85fd93d2c10c574a6627c060344804ddbbc0c70c2e89b38,
owlgebra_babycry,donateacry__1f40790f-68f2-4e7e-845e-715bd97c82d0-1429979603276-1.7-m-72-hu.wav,donateacry:1f40790f-68f2-4e7e-845e-715bd97c82d0-1429979603276-1.7-m-72-hu,hungry,Baby_Crying,data/raw/babycry/Baby_Crying/donateacry__1f40790f-68f2-4e7e-845e-715bd97c82d0-1429979603276-1.7-m-72-hu.wav,ODbL-1.0,https://huggingface.co/datasets/owlgebra-ai/babycry,6.72,8000,1,-1,0.0,6.72,ok,6.72,8000,1,,8da1e79ee39b7aa0c03cb4f17fe36a3a481691b3e99e03b2658836aaa9b01fc7,
owlgebra_babycry,donateacry__20E2B5A0-40A4-4FD8-8935-AFD1DB833510-1430127670-1.0-m-26-hu.wav,donateacry:20E2B5A0-40A4-4FD8-8935-AFD1DB833510-1430127670-1.0-m-26-hu,hungry,Baby_Crying,data/raw/babycry/Baby_Crying/donateacry__20E2B5A0-40A4-4FD8-8935-AFD1DB833510-1430127670-1.0-m-26-hu.wav,ODbL-1.0,https://huggingface.co/datasets/owlgebra-ai/babycry,7.0,8000,1,-1,0.0,7.0,ok,7.0,8000,1,,4ef4b04796cc95e9a76ee3805d4044c9effd1812055abd37298eddf39d9be11f,
owlgebra_babycry,donateacry__218e6fd7-f9c5-4490-afd7-c4fba174e7d2-1430209174300-1.7-m-72-hu.wav,donateacry:218e6fd7-f9c5-4490-afd7-c4fba174e7d2-1430209174300-1.7-m-72-hu,hungry,Baby_Crying,data/raw/babycry/Baby_Crying/donateacry__218e6fd7-f9c5-4490-afd7-c4fba174e7d2-1430209174300-1.7-m-72-hu.wav,ODbL-1.0,https://huggingface.co/datasets/owlgebra-ai/babycry,7.04,8000,1,-1,0.0,7.04,ok,7.04,8000,1,,6a8a588af51d10a59f0b26e4ab3955b0e8cd2c9b32bd900fa6fd9e4da6b3f67e,
owlgebra_babycry,donateacry__21c07aff-0a8d-4e74-ad5e-e3c7f7bcb11b-1430031235662-1.7-m-04-hu.wav,donateacry:21c07aff-0a8d-4e74-ad5e-e3c7f7bcb11b-1430031235662-1.7-m-04-hu,hungry,Baby_Crying,data/raw/babycry/Baby_Crying/donateacry__21c07aff-0a8d-4e74-ad5e-e3c7f7bcb11b-1430031235662-1.7-m-04-hu.wav,ODbL-1.0,https://huggingface.co/datasets/owlgebra-ai/babycry,6.86,8000,1,-1,0.0,6.86,ok,6.86,8000,1,,14b8d0580bafb248d53437af6db3c14f53b6af7c0c05da70c29440d4b17c2f20,
owlgebra_babycry,donateacry__22b43570-d440-475b-b2f1-e528c81081f7-1430663490095-1.7-m-04-hu.wav,donateacry:22b43570-d440-475b-b2f1-e528c81081f7-1430663490095-1.7-m-04-hu,hungry,Baby_Crying,data/raw/babycry/Baby_Crying/donateacry__22b43570-d440-475b-b2f1-e528c81081f7-1430663490095-1.7-m-04-hu.wav,ODbL-1.0,https://huggingface.co/datasets/owlgebra-ai/babycry,6.96,8000,1,-1,0.0,6.96,ok,6.96,8000,1,,47c99efc2cf20f1df166d1c006c0739e8b315f1ea196099e57cc60044ef80b2b,
owlgebra_babycry,donateacry__2439388A-9CF2-4D3B-9534-E6951FC9EAD4-1436877933-1.1-m-26-hu.wav,donateacry:2439388A-9CF2-4D3B-9534-E6951FC9EAD4-1436877933-1.1-m-26-hu,hungry,Baby_Crying,data/raw/babycry/Baby_Crying/donateacry__2439388A-9CF2-4D3B-9534-E6951FC9EAD4-1436877933-1.1-m-26-hu.wav,ODbL-1.0,https://huggingface.co/datasets/owlgebra-ai/babycry,7.0,8000,1,-1,0.0,7.0,ok,7.0,8000,1,,ade201049ec88bb2980cba2a3761744941c61bcdce628ba401751ac47aa4c009,
owlgebra_babycry,donateacry__2439388A-9CF2-4D3B-9534-E6951FC9EAD4-1436877944-1.1-m-26-hu.wav,donateacry:2439388A-9CF2-4D3B-9534-E6951FC9EAD4-1436877944-1.1-m-26-hu,hungry,Baby_Crying,data/raw/babycry/Baby_Crying/donateacry__2439388A-9CF2-4D3B-9534-E6951FC9EAD4-1436877944-1.1-m-26-hu.wav,ODbL-1.0,https://huggingface.co/datasets/owlgebra-ai/babycry,7.0,8000,1,-1,0.0,7.0,ok,7.0,8000,1,,6c322e2aa6413e4fb655e9a55cadd06ab945d7eb8f9f3e8f18f2f45b3d05dc08,
owlgebra_babycry,donateacry__24f2a4e1-7161-42a3-a2a2-a29a2422c0b8-1430814730789-1.7-f-26-hu.wav,donateacry:24f2a4e1-7161-42a3-a2a2-a29a2422c0b8-1430814730789-1.7-f-26-hu,hungry,Baby_Crying,data/raw/babycry/Baby_Crying/donateacry__24f2a4e1-7161-42a3-a2a2-a29a2422c0b8-1430814730789-1.7-f-26-hu.wav,ODbL-1.0,https://huggingface.co/datasets/owlgebra-ai/babycry,6.88,8000,1,-1,0.0,6.88,ok,6.88,8000,1,,de06e0e73d61344d19f59f297fe1f8d97a3e89656616c4c61cd21b101bccdf3a,
owlgebra_babycry,donateacry__24f2a4e1-7161-42a3-a2a2-a29a2422c0b8-1430814741368-1.7-f-26-hu.wav,donateacry:24f2a4e1-7161-42a3-a2a2-a29a2422c0b8-1430814741368-1.7-f-26-hu,hungry,Baby_Crying,data/raw/babycry/Baby_Crying/donateacry__24f2a4e1-7161-42a3-a2a2-a29a2422c0b8-1430814741368-1.7-f-26-hu.wav,ODbL-1.0,https://huggingface.co/datasets/owlgebra-ai/babycry,6.92,8000,1,-1,0.0,6.92,ok,6.92,8000,1,,b7697f370fee79abf8cf16b957e79361beadee2de4f20f293588bb0930d35d8c,
owlgebra_babycry,donateacry__24f94b49-c8bc-4ed2-b43a-80b099f12936-1430534429690-1.7-m-04-hu.wav,donateacry:24f94b49-c8bc-4ed2-b43a-80b099f12936-1430534429690-1.7-m-04-hu,hungry,Baby_Crying,data/raw/babycry/Baby_Crying/donateacry__24f94b49-c8bc-4ed2-b43a-80b099f12936-1430534429690-1.7-m-04-hu.wav,ODbL-1.0,https://huggingface.co/datasets/owlgebra-ai/babycry,6.86,8000,1,-1,0.0,6.86,ok,6.86,8000,1,,bbb9e64c36552da037b87ad827f1451c9040d81660ad26b0e7f1a995f4dc5e5d,
owlgebra_babycry,donateacry__2562ad82-485a-44c2-ad25-f70fce71480b-1430045593479-1.7-m-72-hu.wav,donateacry:2562ad82-485a-44c2-ad25-f70fce71480b-1430045593479-1.7-m-72-hu,hungry,Baby_Crying,data/raw/babycry/Baby_Crying/donateacry__2562ad82-485a-44c2-ad25-f70fce71480b-1430045593479-1.7-m-72-hu.wav,ODbL-1.0,https://huggingface.co/datasets/owlgebra-ai/babycry,6.98,8000,1,-1,0.0,6.98,ok,6.98,8000,1,,8e08498a0d33f60368663b4c16557aa95c6aeeb29c7c4bb3b7d20daa67d55759,
owlgebra_babycry,donateacry__2602b7c2-e96d-42f6-9767-f1ae74925ef8-1431376228657-1.7-f-22-hu.wav,donateacry:2602b7c2-e96d-42f6-9767-f1ae74925ef8-1431376228657-1.7-f-22-hu,hungry,Baby_Crying,data/raw/babycry/Baby_Crying/donateacry__2602b7c2-e96d-42f6-9767-f1ae74925ef8-1431376228657-1.7-f-22-hu.wav,ODbL-1.0,https://huggingface.co/datasets/owlgebra-ai/babycry,6.92,8000,1,-1,0.0,6.92,ok,6.92,8000,1,,43d0565648ce038746349d1a81753dd16d869f627d7c01c65ec5fe29a6ee378b,
owlgebra_babycry,donateacry__2a0e6a88-b049-4f46-a3d6-d73ffae470d5-1430770161530-1.7-m-04-hu.wav,donateacry:2a0e6a88-b049-4f46-a3d6-d73ffae470d5-1430770161530-1.7-m-04-hu,hungry,Baby_Crying,data/raw/babycry/Baby_Crying/donateacry__2a0e6a88-b049-4f46-a3d6-d73ffae470d5-1430770161530-1.7-m-04-hu.wav,ODbL-1.0,https://huggingface.co/datasets/owlgebra-ai/babycry,6.94,8000,1,-1,0.0,6.94,ok,6.94,8000,1,,4369746d82526a974829701f18c0c9f85c896d06155bea6cfcaf54d85863050d,
owlgebra_babycry,donateacry__2e25d0a5-0b2b-44ef-8491-e445b16ea75c-1430056332640-1.7-f-26-hu.wav,donateacry:2e25d0a5-0b2b-44ef-8491-e445b16ea75c-1430056332640-1.7-f-26-hu,hungry,Baby_Crying,data/raw/babycry/Baby_Crying/donateacry__2e25d0a5-0b2b-44ef-8491-e445b16ea75c-1430056332640-1.7-f-26-hu.wav,ODbL-1.0,https://huggingface.co/datasets/owlgebra-ai/babycry,6.66,8000,1,-1,0.0,6.66,ok,6.66,8000,1,,125765519358519d57db699103dcacaa8280f96782eac2978c2dfec806ad4ad8,
owlgebra_babycry,donateacry__3030d0e9-0c9b-4616-9b83-f10dc2dedbfd-1430053594259-1.7-m-26-hu.wav,donateacry:3030d0e9-0c9b-4616-9b83-f10dc2dedbfd-1430053594259-1.7-m-26-hu,hungry,Baby_Crying,data/raw/babycry/Baby_Crying/donateacry__3030d0e9-0c9b-4616-9b83-f10dc2dedbfd-1430053594259-1.7-m-26-hu.wav,ODbL-1.0,https://huggingface.co/datasets/owlgebra-ai/babycry,6.74,8000,1,-1,0.0,6.74,ok,6.74,8000,1,,d15a2c6060fa1a61c65ab7fc05b9ee96ddba3eea0c5330654a1bf71f0d46ee7b,
owlgebra_babycry,donateacry__3030d0e9-0c9b-4616-9b83-f10dc2dedbfd-1430326171876-1.7-m-26-hu.wav,donateacry:3030d0e9-0c9b-4616-9b83-f10dc2dedbfd-1430326171876-1.7-m-26-hu,hungry,Baby_Crying,data/raw/babycry/Baby_Crying/donateacry__3030d0e9-0c9b-4616-9b83-f10dc2dedbfd-1430326171876-1.7-m-26-hu.wav,ODbL-1.0,https://huggingface.co/datasets/owlgebra-ai/babycry,6.76,8000,1,-1,0.0,6.76,ok,6.76,8000,1,,1f231352293f413e9fe8334fb6d105d0e4aee02e408e3be2df1fb0ef5334a645,
owlgebra_babycry,donateacry__30c2cee4-b682-4dcb-86b9-7fa6f36f1b66-1430728411287-1.7-f-72-hu.wav,donateacry:30c2cee4-b682-4dcb-86b9-7fa6f36f1b66-1430728411287-1.7-f-72-hu,hungry,Baby_Crying,data/raw/babycry/Baby_Crying/donateacry__30c2cee4-b682-4dcb-86b9-7fa6f36f1b66-1430728411287-1.7-f-72-hu.wav,ODbL-1.0,https://huggingface.co/datasets/owlgebra-ai/babycry,6.94,8000,1,-1,0.0,6.94,ok,6.94,8000,1,,61466d4920ae79e8f4951604c8f18162e13848eaaa2a4f0bc831f95aa2ad866a,
owlgebra_babycry,donateacry__35D58153-7AB7-443D-BED0-2D7ABF73743F-1431855847-1.1-m-04-hu.wav,donateacry:35D58153-7AB7-443D-BED0-2D7ABF73743F-1431855847-1.1-m-04-hu,hungry,Baby_Crying,data/raw/babycry/Baby_Crying/donateacry__35D58153-7AB7-443D-BED0-2D7ABF73743F-1431855847-1.1-m-04-hu.wav,ODbL-1.0,https://huggingface.co/datasets/owlgebra-ai/babycry,7.0,8000,1,-1,0.0,7.0,ok,7.0,8000,1,,a04d7a543d033c248e212dbc31969bd8e895f98e8d12445653afd18515e2cb8e,
owlgebra_babycry,donateacry__36f1b3ec-3d2a-470e-af6f-0a8cc11b2723-1430237012976-1.7-m-04-hu.wav,donateacry:36f1b3ec-3d2a-470e-af6f-0a8cc11b2723-1430237012976-1.7-m-04-hu,hungry,Baby_Crying,data/raw/babycry/Baby_Crying/donateacry__36f1b3ec-3d2a-470e-af6f-0a8cc11b2723-1430237012976-1.7-m-04-hu.wav,ODbL-1.0,https://huggingface.co/datasets/owlgebra-ai/babycry,6.96,8000,1,-1,0.0,6.96,ok,6.96,8000,1,,e086f5077ce6abcd270a73a3060047644f8a4500778f77bc719bdfd0e17a22b4,
owlgebra_babycry,donateacry__375308C6-F894-49A5-B246-8C2819E9C6ED-1430416651-1.0-m-04-hu.wav,donateacry:375308C6-F894-49A5-B246-8C2819E9C6ED-1430416651-1.0-m-04-hu,hungry,Baby_Crying,data/raw/babycry/Baby_Crying/donateacry__375308C6-F894-49A5-B246-8C2819E9C6ED-1430416651-1.0-m-04-hu.wav,ODbL-1.0,https://huggingface.co/datasets/owlgebra-ai/babycry,7.0,8000,1,-1,0.0,7.0,ok,7.0,8000,1,,ca193f736ebb8dc5243d405dd0b8cd35ef08449d7d60614b7b0fdf1911dc7cec,
owlgebra_babycry,donateacry__376C006E-3664-4056-80D0-7661F631A062-1436930593-1.1-m-26-hu.wav,donateacry:376C006E-3664-4056-80D0-7661F631A062-1436930593-1.1-m-26-hu,hungry,Baby_Crying,data/raw/babycry/Baby_Crying/donateacry__376C006E-3664-4056-80D0-7661F631A062-1436930593-1.1-m-26-hu.wav,ODbL-1.0,https://huggingface.co/datasets/owlgebra-ai/babycry,7.0,8000,1,-1,0.0,7.0,ok,7.0,8000,1,,adc821bf81ac47c1b312928f9658a5654d1405b20fbf09b22496fe4cdf75c938,
owlgebra_babycry,donateacry__39180491-e076-4300-b5de-24e812dca6fe-1435708371348-1.7-f-04-hu.wav,donateacry:39180491-e076-4300-b5de-24e812dca6fe-1435708371348-1.7-f-04-hu,hungry,Baby_Crying,data/raw/babycry/Baby_Crying/donateacry__39180491-e076-4300-b5de-24e812dca6fe-1435708371348-1.7-f-04-hu.wav,ODbL-1.0,https://huggingface.co/datasets/owlgebra-ai/babycry,6.86,8000,1,-1,0.0,6.86,ok,6.86,8000,1,,77e22e7f4f2bc3e61c1fe80957984afee8d1daf2552a15a3ace7f11c6c8adf03,
owlgebra_babycry,donateacry__3941D08C-5A97-48A4-8830-091D878137F6-1430099826-1.0-m-72-hu.wav,donateacry:3941D08C-5A97-48A4-8830-091D878137F6-1430099826-1.0-m-72-hu,hungry,Baby_Crying,data/raw/babycry/Baby_Crying/donateacry__3941D08C-5A97-48A4-8830-091D878137F6-1430099826-1.0-m-72-hu.wav,ODbL-1.0,https://huggingface.co/datasets/owlgebra-ai/babycry,7.0,8000,1,-1,0.0,7.0,ok,7.0,8000,1,,46413b17e7034ba952fef6b0494ec4a3c902bdf6a022d5c5bc267f60230adcf9,
owlgebra_babycry,donateacry__3bb2445a-9ae9-4dc8-9a2e-86c696ffa405-1430122381138-1.7-m-26-hu.wav,donateacry:3bb2445a-9ae9-4dc8-9a2e-86c696ffa405-1430122381138-1.7-m-26-hu,hungry,Baby_Crying,data/raw/babycry/Baby_Crying/donateacry__3bb2445a-9ae9-4dc8-9a2e-86c696ffa405-1430122381138-1.7-m-26-hu.wav,ODbL-1.0,https://huggingface.co/datasets/owlgebra-ai/babycry,6.92,8000,1,-1,0.0,6.92,ok,6.92,8000,1,,403d73998847715171eef9977e634edb49c248a064cdd8a8ed544b3a2593ac68,
owlgebra_babycry,donateacry__3bb2445a-9ae9-4dc8-9a2e-86c696ffa405-1430122479873-1.7-m-26-hu.wav,donateacry:3bb2445a-9ae9-4dc8-9a2e-86c696ffa405-1430122479873-1.7-m-26-hu,hungry,Baby_Crying,data/raw/babycry/Baby_Crying/donateacry__3bb2445a-9ae9-4dc8-9a2e-86c696ffa405-1430122479873-1.7-m-26-hu.wav,ODbL-1.0,https://huggingface.co/datasets/owlgebra-ai/babycry,6.92,8000,1,-1,0.0,6.92,ok,6.92,8000,1,,8fdafc440f191a8e81f0d798c457751e9464d97f7409e10ad4582ca66ac49cfe,
owlgebra_babycry,donateacry__3bb2445a-9ae9-4dc8-9a2e-86c696ffa405-1430146536552-1.7-m-26-hu.wav,donateacry:3bb2445a-9ae9-4dc8-9a2e-86c696ffa405-1430146536552-1.7-m-26-hu,hungry,Baby_Crying,data/raw/babycry/Baby_Crying/donateacry__3bb2445a-9ae9-4dc8-9a2e-86c696ffa405-1430146536552-1.7-m-26-hu.wav,ODbL-1.0,https://huggingface.co/datasets/owlgebra-ai/babycry,6.86,8000,1,-1,0.0,6.86,ok,6.86,8000,1,,e58ce95662ee90add561cecd1c1360fbeb99196a8898cb10eb727b23dde3a8cf,
owlgebra_babycry,donateacry__3c0b4e07-33ec-4d68-a6b2-5f5dcb8cff8e-1430070829977-1.7-m-26-hu.wav,donateacry:3c0b4e07-33ec-4d68-a6b2-5f5dcb8cff8e-1430070829977-1.7-m-26-hu,hungry,Baby_Crying,data/raw/babycry/Baby_Crying/donateacry__3c0b4e07-33ec-4d68-a6b2-5f5dcb8cff8e-1430070829977-1.7-m-26-hu.wav,ODbL-1.0,https://huggingface.co/datasets/owlgebra-ai/babycry,7.06,8000,1,-1,0.0,7.06,ok,7.06,8000,1,,92d5f00860a42edc1c881382d37302b17ad712cf851b1259d1538a64ed092bb2,
owlgebra_babycry,donateacry__3c51dedc-6e4c-47dd-a179-86a25e95f1ef-1430651019625-1.7-m-04-hu.wav,donateacry:3c51dedc-6e4c-47dd-a179-86a25e95f1ef-1430651019625-1.7-m-04-hu,hungry,Baby_Crying,data/raw/babycry/Baby_Crying/donateacry__3c51dedc-6e4c-47dd-a179-86a25e95f1ef-1430651019625-1.7-m-04-hu.wav,ODbL-1.0,https://huggingface.co/datasets/owlgebra-ai/babycry,7.06,8000,1,-1,0.0,7.06,ok,7.06,8000,1,,234da7123f1bcd38b939000137ad3a8d1feb4c603cd81b83e2cfc49d61389bee,
owlgebra_babycry,donateacry__3d3e244d-20b1-4ec3-9732-92dcd14ff35a-1436961241219-1.7-m-72-hu.wav,donateacry:3d3e244d-20b1-4ec3-9732-92dcd14ff35a-1436961241219-1.7-m-72-hu,hungry,Baby_Crying,data/raw/babycry/Baby_Crying/donateacry__3d3e244d-20b1-4ec3-9732-92dcd14ff35a-1436961241219-1.7-m-72-hu.wav,ODbL-1.0,https://huggingface.co/datasets/owlgebra-ai/babycry,6.66,8000,1,-1,0.0,6.66,ok,6.66,8000,1,,4bd1644dea6f057f206f049896094615535d6175b4a499df6fc6454d0fe6fd85,
owlgebra_babycry,donateacry__40a4c760-facf-4911-b0a6-22eccc3ab18d-1430466164038-1.7-f-26-hu.wav,donateacry:40a4c760-facf-4911-b0a6-22eccc3ab18d-1430466164038-1.7-f-26-hu,hungry,Baby_Crying,data/raw/babycry/Baby_Crying/donateacry__40a4c760-facf-4911-b0a6-22eccc3ab18d-1430466164038-1.7-f-26-hu.wav,ODbL-1.0,https://huggingface.co/datasets/owlgebra-ai/babycry,7.06,8000,1,-1,0.0,7.06,ok,7.06,8000,1,,1686059e528f38bf27b47cb004dd38368598a0fadadf3986d39f2da804734aab,
owlgebra_babycry,donateacry__40a4c760-facf-4911-b0a6-22eccc3ab18d-1430466176951-1.7-f-26-hu.wav,donateacry:40a4c760-facf-4911-b0a6-22eccc3ab18d-1430466176951-1.7-f-26-hu,hungry,Baby_Crying,data/raw/babycry/Baby_Crying/donateacry__40a4c760-facf-4911-b0a6-22eccc3ab18d-1430466176951-1.7-f-26-hu.wav,ODbL-1.0,https://huggingface.co/datasets/owlgebra-ai/babycry,7.06,8000,1,-1,0.0,7.06,ok,7.06,8000,1,,52a9264dda924cf7eeda9e919906fcdf4c78d161f2625144a7aa5cf518fe2956,
owlgebra_babycry,donateacry__40a4c760-facf-4911-b0a6-22eccc3ab18d-1430477691332-1.7-f-26-hu.wav,donateacry:40a4c760-facf-4911-b0a6-22eccc3ab18d-1430477691332-1.7-f-26-hu,hungry,Baby_Crying,data/raw/babycry/Baby_Crying/donateacry__40a4c760-facf-4911-b0a6-22eccc3ab18d-1430477691332-1.7-f-26-hu.wav,ODbL-1.0,https://huggingface.co/datasets/owlgebra-ai/babycry,7.06,8000,1,-1,0.0,7.06,ok,7.06,8000,1,,2676b376650030c2089d694ec858bf2daaa2bc2811d82b44f2eb7b162cc4deda,
owlgebra_babycry,donateacry__40a4c760-facf-4911-b0a6-22eccc3ab18d-1430477717469-1.7-f-26-hu.wav,donateacry:40a4c760-facf-4911-b0a6-22eccc3ab18d-1430477717469-1.7-f-26-hu,hungry,Baby_Crying,data/raw/babycry/Baby_Crying/donateacry__40a4c760-facf-4911-b0a6-22eccc3ab18d-1430477717469-1.7-f-26-hu.wav,ODbL-1.0,https://huggingface.co/datasets/owlgebra-ai/babycry,7.06,8000,1,-1,0.0,7.06,ok,7.06,8000,1,,cbd312c87fadcc41f954e1be3ca1f62d3b2dba42cdaad6862165ac1ac02218df,
owlgebra_babycry,donateacry__40a4c760-facf-4911-b0a6-22eccc3ab18d-1430477726097-1.7-f-26-hu.wav,donateacry:40a4c760-facf-4911-b0a6-22eccc3ab18d-1430477726097-1.7-f-26-hu,hungry,Baby_Crying,data/raw/babycry/Baby_Crying/donateacry__40a4c760-facf-4911-b0a6-22eccc3ab18d-1430477726097-1.7-f-26-hu.wav,ODbL-1.0,https://huggingface.co/datasets/owlgebra-ai/babycry,7.06,8000,1,-1,0.0,7.06,ok,7.06,8000,1,,e8bd130e34c34e31217797c3f3645ca443eb68d2ba4cacde5be7525703015a7c,
owlgebra_babycry,donateacry__415d69b4-6d84-4bf8-97b0-10f8f108dc1d-1430739498797-1.7-m-04-hu.wav,donateacry:415d69b4-6d84-4bf8-97b0-10f8f108dc1d-1430739498797-1.7-m-04-hu,hungry,Baby_Crying,data/raw/babycry/Baby_Crying/donateacry__415d69b4-6d84-4bf8-97b0-10f8f108dc1d-1430739498797-1.7-m-04-hu.wav,ODbL-1.0,https://huggingface.co/datasets/owlgebra-ai/babycry,7.06,8000,1,-1,0.0,7.06,ok,7.06,8000,1,,6c810527ab482e66e5c83164d4ade1d9a9e93fb05b99bef8250c84afe6e79671,
owlgebra_babycry,donateacry__415d69b4-6d84-4bf8-97b0-10f8f108dc1d-1430739528719-1.7-m-04-hu.wav,donateacry:415d69b4-6d84-4bf8-97b0-10f8f108dc1d-1430739528719-1.7-m-04-hu,hungry,Baby_Crying,data/raw/babycry/Baby_Crying/donateacry__415d69b4-6d84-4bf8-97b0-10f8f108dc1d-1430739528719-1.7-m-04-hu.wav,ODbL-1.0,https://huggingface.co/datasets/owlgebra-ai/babycry,7.06,8000,1,-1,0.0,7.06,ok,7.06,8000,1,,0d2a8fcf4f5dc74261c10a977feabf9e025e12d24d78a779c3c354843690985c,
owlgebra_babycry,donateacry__459c3f85-5710-4efa-bcc9-8012aa1af55e-1430034895673-1.7-f-48-hu.wav,donateacry:459c3f85-5710-4efa-bcc9-8012aa1af55e-1430034895673-1.7-f-48-hu,hungry,Baby_Crying,data/raw/babycry/Baby_Crying/donateacry__459c3f85-5710-4efa-bcc9-8012aa1af55e-1430034895673-1.7-f-48-hu.wav,ODbL-1.0,https://huggingface.co/datasets/owlgebra-ai/babycry,6.9,8000,1,-1,0.0,6.9,ok,6.9,8000,1,,93e4d2a85706150c369402e6c80502ae7d56195b6c9a20b7d1c73fd6f6149d09,
owlgebra_babycry,donateacry__4be720ce-a5e5-4a48-930f-a212f8a239f6-1434737668804-1.7-f-48-hu.wav,donateacry:4be720ce-a5e5-4a48-930f-a212f8a239f6-1434737668804-1.7-f-48-hu,hungry,Baby_Crying,data/raw/babycry/Baby_Crying/donateacry__4be720ce-a5e5-4a48-930f-a212f8a239f6-1434737668804-1.7-f-48-hu.wav,ODbL-1.0,https://huggingface.co/datasets/owlgebra-ai/babycry,6.78,8000,1,-1,0.0,6.78,ok,6.78,8000,1,,4eac076f02914ef74fdf804a2fcec24e53e631bce40ab8e5f2e9978d2a4d978c,
owlgebra_babycry,donateacry__4be720ce-a5e5-4a48-930f-a212f8a239f6-1434774932733-1.7-f-48-hu.wav,donateacry:4be720ce-a5e5-4a48-930f-a212f8a239f6-1434774932733-1.7-f-48-hu,hungry,Baby_Crying,data/raw/babycry/Baby_Crying/donateacry__4be720ce-a5e5-4a48-930f-a212f8a239f6-1434774932733-1.7-f-48-hu.wav,ODbL-1.0,https://huggingface.co/datasets/owlgebra-ai/babycry,6.78,8000,1,-1,0.0,6.78,ok,6.78,8000,1,,eb6ee77b2166e1dfa9bf64a78969b032a38d6fcd8557674ec7a51c185a256067,
owlgebra_babycry,donateacry__4cefc13c-e7c0-4b5a-bddb-c40c103e640a-1431583470764-1.7-f-26-hu.wav,donateacry:4cefc13c-e7c0-4b5a-bddb-c40c103e640a-1431583470764-1.7-f-26-hu,hungry,Baby_Crying,data/raw/babycry/Baby_Crying/donateacry__4cefc13c-e7c0-4b5a-bddb-c40c103e640a-1431583470764-1.7-f-26-hu.wav,ODbL-1.0,https://huggingface.co/datasets/owlgebra-ai/babycry,6.78,8000,1,-1,0.0,6.78,ok,6.78,8000,1,,668767f16943e7cd4d43e37c50a15fe2ae64adf26e1a55b3848f239b154b8709,
owlgebra_babycry,donateacry__52dfc27a-fbc4-4d9f-bbcf-6406c919324a-1430041644396-1.7-m-26-hu.wav,donateacry:52dfc27a-fbc4-4d9f-bbcf-6406c919324a-1430041644396-1.7-m-26-hu,hungry,Baby_Crying,data/raw/babycry/Baby_Crying/donateacry__52dfc27a-fbc4-4d9f-bbcf-6406c919324a-1430041644396-1.7-m-26-hu.wav,ODbL-1.0,https://huggingface.co/datasets/owlgebra-ai/babycry,6.9,8000,1,-1,0.0,6.9,ok,6.9,8000,1,,2305af36034b9cfbddf3efd2e6ac1b3ea28709f29af2716abacdd005749e67c0,
owlgebra_babycry,donateacry__52dfc27a-fbc4-4d9f-bbcf-6406c919324a-1430041657947-1.7-m-26-hu.wav,donateacry:52dfc27a-fbc4-4d9f-bbcf-6406c919324a-1430041657947-1.7-m-26-hu,hungry,Baby_Crying,data/raw/babycry/Baby_Crying/donateacry__52dfc27a-fbc4-4d9f-bbcf-6406c919324a-1430041657947-1.7-m-26-hu.wav,ODbL-1.0,https://huggingface.co/datasets/owlgebra-ai/babycry,6.92,8000,1,-1,0.0,6.92,ok,6.92,8000,1,,e3e1863bb3e686f6c009135affff7475784369d908cf66fb020f27e9a94c9f4f,
owlgebra_babycry,donateacry__539FDD32-6326-422E-A707-FCF063D3426C-1437073534-1.1-f-26-hu.wav,donateacry:539FDD32-6326-422E-A707-FCF063D3426C-1437073534-1.1-f-26-hu,hungry,Baby_Crying,data/raw/babycry/Baby_Crying/donateacry__539FDD32-6326-422E-A707-FCF063D3426C-1437073534-1.1-f-26-hu.wav,ODbL-1.0,https://huggingface.co/datasets/owlgebra-ai/babycry,7.0,8000,1,-1,0.0,7.0,ok,7.0,8000,1,,e9ad769103ef08ef105acf7bd1ecbdb48069ebe8ebbead45fbb06c6b0fe16822,
owlgebra_babycry,donateacry__549a46d8-9c84-430e-ade8-97eae2bef787-1430130669340-1.7-m-48-hu.wav,donateacry:549a46d8-9c84-430e-ade8-97eae2bef787-1430130669340-1.7-m-48-hu,hungry,Baby_Crying,data/raw/babycry/Baby_Crying/donateacry__549a46d8-9c84-430e-ade8-97eae2bef787-1430130669340-1.7-m-48-hu.wav,ODbL-1.0,https://huggingface.co/datasets/owlgebra-ai/babycry,6.86,8000,1,-1,0.0,6.86,ok,6.86,8000,1,,0c110c55b5a3a49134b0bb8de4c3bfde88523cea2d4e999b30c9c5913f8f3953,
owlgebra_babycry,donateacry__549a46d8-9c84-430e-ade8-97eae2bef787-1430130686288-1.7-m-48-hu.wav,donateacry:549a46d8-9c84-430e-ade8-97eae2bef787-1430130686288-1.7-m-48-hu,hungry,Baby_Crying,data/raw/babycry/Baby_Crying/donateacry__549a46d8-9c84-430e-ade8-97eae2bef787-1430130686288-1.7-m-48-hu.wav,ODbL-1.0,https://huggingface.co/datasets/owlgebra-ai/babycry,6.88,8000,1,-1,0.0,6.88,ok,6.88,8000,1,,b3d771521a3259ce335b59820e38d33e38ec95e73f0cc337d819c3f36a3f2685,
owlgebra_babycry,donateacry__549a46d8-9c84-430e-ade8-97eae2bef787-1430130702316-1.7-m-48-hu.wav,donateacry:549a46d8-9c84-430e-ade8-97eae2bef787-1430130702316-1.7-m-48-hu,hungry,Baby_Crying,data/raw/babycry/Baby_Crying/donateacry__549a46d8-9c84-430e-ade8-97eae2bef787-1430130702316-1.7-m-48-hu.wav,ODbL-1.0,https://huggingface.co/datasets/owlgebra-ai/babycry,6.86,8000,1,-1,0.0,6.86,ok,6.86,8000,1,,6eeb4be74eae46f404f34faed805e854503e9c42369446acc552fc8e64f713e7,
owlgebra_babycry,donateacry__5728DDD6-149B-412F-A14B-C29B9B5E415F-1432635035-1.0-m-26-hu.wav,donateacry:5728DDD6-149B-412F-A14B-C29B9B5E415F-1432635035-1.0-m-26-hu,hungry,Baby_Crying,data/raw/babycry/Baby_Crying/donateacry__5728DDD6-149B-412F-A14B-C29B9B5E415F-1432635035-1.0-m-26-hu.wav,ODbL-1.0,https://huggingface.co/datasets/owlgebra-ai/babycry,7.0,8000,1,-1,0.0,7.0,ok,7.0,8000,1,,4a8c564c8708d69b07f3de6594e386959abbe4ee9d380c845b0c7b100bf5da89,
owlgebra_babycry,donateacry__5728DDD6-149B-412F-A14B-C29B9B5E415F-1432635047-1.0-m-26-hu.wav,donateacry:5728DDD6-149B-412F-A14B-C29B9B5E415F-1432635047-1.0-m-26-hu,hungry,Baby_Crying,data/raw/babycry/Baby_Crying/donateacry__5728DDD6-149B-412F-A14B-C29B9B5E415F-1432635047-1.0-m-26-hu.wav,ODbL-1.0,https://huggingface.co/datasets/owlgebra-ai/babycry,7.0,8000,1,-1,0.0,7.0,ok,7.0,8000,1,,c0d4ec5dc074afddd0184a2ced3c2643a70a2732d406d9db5467c38ffed6715d,
owlgebra_babycry,donateacry__5728DDD6-149B-412F-A14B-C29B9B5E415F-1432635069-1.0-m-26-hu.wav,donateacry:5728DDD6-149B-412F-A14B-C29B9B5E415F-1432635069-1.0-m-26-hu,hungry,Baby_Crying,data/raw/babycry/Baby_Crying/donateacry__5728DDD6-149B-412F-A14B-C29B9B5E415F-1432635069-1.0-m-26-hu.wav,ODbL-1.0,https://huggingface.co/datasets/owlgebra-ai/babycry,7.0,8000,1,-1,0.0,7.0,ok,7.0,8000,1,,d16300c6550120d6b7a2f2d94fa3323c39b8515d4a2ca1509555cc6a57a58eac,
owlgebra_babycry,donateacry__5C2F730C-9721-40B7-A2D8-C257DB518978-1429966336-1.0-m-04-hu.wav,donateacry:5C2F730C-9721-40B7-A2D8-C257DB518978-1429966336-1.0-m-04-hu,hungry,Baby_Crying,data/raw/babycry/Baby_Crying/donateacry__5C2F730C-9721-40B7-A2D8-C257DB518978-1429966336-1.0-m-04-hu.wav,ODbL-1.0,https://huggingface.co/datasets/owlgebra-ai/babycry,7.0,8000,1,-1,0.0,7.0,ok,7.0,8000,1,,1a388552487a00c6102b3f92b5598bf5f9f40ca5ce0a40129e92787c1b8437de,
owlgebra_babycry,donateacry__5E01DC60-1DE3-4AF9-A661-7F649EAE457D-1430141106-1.0-m-26-hu.wav,donateacry:5E01DC60-1DE3-4AF9-A661-7F649EAE457D-1430141106-1.0-m-26-hu,hungry,Baby_Crying,data/raw/babycry/Baby_Crying/donateacry__5E01DC60-1DE3-4AF9-A661-7F649EAE457D-1430141106-1.0-m-26-hu.wav,ODbL-1.0,https://huggingface.co/datasets/owlgebra-ai/babycry,7.0,8000,1,-1,0.0,7.0,ok,7.0,8000,1,,e2107c65528d41639992b3fe2a5ace654d97f41a55a68be04f172d878530a47a,
owlgebra_babycry,donateacry__5afc6a14-a9d8-45f8-b31d-c79dd87cc8c6-1430757081034-1.7-m-48-hu.wav,donateacry:5afc6a14-a9d8-45f8-b31d-c79dd87cc8c6-1430757081034-1.7-m-48-hu,hungry,Baby_Crying,data/raw/babycry/Baby_Crying/donateacry__5afc6a14-a9d8-45f8-b31d-c79dd87cc8c6-1430757081034-1.7-m-48-hu.wav,ODbL-1.0,https://huggingface.co/datasets/owlgebra-ai/babycry,6.68,8000,1,-1,0.0,6.68,ok,6.68,8000,1,,fe22d99016eda561c9050bcee66de8a967d681828cb9d5c84b33eeebc74ed8e3,
owlgebra_babycry,donateacry__5b49f19f-a3a7-411e-bb32-755da3cbd6f0-1430029991480-1.7-m-48-hu.wav,donateacry:5b49f19f-a3a7-411e-bb32-755da3cbd6f0-1430029991480-1.7-m-48-hu,hungry,Baby_Crying,data/raw/babycry/Baby_Crying/donateacry__5b49f19f-a3a7-411e-bb32-755da3cbd6f0-1430029991480-1.7-m-48-hu.wav,ODbL-1.0,https://huggingface.co/datasets/owlgebra-ai/babycry,6.96,8000,1,-1,0.0,6.96,ok,6.96,8000,1,,0c38d80d91d60c1bc1977332e9c5fc1802ea24ecfbbd4f04420c33f395d78e7c,
owlgebra_babycry,donateacry__5f651112-d2a3-4911-b3a5-f37bfc092494-1430734658837-1.7-m-72-hu.wav,donateacry:5f651112-d2a3-4911-b3a5-f37bfc092494-1430734658837-1.7-m-72-hu,hungry,Baby_Crying,data/raw/babycry/Baby_Crying/donateacry__5f651112-d2a3-4911-b3a5-f37bfc092494-1430734658837-1.7-m-72-hu.wav,ODbL-1.0,https://huggingface.co/datasets/owlgebra-ai/babycry,6.92,8000,1,-1,0.0,6.92,ok,6.92,8000,1,,d950b38a8abfbd71f096ed3ac452c611108ab34d5d7ab7a44d746d1dfd96c069,
owlgebra_babycry,donateacry__602b06a7-31f0-4370-b35a-9cc81d205958-1430739585531-1.7-m-04-hu.wav,donateacry:602b06a7-31f0-4370-b35a-9cc81d205958-1430739585531-1.7-m-04-hu,hungry,Baby_Crying,data/raw/babycry/Baby_Crying/donateacry__602b06a7-31f0-4370-b35a-9cc81d205958-1430739585531-1.7-m-04-hu.wav,ODbL-1.0,https://huggingface.co/datasets/owlgebra-ai/babycry,6.92,8000,1,-1,0.0,6.92,ok,6.92,8000,1,,00051f8d6ce76f33cc8a5507c63c9d86fd41bd0b92d89d7c205bc70e47747003,
owlgebra_babycry,donateacry__602b06a7-31f0-4370-b35a-9cc81d205958-1430907796431-1.7-f-72-hu.wav,donateacry:602b06a7-31f0-4370-b35a-9cc81d205958-1430907796431-1.7-f-72-hu,hungry,Baby_Crying,data/raw/babycry/Baby_Crying/donateacry__602b06a7-31f0-4370-b35a-9cc81d205958-1430907796431-1.7-f-72-hu.wav,ODbL-1.0,https://huggingface.co/datasets/owlgebra-ai/babycry,6.92,8000,1,-1,0.0,6.92,ok,6.92,8000,1,,7f085bbdd3f1cbdce06d835e77bb3005cc4f129ec5ba04721ae743b7e5e3b760,
owlgebra_babycry,donateacry__63CA92F7-973A-4DCA-A410-7B19811A2478-1430041884-1.0-f-26-hu.wav,donateacry:63CA92F7-973A-4DCA-A410-7B19811A2478-1430041884-1.0-f-26-hu,hungry,Baby_Crying,data/raw/babycry/Baby_Crying/donateacry__63CA92F7-973A-4DCA-A410-7B19811A2478-1430041884-1.0-f-26-hu.wav,ODbL-1.0,https://huggingface.co/datasets/owlgebra-ai/babycry,7.0,8000,1,-1,0.0,7.0,ok,7.0,8000,1,,50239c5c8d2004ee92ba97d6e4fb814c1b3446293eba39baf63227cc78f36759,
owlgebra_babycry,donateacry__64acb345-a61e-4ef3-a5a6-cf83c04b83f1-1430058973897-1.7-m-72-hu.wav,donateacry:64acb345-a61e-4ef3-a5a6-cf83c04b83f1-1430058973897-1.7-m-72-hu,hungry,Baby_Crying,data/raw/babycry/Baby_Crying/donateacry__64acb345-a61e-4ef3-a5a6-cf83c04b83f1-1430058973897-1.7-m-72-hu.wav,ODbL-1.0,https://huggingface.co/datasets/owlgebra-ai/babycry,6.62,8000,1,-1,0.0,6.62,ok,6.62,8000,1,,f74db719a750b2136aad523ec8e4e501ce026e63a23ec02658c74c00d7b43807,
owlgebra_babycry,donateacry__6639C63C-F634-489C-91B3-E3DB5930EFD5-1431370278-1.1-m-04-hu.wav,donateacry:6639C63C-F634-489C-91B3-E3DB5930EFD5-1431370278-1.1-m-04-hu,hungry,Baby_Crying,data/raw/babycry/Baby_Crying/donateacry__6639C63C-F634-489C-91B3-E3DB5930EFD5-1431370278-1.1-m-04-hu.wav,ODbL-1.0,https://huggingface.co/datasets/owlgebra-ai/babycry,7.0,8000,1,-1,0.0,7.0,ok,7.0,8000,1,,76e4567fe475d1767b7ceea79ceeec19fe6862d98a0686cc6173adb549638423,
owlgebra_babycry,donateacry__67414C5E-0EB2-48FD-8391-FCF085FDB6D9-1430050964-1.0-m-04-hu.wav,donateacry:67414C5E-0EB2-48FD-8391-FCF085FDB6D9-1430050964-1.0-m-04-hu,hungry,Baby_Crying,data/raw/babycry/Baby_Crying/donateacry__67414C5E-0EB2-48FD-8391-FCF085FDB6D9-1430050964-1.0-m-04-hu.wav,ODbL-1.0,https://huggingface.co/datasets/owlgebra-ai/babycry,7.0,8000,1,-1,0.0,7.0,ok,7.0,8000,1,,04d768b1d635fd4065fea6873b11dd9059dab9c5baee74397a28968cf36498b1,
owlgebra_babycry,donateacry__6bd76f21-f279-4c46-9453-58c95e7b2475-1430767927715-1.7-m-72-hu.wav,donateacry:6bd76f21-f279-4c46-9453-58c95e7b2475-1430767927715-1.7-m-72-hu,hungry,Baby_Crying,data/raw/babycry/Baby_Crying/donateacry__6bd76f21-f279-4c46-9453-58c95e7b2475-1430767927715-1.7-m-72-hu.wav,ODbL-1.0,https://huggingface.co/datasets/owlgebra-ai/babycry,6.62,8000,1,-1,0.0,6.62,ok,6.62,8000,1,,dea98d4efd6fb13bc733dd2eb20bc19f4f4356a4bac551a5328b9899541d3f69,
owlgebra_babycry,donateacry__7060a4f6-4c0c-494b-912c-ae60158b185a-1436931995150-1.7-f-04-hu.wav,donateacry:7060a4f6-4c0c-494b-912c-ae60158b185a-1436931995150-1.7-f-04-hu,hungry,Baby_Crying,data/raw/babycry/Baby_Crying/donateacry__7060a4f6-4c0c-494b-912c-ae60158b185a-1436931995150-1.7-f-04-hu.wav,ODbL-1.0,https://huggingface.co/datasets/owlgebra-ai/babycry,6.94,8000,1,-1,0.0,6.94,ok,6.94,8000,1,,31a37bd3668734acf8a17ffbbbe9a424bf8e2d1450ee10547d0f20c3eed215fd,
owlgebra_babycry,donateacry__70d30513-0ec3-49e4-9976-e85785e85c2d-1431033372810-1.7-m-04-hu.wav,donateacry:70d30513-0ec3-49e4-9976-e85785e85c2d-1431033372810-1.7-m-04-hu,hungry,Baby_Crying,data/raw/babycry/Baby_Crying/donateacry__70d30513-0ec3-49e4-9976-e85785e85c2d-1431033372810-1.7-m-04-hu.wav,ODbL-1.0,https://huggingface.co/datasets/owlgebra-ai/babycry,6.94,8000,1,-1,0.0,6.94,ok,6.94,8000,1,,9508c18c9d98829bc59d2413129d56426dfc694525a90d468da1fe979e2e5e37,
owlgebra_babycry,donateacry__719bb382-a592-46b7-82d2-8b4a625263b7-1430376483385-1.7-m-48-hu.wav,donateacry:719bb382-a592-46b7-82d2-8b4a625263b7-1430376483385-1.7-m-48-hu,hungry,Baby_Crying,data/raw/babycry/Baby_Crying/donateacry__719bb382-a592-46b7-82d2-8b4a625263b7-1430376483385-1.7-m-48-hu.wav,ODbL-1.0,https://huggingface.co/datasets/owlgebra-ai/babycry,6.94,8000,1,-1,0.0,6.94,ok,6.94,8000,1,,7e35ab42d9924189b1feab68f197c2830d88638cf20d8e44e2a5cb7d93d7d789,
owlgebra_babycry,donateacry__719bb382-a592-46b7-82d2-8b4a625263b7-1430376501744-1.7-m-48-hu.wav,donateacry:719bb382-a592-46b7-82d2-8b4a625263b7-1430376501744-1.7-m-48-hu,hungry,Baby_Crying,data/raw/babycry/Baby_Crying/donateacry__719bb382-a592-46b7-82d2-8b4a625263b7-1430376501744-1.7-m-48-hu.wav,ODbL-1.0,https://huggingface.co/datasets/owlgebra-ai/babycry,6.92,8000,1,-1,0.0,6.92,ok,6.92,8000,1,,3f3df70b40aaa7332736c472ced6f86b06244bdc86934477bdd93c6cb1d80540,
owlgebra_babycry,donateacry__743E7CCA-D32B-40B6-9541-9808122D3F6B-1436860053-1.1-f-26-hu.wav,donateacry:743E7CCA-D32B-40B6-9541-9808122D3F6B-1436860053-1.1-f-26-hu,hungry,Baby_Crying,data/raw/babycry/Baby_Crying/donateacry__743E7CCA-D32B-40B6-9541-9808122D3F6B-1436860053-1.1-f-26-hu.wav,ODbL-1.0,https://huggingface.co/datasets/owlgebra-ai/babycry,7.0,8000,1,-1,0.0,7.0,ok,7.0,8000,1,,9df950cea54c6917e4b901550f0d8a695186581d5634403bbc89e4eabc72f66f,
owlgebra_babycry,donateacry__743E7CCA-D32B-40B6-9541-9808122D3F6B-1436860161-1.1-f-26-hu.wav,donateacry:743E7CCA-D32B-40B6-9541-9808122D3F6B-1436860161-1.1-f-26-hu,hungry,Baby_Crying,data/raw/babycry/Baby_Crying/donateacry__743E7CCA-D32B-40B6-9541-9808122D3F6B-1436860161-1.1-f-26-hu.wav,ODbL-1.0,https://huggingface.co/datasets/owlgebra-ai/babycry,7.0,8000,1,-1,0.0,7.0,ok,7.0,8000,1,,1efd4e32224d19a6614f6d37162691b61c7365ae7f611f7b08f78efa0bf23c1e,
owlgebra_babycry,donateacry__7616E8F4-B1A7-45A6-9A0C-C9BB2DE64FC3-1436868751-1.1-m-72-hu.wav,donateacry:7616E8F4-B1A7-45A6-9A0C-C9BB2DE64FC3-1436868751-1.1-m-72-hu,hungry,Baby_Crying,data/raw/babycry/Baby_Crying/donateacry__7616E8F4-B1A7-45A6-9A0C-C9BB2DE64FC3-1436868751-1.1-m-72-hu.wav,ODbL-1.0,https://huggingface.co/datasets/owlgebra-ai/babycry,7.0,8000,1,-1,0.0,7.0,ok,7.0,8000,1,,a4410e9641986558e2676607d424443347599222a0822db9f784548319125426,
owlgebra_babycry,donateacry__771fa0cc-4535-471b-9cec-d26deff8d567-1429803644891-1.7-m-04-hu.wav,donateacry:771fa0cc-4535-471b-9cec-d26deff8d567-1429803644891-1.7-m-04-hu,hungry,Baby_Crying,data/raw/babycry/Baby_Crying/donateacry__771fa0cc-4535-471b-9cec-d26deff8d567-1429803644891-1.7-m-04-hu.wav,ODbL-1.0,https://huggingface.co/datasets/owlgebra-ai/babycry,6.82,8000,1,-1,0.0,6.82,ok,6.82,8000,1,,4fdeb783e1931ded22a3cd7e3f4eccfcccb7f0cf49a2210bbf2f7de65caf3876,
owlgebra_babycry,donateacry__789d2553-cbf2-4911-91e4-fb228d231238-1430818517787-1.7-m-26-hu.wav,donateacry:789d2553-cbf2-4911-91e4-fb228d231238-1430818517787-1.7-m-26-hu,hungry,Baby_Crying,data/raw/babycry/Baby_Crying/donateacry__789d2553-cbf2-4911-91e4-fb228d231238-1430818517787-1.7-m-26-hu.wav,ODbL-1.0,https://huggingface.co/datasets/owlgebra-ai/babycry,6.64,8000,1,-1,0.0,6.64,ok,6.64,8000,1,,562e5417f78c3809a7d1dc3107bbaf158dc3312ce6d97707c7addce3df2dfad3,
owlgebra_babycry,donateacry__7A22229D-06C2-4AAA-9674-DE5DF1906B3A-1436891933-1.1-m-72-hu.wav,donateacry:7A22229D-06C2-4AAA-9674-DE5DF1906B3A-1436891933-1.1-m-72-hu,hungry,Baby_Crying,data/raw/babycry/Baby_Crying/donateacry__7A22229D-06C2-4AAA-9674-DE5DF1906B3A-1436891933-1.1-m-72-hu.wav,ODbL-1.0,https://huggingface.co/datasets/owlgebra-ai/babycry,7.0,8000,1,-1,0.0,7.0,ok,7.0,8000,1,,bf806a3260e48ccc747deff4e1e0b5da4f2f42e3fa832393a4e8a9bc30a630d9,
owlgebra_babycry,donateacry__7A864194-4B6B-4850-ABBF-0C2A8170107B-1436846824-1.1-f-26-hu.wav,donateacry:7A864194-4B6B-4850-ABBF-0C2A8170107B-1436846824-1.1-f-26-hu,hungry,Baby_Crying,data/raw/babycry/Baby_Crying/donateacry__7A864194-4B6B-4850-ABBF-0C2A8170107B-1436846824-1.1-f-26-hu.wav,ODbL-1.0,https://huggingface.co/datasets/owlgebra-ai/babycry,7.0,8000,1,-1,0.0,7.0,ok,7.0,8000,1,,ffd34f46c7db31643305b9dd7475866488692d1044fccc2e708d4112baff6024,
owlgebra_babycry,donateacry__7B924575-21FC-462A-969E-BABB46D1CBF5-1430055220-1.0-f-72-hu.wav,donateacry:7B924575-21FC-462A-969E-BABB46D1CBF5-1430055220-1.0-f-72-hu,hungry,Baby_Crying,data/raw/babycry/Baby_Crying/donateacry__7B924575-21FC-462A-969E-BABB46D1CBF5-1430055220-1.0-f-72-hu.wav,ODbL-1.0,https://huggingface.co/datasets/owlgebra-ai/babycry,7.0,8000,1,-1,0.0,7.0,ok,7.0,8000,1,,1645c36727823cb9ad214b2d8ef1d3d61dc1597d6267e805a3137c99abe9f491,
owlgebra_babycry,donateacry__7B924575-21FC-462A-969E-BABB46D1CBF5-1430055243-1.0-f-72-hu.wav,donateacry:7B924575-21FC-462A-969E-BABB46D1CBF5-1430055243-1.0-f-72-hu,hungry,Baby_Crying,data/raw/babycry/Baby_Crying/donateacry__7B924575-21FC-462A-969E-BABB46D1CBF5-1430055243-1.0-f-72-hu.wav,ODbL-1.0,https://huggingface.co/datasets/owlgebra-ai/babycry,7.0,8000,1,-1,0.0,7.0,ok,7.0,8000,1,,cd58d89bfa4a1a84d3139448156e6d733211253ad4d028368bc416c11f4b64ec,
owlgebra_babycry,donateacry__7CF37029-1040-40B8-ACC9-7E6E5C03AF9B-1429808939-1.0-m-72-hu.wav,donateacry:7CF37029-1040-40B8-ACC9-7E6E5C03AF9B-1429808939-1.0-m-72-hu,hungry,Baby_Crying,data/raw/babycry/Baby_Crying/donateacry__7CF37029-1040-40B8-ACC9-7E6E5C03AF9B-1429808939-1.0-m-72-hu.wav,ODbL-1.0,https://huggingface.co/datasets/owlgebra-ai/babycry,7.0,8000,1,-1,0.0,7.0,ok,7.0,8000,1,,1b5c88b0287b52c19dbe5d624571b2f6d9ac68084a9a353923f7c684f24aae62,
owlgebra_babycry,donateacry__7E4B9C14-F955-4BED-9B03-7F3096A6CBFF-1430232157-1.0-f-26-hu.wav,donateacry:7E4B9C14-F955-4BED-9B03-7F3096A6CBFF-1430232157-1.0-f-26-hu,hungry,Baby_Crying,data/raw/babycry/Baby_Crying/donateacry__7E4B9C14-F955-4BED-9B03-7F3096A6CBFF-1430232157-1.0-f-26-hu.wav,ODbL-1.0,https://huggingface.co/datasets/owlgebra-ai/babycry,7.0,8000,1,-1,0.0,7.0,ok,7.0,8000,1,,0619abaebdfc759f4fb4ed66276102888af6cb45582dd97e5054734dca175e73,
owlgebra_babycry,donateacry__7E4B9C14-F955-4BED-9B03-7F3096A6CBFF-1430232166-1.0-f-26-hu.wav,donateacry:7E4B9C14-F955-4BED-9B03-7F3096A6CBFF-1430232166-1.0-f-26-hu,hungry,Baby_Crying,data/raw/babycry/Baby_Crying/donateacry__7E4B9C14-F955-4BED-9B03-7F3096A6CBFF-1430232166-1.0-f-26-hu.wav,ODbL-1.0,https://huggingface.co/datasets/owlgebra-ai/babycry,7.0,8000,1,-1,0.0,7.0,ok,7.0,8000,1,,362ec417e395a254d04e401005c1271fc39daf25f5dc967b43a06c67ed137252,
owlgebra_babycry,donateacry__7b23d26e-6f97-4e8b-b520-a9fdde21ee91-1432261716253-1.7-m-48-hu.wav,donateacry:7b23d26e-6f97-4e8b-b520-a9fdde21ee91-1432261716253-1.7-m-48-hu,hungry,Baby_Crying,data/raw/babycry/Baby_Crying/donateacry__7b23d26e-6f97-4e8b-b520-a9fdde21ee91-1432261716253-1.7-m-48-hu.wav,ODbL-1.0,https://huggingface.co/datasets/owlgebra-ai/babycry,6.96,8000,1,-1,0.0,6.96,ok,6.96,8000,1,,a21828608d3db65e398651f4963256327816fa7071003851bf251f5eb711db5c,
owlgebra_babycry,donateacry__7b23d26e-6f97-4e8b-b520-a9fdde21ee91-1432275312750-1.7-m-48-hu.wav,donateacry:7b23d26e-6f97-4e8b-b520-a9fdde21ee91-1432275312750-1.7-m-48-hu,hungry,Baby_Crying,data/raw/babycry/Baby_Crying/donateacry__7b23d26e-6f97-4e8b-b520-a9fdde21ee91-1432275312750-1.7-m-48-hu.wav,ODbL-1.0,https://huggingface.co/datasets/owlgebra-ai/babycry,6.94,8000,1,-1,0.0,6.94,ok,6.94,8000,1,,4dc6ccc1b2d825f88bc14f6ce36a6b4972035da1dc5c711cdc97a5c141af1884,
owlgebra_babycry,donateacry__7fd72d70-07c4-40a0-85e9-c91df9bdefb2-1430994916704-1.7-f-04-hu.wav,donateacry:7fd72d70-07c4-40a0-85e9-c91df9bdefb2-1430994916704-1.7-f-04-hu,hungry,Baby_Crying,data/raw/babycry/Baby_Crying/donateacry__7fd72d70-07c4-40a0-85e9-c91df9bdefb2-1430994916704-1.7-f-04-hu.wav,ODbL-1.0,https://huggingface.co/datasets/owlgebra-ai/babycry,7.06,8000,1,-1,0.0,7.06,ok,7.06,8000,1,,fbf11512df68780a3b3e08c73c3525e8d88308670ba5980f99a3e475ce62dbf7,
owlgebra_babycry,donateacry__80f5ab0a-16c1-4738-9209-fbdae52ff769-1430140636917-1.7-f-04-hu.wav,donateacry:80f5ab0a-16c1-4738-9209-fbdae52ff769-1430140636917-1.7-f-04-hu,hungry,Baby_Crying,data/raw/babycry/Baby_Crying/donateacry__80f5ab0a-16c1-4738-9209-fbdae52ff769-1430140636917-1.7-f-04-hu.wav,ODbL-1.0,https://huggingface.co/datasets/owlgebra-ai/babycry,6.9,8000,1,-1,0.0,6.9,ok,6.9,8000,1,,b2f9c1cb8e077bfa964302f34855944bfc839fa46ff4259e2556b817d34897c0,
owlgebra_babycry,donateacry__815af07e-4c31-4032-8bd1-dab6e60c879e-1433156413683-1.7-m-04-hu.wav,donateacry:815af07e-4c31-4032-8bd1-dab6e60c879e-1433156413683-1.7-m-04-hu,hungry,Baby_Crying,data/raw/babycry/Baby_Crying/donateacry__815af07e-4c31-4032-8bd1-dab6e60c879e-1433156413683-1.7-m-04-hu.wav,ODbL-1.0,https://huggingface.co/datasets/owlgebra-ai/babycry,6.94,8000,1,-1,0.0,6.94,ok,6.94,8000,1,,cd35e900787f21c676b16839f69cae7084e74fddeb872737a60880f55b346726,
owlgebra_babycry,donateacry__815af07e-4c31-4032-8bd1-dab6e60c879e-1433156423585-1.7-m-04-hu.wav,donateacry:815af07e-4c31-4032-8bd1-dab6e60c879e-1433156423585-1.7-m-04-hu,hungry,Baby_Crying,data/raw/babycry/Baby_Crying/donateacry__815af07e-4c31-4032-8bd1-dab6e60c879e-1433156423585-1.7-m-04-hu.wav,ODbL-1.0,https://huggingface.co/datasets/owlgebra-ai/babycry,6.96,8000,1,-1,0.0,6.96,ok,6.96,8000,1,,b1be60ee51ce938b4c3c5ffaf2abdc6e521fc96e99b7a0a44e2487be9f67c415,
owlgebra_babycry,donateacry__81724071-bc5e-4e38-8f35-85a691af5721-1430737552979-1.7-m-04-hu.wav,donateacry:81724071-bc5e-4e38-8f35-85a691af5721-1430737552979-1.7-m-04-hu,hungry,Baby_Crying,data/raw/babycry/Baby_Crying/donateacry__81724071-bc5e-4e38-8f35-85a691af5721-1430737552979-1.7-m-04-hu.wav,ODbL-1.0,https://huggingface.co/datasets/owlgebra-ai/babycry,6.94,8000,1,-1,0.0,6.94,ok,6.94,8000,1,,66eb3cac7429cb8b7329d786d517e087e3dc869c0eb9c0ad6c8114ca15a406d6,
owlgebra_babycry,donateacry__818A32F4-D5D8-426C-B88C-81A8154AC81A-1430093571-1.0-m-26-hu.wav,donateacry:818A32F4-D5D8-426C-B88C-81A8154AC81A-1430093571-1.0-m-26-hu,hungry,Baby_Crying,data/raw/babycry/Baby_Crying/donateacry__818A32F4-D5D8-426C-B88C-81A8154AC81A-1430093571-1.0-m-26-hu.wav,ODbL-1.0,https://huggingface.co/datasets/owlgebra-ai/babycry,7.0,8000,1,-1,0.0,7.0,ok,7.0,8000,1,,67b69898327c2f8f2c93a0c8032655f731d6b5c14eba95c0234d46d69a0e0413,
owlgebra_babycry,donateacry__85FAB169-4DCC-406D-AC93-2F6A8D797DAB-1437632141-1.1-m-04-hu.wav,donateacry:85FAB169-4DCC-406D-AC93-2F6A8D797DAB-1437632141-1.1-m-04-hu,hungry,Baby_Crying,data/raw/babycry/Baby_Crying/donateacry__85FAB169-4DCC-406D-AC93-2F6A8D797DAB-1437632141-1.1-m-04-hu.wav,ODbL-1.0,https://huggingface.co/datasets/owlgebra-ai/babycry,7.0,8000,1,-1,0.0,7.0,ok,7.0,8000,1,,696722d99002db398e1d634f1ba04f054b76f3f7124fa5772b3071ebec1788d3,
owlgebra_babycry,donateacry__89964233-cbdb-4f34-a819-5f4b5ce3f5f5-1430049852345-1.7-f-04-hu.wav,donateacry:89964233-cbdb-4f34-a819-5f4b5ce3f5f5-1430049852345-1.7-f-04-hu,hungry,Baby_Crying,data/raw/babycry/Baby_Crying/donateacry__89964233-cbdb-4f34-a819-5f4b5ce3f5f5-1430049852345-1.7-f-04-hu.wav,ODbL-1.0,https://huggingface.co/datasets/owlgebra-ai/babycry,6.92,8000,1,-1,0.0,6.92,ok,6.92,8000,1,,29f8d7919c8be6517dca6c4651fe5234ac672acf5a1bab30916f89f8420405b7,
owlgebra_babycry,donateacry__8FDA58A7-FDC6-4421-855F-738E6E853E43-1429895742-1.0-m-26-hu.wav,donateacry:8FDA58A7-FDC6-4421-855F-738E6E853E43-1429895742-1.0-m-26-hu,hungry,Baby_Crying,data/raw/babycry/Baby_Crying/donateacry__8FDA58A7-FDC6-4421-855F-738E6E853E43-1429895742-1.0-m-26-hu.wav,ODbL-1.0,https://huggingface.co/datasets/owlgebra-ai/babycry,7.0,8000,1,-1,0.0,7.0,ok,7.0,8000,1,,ff993c6ea1b1480003eb2e2c1eec7a522416d8ca6a7873505e82c5522a9f0df4,
owlgebra_babycry,donateacry__8FDA58A7-FDC6-4421-855F-738E6E853E43-1429895751-1.0-m-26-hu.wav,donateacry:8FDA58A7-FDC6-4421-855F-738E6E853E43-1429895751-1.0-m-26-hu,hungry,Baby_Crying,data/raw/babycry/Baby_Crying/donateacry__8FDA58A7-FDC6-4421-855F-738E6E853E43-1429895751-1.0-m-26-hu.wav,ODbL-1.0,https://huggingface.co/datasets/owlgebra-ai/babycry,7.0,8000,1,-1,0.0,7.0,ok,7.0,8000,1,,a724038bc39eac30d45dbb134119d25dde4f552c3fc4c83e3cbf7ff9c921e723,
owlgebra_babycry,donateacry__8FDA58A7-FDC6-4421-855F-738E6E853E43-1429895780-1.0-m-26-hu.wav,donateacry:8FDA58A7-FDC6-4421-855F-738E6E853E43-1429895780-1.0-m-26-hu,hungry,Baby_Crying,data/raw/babycry/Baby_Crying/donateacry__8FDA58A7-FDC6-4421-855F-738E6E853E43-1429895780-1.0-m-26-hu.wav,ODbL-1.0,https://huggingface.co/datasets/owlgebra-ai/babycry,7.0,8000,1,-1,0.0,7.0,ok,7.0,8000,1,,9c5a2750d59f0ded92eef3e0688a0261dd1ee9c7ef57be09bbbbd174bafee341,
owlgebra_babycry,donateacry__8b1faa77-e3ac-48af-bf2a-58aadebefcba-1436798541805-1.7-m-04-hu.wav,donateacry:8b1faa77-e3ac-48af-bf2a-58aadebefcba-1436798541805-1.7-m-04-hu,hungry,Baby_Crying,data/raw/babycry/Baby_Crying/donateacry__8b1faa77-e3ac-48af-bf2a-58aadebefcba-1436798541805-1.7-m-04-hu.wav,ODbL-1.0,https://huggingface.co/datasets/owlgebra-ai/babycry,6.74,8000,1,-1,0.0,6.74,ok,6.74,8000,1,,3338cdb5790e6ac04d0a4414295979df423ebc6bb4791709f5a7989ec2fe5a42,
owlgebra_babycry,donateacry__8c920fd0-fa9f-4926-bcac-074767dcbfcd-1436850948195-1.7-m-04-hu.wav,donateacry:8c920fd0-fa9f-4926-bcac-074767dcbfcd-1436850948195-1.7-m-04-hu,hungry,Baby_Crying,data/raw/babycry/Baby_Crying/donateacry__8c920fd0-fa9f-4926-bcac-074767dcbfcd-1436850948195-1.7-m-04-hu.wav,ODbL-1.0,https://huggingface.co/datasets/owlgebra-ai/babycry,6.66,8000,1,-1,0.0,6.66,ok,6.66,8000,1,,f5da7aa3cd3ad1b1e166dede4160139cab9922123d0d0a036293215467a2ac91,
owlgebra_babycry,donateacry__8c920fd0-fa9f-4926-bcac-074767dcbfcd-1436856382717-1.7-m-04-hu.wav,donateacry:8c920fd0-fa9f-4926-bcac-074767dcbfcd-1436856382717-1.7-m-04-hu,hungry,Baby_Crying,data/raw/babycry/Baby_Crying/donateacry__8c920fd0-fa9f-4926-bcac-074767dcbfcd-1436856382717-1.7-m-04-hu.wav,ODbL-1.0,https://huggingface.co/datasets/owlgebra-ai/babycry,6.66,8000,1,-1,0.0,6.66,ok,6.66,8000,1,,6bdd08adae52f2e5754f8dca61f8867a2b558f96d3638b35e8a32259b68f59a0,
owlgebra_babycry,donateacry__8f4dbf5a-b504-4452-b6ac-94e646a6a052-1430727792958-1.7-f-72-hu.wav,donateacry:8f4dbf5a-b504-4452-b6ac-94e646a6a052-1430727792958-1.7-f-72-hu,hungry,Baby_Crying,data/raw/babycry/Baby_Crying/donateacry__8f4dbf5a-b504-4452-b6ac-94e646a6a052-1430727792958-1.7-f-72-hu.wav,ODbL-1.0,https://huggingface.co/datasets/owlgebra-ai/babycry,6.92,8000,1,-1,0.0,6.92,ok,6.92,8000,1,,9ed98a84b2ac1b8b686d286634b4f12d3f17e49d0cc48eac395bebd3e9cd201d,
owlgebra_babycry,donateacry__8f4dbf5a-b504-4452-b6ac-94e646a6a052-1430729451597-1.7-f-72-hu.wav,donateacry:8f4dbf5a-b504-4452-b6ac-94e646a6a052-1430729451597-1.7-f-72-hu,hungry,Baby_Crying,data/raw/babycry/Baby_Crying/donateacry__8f4dbf5a-b504-4452-b6ac-94e646a6a052-1430729451597-1.7-f-72-hu.wav,ODbL-1.0,https://huggingface.co/datasets/owlgebra-ai/babycry,6.92,8000,1,-1,0.0,6.92,ok,6.92,8000,1,,49d7f5d81b003edab7fa8df42cbef3f4d3c67db9371fd690022a79e11985bcb3,
owlgebra_babycry,donateacry__8f4dbf5a-b504-4452-b6ac-94e646a6a052-1430734962301-1.7-f-72-hu.wav,donateacry:8f4dbf5a-b504-4452-b6ac-94e646a6a052-1430734962301-1.7-f-72-hu,hungry,Baby_Crying,data/raw/babycry/Baby_Crying/donateacry__8f4dbf5a-b504-4452-b6ac-94e646a6a052-1430734962301-1.7-f-72-hu.wav,ODbL-1.0,https://huggingface.co/datasets/owlgebra-ai/babycry,6.92,8000,1,-1,0.0,6.92,ok,6.92,8000,1,,e58f529147a6532de0d9436d8180a4cef3603ecf6f36056ed2211fbb6b2b4214,
owlgebra_babycry,donateacry__8f4dbf5a-b504-4452-b6ac-94e646a6a052-1430735157938-1.7-f-72-hu.wav,donateacry:8f4dbf5a-b504-4452-b6ac-94e646a6a052-1430735157938-1.7-f-72-hu,hungry,Baby_Crying,data/raw/babycry/Baby_Crying/donateacry__8f4dbf5a-b504-4452-b6ac-94e646a6a052-1430735157938-1.7-f-72-hu.wav,ODbL-1.0,https://huggingface.co/datasets/owlgebra-ai/babycry,6.92,8000,1,-1,0.0,6.92,ok,6.92,8000,1,,49b67b13e7912fc4391dca26b2228e3242f4ad30a7ad52016682a5bc112b45d2,
owlgebra_babycry,donateacry__8f5c01dc-6826-4076-a831-027ad61afdaf-1435873509176-1.7-f-26-hu.wav,donateacry:8f5c01dc-6826-4076-a831-027ad61afdaf-1435873509176-1.7-f-26-hu,hungry,Baby_Crying,data/raw/babycry/Baby_Crying/donateacry__8f5c01dc-6826-4076-a831-027ad61afdaf-1435873509176-1.7-f-26-hu.wav,ODbL-1.0,https://huggingface.co/datasets/owlgebra-ai/babycry,6.94,8000,1,-1,0.0,6.94,ok,6.94,8000,1,,2409c5a7769bc4fff751b1353e4e547dab7489f6b3a6c0555b0d1900a88b1b02,
owlgebra_babycry,donateacry__9090c7a3-bebc-4485-aafc-64e4298da3ac-1430088396663-1.7-f-26-hu.wav,donateacry:9090c7a3-bebc-4485-aafc-64e4298da3ac-1430088396663-1.7-f-26-hu,hungry,Baby_Crying,data/raw/babycry/Baby_Crying/donateacry__9090c7a3-bebc-4485-aafc-64e4298da3ac-1430088396663-1.7-f-26-hu.wav,ODbL-1.0,https://huggingface.co/datasets/owlgebra-ai/babycry,6.94,8000,1,-1,0.0,6.94,ok,6.94,8000,1,,138cf2f74708fdfd317ee42bb2cd85cedda0c0113fc3a5769e1970bce35c0f3c,
owlgebra_babycry,donateacry__92d08bbe-553f-4844-85b1-15d572f06ea2-1436873183951-1.7-m-04-hu.wav,donateacry:92d08bbe-553f-4844-85b1-15d572f06ea2-1436873183951-1.7-m-04-hu,hungry,Baby_Crying,data/raw/babycry/Baby_Crying/donateacry__92d08bbe-553f-4844-85b1-15d572f06ea2-1436873183951-1.7-m-04-hu.wav,ODbL-1.0,https://huggingface.co/datasets/owlgebra-ai/babycry,6.78,8000,1,-1,0.0,6.78,ok,6.78,8000,1,,824435c9d38e72ef0bf72dd46f86858b2667bcc126ebca4ba3be50e6cdf36083,
owlgebra_babycry,donateacry__96986c8b-9988-4c37-a0f8-e7c4269cc3ac-1431719845836-1.7-m-26-hu.wav,donateacry:96986c8b-9988-4c37-a0f8-e7c4269cc3ac-1431719845836-1.7-m-26-hu,hungry,Baby_Crying,data/raw/babycry/Baby_Crying/donateacry__96986c8b-9988-4c37-a0f8-e7c4269cc3ac-1431719845836-1.7-m-26-hu.wav,ODbL-1.0,https://huggingface.co/datasets/owlgebra-ai/babycry,6.72,8000,1,-1,0.0,6.72,ok,6.72,8000,1,,b38c2a454334990ac2cd90e10e4ee9283eeb9cea3d17308323df23097f04b9cf,
owlgebra_babycry,donateacry__990DE219-FCD1-4634-91CE-19AB93E5D2B0-1430214575-1.0-m-04-hu.wav,donateacry:990DE219-FCD1-4634-91CE-19AB93E5D2B0-1430214575-1.0-m-04-hu,hungry,Baby_Crying,data/raw/babycry/Baby_Crying/donateacry__990DE219-FCD1-4634-91CE-19AB93E5D2B0-1430214575-1.0-m-04-hu.wav,ODbL-1.0,https://huggingface.co/datasets/owlgebra-ai/babycry,7.0,8000,1,-1,0.0,7.0,ok,7.0,8000,1,,d062f3302cfbe293c6da99bf7392e727574816e3549bfd5da25083e93545a097,
owlgebra_babycry,donateacry__999bf14b-e417-4b44-b746-9253f81efe38-1430972705879-1.7-m-26-hu.wav,donateacry:999bf14b-e417-4b44-b746-9253f81efe38-1430972705879-1.7-m-26-hu,hungry,Baby_Crying,data/raw/babycry/Baby_Crying/donateacry__999bf14b-e417-4b44-b746-9253f81efe38-1430972705879-1.7-m-26-hu.wav,ODbL-1.0,https://huggingface.co/datasets/owlgebra-ai/babycry,6.9,8000,1,-1,0.0,6.9,ok,6.9,8000,1,,3a4ae325be1ed2553fe4ff1afc3bcc605d960a6d9280998bd34d0dccaf2b5628,
owlgebra_babycry,donateacry__999bf14b-e417-4b44-b746-9253f81efe38-1431013054417-1.7-m-26-hu.wav,donateacry:999bf14b-e417-4b44-b746-9253f81efe38-1431013054417-1.7-m-26-hu,hungry,Baby_Crying,data/raw/babycry/Baby_Crying/donateacry__999bf14b-e417-4b44-b746-9253f81efe38-1431013054417-1.7-m-26-hu.wav,ODbL-1.0,https://huggingface.co/datasets/owlgebra-ai/babycry,6.9,8000,1,-1,0.0,6.9,ok,6.9,8000,1,,18ecb62d769c63335d909259c8ec56820194a425a6f883baaea338c476925c75,
owlgebra_babycry,donateacry__9CFD61B9-BF13-406D-8B2F-F73CFAAF25CB-1430927693-1.0-f-04-hu.wav,donateacry:9CFD61B9-BF13-406D-8B2F-F73CFAAF25CB-1430927693-1.0-f-04-hu,hungry,Baby_Crying,data/raw/babycry/Baby_Crying/donateacry__9CFD61B9-BF13-406D-8B2F-F73CFAAF25CB-1430927693-1.0-f-04-hu.wav,ODbL-1.0,https://huggingface.co/datasets/owlgebra-ai/babycry,7.0,8000,1,-1,0.0,7.0,ok,7.0,8000,1,,d4fe0f9fb360758466b5f5e994cb7e0d0f4f241f0780ff0ad4e79fcac7e4ceb2,
owlgebra_babycry,donateacry__9CFD61B9-BF13-406D-8B2F-F73CFAAF25CB-1430927704-1.0-f-04-hu.wav,donateacry:9CFD61B9-BF13-406D-8B2F-F73CFAAF25CB-1430927704-1.0-f-04-hu,hungry,Baby_Crying,data/raw/babycry/Baby_Crying/donateacry__9CFD61B9-BF13-406D-8B2F-F73CFAAF25CB-1430927704-1.0-f-04-hu.wav,ODbL-1.0,https://huggingface.co/datasets/owlgebra-ai/babycry,7.0,8000,1,-1,0.0,7.0,ok,7.0,8000,1,,a27812ab31a2017459cf4f1f2987862a6a1711d99d5fb1e3285e1355a37b6076,
owlgebra_babycry,donateacry__9CFD61B9-BF13-406D-8B2F-F73CFAAF25CB-1430927728-1.0-f-04-hu.wav,donateacry:9CFD61B9-BF13-406D-8B2F-F73CFAAF25CB-1430927728-1.0-f-04-hu,hungry,Baby_Crying,data/raw/babycry/Baby_Crying/donateacry__9CFD61B9-BF13-406D-8B2F-F73CFAAF25CB-1430927728-1.0-f-04-hu.wav,ODbL-1.0,https://huggingface.co/datasets/owlgebra-ai/babycry,7.0,8000,1,-1,0.0,7.0,ok,7.0,8000,1,,c1a91360cd9e193aee46b7ddd54a225e90b5fea302dc94e88e39c5f0d747d2ca,
owlgebra_babycry,donateacry__9CFD61B9-BF13-406D-8B2F-F73CFAAF25CB-1430927741-1.0-f-04-hu.wav,donateacry:9CFD61B9-BF13-406D-8B2F-F73CFAAF25CB-1430927741-1.0-f-04-hu,hungry,Baby_Crying,data/raw/babycry/Baby_Crying/donateacry__9CFD61B9-BF13-406D-8B2F-F73CFAAF25CB-1430927741-1.0-f-04-hu.wav,ODbL-1.0,https://huggingface.co/datasets/owlgebra-ai/babycry,7.0,8000,1,-1,0.0,7.0,ok,7.0,8000,1,,05433d24ae4a9150f5f3ad4d85f660f3c06536ad525ca0c6e72b4a390941c42a,
owlgebra_babycry,donateacry__9fe37482-6a64-401d-b8b9-3e47d6ed9ac0-1430047362195-1.7-f-26-hu.wav,donateacry:9fe37482-6a64-401d-b8b9-3e47d6ed9ac0-1430047362195-1.7-f-26-hu,hungry,Baby_Crying,data/raw/babycry/Baby_Crying/donateacry__9fe37482-6a64-401d-b8b9-3e47d6ed9ac0-1430047362195-1.7-f-26-hu.wav,ODbL-1.0,https://huggingface.co/datasets/owlgebra-ai/babycry,6.92,8000,1,-1,0.0,6.92,ok,6.92,8000,1,,23b34e86fce8d96b17c8c45042054f2b7d6ea07a404af4a377cbd2192cfd8908,
owlgebra_babycry,donateacry__9fe37482-6a64-401d-b8b9-3e47d6ed9ac0-1430047373513-1.7-f-26-hu.wav,donateacry:9fe37482-6a64-401d-b8b9-3e47d6ed9ac0-1430047373513-1.7-f-26-hu,hungry,Baby_Crying,data/raw/babycry/Baby_Crying/donateacry__9fe37482-6a64-401d-b8b9-3e47d6ed9ac0-1430047373513-1.7-f-26-hu.wav,ODbL-1.0,https://huggingface.co/datasets/owlgebra-ai/babycry,6.92,8000,1,-1,0.0,6.92,ok,6.92,8000,1,,871464c207163c1aa055cbf35226a8ff3c70e1a85f057aeba3ce401f5de92414,
owlgebra_babycry,donateacry__9fe37482-6a64-401d-b8b9-3e47d6ed9ac0-1430047399844-1.7-f-26-hu.wav,donateacry:9fe37482-6a64-401d-b8b9-3e47d6ed9ac0-1430047399844-1.7-f-26-hu,hungry,Baby_Crying,data/raw/babycry/Baby_Crying/donateacry__9fe37482-6a64-401d-b8b9-3e47d6ed9ac0-1430047399844-1.7-f-26-hu.wav,ODbL-1.0,https://huggingface.co/datasets/owlgebra-ai/babycry,6.94,8000,1,-1,0.0,6.94,ok,6.94,8000,1,,dddb14770e911747ecf41f59c75ebe2ac99375b0bf4ffdb9dfb3b27c82d2afbd,
owlgebra_babycry,donateacry__A123AD65-38D3-4A65-AB37-330034765840-1430093699-1.0-m-04-hu.wav,donateacry:A123AD65-38D3-4A65-AB37-330034765840-1430093699-1.0-m-04-hu,hungry,Baby_Crying,data/raw/babycry/Baby_Crying/donateacry__A123AD65-38D3-4A65-AB37-330034765840-1430093699-1.0-m-04-hu.wav,ODbL-1.0,https://huggingface.co/datasets/owlgebra-ai/babycry,7.0,8000,1,-1,0.0,7.0,ok,7.0,8000,1,,f4c8e1fba460aac47ab35bb5a80a964b9e11d71024db37dd77385c9deee8063f,
owlgebra_babycry,donateacry__A123AD65-38D3-4A65-AB37-330034765840-1430093710-1.0-m-04-hu.wav,donateacry:A123AD65-38D3-4A65-AB37-330034765840-1430093710-1.0-m-04-hu,hungry,Baby_Crying,data/raw/babycry/Baby_Crying/donateacry__A123AD65-38D3-4A65-AB37-330034765840-1430093710-1.0-m-04-hu.wav,ODbL-1.0,https://huggingface.co/datasets/owlgebra-ai/babycry,7.0,8000,1,-1,0.0,7.0,ok,7.0,8000,1,,e5fb38a33040dd6c3bc0ab006b0621c4b6a8ffa7985f49adab5af5941139d221,
owlgebra_babycry,donateacry__A123AD65-38D3-4A65-AB37-330034765840-1430093726-1.0-m-04-hu.wav,donateacry:A123AD65-38D3-4A65-AB37-330034765840-1430093726-1.0-m-04-hu,hungry,Baby_Crying,data/raw/babycry/Baby_Crying/donateacry__A123AD65-38D3-4A65-AB37-330034765840-1430093726-1.0-m-04-hu.wav,ODbL-1.0,https://huggingface.co/datasets/owlgebra-ai/babycry,7.0,8000,1,-1,0.0,7.0,ok,7.0,8000,1,,bbf0174a00b824572015865af9b4123aa8ef2ebcd48e22a5f275ca56a34c27c7,
owlgebra_babycry,donateacry__AA2CA7F6-4547-4CC0-AA4C-5D7B64727FB5-1437123487-1.1-f-26-hu.wav,donateacry:AA2CA7F6-4547-4CC0-AA4C-5D7B64727FB5-1437123487-1.1-f-26-hu,hungry,Baby_Crying,data/raw/babycry/Baby_Crying/donateacry__AA2CA7F6-4547-4CC0-AA4C-5D7B64727FB5-1437123487-1.1-f-26-hu.wav,ODbL-1.0,https://huggingface.co/datasets/owlgebra-ai/babycry,7.0,8000,1,-1,0.0,7.0,ok,7.0,8000,1,,e4364f9a771ae52a0006b2934472417d77116de9987c8bf8e53834497c8de6b3,
owlgebra_babycry,donateacry__AE02C934-F4E5-4C73-818D-56AA6887EC18-1430279454-1.0-m-26-hu.wav,donateacry:AE02C934-F4E5-4C73-818D-56AA6887EC18-1430279454-1.0-m-26-hu,hungry,Baby_Crying,data/raw/babycry/Baby_Crying/donateacry__AE02C934-F4E5-4C73-818D-56AA6887EC18-1430279454-1.0-m-26-hu.wav,ODbL-1.0,https://huggingface.co/datasets/owlgebra-ai/babycry,7.0,8000,1,-1,0.0,7.0,ok,7.0,8000,1,,6f3dd67a0f0ffbc66070acd071c29bd7a033e106f41a176d34917e128a7d5843,
owlgebra_babycry,donateacry__B2A105BB-347B-4878-A735-AA4ECF32CD16-1436864116-1.1-m-26-hu.wav,donateacry:B2A105BB-347B-4878-A735-AA4ECF32CD16-1436864116-1.1-m-26-hu,hungry,Baby_Crying,data/raw/babycry/Baby_Crying/donateacry__B2A105BB-347B-4878-A735-AA4ECF32CD16-1436864116-1.1-m-26-hu.wav,ODbL-1.0,https://huggingface.co/datasets/owlgebra-ai/babycry,7.0,8000,1,-1,0.0,7.0,ok,7.0,8000,1,,9457a9728b6ddd9b95b1e49b7a299085b3c5abafbfab9fdad6c3b4b81463e609,
owlgebra_babycry,donateacry__B327333E-2DE2-4833-A75A-4C576208BED3-1430087443-1.0-f-48-hu.wav,donateacry:B327333E-2DE2-4833-A75A-4C576208BED3-1430087443-1.0-f-48-hu,hungry,Baby_Crying,data/raw/babycry/Baby_Crying/donateacry__B327333E-2DE2-4833-A75A-4C576208BED3-1430087443-1.0-f-48-hu.wav,ODbL-1.0,https://huggingface.co/datasets/owlgebra-ai/babycry,7.0,8000,1,-1,0.0,7.0,ok,7.0,8000,1,,5235e1a1ddda571f8969771224f830353f0ad396053f924a83065431bd748012,
owlgebra_babycry,donateacry__B327333E-2DE2-4833-A75A-4C576208BED3-1430087456-1.0-f-48-hu.wav,donateacry:B327333E-2DE2-4833-A75A-4C576208BED3-1430087456-1.0-f-48-hu,hungry,Baby_Crying,data/raw/babycry/Baby_Crying/donateacry__B327333E-2DE2-4833-A75A-4C576208BED3-1430087456-1.0-f-48-hu.wav,ODbL-1.0,https://huggingface.co/datasets/owlgebra-ai/babycry,7.0,8000,1,-1,0.0,7.0,ok,7.0,8000,1,,852e76cd2fd8a36bd678d72bb11a027edaaea4d449cd69d8056d10dda3c34ec1,
owlgebra_babycry,donateacry__B400D2D0-9FCE-472E-A152-1FF349B9B407-1436845915-1.1-m-04-hu.wav,donateacry:B400D2D0-9FCE-472E-A152-1FF349B9B407-1436845915-1.1-m-04-hu,hungry,Baby_Crying,data/raw/babycry/Baby_Crying/donateacry__B400D2D0-9FCE-472E-A152-1FF349B9B407-1436845915-1.1-m-04-hu.wav,ODbL-1.0,https://huggingface.co/datasets/owlgebra-ai/babycry,7.0,8000,1,-1,0.0,7.0,ok,7.0,8000,1,,d4a5f5ed6b820342c059089345790031e39c7e7bdbb0444b2debbfaa87aec656,
owlgebra_babycry,donateacry__C249BCDD-0F65-4D6A-82BE-43C4006E3DDB-1436891733-1.1-m-72-hu.wav,donateacry:C249BCDD-0F65-4D6A-82BE-43C4006E3DDB-1436891733-1.1-m-72-hu,hungry,Baby_Crying,data/raw/babycry/Baby_Crying/donateacry__C249BCDD-0F65-4D6A-82BE-43C4006E3DDB-1436891733-1.1-m-72-hu.wav,ODbL-1.0,https://huggingface.co/datasets/owlgebra-ai/babycry,7.0,8000,1,-1,0.0,7.0,ok,7.0,8000,1,,87468551ae3d7cf5ef3d3413979dde408428092f246ef027efc4d0be701ffe3e,
owlgebra_babycry,donateacry__C421C6FE-DFEE-4080-8AEA-848E7CE4756B-1430548277-1.0-f-26-hu.wav,donateacry:C421C6FE-DFEE-4080-8AEA-848E7CE4756B-1430548277-1.0-f-26-hu,hungry,Baby_Crying,data/raw/babycry/Baby_Crying/donateacry__C421C6FE-DFEE-4080-8AEA-848E7CE4756B-1430548277-1.0-f-26-hu.wav,ODbL-1.0,https://huggingface.co/datasets/owlgebra-ai/babycry,7.0,8000,1,-1,0.0,7.0,ok,7.0,8000,1,,3967dcbe5d71199bf8b820dea3f0ac6ee2716f10293440ba85a6cf7e569dd2b4,
owlgebra_babycry,donateacry__CC8771B1-C84E-4223-A010-029A7629A975-1434107299-1.1-f-04-hu.wav,donateacry:CC8771B1-C84E-4223-A010-029A7629A975-1434107299-1.1-f-04-hu,hungry,Baby_Crying,data/raw/babycry/Baby_Crying/donateacry__CC8771B1-C84E-4223-A010-029A7629A975-1434107299-1.1-f-04-hu.wav,ODbL-1.0,https://huggingface.co/datasets/owlgebra-ai/babycry,7.0,8000,1,-1,0.0,7.0,ok,7.0,8000,1,,551bd32a01ccbc962eda762bb7b6bee40ea99839c9bcb283666586955739f301,
owlgebra_babycry,donateacry__D18A30C6-4370-4BE0-83F8-031892F96603-1432989796-1.1-f-04-hu.wav,donateacry:D18A30C6-4370-4BE0-83F8-031892F96603-1432989796-1.1-f-04-hu,hungry,Baby_Crying,data/raw/babycry/Baby_Crying/donateacry__D18A30C6-4370-4BE0-83F8-031892F96603-1432989796-1.1-f-04-hu.wav,ODbL-1.0,https://huggingface.co/datasets/owlgebra-ai/babycry,7.0,8000,1,-1,0.0,7.0,ok,7.0,8000,1,,c9288dfa232d58ff5654df80c4b2780cd38f5f9562bb2a1f3cfb1916a6609200,
owlgebra_babycry,donateacry__D1CB71F9-EF76-49B3-A703-41D557444D21-1436863375-1.1-m-04-hu.wav,donateacry:D1CB71F9-EF76-49B3-A703-41D557444D21-1436863375-1.1-m-04-hu,hungry,Baby_Crying,data/raw/babycry/Baby_Crying/donateacry__D1CB71F9-EF76-49B3-A703-41D557444D21-1436863375-1.1-m-04-hu.wav,ODbL-1.0,https://huggingface.co/datasets/owlgebra-ai/babycry,7.0,8000,1,-1,0.0,7.0,ok,7.0,8000,1,,185189fdaaa7588390a0c3365e2379d53e8ceef275816d8d8f31c0fb39e5742d,
owlgebra_babycry,donateacry__D54D9C2A-56ED-4338-9D1F-2ADB4E081DAD-1429807587-1.0-m-48-hu.wav,donateacry:D54D9C2A-56ED-4338-9D1F-2ADB4E081DAD-1429807587-1.0-m-48-hu,hungry,Baby_Crying,data/raw/babycry/Baby_Crying/donateacry__D54D9C2A-56ED-4338-9D1F-2ADB4E081DAD-1429807587-1.0-m-48-hu.wav,ODbL-1.0,https://huggingface.co/datasets/owlgebra-ai/babycry,7.0,8000,1,-1,0.0,7.0,ok,7.0,8000,1,,42c036dd8a4ef19c09f91160407c5a189b03936c9db14fbc2458d8ae395dcd44,
owlgebra_babycry,donateacry__D54D9C2A-56ED-4338-9D1F-2ADB4E081DAD-1429807598-1.0-m-48-hu.wav,donateacry:D54D9C2A-56ED-4338-9D1F-2ADB4E081DAD-1429807598-1.0-m-48-hu,hungry,Baby_Crying,data/raw/babycry/Baby_Crying/donateacry__D54D9C2A-56ED-4338-9D1F-2ADB4E081DAD-1429807598-1.0-m-48-hu.wav,ODbL-1.0,https://huggingface.co/datasets/owlgebra-ai/babycry,7.0,8000,1,-1,0.0,7.0,ok,7.0,8000,1,,c9ba9cbbcabebc730c5899c9ea7cc7d87c70e60541ff13eaccd19164196b01bd,
owlgebra_babycry,donateacry__D54D9C2A-56ED-4338-9D1F-2ADB4E081DAD-1430036283-1.0-m-48-hu.wav,donateacry:D54D9C2A-56ED-4338-9D1F-2ADB4E081DAD-1430036283-1.0-m-48-hu,hungry,Baby_Crying,data/raw/babycry/Baby_Crying/donateacry__D54D9C2A-56ED-4338-9D1F-2ADB4E081DAD-1430036283-1.0-m-48-hu.wav,ODbL-1.0,https://huggingface.co/datasets/owlgebra-ai/babycry,7.0,8000,1,-1,0.0,7.0,ok,7.0,8000,1,,45b4558aaa81b81c57163d58268fbe4d22422ea945287a85310e10f726ff6181,
owlgebra_babycry,donateacry__D833237F-1F7C-4338-BEDE-84C0CF5F4145-1430083995-1.0-f-26-hu.wav,donateacry:D833237F-1F7C-4338-BEDE-84C0CF5F4145-1430083995-1.0-f-26-hu,hungry,Baby_Crying,data/raw/babycry/Baby_Crying/donateacry__D833237F-1F7C-4338-BEDE-84C0CF5F4145-1430083995-1.0-f-26-hu.wav,ODbL-1.0,https://huggingface.co/datasets/owlgebra-ai/babycry,7.0,8000,1,-1,0.0,7.0,ok,7.0,8000,1,,ce2a62627ca712c953de80ea3fbdd869fcf215a35cf24c5ff3d55b51e1e4bf0f,
owlgebra_babycry,donateacry__DB95BF4A-E3E5-4429-A660-DBBCF486E6DF-1430664611-1.0-f-72-hu.wav,donateacry:DB95BF4A-E3E5-4429-A660-DBBCF486E6DF-1430664611-1.0-f-72-hu,hungry,Baby_Crying,data/raw/babycry/Baby_Crying/donateacry__DB95BF4A-E3E5-4429-A660-DBBCF486E6DF-1430664611-1.0-f-72-hu.wav,ODbL-1.0,https://huggingface.co/datasets/owlgebra-ai/babycry,7.0,8000,1,-1,0.0,7.0,ok,7.0,8000,1,,dec01cb191e52f0fbc0a711c7e74f2873f87a9a713955734dba783bb5e1bc975,
owlgebra_babycry,donateacry__DBA77EDC-D457-4B3A-83B8-B7AFBF272D4E-1436860486-1.1-m-72-hu.wav,donateacry:DBA77EDC-D457-4B3A-83B8-B7AFBF272D4E-1436860486-1.1-m-72-hu,hungry,Baby_Crying,data/raw/babycry/Baby_Crying/donateacry__DBA77EDC-D457-4B3A-83B8-B7AFBF272D4E-1436860486-1.1-m-72-hu.wav,ODbL-1.0,https://huggingface.co/datasets/owlgebra-ai/babycry,7.0,8000,1,-1,0.0,7.0,ok,7.0,8000,1,,841ebf915b38215e3a8198ad04a43ba03751aee43847fce8432697df6752855d,
owlgebra_babycry,donateacry__DCB33551-F9BA-4B4A-8DA1-A3107E1AD859-1430406483-1.0-m-04-hu.wav,donateacry:DCB33551-F9BA-4B4A-8DA1-A3107E1AD859-1430406483-1.0-m-04-hu,hungry,Baby_Crying,data/raw/babycry/Baby_Crying/donateacry__DCB33551-F9BA-4B4A-8DA1-A3107E1AD859-1430406483-1.0-m-04-hu.wav,ODbL-1.0,https://huggingface.co/datasets/owlgebra-ai/babycry,7.0,8000,1,-1,0.0,7.0,ok,7.0,8000,1,,b0d5c64d734c1f34824d1e0337fbfbead411dbe982de8111b4e0d2f5b2219b0d,
owlgebra_babycry,donateacry__E2C4BCE0-99FD-49EC-8AB1-5EA5DF7DD8C5-1430042952-1.0-m-04-hu.wav,donateacry:E2C4BCE0-99FD-49EC-8AB1-5EA5DF7DD8C5-1430042952-1.0-m-04-hu,hungry,Baby_Crying,data/raw/babycry/Baby_Crying/donateacry__E2C4BCE0-99FD-49EC-8AB1-5EA5DF7DD8C5-1430042952-1.0-m-04-hu.wav,ODbL-1.0,https://huggingface.co/datasets/owlgebra-ai/babycry,7.0,8000,1,-1,0.0,7.0,ok,7.0,8000,1,,e52cf82b43b5b5909ff5e8f3f21d418c96688344150c3cf3628334d32a79beb9,
owlgebra_babycry,donateacry__F1AF5794-AD3B-4181-B010-AB835E5BDA64-1430441342-1.0-m-72-hu.wav,donateacry:F1AF5794-AD3B-4181-B010-AB835E5BDA64-1430441342-1.0-m-72-hu,hungry,Baby_Crying,data/raw/babycry/Baby_Crying/donateacry__F1AF5794-AD3B-4181-B010-AB835E5BDA64-1430441342-1.0-m-72-hu.wav,ODbL-1.0,https://huggingface.co/datasets/owlgebra-ai/babycry,7.0,8000,1,-1,0.0,7.0,ok,7.0,8000,1,,e302827b5082d53c6e98974d3bf1163743e424486ab56c63be54fd51c2397c56,
owlgebra_babycry,donateacry__F24DE44B-762C-4149-AC92-96A5E57ED118-1430816918-1.0-m-04-hu.wav,donateacry:F24DE44B-762C-4149-AC92-96A5E57ED118-1430816918-1.0-m-04-hu,hungry,Baby_Crying,data/raw/babycry/Baby_Crying/donateacry__F24DE44B-762C-4149-AC92-96A5E57ED118-1430816918-1.0-m-04-hu.wav,ODbL-1.0,https://huggingface.co/datasets/owlgebra-ai/babycry,7.0,8000,1,-1,0.0,7.0,ok,7.0,8000,1,,d5929b0b1b4381b0770ea9a3219ff99a95131007c75b3c859bade50da0a199e2,
owlgebra_babycry,donateacry__F2F97740-D638-4B6F-9E09-3AC65F06B448-1436849313-1.1-f-48-hu.wav,donateacry:F2F97740-D638-4B6F-9E09-3AC65F06B448-1436849313-1.1-f-48-hu,hungry,Baby_Crying,data/raw/babycry/Baby_Crying/donateacry__F2F97740-D638-4B6F-9E09-3AC65F06B448-1436849313-1.1-f-48-hu.wav,ODbL-1.0,https://huggingface.co/datasets/owlgebra-ai/babycry,7.0,8000,1,-1,0.0,7.0,ok,7.0,8000,1,,d97dce7ed0bae0aa845f3794e1b1b55fcb5868a002b6a55fa19886b8e2fa557e,
owlgebra_babycry,donateacry__F2F97740-D638-4B6F-9E09-3AC65F06B448-1436849335-1.1-f-48-hu.wav,donateacry:F2F97740-D638-4B6F-9E09-3AC65F06B448-1436849335-1.1-f-48-hu,hungry,Baby_Crying,data/raw/babycry/Baby_Crying/donateacry__F2F97740-D638-4B6F-9E09-3AC65F06B448-1436849335-1.1-f-48-hu.wav,ODbL-1.0,https://huggingface.co/datasets/owlgebra-ai/babycry,7.0,8000,1,-1,0.0,7.0,ok,7.0,8000,1,,5dc944756d164ec325b3ec8d0cae2005ef0ddf32a456bc02c00e35ba9861b58b,
owlgebra_babycry,donateacry__F3BAEDDA-CDC0-4A65-90EE-5C372CEE4F3B-1437012044-1.1-m-26-hu.wav,donateacry:F3BAEDDA-CDC0-4A65-90EE-5C372CEE4F3B-1437012044-1.1-m-26-hu,hungry,Baby_Crying,data/raw/babycry/Baby_Crying/donateacry__F3BAEDDA-CDC0-4A65-90EE-5C372CEE4F3B-1437012044-1.1-m-26-hu.wav,ODbL-1.0,https://huggingface.co/datasets/owlgebra-ai/babycry,7.0,8000,1,-1,0.0,7.0,ok,7.0,8000,1,,fd1260b2c164aeb57d30c3e5d09e0b4f63353cd8d25ffac4b090e171f4fd0b9c,
owlgebra_babycry,donateacry__F3BAEDDA-CDC0-4A65-90EE-5C372CEE4F3B-1437012059-1.1-m-26-hu.wav,donateacry:F3BAEDDA-CDC0-4A65-90EE-5C372CEE4F3B-1437012059-1.1-m-26-hu,hungry,Baby_Crying,data/raw/babycry/Baby_Crying/donateacry__F3BAEDDA-CDC0-4A65-90EE-5C372CEE4F3B-1437012059-1.1-m-26-hu.wav,ODbL-1.0,https://huggingface.co/datasets/owlgebra-ai/babycry,7.0,8000,1,-1,0.0,7.0,ok,7.0,8000,1,,d96781b8e364cdad5d09b446e3e56b4d5ee2deecf3f8905e7499baa560d9edb8,
owlgebra_babycry,donateacry__F4A0C710-AC2D-42E0-8EA9-3E4CAC31EE20-1430318390-1.0-m-04-hu.wav,donateacry:F4A0C710-AC2D-42E0-8EA9-3E4CAC31EE20-1430318390-1.0-m-04-hu,hungry,Baby_Crying,data/raw/babycry/Baby_Crying/donateacry__F4A0C710-AC2D-42E0-8EA9-3E4CAC31EE20-1430318390-1.0-m-04-hu.wav,ODbL-1.0,https://huggingface.co/datasets/owlgebra-ai/babycry,7.0,8000,1,-1,0.0,7.0,ok,7.0,8000,1,,3551d7d161fc7a496700b8bd178ba6cf36f8b10338b35e068dc167a1a06718cd,
owlgebra_babycry,donateacry__F4A0C710-AC2D-42E0-8EA9-3E4CAC31EE20-1430318400-1.0-m-04-hu.wav,donateacry:F4A0C710-AC2D-42E0-8EA9-3E4CAC31EE20-1430318400-1.0-m-04-hu,hungry,Baby_Crying,data/raw/babycry/Baby_Crying/donateacry__F4A0C710-AC2D-42E0-8EA9-3E4CAC31EE20-1430318400-1.0-m-04-hu.wav,ODbL-1.0,https://huggingface.co/datasets/owlgebra-ai/babycry,7.0,8000,1,-1,0.0,7.0,ok,7.0,8000,1,,9f37a75857e927dfde4f59282a27deaa077016f02a066bfcf568e059bab156cf,
owlgebra_babycry,donateacry__F4A0C710-AC2D-42E0-8EA9-3E4CAC31EE20-1430318416-1.0-m-04-hu.wav,donateacry:F4A0C710-AC2D-42E0-8EA9-3E4CAC31EE20-1430318416-1.0-m-04-hu,hungry,Baby_Crying,data/raw/babycry/Baby_Crying/donateacry__F4A0C710-AC2D-42E0-8EA9-3E4CAC31EE20-1430318416-1.0-m-04-hu.wav,ODbL-1.0,https://huggingface.co/datasets/owlgebra-ai/babycry,7.0,8000,1,-1,0.0,7.0,ok,7.0,8000,1,,9e9124ef973168e3ab3a94cc97d47d94ec8ac324e614f837cb0ea067c18bbab4,
owlgebra_babycry,donateacry__F4A65A98-ADEE-49C4-9B45-65A8429DF170-1430232330-1.0-m-72-hu.wav,donateacry:F4A65A98-ADEE-49C4-9B45-65A8429DF170-1430232330-1.0-m-72-hu,hungry,Baby_Crying,data/raw/babycry/Baby_Crying/donateacry__F4A65A98-ADEE-49C4-9B45-65A8429DF170-1430232330-1.0-m-72-hu.wav,ODbL-1.0,https://huggingface.co/datasets/owlgebra-ai/babycry,7.0,8000,1,-1,0.0,7.0,ok,7.0,8000,1,,8275b758900d552083cc4471f2653c971beb7ee9954f8623176f7c36ff970194,
owlgebra_babycry,donateacry__F6C6D3EE-F139-48A4-9EAC-0A50EB011CDC-1430103957-1.0-m-04-hu.wav,donateacry:F6C6D3EE-F139-48A4-9EAC-0A50EB011CDC-1430103957-1.0-m-04-hu,hungry,Baby_Crying,data/raw/babycry/Baby_Crying/donateacry__F6C6D3EE-F139-48A4-9EAC-0A50EB011CDC-1430103957-1.0-m-04-hu.wav,ODbL-1.0,https://huggingface.co/datasets/owlgebra-ai/babycry,7.0,8000,1,-1,0.0,7.0,ok,7.0,8000,1,,072757512de74db528d0366cb58c306eadfe89ab7e9bc9a5259e570c132a4eb9,
owlgebra_babycry,donateacry__F6C6D3EE-F139-48A4-9EAC-0A50EB011CDC-1430103974-1.0-m-04-hu.wav,donateacry:F6C6D3EE-F139-48A4-9EAC-0A50EB011CDC-1430103974-1.0-m-04-hu,hungry,Baby_Crying,data/raw/babycry/Baby_Crying/donateacry__F6C6D3EE-F139-48A4-9EAC-0A50EB011CDC-1430103974-1.0-m-04-hu.wav,ODbL-1.0,https://huggingface.co/datasets/owlgebra-ai/babycry,7.0,8000,1,-1,0.0,7.0,ok,7.0,8000,1,,c998fa18588281c9c95d64ed10106ea71e71dc1eb4b294eacca1e931c4007553,
owlgebra_babycry,donateacry__F95D4BCE-2FB0-4A0C-A058-BFB0674539AF-1430055800-1.0-m-26-hu.wav,donateacry:F95D4BCE-2FB0-4A0C-A058-BFB0674539AF-1430055800-1.0-m-26-hu,hungry,Baby_Crying,data/raw/babycry/Baby_Crying/donateacry__F95D4BCE-2FB0-4A0C-A058-BFB0674539AF-1430055800-1.0-m-26-hu.wav,ODbL-1.0,https://huggingface.co/datasets/owlgebra-ai/babycry,7.0,8000,1,-1,0.0,7.0,ok,7.0,8000,1,,badd03d092fa563fd58c2992a557c7cf900c86e32faafabc9e1cd4e549e5a388,
owlgebra_babycry,donateacry__F95D4BCE-2FB0-4A0C-A058-BFB0674539AF-1430055950-1.0-m-26-hu.wav,donateacry:F95D4BCE-2FB0-4A0C-A058-BFB0674539AF-1430055950-1.0-m-26-hu,hungry,Baby_Crying,data/raw/babycry/Baby_Crying/donateacry__F95D4BCE-2FB0-4A0C-A058-BFB0674539AF-1430055950-1.0-m-26-hu.wav,ODbL-1.0,https://huggingface.co/datasets/owlgebra-ai/babycry,7.0,8000,1,-1,0.0,7.0,ok,7.0,8000,1,,ccec8679ad3dee68d2625acfe097273c1636411b3460d45cf5e742eaa84b4858,
owlgebra_babycry,donateacry__FAE74A94-9968-43ED-958C-50D7C4C1F13C-1430770871-1.0-f-22-hu.wav,donateacry:FAE74A94-9968-43ED-958C-50D7C4C1F13C-1430770871-1.0-f-22-hu,hungry,Baby_Crying,data/raw/babycry/Baby_Crying/donateacry__FAE74A94-9968-43ED-958C-50D7C4C1F13C-1430770871-1.0-f-22-hu.wav,ODbL-1.0,https://huggingface.co/datasets/owlgebra-ai/babycry,7.0,8000,1,-1,0.0,7.0,ok,7.0,8000,1,,de41aaa9cc177a7e5a91bf720296ed584bec69dad850a097f362ee487c23fe58,
owlgebra_babycry,donateacry__FF2CD2F6-404D-4626-8718-6E6C751F63B8-1431104346-1.0-m-04-hu.wav,donateacry:FF2CD2F6-404D-4626-8718-6E6C751F63B8-1431104346-1.0-m-04-hu,hungry,Baby_Crying,data/raw/babycry/Baby_Crying/donateacry__FF2CD2F6-404D-4626-8718-6E6C751F63B8-1431104346-1.0-m-04-hu.wav,ODbL-1.0,https://huggingface.co/datasets/owlgebra-ai/babycry,7.0,8000,1,-1,0.0,7.0,ok,7.0,8000,1,,26bc3b09886755823ad09f5e65902a728f88b8a82536e3520b245876b4b7d1a5,
owlgebra_babycry,donateacry__FF2CD2F6-404D-4626-8718-6E6C751F63B8-1431104396-1.0-m-04-hu.wav,donateacry:FF2CD2F6-404D-4626-8718-6E6C751F63B8-1431104396-1.0-m-04-hu,hungry,Baby_Crying,data/raw/babycry/Baby_Crying/donateacry__FF2CD2F6-404D-4626-8718-6E6C751F63B8-1431104396-1.0-m-04-hu.wav,ODbL-1.0,https://huggingface.co/datasets/owlgebra-ai/babycry,7.0,8000,1,-1,0.0,7.0,ok,7.0,8000,1,,6596035dc3ec077f4e4227760409e406409130383311a1836a03f6aa4e70aa73,
owlgebra_babycry,donateacry__a40b9b8d-e4bc-457a-badf-f38bdbc0c358-1430016779981-1.7-m-26-hu.wav,donateacry:a40b9b8d-e4bc-457a-badf-f38bdbc0c358-1430016779981-1.7-m-26-hu,hungry,Baby_Crying,data/raw/babycry/Baby_Crying/donateacry__a40b9b8d-e4bc-457a-badf-f38bdbc0c358-1430016779981-1.7-m-26-hu.wav,ODbL-1.0,https://huggingface.co/datasets/owlgebra-ai/babycry,6.94,8000,1,-1,0.0,6.94,ok,6.94,8000,1,,04fda5d96e670a2d8ddc7cfddd2696346d6db72acd39afb450fd65033c1af8c4,
owlgebra_babycry,donateacry__a40b9b8d-e4bc-457a-badf-f38bdbc0c358-1430017191818-1.7-m-26-hu.wav,donateacry:a40b9b8d-e4bc-457a-badf-f38bdbc0c358-1430017191818-1.7-m-26-hu,hungry,Baby_Crying,data/raw/babycry/Baby_Crying/donateacry__a40b9b8d-e4bc-457a-badf-f38bdbc0c358-1430017191818-1.7-m-26-hu.wav,ODbL-1.0,https://huggingface.co/datasets/owlgebra-ai/babycry,6.92,8000,1,-1,0.0,6.92,ok,6.92,8000,1,,d8bd938d7a0840d5d479381f1e3215dbd3d351e3de605a0c29695eb502a37030,
owlgebra_babycry,donateacry__a56e2494-d2b2-480e-af0b-de9ea8f33572-1436897427825-1.7-f-26-hu.wav,donateacry:a56e2494-d2b2-480e-af0b-de9ea8f33572-1436897427825-1.7-f-26-hu,hungry,Baby_Crying,data/raw/babycry/Baby_Crying/donateacry__a56e2494-d2b2-480e-af0b-de9ea8f33572-1436897427825-1.7-f-26-hu.wav,ODbL-1.0,https://huggingface.co/datasets/owlgebra-ai/babycry,6.96,8000,1,-1,0.0,6.96,ok,6.96,8000,1,,a2569acd62efddf7c536bbcaa064c40847c12a6a348b84d228663096ddd054b8,
owlgebra_babycry,donateacry__a7b13b65-da2c-48ec-8aed-46adcaba705f-1430823489236-1.7-f-26-hu.wav,donateacry:a7b13b65-da2c-48ec-8aed-46adcaba705f-1430823489236-1.7-f-26-hu,hungry,Baby_Crying,data/raw/babycry/Baby_Crying/donateacry__a7b13b65-da2c-48ec-8aed-46adcaba705f-1430823489236-1.7-f-26-hu.wav,ODbL-1.0,https://huggingface.co/datasets/owlgebra-ai/babycry,6.94,8000,1,-1,0.0,6.94,ok,6.94,8000,1,,f290ff70ab0a2ad2aec4f779366a7f71ee6adf29aa0fcf8c01984e7b08ce7cc2,
owlgebra_babycry,donateacry__aaa57dbd-7b88-454a-963e-6faa2f4ed4e7-1436910235521-1.7-f-04-hu.wav,donateacry:aaa57dbd-7b88-454a-963e-6faa2f4ed4e7-1436910235521-1.7-f-04-hu,hungry,Baby_Crying,data/raw/babycry/Baby_Crying/donateacry__aaa57dbd-7b88-454a-963e-6faa2f4ed4e7-1436910235521-1.7-f-04-hu.wav,ODbL-1.0,https://huggingface.co/datasets/owlgebra-ai/babycry,6.88,8000,1,-1,0.0,6.88,ok,6.88,8000,1,,9985ffa8e92736026579ec6aed2d60ba7406e979b079d650ac65fc4d1ca8d5cb,
owlgebra_babycry,donateacry__aaa57dbd-7b88-454a-963e-6faa2f4ed4e7-1436982066128-1.7-f-04-hu.wav,donateacry:aaa57dbd-7b88-454a-963e-6faa2f4ed4e7-1436982066128-1.7-f-04-hu,hungry,Baby_Crying,data/raw/babycry/Baby_Crying/donateacry__aaa57dbd-7b88-454a-963e-6faa2f4ed4e7-1436982066128-1.7-f-04-hu.wav,ODbL-1.0,https://huggingface.co/datasets/owlgebra-ai/babycry,6.92,8000,1,-1,0.0,6.92,ok,6.92,8000,1,,8760124eb49222ffa9cce77155ecd69c71b308d78d9c71770c51159befddc50b,
owlgebra_babycry,donateacry__aaa57dbd-7b88-454a-963e-6faa2f4ed4e7-1436982075169-1.7-f-04-hu.wav,donateacry:aaa57dbd-7b88-454a-963e-6faa2f4ed4e7-1436982075169-1.7-f-04-hu,hungry,Baby_Crying,data/raw/babycry/Baby_Crying/donateacry__aaa57dbd-7b88-454a-963e-6faa2f4ed4e7-1436982075169-1.7-f-04-hu.wav,ODbL-1.0,https://huggingface.co/datasets/owlgebra-ai/babycry,6.9,8000,1,-1,0.0,6.9,ok,6.9,8000,1,,8f0a5155dd00000d00dc4fdf3034a8f5655fc92213ea5e6d1b961d0236997aa0,
owlgebra_babycry,donateacry__aaa57dbd-7b88-454a-963e-6faa2f4ed4e7-1436982098411-1.7-f-04-hu.wav,donateacry:aaa57dbd-7b88-454a-963e-6faa2f4ed4e7-1436982098411-1.7-f-04-hu,hungry,Baby_Crying,data/raw/babycry/Baby_Crying/donateacry__aaa57dbd-7b88-454a-963e-6faa2f4ed4e7-1436982098411-1.7-f-04-hu.wav,ODbL-1.0,https://huggingface.co/datasets/owlgebra-ai/babycry,6.9,8000,1,-1,0.0,6.9,ok,6.9,8000,1,,af45057f957ec1ca2eef37cddf90b4a75e2c2dcd70f15f3dd69dbe15f19600b6,
owlgebra_babycry,donateacry__aaa57dbd-7b88-454a-963e-6faa2f4ed4e7-1437166513710-1.7-f-04-hu.wav,donateacry:aaa57dbd-7b88-454a-963e-6faa2f4ed4e7-1437166513710-1.7-f-04-hu,hungry,Baby_Crying,data/raw/babycry/Baby_Crying/donateacry__aaa57dbd-7b88-454a-963e-6faa2f4ed4e7-1437166513710-1.7-f-04-hu.wav,ODbL-1.0,https://huggingface.co/datasets/owlgebra-ai/babycry,7.02,8000,1,-1,0.0,7.02,ok,7.02,8000,1,,1bb9ef5508a1c8610909573975ab9dfaff1edf76740a59bcc19f89e51bc818d0,
owlgebra_babycry,donateacry__ad7fd28b-3e85-4e9b-9e18-af4bda64c60f-1430756389867-1.7-m-72-hu.wav,donateacry:ad7fd28b-3e85-4e9b-9e18-af4bda64c60f-1430756389867-1.7-m-72-hu,hungry,Baby_Crying,data/raw/babycry/Baby_Crying/donateacry__ad7fd28b-3e85-4e9b-9e18-af4bda64c60f-1430756389867-1.7-m-72-hu.wav,ODbL-1.0,https://huggingface.co/datasets/owlgebra-ai/babycry,6.86,8000,1,-1,0.0,6.86,ok,6.86,8000,1,,98f2771114a7492aac51b32b64272bcca89f57be9c06fd32845724e837fc4dc3,
owlgebra_babycry,donateacry__adb53808-8b13-4c08-b055-6653c75298be-1430133962749-1.7-m-72-hu.wav,donateacry:adb53808-8b13-4c08-b055-6653c75298be-1430133962749-1.7-m-72-hu,hungry,Baby_Crying,data/raw/babycry/Baby_Crying/donateacry__adb53808-8b13-4c08-b055-6653c75298be-1430133962749-1.7-m-72-hu.wav,ODbL-1.0,https://huggingface.co/datasets/owlgebra-ai/babycry,6.92,8000,1,-1,0.0,6.92,ok,6.92,8000,1,,ff7105c6fbf12f7cf2c2a7d81dc5ebf51f8be09b0884be260d23ba2b37535beb,
owlgebra_babycry,donateacry__adb53808-8b13-4c08-b055-6653c75298be-1430133982281-1.7-m-72-hu.wav,donateacry:adb53808-8b13-4c08-b055-6653c75298be-1430133982281-1.7-m-72-hu,hungry,Baby_Crying,data/raw/babycry/Baby_Crying/donateacry__adb53808-8b13-4c08-b055-6653c75298be-1430133982281-1.7-m-72-hu.wav,ODbL-1.0,https://huggingface.co/datasets/owlgebra-ai/babycry,6.92,8000,1,-1,0.0,6.92,ok,6.92,8000,1,,accff7ee8791e9b2890344c44d93164b067323cf5771ef5ac5fb23d77dd5e59f,
owlgebra_babycry,donateacry__adcefe56-90b1-4120-83b1-93008cb6f7f0-1430731683554-1.7-m-04-hu.wav,donateacry:adcefe56-90b1-4120-83b1-93008cb6f7f0-1430731683554-1.7-m-04-hu,hungry,Baby_Crying,data/raw/babycry/Baby_Crying/donateacry__adcefe56-90b1-4120-83b1-93008cb6f7f0-1430731683554-1.7-m-04-hu.wav,ODbL-1.0,https://huggingface.co/datasets/owlgebra-ai/babycry,6.94,8000,1,-1,0.0,6.94,ok,6.94,8000,1,,5103a762708bf258f21508a37269a94d519f1273ac4150cffcd14e8c2aeb7ec8,
owlgebra_babycry,donateacry__ae5a462b-5424-4b5b-82d5-07ccb61654ab-1431155960186-1.7-f-48-hu.wav,donateacry:ae5a462b-5424-4b5b-82d5-07ccb61654ab-1431155960186-1.7-f-48-hu,hungry,Baby_Crying,data/raw/babycry/Baby_Crying/donateacry__ae5a462b-5424-4b5b-82d5-07ccb61654ab-1431155960186-1.7-f-48-hu.wav,ODbL-1.0,https://huggingface.co/datasets/owlgebra-ai/babycry,6.9,8000,1,-1,0.0,6.9,ok,6.9,8000,1,,15a627eb28a8d019b84c97a4a54d0a1e92ffe832add0c704e8a01cdee108c649,
owlgebra_babycry,donateacry__af30880e-5f98-4dc0-b37a-be6b21fa0ba3-1431240037389-1.7-m-26-hu.wav,donateacry:af30880e-5f98-4dc0-b37a-be6b21fa0ba3-1431240037389-1.7-m-26-hu,hungry,Baby_Crying,data/raw/babycry/Baby_Crying/donateacry__af30880e-5f98-4dc0-b37a-be6b21fa0ba3-1431240037389-1.7-m-26-hu.wav,ODbL-1.0,https://huggingface.co/datasets/owlgebra-ai/babycry,6.52,8000,1,-1,0.0,6.52,ok,6.52,8000,1,,7d09fe7700432ed0513c5f9b81d55422fbfce4c7bb8c44d0938feebbb2492e68,
owlgebra_babycry,donateacry__afa44e7f-4187-4f1c-9437-b49ba75f542e-1430629785235-1.7-f-04-hu.wav,donateacry:afa44e7f-4187-4f1c-9437-b49ba75f542e-1430629785235-1.7-f-04-hu,hungry,Baby_Crying,data/raw/babycry/Baby_Crying/donateacry__afa44e7f-4187-4f1c-9437-b49ba75f542e-1430629785235-1.7-f-04-hu.wav,ODbL-1.0,https://huggingface.co/datasets/owlgebra-ai/babycry,6.94,8000,1,-1,0.0,6.94,ok,6.94,8000,1,,fbb838899fec2617c16145861d05f1376381e869879d908988db46be75dadcf7,
owlgebra_babycry,donateacry__b4c460d8-bd6b-4017-9bb8-2ae4ff0c5af1-1432751065608-1.7-f-26-hu.wav,donateacry:b4c460d8-bd6b-4017-9bb8-2ae4ff0c5af1-1432751065608-1.7-f-26-hu,hungry,Baby_Crying,data/raw/babycry/Baby_Crying/donateacry__b4c460d8-bd6b-4017-9bb8-2ae4ff0c5af1-1432751065608-1.7-f-26-hu.wav,ODbL-1.0,https://huggingface.co/datasets/owlgebra-ai/babycry,6.92,8000,1,-1,0.0,6.92,ok,6.92,8000,1,,80c4178cd7cbbf00be6cd9889c6100e1be33f14e25d54165ca713d85218b70df,
owlgebra_babycry,donateacry__b5044f9a-6f2e-44fc-8e04-9076a988acf2-1435544527174-1.7-m-04-hu.wav,donateacry:b5044f9a-6f2e-44fc-8e04-9076a988acf2-1435544527174-1.7-m-04-hu,hungry,Baby_Crying,data/raw/babycry/Baby_Crying/donateacry__b5044f9a-6f2e-44fc-8e04-9076a988acf2-1435544527174-1.7-m-04-hu.wav,ODbL-1.0,https://huggingface.co/datasets/owlgebra-ai/babycry,6.9,8000,1,-1,0.0,6.9,ok,6.9,8000,1,,b8755642c55af07777727af7d52de2b256c3f9b4be5b4a0d5c37acee47f037bd,
owlgebra_babycry,donateacry__b8fe4527-5e46-437f-897d-be32112bc1c8-1430166086647-1.7-f-48-hu.wav,donateacry:b8fe4527-5e46-437f-897d-be32112bc1c8-1430166086647-1.7-f-48-hu,hungry,Baby_Crying,data/raw/babycry/Baby_Crying/donateacry__b8fe4527-5e46-437f-897d-be32112bc1c8-1430166086647-1.7-f-48-hu.wav,ODbL-1.0,https://huggingface.co/datasets/owlgebra-ai/babycry,6.74,8000,1,-1,0.0,6.74,ok,6.74,8000,1,,5edc2b8e13f477dd31644e79fe86444df663db4118eee03c55e3695a51800a31,
owlgebra_babycry,donateacry__bb2bdafb-0477-4be4-8c41-1a6192e8c6d4-1430637736064-1.7-m-72-hu.wav,donateacry:bb2bdafb-0477-4be4-8c41-1a6192e8c6d4-1430637736064-1.7-m-72-hu,hungry,Baby_Crying,data/raw/babycry/Baby_Crying/donateacry__bb2bdafb-0477-4be4-8c41-1a6192e8c6d4-1430637736064-1.7-m-72-hu.wav,ODbL-1.0,https://huggingface.co/datasets/owlgebra-ai/babycry,6.66,8000,1,-1,0.0,6.66,ok,6.66,8000,1,,fc09c95cf69368da3c0625226715e4652664095a2b3192a436ffc9efbc6c2a85,
owlgebra_babycry,donateacry__bfbc4d23-39b2-4b33-b686-2f048f062b60-1430077722675-1.7-f-72-hu.wav,donateacry:bfbc4d23-39b2-4b33-b686-2f048f062b60-1430077722675-1.7-f-72-hu,hungry,Baby_Crying,data/raw/babycry/Baby_Crying/donateacry__bfbc4d23-39b2-4b33-b686-2f048f062b60-1430077722675-1.7-f-72-hu.wav,ODbL-1.0,https://huggingface.co/datasets/owlgebra-ai/babycry,6.78,8000,1,-1,0.0,6.78,ok,6.78,8000,1,,5915f7dab1ad2dea16160eb0e4dd12206822d60f10e1305e23811db69af0d7e1,
owlgebra_babycry,donateacry__c10e2b0f-0cb8-4485-b82f-d453edf97db7-1430739179429-1.7-f-26-hu.wav,donateacry:c10e2b0f-0cb8-4485-b82f-d453edf97db7-1430739179429-1.7-f-26-hu,hungry,Baby_Crying,data/raw/babycry/Baby_Crying/donateacry__c10e2b0f-0cb8-4485-b82f-d453edf97db7-1430739179429-1.7-f-26-hu.wav,ODbL-1.0,https://huggingface.co/datasets/owlgebra-ai/babycry,6.88,8000,1,-1,0.0,6.88,ok,6.88,8000,1,,5566caee337f6a6c1b448eee5ca43f8b1d978d4f9bf5f11bd1e987e5c82d3bd2,
owlgebra_babycry,donateacry__c42e76b9-a4c1-48f6-a91d-27ab83015874-1430737177322-1.7-f-72-hu.wav,donateacry:c42e76b9-a4c1-48f6-a91d-27ab83015874-1430737177322-1.7-f-72-hu,hungry,Baby_Crying,data/raw/babycry/Baby_Crying/donateacry__c42e76b9-a4c1-48f6-a91d-27ab83015874-1430737177322-1.7-f-72-hu.wav,ODbL-1.0,https://huggingface.co/datasets/owlgebra-ai/babycry,6.64,8000,1,-1,0.0,6.64,ok,6.64,8000,1,,568ad2d4ac40a3e850aee979581a07be3d21c568e76abfd40c0403aee5e9a722,
owlgebra_babycry,donateacry__c6fd9d60-0fa7-44c0-b3ce-0192527d7b81-1429978271017-1.7-m-04-hu.wav,donateacry:c6fd9d60-0fa7-44c0-b3ce-0192527d7b81-1429978271017-1.7-m-04-hu,hungry,Baby_Crying,data/raw/babycry/Baby_Crying/donateacry__c6fd9d60-0fa7-44c0-b3ce-0192527d7b81-1429978271017-1.7-m-04-hu.wav,ODbL-1.0,https://huggingface.co/datasets/owlgebra-ai/babycry,6.78,8000,1,-1,0.0,6.78,ok,6.78,8000,1,,e5bd65518fea80dd43cd4a6b874a61ae2c3a2f18fd4121de72750bd58e61065a,
owlgebra_babycry,donateacry__c6fd9d60-0fa7-44c0-b3ce-0192527d7b81-1430038968282-1.7-m-04-hu.wav,donateacry:c6fd9d60-0fa7-44c0-b3ce-0192527d7b81-1430038968282-1.7-m-04-hu,hungry,Baby_Crying,data/raw/babycry/Baby_Crying/donateacry__c6fd9d60-0fa7-44c0-b3ce-0192527d7b81-1430038968282-1.7-m-04-hu.wav,ODbL-1.0,https://huggingface.co/datasets/owlgebra-ai/babycry,6.78,8000,1,-1,0.0,6.78,ok,6.78,8000,1,,b5097827d7959e7dbf1175f3deb0164961ff840f510383a564f9e3009f911306,
owlgebra_babycry,donateacry__ca7d8d54-13cb-4060-8db4-90651b60c078-1434674769219-1.7-f-26-hu.wav,donateacry:ca7d8d54-13cb-4060-8db4-90651b60c078-1434674769219-1.7-f-26-hu,hungry,Baby_Crying,data/raw/babycry/Baby_Crying/donateacry__ca7d8d54-13cb-4060-8db4-90651b60c078-1434674769219-1.7-f-26-hu.wav,ODbL-1.0,https://huggingface.co/datasets/owlgebra-ai/babycry,6.78,8000,1,-1,0.0,6.78,ok,6.78,8000,1,,91c52f2cc2b9ab6c149aaf8b3eb1a97b400cc37706cc6f12bbb1c440c6cf9167,
owlgebra_babycry,donateacry__cde108d0-62c3-47f8-82c4-233c9fba5cdd-1436884406827-1.7-m-48-hu.wav,donateacry:cde108d0-62c3-47f8-82c4-233c9fba5cdd-1436884406827-1.7-m-48-hu,hungry,Baby_Crying,data/raw/babycry/Baby_Crying/donateacry__cde108d0-62c3-47f8-82c4-233c9fba5cdd-1436884406827-1.7-m-48-hu.wav,ODbL-1.0,https://huggingface.co/datasets/owlgebra-ai/babycry,6.92,8000,1,-1,0.0,6.92,ok,6.92,8000,1,,f7a9c445a918ce6e81134fdeebf3bb9ef4463ce6d488fb9162a9cec2eaddfdab,
owlgebra_babycry,donateacry__d1e236a0-e030-4137-9030-5625026cd098-1430477951092-1.2-m-04-hu.wav,donateacry:d1e236a0-e030-4137-9030-5625026cd098-1430477951092-1.2-m-04-hu,hungry,Baby_Crying,data/raw/babycry/Baby_Crying/donateacry__d1e236a0-e030-4137-9030-5625026cd098-1430477951092-1.2-m-04-hu.wav,ODbL-1.0,https://huggingface.co/datasets/owlgebra-ai/babycry,6.9,8000,1,-1,0.0,6.9,ok,6.9,8000,1,,b31468057208f33e1228900e97c35dbac9a10bcffd4a2fb0312540acd26f523b,
owlgebra_babycry,donateacry__d1e236a0-e030-4137-9030-5625026cd098-1430477960643-1.2-m-04-hu.wav,donateacry:d1e236a0-e030-4137-9030-5625026cd098-1430477960643-1.2-m-04-hu,hungry,Baby_Crying,data/raw/babycry/Baby_Crying/donateacry__d1e236a0-e030-4137-9030-5625026cd098-1430477960643-1.2-m-04-hu.wav,ODbL-1.0,https://huggingface.co/datasets/owlgebra-ai/babycry,6.92,8000,1,-1,0.0,6.92,ok,6.92,8000,1,,c569526a61054899255bd9cb0aa2b5574011f050cadd5b7c5d140296a6176662,
owlgebra_babycry,donateacry__d6cda191-4962-4308-9a36-46d5648a95ed-1428333797380-1.5-f-26-hu.wav,donateacry:d6cda191-4962-4308-9a36-46d5648a95ed-1428333797380-1.5-f-26-hu,hungry,Baby_Crying,data/raw/babycry/Baby_Crying/donateacry__d6cda191-4962-4308-9a36-46d5648a95ed-1428333797380-1.5-f-26-hu.wav,ODbL-1.0,https://huggingface.co/datasets/owlgebra-ai/babycry,6.82,8000,1,-1,0.0,6.82,ok,6.82,8000,1,,fe5474ce3454aa135e0c596104a5be543f0cf7eba647498249f8d624c041d3e1,
owlgebra_babycry,donateacry__d6cda191-4962-4308-9a36-46d5648a95ed-1430640304482-1.7-m-04-hu.wav,donateacry:d6cda191-4962-4308-9a36-46d5648a95ed-1430640304482-1.7-m-04-hu,hungry,Baby_Crying,data/raw/babycry/Baby_Crying/donateacry__d6cda191-4962-4308-9a36-46d5648a95ed-1430640304482-1.7-m-04-hu.wav,ODbL-1.0,https://huggingface.co/datasets/owlgebra-ai/babycry,6.84,8000,1,-1,0.0,6.84,ok,6.84,8000,1,,318e4f4fe16a260b12db4fbcbb1cd1c7e5b1c82776df6e1e1bf51b42bf98283c,
owlgebra_babycry,donateacry__d6cda191-4962-4308-9a36-46d5648a95ed-1431882043380-1.7-m-04-hu.wav,donateacry:d6cda191-4962-4308-9a36-46d5648a95ed-1431882043380-1.7-m-04-hu,hungry,Baby_Crying,data/raw/babycry/Baby_Crying/donateacry__d6cda191-4962-4308-9a36-46d5648a95ed-1431882043380-1.7-m-04-hu.wav,ODbL-1.0,https://huggingface.co/datasets/owlgebra-ai/babycry,6.84,8000,1,-1,0.0,6.84,ok,6.84,8000,1,,f44851dd08186e216cff20404cfb5ac0f0ff6fdb689388a3f05cc8f8c08bce5f,
owlgebra_babycry,donateacry__e1e640e2-78cb-4cb7-9ccc-93813bfc251c-1430738640598-1.7-m-72-hu.wav,donateacry:e1e640e2-78cb-4cb7-9ccc-93813bfc251c-1430738640598-1.7-m-72-hu,hungry,Baby_Crying,data/raw/babycry/Baby_Crying/donateacry__e1e640e2-78cb-4cb7-9ccc-93813bfc251c-1430738640598-1.7-m-72-hu.wav,ODbL-1.0,https://huggingface.co/datasets/owlgebra-ai/babycry,6.92,8000,1,-1,0.0,6.92,ok,6.92,8000,1,,d1eceec140bbc6924bd9fa002ea031e811635c5bd31fd793285dbf135f8e7d6c,
owlgebra_babycry,donateacry__e1e640e2-78cb-4cb7-9ccc-93813bfc251c-1430738652322-1.7-m-72-hu.wav,donateacry:e1e640e2-78cb-4cb7-9ccc-93813bfc251c-1430738652322-1.7-m-72-hu,hungry,Baby_Crying,data/raw/babycry/Baby_Crying/donateacry__e1e640e2-78cb-4cb7-9ccc-93813bfc251c-1430738652322-1.7-m-72-hu.wav,ODbL-1.0,https://huggingface.co/datasets/owlgebra-ai/babycry,6.92,8000,1,-1,0.0,6.92,ok,6.92,8000,1,,620e1ec280e212f388ad726657b0b9f0d60ec266de8bf3173c9361a34bac2d15,
owlgebra_babycry,donateacry__e37c323c-0edb-4942-be47-3cc0b2de00a1-1434392936735-1.7-f-26-hu.wav,donateacry:e37c323c-0edb-4942-be47-3cc0b2de00a1-1434392936735-1.7-f-26-hu,hungry,Baby_Crying,data/raw/babycry/Baby_Crying/donateacry__e37c323c-0edb-4942-be47-3cc0b2de00a1-1434392936735-1.7-f-26-hu.wav,ODbL-1.0,https://huggingface.co/datasets/owlgebra-ai/babycry,6.92,8000,1,-1,0.0,6.92,ok,6.92,8000,1,,a85b052bcdd2056b93813fc6a3e0154ea55245dd5900f79b5e3d3e87aae7d265,
owlgebra_babycry,donateacry__e4051e62-d21d-4bb8-a235-fd7e859ad787-1430739655763-1.7-m-04-hu.wav,donateacry:e4051e62-d21d-4bb8-a235-fd7e859ad787-1430739655763-1.7-m-04-hu,hungry,Baby_Crying,data/raw/babycry/Baby_Crying/donateacry__e4051e62-d21d-4bb8-a235-fd7e859ad787-1430739655763-1.7-m-04-hu.wav,ODbL-1.0,https://huggingface.co/datasets/owlgebra-ai/babycry,6.92,8000,1,-1,0.0,6.92,ok,6.92,8000,1,,a07ddfe2d25d83f1ebb580ff3406791da94be618c2ca18c68bcea5478f713c29,
owlgebra_babycry,donateacry__eccb4617-8373-4c4f-b49e-bb2d72bce8d8-1430035348191-1.7-m-26-hu.wav,donateacry:eccb4617-8373-4c4f-b49e-bb2d72bce8d8-1430035348191-1.7-m-26-hu,hungry,Baby_Crying,data/raw/babycry/Baby_Crying/donateacry__eccb4617-8373-4c4f-b49e-bb2d72bce8d8-1430035348191-1.7-m-26-hu.wav,ODbL-1.0,https://huggingface.co/datasets/owlgebra-ai/babycry,6.9,8000,1,-1,0.0,6.9,ok,6.9,8000,1,,a08eef08f4a5bd1898c1c5fa9ddd868c29f37663ee87b3182c87ebaa0fb92437,
owlgebra_babycry,donateacry__ed31b187-34af-4ff1-979c-3b8a5905fb7b-1430044808480-1.7-m-04-hu.wav,donateacry:ed31b187-34af-4ff1-979c-3b8a5905fb7b-1430044808480-1.7-m-04-hu,hungry,Baby_Crying,data/raw/babycry/Baby_Crying/donateacry__ed31b187-34af-4ff1-979c-3b8a5905fb7b-1430044808480-1.7-m-04-hu.wav,ODbL-1.0,https://huggingface.co/datasets/owlgebra-ai/babycry,6.64,8000,1,-1,0.0,6.64,ok,6.64,8000,1,,e7b030c7e87f3f5b79de7dd5d0efcd450f6e0b17daeb02fc4ae73cf15c199dfa,
owlgebra_babycry,donateacry__edb5924c-07ba-4eaa-838b-aaf9511a219b-1431894189631-1.7-m-48-hu.wav,donateacry:edb5924c-07ba-4eaa-838b-aaf9511a219b-1431894189631-1.7-m-48-hu,hungry,Baby_Crying,data/raw/babycry/Baby_Crying/donateacry__edb5924c-07ba-4eaa-838b-aaf9511a219b-1431894189631-1.7-m-48-hu.wav,ODbL-1.0,https://huggingface.co/datasets/owlgebra-ai/babycry,6.94,8000,1,-1,0.0,6.94,ok,6.94,8000,1,,c6f3e0f86d1631121eda38a2a8499203c00373549a068999a440266b4fbd452e,
owlgebra_babycry,donateacry__edb5924c-07ba-4eaa-838b-aaf9511a219b-1431899400326-1.7-m-48-hu.wav,donateacry:edb5924c-07ba-4eaa-838b-aaf9511a219b-1431899400326-1.7-m-48-hu,hungry,Baby_Crying,data/raw/babycry/Baby_Crying/donateacry__edb5924c-07ba-4eaa-838b-aaf9511a219b-1431899400326-1.7-m-48-hu.wav,ODbL-1.0,https://huggingface.co/datasets/owlgebra-ai/babycry,6.96,8000,1,-1,0.0,6.96,ok,6.96,8000,1,,d64a00b82f94c6a58db89df52afabe99d9464019ba00dc276a690ef602e8eb54,
owlgebra_babycry,donateacry__f896b69d-6241-4b51-9c45-0d628bc827c1-1430090255303-1.7-m-04-hu.wav,donateacry:f896b69d-6241-4b51-9c45-0d628bc827c1-1430090255303-1.7-m-04-hu,hungry,Baby_Crying,data/raw/babycry/Baby_Crying/donateacry__f896b69d-6241-4b51-9c45-0d628bc827c1-1430090255303-1.7-m-04-hu.wav,ODbL-1.0,https://huggingface.co/datasets/owlgebra-ai/babycry,6.92,8000,1,-1,0.0,6.92,ok,6.92,8000,1,,805113f761c3857c01c6ff9858c3aa97570d88594d6d352a6bbb75cc8edc30ce,
owlgebra_babycry,donateacry__f896b69d-6241-4b51-9c45-0d628bc827c1-1430090400166-1.7-m-72-hu.wav,donateacry:f896b69d-6241-4b51-9c45-0d628bc827c1-1430090400166-1.7-m-72-hu,hungry,Baby_Crying,data/raw/babycry/Baby_Crying/donateacry__f896b69d-6241-4b51-9c45-0d628bc827c1-1430090400166-1.7-m-72-hu.wav,ODbL-1.0,https://huggingface.co/datasets/owlgebra-ai/babycry,6.9,8000,1,-1,0.0,6.9,ok,6.9,8000,1,,0e0a074c4b90de46012634f966d7f8cf1187ed568d8e386014193bd3b0dc3071,
owlgebra_babycry,donateacry__fa8620d3-e7db-4101-aff0-28dbf0d96a5f-1434296505682-1.7-f-04-hu.wav,donateacry:fa8620d3-e7db-4101-aff0-28dbf0d96a5f-1434296505682-1.7-f-04-hu,hungry,Baby_Crying,data/raw/babycry/Baby_Crying/donateacry__fa8620d3-e7db-4101-aff0-28dbf0d96a5f-1434296505682-1.7-f-04-hu.wav,ODbL-1.0,https://huggingface.co/datasets/owlgebra-ai/babycry,6.74,8000,1,-1,0.0,6.74,ok,6.74,8000,1,,0feea58a43087d615215d1b1237e9bf8ee8331aff3349403e01256bd27a67f18,
owlgebra_babycry,donateacry__fa8620d3-e7db-4101-aff0-28dbf0d96a5f-1434465485354-1.7-f-04-hu.wav,donateacry:fa8620d3-e7db-4101-aff0-28dbf0d96a5f-1434465485354-1.7-f-04-hu,hungry,Baby_Crying,data/raw/babycry/Baby_Crying/donateacry__fa8620d3-e7db-4101-aff0-28dbf0d96a5f-1434465485354-1.7-f-04-hu.wav,ODbL-1.0,https://huggingface.co/datasets/owlgebra-ai/babycry,6.76,8000,1,-1,0.0,6.76,ok,6.76,8000,1,,445fdeacc112f7f606792b992dfdbac7e117c5745b9b8284f4a5a8c7a16d8c1d,
owlgebra_babycry,donateacry__03ADDCFB-354E-416D-BF32-260CF47F7060-1433658024-1.1-f-04-ti.wav,donateacry:03ADDCFB-354E-416D-BF32-260CF47F7060-1433658024-1.1-f-04-ti,tired,Baby_Crying,data/raw/babycry/Baby_Crying/donateacry__03ADDCFB-354E-416D-BF32-260CF47F7060-1433658024-1.1-f-04-ti.wav,ODbL-1.0,https://huggingface.co/datasets/owlgebra-ai/babycry,7.0,8000,1,-1,0.0,7.0,ok,7.0,8000,1,,189626f591de133ba6cc47f438b37c3c4c425a3efa26a1cca53cb481a202dd66,
owlgebra_babycry,donateacry__06c4cfa2-7fa6-4fda-91a1-ea186a4acc64-1430029221058-1.7-f-26-ti.wav,donateacry:06c4cfa2-7fa6-4fda-91a1-ea186a4acc64-1430029221058-1.7-f-26-ti,tired,Baby_Crying,data/raw/babycry/Baby_Crying/donateacry__06c4cfa2-7fa6-4fda-91a1-ea186a4acc64-1430029221058-1.7-f-26-ti.wav,ODbL-1.0,https://huggingface.co/datasets/owlgebra-ai/babycry,6.68,8000,1,-1,0.0,6.68,ok,6.68,8000,1,,c2e1a8445b27df6a1ec9e5cf06d4c208a64c6f7974ae1f629f1e599c5d43ad87,
owlgebra_babycry,donateacry__06c4cfa2-7fa6-4fda-91a1-ea186a4acc64-1430029246453-1.7-f-26-ti.wav,donateacry:06c4cfa2-7fa6-4fda-91a1-ea186a4acc64-1430029246453-1.7-f-26-ti,tired,Baby_Crying,data/raw/babycry/Baby_Crying/donateacry__06c4cfa2-7fa6-4fda-91a1-ea186a4acc64-1430029246453-1.7-f-26-ti.wav,ODbL-1.0,https://huggingface.co/datasets/owlgebra-ai/babycry,6.52,8000,1,-1,0.0,6.52,ok,6.52,8000,1,,a0601af12f438695a349d56ee35b5d58a67f87d1404c56b5d0e8d66d74f9236d,
owlgebra_babycry,donateacry__1309B82C-F146-46F0-A723-45345AFA6EA8-1430059864-1.0-f-04-ti.wav,donateacry:1309B82C-F146-46F0-A723-45345AFA6EA8-1430059864-1.0-f-04-ti,tired,Baby_Crying,data/raw/babycry/Baby_Crying/donateacry__1309B82C-F146-46F0-A723-45345AFA6EA8-1430059864-1.0-f-04-ti.wav,ODbL-1.0,https://huggingface.co/datasets/owlgebra-ai/babycry,7.0,8000,1,-1,0.0,7.0,ok,7.0,8000,1,,e98d3a13c0dec515bb85594b8db4165d810165f135a60a56488c744d6d4fba4f,
owlgebra_babycry,donateacry__1309B82C-F146-46F0-A723-45345AFA6EA8-1431172241-1.0-f-48-ti.wav,donateacry:1309B82C-F146-46F0-A723-45345AFA6EA8-1431172241-1.0-f-48-ti,tired,Baby_Crying,data/raw/babycry/Baby_Crying/donateacry__1309B82C-F146-46F0-A723-45345AFA6EA8-1431172241-1.0-f-48-ti.wav,ODbL-1.0,https://huggingface.co/datasets/owlgebra-ai/babycry,7.0,8000,1,-1,0.0,7.0,ok,7.0,8000,1,,d3a33f656458599ff8214ac8c2e8a80ca6c506cf0b041ac72835defce2e03d0f,
owlgebra_babycry,donateacry__5B416CE8-2591-4531-9ADC-86D085B5D48B-1430144827-1.0-m-48-ti.wav,donateacry:5B416CE8-2591-4531-9ADC-86D085B5D48B-1430144827-1.0-m-48-ti,tired,Baby_Crying,data/raw/babycry/Baby_Crying/donateacry__5B416CE8-2591-4531-9ADC-86D085B5D48B-1430144827-1.0-m-48-ti.wav,ODbL-1.0,https://huggingface.co/datasets/owlgebra-ai/babycry,7.0,8000,1,-1,0.0,7.0,ok,7.0,8000,1,,32f91825b7ce0c72887fef39f3ac936ff886219d54633525dac510dbb0d9c772,
owlgebra_babycry,donateacry__79FF400A-97E2-4701-987D-C7C850D5523C-1430089487-1.0-f-48-ti.wav,donateacry:79FF400A-97E2-4701-987D-C7C850D5523C-1430089487-1.0-f-48-ti,tired,Baby_Crying,data/raw/babycry/Baby_Crying/donateacry__79FF400A-97E2-4701-987D-C7C850D5523C-1430089487-1.0-f-48-ti.wav,ODbL-1.0,https://huggingface.co/datasets/owlgebra-ai/babycry,7.0,8000,1,-1,0.0,7.0,ok,7.0,8000,1,,b7e667e4b2ef26737d8da96cd3fb51eec2ca25d1e313752e49a8b30e910281b1,
owlgebra_babycry,donateacry__7A22229D-06C2-4AAA-9674-DE5DF1906B3A-1436891944-1.1-m-72-ti.wav,donateacry:7A22229D-06C2-4AAA-9674-DE5DF1906B3A-1436891944-1.1-m-72-ti,tired,Baby_Crying,data/raw/babycry/Baby_Crying/donateacry__7A22229D-06C2-4AAA-9674-DE5DF1906B3A-1436891944-1.1-m-72-ti.wav,ODbL-1.0,https://huggingface.co/datasets/owlgebra-ai/babycry,7.0,8000,1,-1,0.0,7.0,ok,7.0,8000,1,,14f998e7239b0ec9f449a69c7fcaced83702734b803729bcbb541a0d6f7e72f4,
owlgebra_babycry,donateacry__7A22229D-06C2-4AAA-9674-DE5DF1906B3A-1436891957-1.1-m-72-ti.wav,donateacry:7A22229D-06C2-4AAA-9674-DE5DF1906B3A-1436891957-1.1-m-72-ti,tired,Baby_Crying,data/raw/babycry/Baby_Crying/donateacry__7A22229D-06C2-4AAA-9674-DE5DF1906B3A-1436891957-1.1-m-72-ti.wav,ODbL-1.0,https://huggingface.co/datasets/owlgebra-ai/babycry,7.0,8000,1,-1,0.0,7.0,ok,7.0,8000,1,,3cf8d7f33c8f177641f2ed857bab84375cadf76f96b12406ed90319913244551,
owlgebra_babycry,donateacry__B2AABCE0-1F62-4B57-B58A-308959ABDFE7-1437188766-1.1-m-26-ti.wav,donateacry:B2AABCE0-1F62-4B57-B58A-308959ABDFE7-1437188766-1.1-m-26-ti,tired,Baby_Crying,data/raw/babycry/Baby_Crying/donateacry__B2AABCE0-1F62-4B57-B58A-308959ABDFE7-1437188766-1.1-m-26-ti.wav,ODbL-1.0,https://huggingface.co/datasets/owlgebra-ai/babycry,7.0,8000,1,-1,0.0,7.0,ok,7.0,8000,1,,0bbec319d2931c45adb0a14a0a95e02b6dc973947f194d044890fedf812cdd28,
owlgebra_babycry,donateacry__C5127741-5897-468C-A543-7F1B72569F0E-1428333964-1.0-m-26-ti.wav,donateacry:C5127741-5897-468C-A543-7F1B72569F0E-1428333964-1.0-m-26-ti,tired,Baby_Crying,data/raw/babycry/Baby_Crying/donateacry__C5127741-5897-468C-A543-7F1B72569F0E-1428333964-1.0-m-26-ti.wav,ODbL-1.0,https://huggingface.co/datasets/owlgebra-ai/babycry,7.0,8000,1,-1,0.0,7.0,ok,7.0,8000,1,,0b32b6d1bbd43b757f6a321643434b00ea1d9841aca2e6ce84b7916386153463,
owlgebra_babycry,donateacry__D4665929-8695-4655-927F-63F09B2D4CB8-1430726940-1.0-f-26-ti.wav,donateacry:D4665929-8695-4655-927F-63F09B2D4CB8-1430726940-1.0-f-26-ti,tired,Baby_Crying,data/raw/babycry/Baby_Crying/donateacry__D4665929-8695-4655-927F-63F09B2D4CB8-1430726940-1.0-f-26-ti.wav,ODbL-1.0,https://huggingface.co/datasets/owlgebra-ai/babycry,7.0,8000,1,-1,0.0,7.0,ok,7.0,8000,1,,46013747d05e9bdd978d2f4003394ecc9db2aef706da88a0bb2fde8043de2de8,
owlgebra_babycry,donateacry__ca7d8d54-13cb-4060-8db4-90651b60c078-1434674792223-1.7-f-26-ti.wav,donateacry:ca7d8d54-13cb-4060-8db4-90651b60c078-1434674792223-1.7-f-26-ti,tired,Baby_Crying,data/raw/babycry/Baby_Crying/donateacry__ca7d8d54-13cb-4060-8db4-90651b60c078-1434674792223-1.7-f-26-ti.wav,ODbL-1.0,https://huggingface.co/datasets/owlgebra-ai/babycry,6.78,8000,1,-1,0.0,6.78,ok,6.78,8000,1,,ee624962b2190728492bd5cfae1e1ae6d553c0d8a12e2f1b37eb2b4aa8d06a31,
owlgebra_babycry,donateacry__d5abedab-9ed5-48d0-a83b-fc00c33d6d6b-1430079192907-1.7-f-04-ti.wav,donateacry:d5abedab-9ed5-48d0-a83b-fc00c33d6d6b-1430079192907-1.7-f-04-ti,tired,Baby_Crying,data/raw/babycry/Baby_Crying/donateacry__d5abedab-9ed5-48d0-a83b-fc00c33d6d6b-1430079192907-1.7-f-04-ti.wav,ODbL-1.0,https://huggingface.co/datasets/owlgebra-ai/babycry,6.88,8000,1,-1,0.0,6.88,ok,6.88,8000,1,,02dd3688183dd0b8ba3429ac84ed243f792717034bf0b7af4578d7b6ff518822,
owlgebra_babycry,donateacry__d6cda191-4962-4308-9a36-46d5648a95ed-1431587887997-1.7-m-04-ti.wav,donateacry:d6cda191-4962-4308-9a36-46d5648a95ed-1431587887997-1.7-m-04-ti,tired,Baby_Crying,data/raw/babycry/Baby_Crying/donateacry__d6cda191-4962-4308-9a36-46d5648a95ed-1431587887997-1.7-m-04-ti.wav,ODbL-1.0,https://huggingface.co/datasets/owlgebra-ai/babycry,6.82,8000,1,-1,0.0,6.82,ok,6.82,8000,1,,e0a622577a206eab7ad83ca15ed6123d0e83e6d24396dd907d57a5b26fd0bd44,
owlgebra_babycry,donateacry__d6cda191-4962-4308-9a36-46d5648a95ed-1431587899682-1.7-m-04-ti.wav,donateacry:d6cda191-4962-4308-9a36-46d5648a95ed-1431587899682-1.7-m-04-ti,tired,Baby_Crying,data/raw/babycry/Baby_Crying/donateacry__d6cda191-4962-4308-9a36-46d5648a95ed-1431587899682-1.7-m-04-ti.wav,ODbL-1.0,https://huggingface.co/datasets/owlgebra-ai/babycry,6.82,8000,1,-1,0.0,6.82,ok,6.82,8000,1,,6d847a57e05e45fac468caa9322029f7eaedb3e2fcff8e2249479354533d3266,
owlgebra_babycry,donateacry__d6cda191-4962-4308-9a36-46d5648a95ed-1431616581736-1.7-m-04-ti.wav,donateacry:d6cda191-4962-4308-9a36-46d5648a95ed-1431616581736-1.7-m-04-ti,tired,Baby_Crying,data/raw/babycry/Baby_Crying/donateacry__d6cda191-4962-4308-9a36-46d5648a95ed-1431616581736-1.7-m-04-ti.wav,ODbL-1.0,https://huggingface.co/datasets/owlgebra-ai/babycry,6.84,8000,1,-1,0.0,6.84,ok,6.84,8000,1,,933ce2168d9199c3bf5eee88ae9b9ca7b7ab1ec779cf383310bc6b9498e3e9ad,
owlgebra_babycry,donateacry__eea17285-4ab9-4d34-a2f5-55fc8c866ac6-1431887695278-1.7-f-26-ti.wav,donateacry:eea17285-4ab9-4d34-a2f5-55fc8c866ac6-1431887695278-1.7-f-26-ti,tired,Baby_Crying,data/raw/babycry/Baby_Crying/donateacry__eea17285-4ab9-4d34-a2f5-55fc8c866ac6-1431887695278-1.7-f-26-ti.wav,ODbL-1.0,https://huggingface.co/datasets/owlgebra-ai/babycry,6.92,8000,1,-1,0.0,6.92,ok,6.92,8000,1,,0ef4ed0c2100262b3e90952fd9fe16d8b928bf9596f54f4f9a1403c3f3c24b94,
owlgebra_babycry,recanvo__200126_2142_00-13-04.06--00-13-04.324.wav,recanvo:200126_2142_00-13-04.06--00-13-04.324,dysregulation-sick,Baby_Crying,data/raw/babycry/Baby_Crying/recanvo__200126_2142_00-13-04.06--00-13-04.324.wav,CC-BY-4.0,https://huggingface.co/datasets/owlgebra-ai/babycry,0.2639909297052154,44100,2,-1,0.0,0.2639909297052154,ok,0.2639909297052154,44100,2,,d03145265735e8c72d5192171e94d302cd571abfa85f297b1ce1def50177fbfc,
owlgebra_babycry,recanvo__200126_2142_00-06-41.54--00-06-42.47.wav,recanvo:200126_2142_00-06-41.54--00-06-42.47,dysregulation-sick,Baby_Crying,data/raw/babycry/Baby_Crying/recanvo__200126_2142_00-06-41.54--00-06-42.47.wav,CC-BY-4.0,https://huggingface.co/datasets/owlgebra-ai/babycry,0.9319954648526078,44100,2,-1,0.0,0.9319954648526078,ok,0.9319954648526078,44100,2,,c09a0475337d3e19ac043a13ebe0f0482bd60187e7ea0c55e8ee864400d05868,
owlgebra_babycry,recanvo__200126_2142_00-11-35.94--00-11-37.08.wav,recanvo:200126_2142_00-11-35.94--00-11-37.08,dysregulation-sick,Baby_Crying,data/raw/babycry/Baby_Crying/recanvo__200126_2142_00-11-35.94--00-11-37.08.wav,CC-BY-4.0,https://huggingface.co/datasets/owlgebra-ai/babycry,1.1449886621315193,44100,2,-1,0.0,1.1449886621315193,ok,1.1449886621315193,44100,2,,72626a17971182b11af52a3fb6ee37fc1516da41328b29cea0a0619ac373d3e1,
owlgebra_babycry,recanvo__200126_2142_00-00-24.55--00-00-24.95.wav,recanvo:200126_2142_00-00-24.55--00-00-24.95,dysregulation-sick,Baby_Crying,data/raw/babycry/Baby_Crying/recanvo__200126_2142_00-00-24.55--00-00-24.95.wav,CC-BY-4.0,https://huggingface.co/datasets/owlgebra-ai/babycry,0.40598639455782315,44100,2,-1,0.0,0.40598639455782315,ok,0.40598639455782315,44100,2,,a0ce2f40253ee99b578a6f6a9a287c550f59ab2dabc4aff6f8ba73d8c81426f8,
owlgebra_babycry,recanvo__200126_2142_00-21-53.48--00-21-54.45.wav,recanvo:200126_2142_00-21-53.48--00-21-54.45,dysregulation-sick,Baby_Crying,data/raw/babycry/Baby_Crying/recanvo__200126_2142_00-21-53.48--00-21-54.45.wav,CC-BY-4.0,https://huggingface.co/datasets/owlgebra-ai/babycry,0.9690022675736961,44100,2,-1,0.0,0.9690022675736961,ok,0.9690022675736961,44100,2,,6fd0e0bd97cf7487c10c2f31c63a440dc275e06bba5e8ff0e7a10374851fa329,
owlgebra_babycry,recanvo__200126_2142_00-15-34.15--00-15-34.63.wav,recanvo:200126_2142_00-15-34.15--00-15-34.63,dysregulation-sick,Baby_Crying,data/raw/babycry/Baby_Crying/recanvo__200126_2142_00-15-34.15--00-15-34.63.wav,CC-BY-4.0,https://huggingface.co/datasets/owlgebra-ai/babycry,0.48,44100,2,-1,0.0,0.48,ok,0.48,44100,2,,0af04b7b5504f7aee760c1840fc15ade81fed76541a6faa8968aa1928d07c40c,
owlgebra_babycry,recanvo__200126_2142_00-21-49.18--00-21-50.19.wav,recanvo:200126_2142_00-21-49.18--00-21-50.19,dysregulation-sick,Baby_Crying,data/raw/babycry/Baby_Crying/recanvo__200126_2142_00-21-49.18--00-21-50.19.wav,CC-BY-4.0,https://huggingface.co/datasets/owlgebra-ai/babycry,1.0110204081632652,44100,2,-1,0.0,1.0110204081632652,ok,1.0110204081632652,44100,2,,9fb400ff33e74229d05470cf67ac70cd260c7ccf139e4342907570af43f3c862,
owlgebra_babycry,recanvo__200126_2142_00-17-54.82--00-17-56.33.wav,recanvo:200126_2142_00-17-54.82--00-17-56.33,dysregulation-sick,Baby_Crying,data/raw/babycry/Baby_Crying/recanvo__200126_2142_00-17-54.82--00-17-56.33.wav,CC-BY-4.0,https://huggingface.co/datasets/owlgebra-ai/babycry,1.5149886621315192,44100,2,-1,0.0,1.5149886621315192,ok,1.5149886621315192,44100,2,,5f34705ef00d01db0c5f18ef0e66f860754a6091c266f6cb9c7929f67113612c,
owlgebra_babycry,recanvo__200126_2142_00-12-50.42--00-12-52.18.wav,recanvo:200126_2142_00-12-50.42--00-12-52.18,dysregulation-sick,Baby_Crying,data/raw/babycry/Baby_Crying/recanvo__200126_2142_00-12-50.42--00-12-52.18.wav,CC-BY-4.0,https://huggingface.co/datasets/owlgebra-ai/babycry,1.7589795918367348,44100,2,-1,0.0,1.7589795918367348,ok,1.7589795918367348,44100,2,,0b2151b8973acc706f74743ac76118f75881f2d006569230a9e88f8dab30f1de,
owlgebra_babycry,recanvo__200126_2142_00-04-51.61--00-04-52.89.wav,recanvo:200126_2142_00-04-51.61--00-04-52.89,dysregulation-sick,Baby_Crying,data/raw/babycry/Baby_Crying/recanvo__200126_2142_00-04-51.61--00-04-52.89.wav,CC-BY-4.0,https://huggingface.co/datasets/owlgebra-ai/babycry,1.2760090702947846,44100,2,-1,0.0,1.2760090702947846,ok,1.2760090702947846,44100,2,,375c80519cfbbd06923e1502e40c2d61f362a77a7f75bc535f9916423b1027f8,
owlgebra_babycry,recanvo__200126_2142_00-04-16.05--00-04-18.31.wav,recanvo:200126_2142_00-04-16.05--00-04-18.31,dysregulation-sick,Baby_Crying,data/raw/babycry/Baby_Crying/recanvo__200126_2142_00-04-16.05--00-04-18.31.wav,CC-BY-4.0,https://huggingface.co/datasets/owlgebra-ai/babycry,2.251995464852608,44100,2,-1,0.0,2.251995464852608,ok,2.251995464852608,44100,2,,9278eab5086b2641e8544f72bf9f3db473202006cb90092d4eb1f4e69909763b,
owlgebra_babycry,recanvo__200126_2142_00-04-23.23--00-04-24.56.wav,recanvo:200126_2142_00-04-23.23--00-04-24.56,dysregulation-sick,Baby_Crying,data/raw/babycry/Baby_Crying/recanvo__200126_2142_00-04-23.23--00-04-24.56.wav,CC-BY-4.0,https://huggingface.co/datasets/owlgebra-ai/babycry,1.326984126984127,44100,2,-1,0.0,1.326984126984127,ok,1.326984126984127,44100,2,,8ab2e46c27a8d6e7e089d5305012e869805281d47c9f01e9c6e59cff6a51268d,
owlgebra_babycry,recanvo__200126_2142_00-06-32.15--00-06-33.16.wav,recanvo:200126_2142_00-06-32.15--00-06-33.16,dysregulation-sick,Baby_Crying,data/raw/babycry/Baby_Crying/recanvo__200126_2142_00-06-32.15--00-06-33.16.wav,CC-BY-4.0,https://huggingface.co/datasets/owlgebra-ai/babycry,1.0070068027210883,44100,2,-1,0.0,1.0070068027210883,ok,1.0070068027210883,44100,2,,4c33bea65544999213b4478623423efc88f5d278e26d28fd099516a0a2da8bb7,
owlgebra_babycry,recanvo__200126_2142_00-01-25.94--00-01-26.48.wav,recanvo:200126_2142_00-01-25.94--00-01-26.48,dysregulation-sick,Baby_Crying,data/raw/babycry/Baby_Crying/recanvo__200126_2142_00-01-25.94--00-01-26.48.wav,CC-BY-4.0,https://huggingface.co/datasets/owlgebra-ai/babycry,0.5379818594104309,44100,2,-1,0.0,0.5379818594104309,ok,0.5379818594104309,44100,2,,2e66ec18db7c10e0be12106459cdc7b415ef70878993bb78f5faf81f06b286c5,
owlgebra_babycry,recanvo__200126_2142_00-05-04.75--00-05-05.032.wav,recanvo:200126_2142_00-05-04.75--00-05-05.032,dysregulation-sick,Baby_Crying,data/raw/babycry/Baby_Crying/recanvo__200126_2142_00-05-04.75--00-05-05.032.wav,CC-BY-4.0,https://huggingface.co/datasets/owlgebra-ai/babycry,0.28199546485260774,44100,2,-1,0.0,0.28199546485260774,ok,0.28199546485260774,44100,2,,f956e3ef6e3b932cf9ebb6bd4604543566a1c81389a09a184fdc5b07e89e134a,
owlgebra_babycry,recanvo__200126_2142_00-19-41.47--00-19-44.91.wav,recanvo:200126_2142_00-19-41.47--00-19-44.91,dysregulation-sick,Baby_Crying,data/raw/babycry/Baby_Crying/recanvo__200126_2142_00-19-41.47--00-19-44.91.wav,CC-BY-4.0,https://huggingface.co/datasets/owlgebra-ai/babycry,3.439002267573696,44100,2,-1,0.0,3.439002267573696,ok,3.439002267573696,44100,2,,652faaff4a878456c9c8e720b2a5508f20c782e9931c7df6101914d8538f6fcf,
owlgebra_babycry,recanvo__200126_2142_00-19-47.69--00-19-48.79.wav,recanvo:200126_2142_00-19-47.69--00-19-48.79,dysregulation-sick,Baby_Crying,data/raw/babycry/Baby_Crying/recanvo__200126_2142_00-19-47.69--00-19-48.79.wav,CC-BY-4.0,https://huggingface.co/datasets/owlgebra-ai/babycry,1.1009977324263038,44100,2,-1,0.0,1.1009977324263038,ok,1.1009977324263038,44100,2,,1c0ccad46f80af6f331260b45e53d8072e816ea0e0bb8c63c50f724a75038eb8,
owlgebra_babycry,recanvo__200126_2142_00-18-52--00-18-52.37.wav,recanvo:200126_2142_00-18-52--00-18-52.37,dysregulation-sick,Baby_Crying,data/raw/babycry/Baby_Crying/recanvo__200126_2142_00-18-52--00-18-52.37.wav,CC-BY-4.0,https://huggingface.co/datasets/owlgebra-ai/babycry,0.3660090702947846,44100,2,-1,0.0,0.3660090702947846,ok,0.3660090702947846,44100,2,,86d72545af5992f1606bc8d9b3f67bdd6943f1011fc729e5c0700486671af354,
owlgebra_babycry,recanvo__200126_2142_00-23-43.47--00-23-44.63.wav,recanvo:200126_2142_00-23-43.47--00-23-44.63,dysregulation-sick,Baby_Crying,data/raw/babycry/Baby_Crying/recanvo__200126_2142_00-23-43.47--00-23-44.63.wav,CC-BY-4.0,https://huggingface.co/datasets/owlgebra-ai/babycry,1.166984126984127,44100,2,-1,0.0,1.166984126984127,ok,1.166984126984127,44100,2,,5ddaf1568c96a561e8c50da869a408816d31244319fcee552e6058d7966dc9b3,
owlgebra_babycry,recanvo__200126_2142_00-21-30.46--00-21-31.16.wav,recanvo:200126_2142_00-21-30.46--00-21-31.16,dysregulation-sick,Baby_Crying,data/raw/babycry/Baby_Crying/recanvo__200126_2142_00-21-30.46--00-21-31.16.wav,CC-BY-4.0,https://huggingface.co/datasets/owlgebra-ai/babycry,0.7070068027210884,44100,2,-1,0.0,0.7070068027210884,ok,0.7070068027210884,44100,2,,6bcb437e0ac06d8dd9519a97b1f74f04f82321da80e2918fb077b75009b3d35e,
owlgebra_babycry,recanvo__200126_2142_00-09-04.785--00-09-05.612.wav,recanvo:200126_2142_00-09-04.785--00-09-05.612,dysregulation-sick,Baby_Crying,data/raw/babycry/Baby_Crying/recanvo__200126_2142_00-09-04.785--00-09-05.612.wav,CC-BY-4.0,https://huggingface.co/datasets/owlgebra-ai/babycry,0.8270068027210884,44100,2,-1,0.0,0.8270068027210884,ok,0.8270068027210884,44100,2,,af2180e499f0dad2986777f6863ea027da042345fc3ef57086d9c8819cf55f14,
owlgebra_babycry,recanvo__200126_2142_00-04-53.74--00-04-55.29.wav,recanvo:200126_2142_00-04-53.74--00-04-55.29,dysregulation-sick,Baby_Crying,data/raw/babycry/Baby_Crying/recanvo__200126_2142_00-04-53.74--00-04-55.29.wav,CC-BY-4.0,https://huggingface.co/datasets/owlgebra-ai/babycry,1.549002267573696,44100,2,-1,0.0,1.549002267573696,ok,1.549002267573696,44100,2,,fb427b838da3b793ad6ab284ad43c56a993b80feef22cd14ef033e903d535c20,
owlgebra_babycry,recanvo__200126_2142_00-18-00.71698--00-18-03.416.wav,recanvo:200126_2142_00-18-00.71698--00-18-03.416,dysregulation-sick,Baby_Crying,data/raw/babycry/Baby_Crying/recanvo__200126_2142_00-18-00.71698--00-18-03.416.wav,CC-BY-4.0,https://huggingface.co/datasets/owlgebra-ai/babycry,2.699002267573696,44100,2,-1,0.0,2.699002267573696,ok,2.699002267573696,44100,2,,00c830976697a33ec98a5bbd4ec2d664843e0e7e2d0787837f2b77a967dfaabb,
owlgebra_babycry,recanvo__200126_2142_00-16-20.15--00-16-22.28.wav,recanvo:200126_2142_00-16-20.15--00-16-22.28,dysregulation-sick,Baby_Crying,data/raw/babycry/Baby_Crying/recanvo__200126_2142_00-16-20.15--00-16-22.28.wav,CC-BY-4.0,https://huggingface.co/datasets/owlgebra-ai/babycry,2.1339909297052153,44100,2,-1,0.0,2.1339909297052153,ok,2.1339909297052153,44100,2,,1f2a127d41cec2408cc948565234909632338f4d93a072e60820f3dd9a1edeaa,
owlgebra_babycry,recanvo__200126_2142_00-14-02.66--00-14-04.874.wav,recanvo:200126_2142_00-14-02.66--00-14-04.874,dysregulation-sick,Baby_Crying,data/raw/babycry/Baby_Crying/recanvo__200126_2142_00-14-02.66--00-14-04.874.wav,CC-BY-4.0,https://huggingface.co/datasets/owlgebra-ai/babycry,2.2139909297052154,44100,2,-1,0.0,2.2139909297052154,ok,2.2139909297052154,44100,2,,9311c3e3b3b097db8ed7d72fca68d872743b6e2ec68facb10eaf09b50ff5c796,
owlgebra_babycry,recanvo__200126_2142_00-18-44.81--00-18-45.56.wav,recanvo:200126_2142_00-18-44.81--00-18-45.56,dysregulation-sick,Baby_Crying,data/raw/babycry/Baby_Crying/recanvo__200126_2142_00-18-44.81--00-18-45.56.wav,CC-BY-4.0,https://huggingface.co/datasets/owlgebra-ai/babycry,0.7419954648526077,44100,2,-1,0.0,0.7419954648526077,ok,0.7419954648526077,44100,2,,b19b85688c30bc5666aa3467e014dc996553fd6a901b75db28e3523d477384bc,
owlgebra_babycry,recanvo__200126_2142_00-06-21.42--00-06-22.19.wav,recanvo:200126_2142_00-06-21.42--00-06-22.19,dysregulation-sick,Baby_Crying,data/raw/babycry/Baby_Crying/recanvo__200126_2142_00-06-21.42--00-06-22.19.wav,CC-BY-4.0,https://huggingface.co/datasets/owlgebra-ai/babycry,0.7760090702947846,44100,2,-1,0.0,0.7760090702947846,ok,0.7760090702947846,44100,2,,8efdab7285b8c081d0f3d30064fd9f337e11594c80510bd07327ecbf3264ad6d,
owlgebra_babycry,recanvo__200126_2142_00-02-22.47--00-02-23.43.wav,recanvo:200126_2142_00-02-22.47--00-02-23.43,dysregulation-sick,Baby_Crying,data/raw/babycry/Baby_Crying/recanvo__200126_2142_00-02-22.47--00-02-23.43.wav,CC-BY-4.0,https://huggingface.co/datasets/owlgebra-ai/babycry,0.9639909297052154,44100,2,-1,0.0,0.9639909297052154,ok,0.9639909297052154,44100,2,,0dbfb16a4286c7fb1a8f8458e50860592c1fa4796da56d2654f663dbe699115a,
owlgebra_babycry,recanvo__200126_2142_00-08-41.5--00-08-42.25.wav,recanvo:200126_2142_00-08-41.5--00-08-42.25,dysregulation-sick,Baby_Crying,data/raw/babycry/Baby_Crying/recanvo__200126_2142_00-08-41.5--00-08-42.25.wav,CC-BY-4.0,https://huggingface.co/datasets/owlgebra-ai/babycry,0.7560090702947846,44100,2,-1,0.0,0.7560090702947846,ok,0.7560090702947846,44100,2,,75b4bf1a3d2d7e9bbb7c2325e8a79be88801d7fc2d4373f5b8fe6c718101339d,
owlgebra_babycry,recanvo__200126_2142_00-15-36.76--00-15-39.33.wav,recanvo:200126_2142_00-15-36.76--00-15-39.33,dysregulation-sick,Baby_Crying,data/raw/babycry/Baby_Crying/recanvo__200126_2142_00-15-36.76--00-15-39.33.wav,CC-BY-4.0,https://huggingface.co/datasets/owlgebra-ai/babycry,2.567981859410431,44100,2,-1,0.0,2.567981859410431,ok,2.567981859410431,44100,2,,b5605bb2f37065c1f03d870b2e48b052fa08f4cb652e5c5cecb446c93f2fcce5,
owlgebra_babycry,recanvo__200126_2142_00-16-22.81--00-16-23.66.wav,recanvo:200126_2142_00-16-22.81--00-16-23.66,dysregulation-sick,Baby_Crying,data/raw/babycry/Baby_Crying/recanvo__200126_2142_00-16-22.81--00-16-23.66.wav,CC-BY-4.0,https://huggingface.co/datasets/owlgebra-ai/babycry,0.8520181405895692,44100,2,-1,0.0,0.8520181405895692,ok,0.8520181405895692,44100,2,,8a1cba451625d75b658ebd61e26a2ad17e93c880fd29285a74d0eeb60971587e,
owlgebra_babycry,recanvo__200126_2142_00-04-25.72--00-04-27.22.wav,recanvo:200126_2142_00-04-25.72--00-04-27.22,dysregulation-sick,Baby_Crying,data/raw/babycry/Baby_Crying/recanvo__200126_2142_00-04-25.72--00-04-27.22.wav,CC-BY-4.0,https://huggingface.co/datasets/owlgebra-ai/babycry,1.4970068027210883,44100,2,-1,0.0,1.4970068027210883,ok,1.4970068027210883,44100,2,,10ac3e67716ebe616d8d56168c2c42569447de635cb2652da37006538fa815da,
owlgebra_babycry,recanvo__200126_2142_00-14-05.709--00-14-06.796.wav,recanvo:200126_2142_00-14-05.709--00-14-06.796,dysregulation-sick,Baby_Crying,data/raw/babycry/Baby_Crying/recanvo__200126_2142_00-14-05.709--00-14-06.796.wav,CC-BY-4.0,https://huggingface.co/datasets/owlgebra-ai/babycry,1.086984126984127,44100,2,-1,0.0,1.086984126984127,ok,1.086984126984127,44100,2,,1157a83976a1a3983a3494a5637f0144884faf4fce51c2fea0155bf7d31ea82d,
owlgebra_babycry,recanvo__200126_2142_00-09-33.55--00-09-34.5.wav,recanvo:200126_2142_00-09-33.55--00-09-34.5,dysregulation-sick,Baby_Crying,data/raw/babycry/Baby_Crying/recanvo__200126_2142_00-09-33.55--00-09-34.5.wav,CC-BY-4.0,https://huggingface.co/datasets/owlgebra-ai/babycry,0.9490022675736961,44100,2,-1,0.0,0.9490022675736961,ok,0.9490022675736961,44100,2,,947676ccbc6bd399b165bbe168d234ba170ae60175b847f49192b4251ddef817,
owlgebra_babycry,recanvo__200126_2142_00-23-41.24--00-23-42.11.wav,recanvo:200126_2142_00-23-41.24--00-23-42.11,dysregulation-sick,Baby_Crying,data/raw/babycry/Baby_Crying/recanvo__200126_2142_00-23-41.24--00-23-42.11.wav,CC-BY-4.0,https://huggingface.co/datasets/owlgebra-ai/babycry,0.8649886621315193,44100,2,-1,0.0,0.8649886621315193,ok,0.8649886621315193,44100,2,,a77590374c1e601d5c49bb8ee05977eace605340b6ea989959e305428276070c,
owlgebra_babycry,recanvo__200126_2142_00-13-40.47--00-13-41.93.wav,recanvo:200126_2142_00-13-40.47--00-13-41.93,dysregulation-sick,Baby_Crying,data/raw/babycry/Baby_Crying/recanvo__200126_2142_00-13-40.47--00-13-41.93.wav,CC-BY-4.0,https://huggingface.co/datasets/owlgebra-ai/babycry,1.4590022675736962,44100,2,-1,0.0,1.4590022675736962,ok,1.4590022675736962,44100,2,,fe7caf47b1355879ac77a61dc272c6a07392e13edc8128ec4e1395c3f5aef018,
owlgebra_babycry,recanvo__200126_2142_00-06-29.27--00-06-30.34.wav,recanvo:200126_2142_00-06-29.27--00-06-30.34,dysregulation-sick,Baby_Crying,data/raw/babycry/Baby_Crying/recanvo__200126_2142_00-06-29.27--00-06-30.34.wav,CC-BY-4.0,https://huggingface.co/datasets/owlgebra-ai/babycry,1.076984126984127,44100,2,-1,0.0,1.076984126984127,ok,1.076984126984127,44100,2,,8ca9e44fe5e1580358ebfb8cadec1bc23ea034b0a4ff228fe635647491fc9f4e,
owlgebra_babycry,recanvo__200126_2142_00-18-59.45--00-19-00.37499.wav,recanvo:200126_2142_00-18-59.45--00-19-00.37499,dysregulation-sick,Baby_Crying,data/raw/babycry/Baby_Crying/recanvo__200126_2142_00-18-59.45--00-19-00.37499.wav,CC-BY-4.0,https://huggingface.co/datasets/owlgebra-ai/babycry,0.9219954648526077,44100,2,-1,0.0,0.9219954648526077,ok,0.9219954648526077,44100,2,,dd151f9cc35d01df57ad387f14b7285532b39707ecb4c76ab9c175c8912e6256,
owlgebra_babycry,recanvo__200126_2142_00-00-20.57--00-00-22.81.wav,recanvo:200126_2142_00-00-20.57--00-00-22.81,dysregulation-sick,Baby_Crying,data/raw/babycry/Baby_Crying/recanvo__200126_2142_00-00-20.57--00-00-22.81.wav,CC-BY-4.0,https://huggingface.co/datasets/owlgebra-ai/babycry,2.2339909297052154,44100,2,-1,0.0,2.2339909297052154,ok,2.2339909297052154,44100,2,,83414b722724eef48ac8a5c67f9e5b2e272b41a70102a08956e0c92ce67b1c77,
owlgebra_babycry,recanvo__200306_2047_00-02-02.25--00-02-04.038.wav,recanvo:200306_2047_00-02-02.25--00-02-04.038,frustrated,Baby_Crying,data/raw/babycry/Baby_Crying/recanvo__200306_2047_00-02-02.25--00-02-04.038.wav,CC-BY-4.0,https://huggingface.co/datasets/owlgebra-ai/babycry,1.7691836734693878,44100,2,-1,0.0,1.7691836734693878,ok,1.7691836734693878,44100,2,,6593cb91e241ce7970ee89bae7c97020b8332438f5aa2656531b25b3e1a83aa3,
owlgebra_babycry,recanvo__200302_2156_00-04-35.74--00-04-36.62.wav,recanvo:200302_2156_00-04-35.74--00-04-36.62,frustrated,Baby_Crying,data/raw/babycry/Baby_Crying/recanvo__200302_2156_00-04-35.74--00-04-36.62.wav,CC-BY-4.0,https://huggingface.co/datasets/owlgebra-ai/babycry,0.8879818594104308,44100,2,-1,0.0,0.8879818594104308,ok,0.8879818594104308,44100,2,,bdfe8f31c7e353136cca023bd3497c64891d6a6db20189052f04d460c86a397e,
owlgebra_babycry,recanvo__200306_2047_00-04-10.4--00-04-13.75.wav,recanvo:200306_2047_00-04-10.4--00-04-13.75,frustrated,Baby_Crying,data/raw/babycry/Baby_Crying/recanvo__200306_2047_00-04-10.4--00-04-13.75.wav,CC-BY-4.0,https://huggingface.co/datasets/owlgebra-ai/babycry,3.355011337868481,44100,2,-1,0.0,3.355011337868481,ok,3.355011337868481,44100,2,,78a1043f86294a2adbc496574670f7e6470e347896c49ed4b020bc9cf7eedff9,
owlgebra_babycry,recanvo__200229_2156_00-05-39.75--00-05-41.24.wav,recanvo:200229_2156_00-05-39.75--00-05-41.24,frustrated,Baby_Crying,data/raw/babycry/Baby_Crying/recanvo__200229_2156_00-05-39.75--00-05-41.24.wav,CC-BY-4.0,https://huggingface.co/datasets/owlgebra-ai/babycry,1.49,44100,2,-1,0.0,1.49,ok,1.49,44100,2,,629e3721614387e7731ed0a5f1b56956a8dfa9d2b1b1eda069e6f0b3862842ae,
owlgebra_babycry,recanvo__200302_2204_00-00-03.068--00-00-03.91.wav,recanvo:200302_2204_00-00-03.068--00-00-03.91,frustrated,Baby_Crying,data/raw/babycry/Baby_Crying/recanvo__200302_2204_00-00-03.068--00-00-03.91.wav,CC-BY-4.0,https://huggingface.co/datasets/owlgebra-ai/babycry,0.8419954648526077,44100,2,-1,0.0,0.8419954648526077,ok,0.8419954648526077,44100,2,,a69aa566134a0842ec72853a33197a48bf1ff811f4688725bc849a3658ebbcd8,
owlgebra_babycry,recanvo__200302_2156_00-03-30.49--00-03-32.51.wav,recanvo:200302_2156_00-03-30.49--00-03-32.51,frustrated,Baby_Crying,data/raw/babycry/Baby_Crying/recanvo__200302_2156_00-03-30.49--00-03-32.51.wav,CC-BY-4.0,https://huggingface.co/datasets/owlgebra-ai/babycry,2.0179818594104306,44100,2,-1,0.0,2.0179818594104306,ok,2.0179818594104306,44100,2,,d9fa22129afaa99f287e68ad163ab13aa38e1f6c3b6e08085d7797089a7e6f84,
owlgebra_babycry,recanvo__200302_2156_00-03-36.27--00-03-37.73.wav,recanvo:200302_2156_00-03-36.27--00-03-37.73,frustrated,Baby_Crying,data/raw/babycry/Baby_Crying/recanvo__200302_2156_00-03-36.27--00-03-37.73.wav,CC-BY-4.0,https://huggingface.co/datasets/owlgebra-ai/babycry,1.4589795918367348,44100,2,-1,0.0,1.4589795918367348,ok,1.4589795918367348,44100,2,,00df1c6f45c1daa879f139f8115f3108a551a38847f225215b1bddb5b1176be3,
owlgebra_babycry,recanvo__200229_2156_00-04-58.98--00-04-59.72.wav,recanvo:200229_2156_00-04-58.98--00-04-59.72,frustrated,Baby_Crying,data/raw/babycry/Baby_Crying/recanvo__200229_2156_00-04-58.98--00-04-59.72.wav,CC-BY-4.0,https://huggingface.co/datasets/owlgebra-ai/babycry,0.7320181405895692,44100,2,-1,0.0,0.7320181405895692,ok,0.7320181405895692,44100,2,,55852a0f883d9e61e9a587a40ab57001e6701b4e14358f4320dc17dfc7c1fbe2,
owlgebra_babycry,recanvo__200302_2203_00-00-03.992--00-00-06.2699.wav,recanvo:200302_2203_00-00-03.992--00-00-06.2699,frustrated,Baby_Crying,data/raw/babycry/Baby_Crying/recanvo__200302_2203_00-00-03.992--00-00-06.2699.wav,CC-BY-4.0,https://huggingface.co/datasets/owlgebra-ai/babycry,2.277981859410431,44100,2,-1,0.0,2.277981859410431,ok,2.277981859410431,44100,2,,7711cb6f27a2cacf207089fc92c8556356bf0fc329290ba0b41ec66d8d1f5e4e,
owlgebra_babycry,recanvo__200302_2156_00-06-05.617--00-06-07.357.wav,recanvo:200302_2156_00-06-05.617--00-06-07.357,frustrated,Baby_Crying,data/raw/babycry/Baby_Crying/recanvo__200302_2156_00-06-05.617--00-06-07.357.wav,CC-BY-4.0,https://huggingface.co/datasets/owlgebra-ai/babycry,1.74,44100,2,-1,0.0,1.74,ok,1.74,44100,2,,a24e7b90096134992ed44d45d08c2f06d15bb633f514c1a5c0cc3b63212db493,
owlgebra_babycry,recanvo__200229_2156_00-08-01.665--00-08-03.284.wav,recanvo:200229_2156_00-08-01.665--00-08-03.284,frustrated,Baby_Crying,data/raw/babycry/Baby_Crying/recanvo__200229_2156_00-08-01.665--00-08-03.284.wav,CC-BY-4.0,https://huggingface.co/datasets/owlgebra-ai/babycry,1.6189795918367347,44100,2,-1,0.0,1.6189795918367347,ok,1.6189795918367347,44100,2,,86b6e879abead1ce8590eea1178a75d628f5a6c25701a252efde956fb932596d,
owlgebra_babycry,recanvo__200309_2035_00-07-21.02--00-07-22.54.wav,recanvo:200309_2035_00-07-21.02--00-07-22.54,frustrated,Baby_Crying,data/raw/babycry/Baby_Crying/recanvo__200309_2035_00-07-21.02--00-07-22.54.wav,CC-BY-4.0,https://huggingface.co/datasets/owlgebra-ai/babycry,1.52,44100,2,-1,0.0,1.52,ok,1.52,44100,2,,a0754831474acc28a9373f47c5c458c6f39763c30e945ada98cf1e9dd97a2824,
owlgebra_babycry,recanvo__200229_2156_00-05-11.62--00-05-12.94.wav,recanvo:200229_2156_00-05-11.62--00-05-12.94,frustrated,Baby_Crying,data/raw/babycry/Baby_Crying/recanvo__200229_2156_00-05-11.62--00-05-12.94.wav,CC-BY-4.0,https://huggingface.co/datasets/owlgebra-ai/babycry,1.3160090702947846,44100,2,-1,0.0,1.3160090702947846,ok,1.3160090702947846,44100,2,,9373a15fdbda3f8eaffd426b1988654f6ae9f93974e73d1d6a38d097e793c6f3,
owlgebra_babycry,recanvo__200306_2047_00-00-43.86--00-00-44.9.wav,recanvo:200306_2047_00-00-43.86--00-00-44.9,frustrated,Baby_Crying,data/raw/babycry/Baby_Crying/recanvo__200306_2047_00-00-43.86--00-00-44.9.wav,CC-BY-4.0,https://huggingface.co/datasets/owlgebra-ai/babycry,1.0389795918367346,44100,2,-1,0.0,1.0389795918367346,ok,1.0389795918367346,44100,2,,517fa447492c2fc69e3ab35fff5c5a402f86139e147a17ff1540dde39ad5f0ea,
owlgebra_babycry,recanvo__200302_2156_00-02-26.36--00-02-27.74.wav,recanvo:200302_2156_00-02-26.36--00-02-27.74,frustrated,Baby_Crying,data/raw/babycry/Baby_Crying/recanvo__200302_2156_00-02-26.36--00-02-27.74.wav,CC-BY-4.0,https://huggingface.co/datasets/owlgebra-ai/babycry,1.3770068027210884,44100,2,-1,0.0,1.3770068027210884,ok,1.3770068027210884,44100,2,,df32457a6a53363843468f6cb4090c74f062b284bffe6679dee1e0f71e20ca50,
owlgebra_babycry,recanvo__200306_2047_00-02-16.12--00-02-20.12.wav,recanvo:200306_2047_00-02-16.12--00-02-20.12,frustrated,Baby_Crying,data/raw/babycry/Baby_Crying/recanvo__200306_2047_00-02-16.12--00-02-20.12.wav,CC-BY-4.0,https://huggingface.co/datasets/owlgebra-ai/babycry,3.9970068027210885,44100,2,-1,0.0,3.9970068027210885,ok,3.9970068027210885,44100,2,,abdcaa7556a486a6ec4b857469dde967c6a624e68c3897561e4fd7b43f857bfb,
owlgebra_babycry,recanvo__200306_2047_00-02-32.73--00-02-35.48.wav,recanvo:200306_2047_00-02-32.73--00-02-35.48,frustrated,Baby_Crying,data/raw/babycry/Baby_Crying/recanvo__200306_2047_00-02-32.73--00-02-35.48.wav,CC-BY-4.0,https://huggingface.co/datasets/owlgebra-ai/babycry,2.75,44100,2,-1,0.0,2.75,ok,2.75,44100,2,,077f408454bf40b0ed7dcbaa04d1bf7572a9cfb26c8570629f23a878e2debf03,
owlgebra_babycry,recanvo__200306_2047_00-00-22.42--00-00-23.56.wav,recanvo:200306_2047_00-00-22.42--00-00-23.56,frustrated,Baby_Crying,data/raw/babycry/Baby_Crying/recanvo__200306_2047_00-00-22.42--00-00-23.56.wav,CC-BY-4.0,https://huggingface.co/datasets/owlgebra-ai/babycry,1.1370068027210884,44100,2,-1,0.0,1.1370068027210884,ok,1.1370068027210884,44100,2,,e0b7234152fa925498110226d35db19062db92e1cd1fcb91163726debdff633c,
owlgebra_babycry,recanvo__200302_2156_00-06-02.013--00-06-03.194.wav,recanvo:200302_2156_00-06-02.013--00-06-03.194,frustrated,Baby_Crying,data/raw/babycry/Baby_Crying/recanvo__200302_2156_00-06-02.013--00-06-03.194.wav,CC-BY-4.0,https://huggingface.co/datasets/owlgebra-ai/babycry,1.180997732426304,44100,2,-1,0.0,1.180997732426304,ok,1.180997732426304,44100,2,,80fa8b76d80baf25dbdc8aead3aa446daca28047037be79545f289bc6685ade9,
owlgebra_babycry,recanvo__200302_2204_00-00-09.856--00-00-10.75.wav,recanvo:200302_2204_00-00-09.856--00-00-10.75,frustrated,Baby_Crying,data/raw/babycry/Baby_Crying/recanvo__200302_2204_00-00-09.856--00-00-10.75.wav,CC-BY-4.0,https://huggingface.co/datasets/owlgebra-ai/babycry,0.8959863945578231,44100,2,-1,0.0,0.8959863945578231,ok,0.8959863945578231,44100,2,,3addab59dce8596d0906e1e32c8d529f0fa8562786bdfa60395d1b01ed7ecd74,
owlgebra_babycry,recanvo__200306_2047_00-04-25.47--00-04-27.17.wav,recanvo:200306_2047_00-04-25.47--00-04-27.17,frustrated,Baby_Crying,data/raw/babycry/Baby_Crying/recanvo__200306_2047_00-04-25.47--00-04-27.17.wav,CC-BY-4.0,https://huggingface.co/datasets/owlgebra-ai/babycry,1.6990022675736962,44100,2,-1,0.0,1.6990022675736962,ok,1.6990022675736962,44100,2,,a85133e8ac804b1286f4c333b4bf5bbbae5ac7e2fa0684367c53acc3a9c859ff,
owlgebra_babycry,recanvo__200306_2047_00-05-00.208--00-05-04.286.wav,recanvo:200306_2047_00-05-00.208--00-05-04.286,frustrated,Baby_Crying,data/raw/babycry/Baby_Crying/recanvo__200306_2047_00-05-00.208--00-05-04.286.wav,CC-BY-4.0,https://huggingface.co/datasets/owlgebra-ai/babycry,4.077981859410431,44100,2,-1,0.0,4.077981859410431,ok,4.077981859410431,44100,2,,b34f499c544eb42dc47df561b5a23a977cac84a9f19f87052dbe15eabdaa8cd7,
owlgebra_babycry,recanvo__200302_2156_00-00-40.25--00-00-41.64.wav,recanvo:200302_2156_00-00-40.25--00-00-41.64,frustrated,Baby_Crying,data/raw/babycry/Baby_Crying/recanvo__200302_2156_00-00-40.25--00-00-41.64.wav,CC-BY-4.0,https://huggingface.co/datasets/owlgebra-ai/babycry,1.3940136054421768,44100,2,-1,0.0,1.3940136054421768,ok,1.3940136054421768,44100,2,,a50dfc3cc1c2fc51953f4ef46f1343d01f0810d30fcb871e5229fddefa3a2907,
owlgebra_babycry,recanvo__200302_2156_00-05-08.187--00-05-09.9.wav,recanvo:200302_2156_00-05-08.187--00-05-09.9,frustrated,Baby_Crying,data/raw/babycry/Baby_Crying/recanvo__200302_2156_00-05-08.187--00-05-09.9.wav,CC-BY-4.0,https://huggingface.co/datasets/owlgebra-ai/babycry,1.7129931972789116,44100,2,-1,0.0,1.7129931972789116,ok,1.7129931972789116,44100,2,,5cb67651be122be8d35bd87641d5f3200ea0e1a98f23fae733799633ea9cda87,
owlgebra_babycry,recanvo__200302_2156_00-03-44.25--00-03-44.88.wav,recanvo:200302_2156_00-03-44.25--00-03-44.88,frustrated,Baby_Crying,data/raw/babycry/Baby_Crying/recanvo__200302_2156_00-03-44.25--00-03-44.88.wav,CC-BY-4.0,https://huggingface.co/datasets/owlgebra-ai/babycry,0.6340136054421769,44100,2,-1,0.0,0.6340136054421769,ok,0.6340136054421769,44100,2,,6c2c9b0fce77a0b3327533f1c892eff7aec7a4ddb4c97a7fbef6c770f9ed463b,
owlgebra_babycry,recanvo__200306_2047_00-04-57.29--00-04-59.03.wav,recanvo:200306_2047_00-04-57.29--00-04-59.03,frustrated,Baby_Crying,data/raw/babycry/Baby_Crying/recanvo__200306_2047_00-04-57.29--00-04-59.03.wav,CC-BY-4.0,https://huggingface.co/datasets/owlgebra-ai/babycry,1.740997732426304,44100,2,-1,0.0,1.740997732426304,ok,1.740997732426304,44100,2,,2623f7d98429f662771fb4a0d60e2cde7212914c895c84e2c085d95dbada5303,
owlgebra_babycry,recanvo__200309_2035_00-07-09.486--00-07-09.875.wav,recanvo:200309_2035_00-07-09.486--00-07-09.875,frustrated,Baby_Crying,data/raw/babycry/Baby_Crying/recanvo__200309_2035_00-07-09.486--00-07-09.875.wav,CC-BY-4.0,https://huggingface.co/datasets/owlgebra-ai/babycry,0.3889795918367347,44100,2,-1,0.0,0.3889795918367347,ok,0.3889795918367347,44100,2,,2fe1350aced795277fc45412c7c01421cc4c9861754d21217bbb5d06bc78f9fc,
owlgebra_babycry,recanvo__200306_2047_00-00-47.12--00-00-47.87.wav,recanvo:200306_2047_00-00-47.12--00-00-47.87,frustrated,Baby_Crying,data/raw/babycry/Baby_Crying/recanvo__200306_2047_00-00-47.12--00-00-47.87.wav,CC-BY-4.0,https://huggingface.co/datasets/owlgebra-ai/babycry,0.7480045351473923,44100,2,-1,0.0,0.7480045351473923,ok,0.7480045351473923,44100,2,,3ff01ed1f20b83b381bc5ed39003313bfefdc7b8b3a13c94ca05c979c060258d,
owlgebra_babycry,recanvo__200229_2156_00-04-53.57--00-04-55.08.wav,recanvo:200229_2156_00-04-53.57--00-04-55.08,frustrated,Baby_Crying,data/raw/babycry/Baby_Crying/recanvo__200229_2156_00-04-53.57--00-04-55.08.wav,CC-BY-4.0,https://huggingface.co/datasets/owlgebra-ai/babycry,1.5119954648526077,44100,2,-1,0.0,1.5119954648526077,ok,1.5119954648526077,44100,2,,296a1d5b66fb76bfce973c7b70a3710d293532ab154b78cd8376cce636d44e72,
owlgebra_babycry,recanvo__200229_2156_00-06-09.567--00-06-11.09.wav,recanvo:200229_2156_00-06-09.567--00-06-11.09,frustrated,Baby_Crying,data/raw/babycry/Baby_Crying/recanvo__200229_2156_00-06-09.567--00-06-11.09.wav,CC-BY-4.0,https://huggingface.co/datasets/owlgebra-ai/babycry,1.5270068027210884,44100,2,-1,0.0,1.5270068027210884,ok,1.5270068027210884,44100,2,,4fc97712dfbe28f557d08d2215caa92d267dd8884af87d26aca8dbdb2496f913,
owlgebra_babycry,recanvo__200306_2047_00-02-26.17--00-02-27.11.wav,recanvo:200306_2047_00-02-26.17--00-02-27.11,frustrated,Baby_Crying,data/raw/babycry/Baby_Crying/recanvo__200306_2047_00-02-26.17--00-02-27.11.wav,CC-BY-4.0,https://huggingface.co/datasets/owlgebra-ai/babycry,0.933015873015873,44100,2,-1,0.0,0.933015873015873,ok,0.933015873015873,44100,2,,073c1ccbd9bce4da9f3252473c0373ff23e5c9bfe86cf6ae0ae32e2b9b082f75,
owlgebra_babycry,recanvo__200229_2156_00-04-39.41--00-04-40.63.wav,recanvo:200229_2156_00-04-39.41--00-04-40.63,frustrated,Baby_Crying,data/raw/babycry/Baby_Crying/recanvo__200229_2156_00-04-39.41--00-04-40.63.wav,CC-BY-4.0,https://huggingface.co/datasets/owlgebra-ai/babycry,1.22,44100,2,-1,0.0,1.22,ok,1.22,44100,2,,b2b5ac3930022b6bd5ee3792b8e0e91bbb8385802317ff5f1ad9b95f430dde34,
owlgebra_babycry,recanvo__200306_2047_00-01-13.59--00-01-16.69.wav,recanvo:200306_2047_00-01-13.59--00-01-16.69,frustrated,Baby_Crying,data/raw/babycry/Baby_Crying/recanvo__200306_2047_00-01-13.59--00-01-16.69.wav,CC-BY-4.0,https://huggingface.co/datasets/owlgebra-ai/babycry,3.0970068027210886,44100,2,-1,0.0,3.0970068027210886,ok,3.0970068027210886,44100,2,,6c9d1f3349fff03f27822d811db39ce31cc7f74c196465c56819835ab4af93c1,
owlgebra_babycry,recanvo__200309_2035_00-07-23.21--00-07-24.14.wav,recanvo:200309_2035_00-07-23.21--00-07-24.14,frustrated,Baby_Crying,data/raw/babycry/Baby_Crying/recanvo__200309_2035_00-07-23.21--00-07-24.14.wav,CC-BY-4.0,https://huggingface.co/datasets/owlgebra-ai/babycry,0.9280045351473923,44100,2,-1,0.0,0.9280045351473923,ok,0.9280045351473923,44100,2,,4dbde5c3a15edfaadde4521515f4c44dcb41d8448a42bff9ce61c5292b25fc6f,
owlgebra_babycry,recanvo__200306_2047_00-01-58.46--00-02-01.85.wav,recanvo:200306_2047_00-01-58.46--00-02-01.85,frustrated,Baby_Crying,data/raw/babycry/Baby_Crying/recanvo__200306_2047_00-01-58.46--00-02-01.85.wav,CC-BY-4.0,https://huggingface.co/datasets/owlgebra-ai/babycry,3.36124716553288,44100,2,-1,0.0,3.36124716553288,ok,3.36124716553288,44100,2,,a45cfeba7ef3caaecf4dfa7749cfa46006dab5f9190e9ba0186540a88dc6d4e5,
owlgebra_babycry,recanvo__200302_2203_00-00-03.9946--00-00-06.0716.wav,recanvo:200302_2203_00-00-03.9946--00-00-06.0716,frustrated,Baby_Crying,data/raw/babycry/Baby_Crying/recanvo__200302_2203_00-00-03.9946--00-00-06.0716.wav,CC-BY-4.0,https://huggingface.co/datasets/owlgebra-ai/babycry,2.0770068027210886,44100,2,-1,0.0,2.0770068027210886,ok,2.0770068027210886,44100,2,,9297ec74331c77db317c9cda2554dd59c62d59f4443989cbad1f130a74dd07f5,
owlgebra_babycry,recanvo__200302_2156_00-06-08.407--00-06-10.38.wav,recanvo:200302_2156_00-06-08.407--00-06-10.38,frustrated,Baby_Crying,data/raw/babycry/Baby_Crying/recanvo__200302_2156_00-06-08.407--00-06-10.38.wav,CC-BY-4.0,https://huggingface.co/datasets/owlgebra-ai/babycry,1.9740136054421769,44100,2,-1,0.0,1.9740136054421769,ok,1.9740136054421769,44100,2,,8ef01591595151f5175c2e1054f93e261c0edcf7abd4f5d06ae35b19c434d233,
owlgebra_babycry,recanvo__200306_2047_00-01-49.94--00-01-57.27.wav,recanvo:200306_2047_00-01-49.94--00-01-57.27,frustrated,Baby_Crying,data/raw/babycry/Baby_Crying/recanvo__200306_2047_00-01-49.94--00-01-57.27.wav,CC-BY-4.0,https://huggingface.co/datasets/owlgebra-ai/babycry,7.327006802721089,44100,2,-1,0.0,7.327006802721089,ok,7.327006802721089,44100,2,,e9c8e418d986c1e1f4deb68627b5355e8226f223d65b6ef612fe4e4716e724be,
owlgebra_babycry,recanvo__200306_2047_00-00-42.57--00-00-43.19.wav,recanvo:200306_2047_00-00-42.57--00-00-43.19,frustrated,Baby_Crying,data/raw/babycry/Baby_Crying/recanvo__200306_2047_00-00-42.57--00-00-43.19.wav,CC-BY-4.0,https://huggingface.co/datasets/owlgebra-ai/babycry,0.6170068027210884,44100,2,-1,0.0,0.6170068027210884,ok,0.6170068027210884,44100,2,,e7914efc1142046eb35bf5698d43e688e9bd730c5fa9d67496620980317a6ab3,
owlgebra_babycry,recanvo__200229_2156_00-05-37.83--00-05-39.07.wav,recanvo:200229_2156_00-05-37.83--00-05-39.07,frustrated,Baby_Crying,data/raw/babycry/Baby_Crying/recanvo__200229_2156_00-05-37.83--00-05-39.07.wav,CC-BY-4.0,https://huggingface.co/datasets/owlgebra-ai/babycry,1.2390022675736962,44100,2,-1,0.0,1.2390022675736962,ok,1.2390022675736962,44100,2,,dba35ef01370a059b48ab42a5cca6fe482f21ce4b4f662ae659008a4f1af4cde,
owlgebra_babycry,recanvo__200302_2156_00-04-00.50499--00-04-01.402.wav,recanvo:200302_2156_00-04-00.50499--00-04-01.402,frustrated,Baby_Crying,data/raw/babycry/Baby_Crying/recanvo__200302_2156_00-04-00.50499--00-04-01.402.wav,CC-BY-4.0,https://huggingface.co/datasets/owlgebra-ai/babycry,0.8970068027210885,44100,2,-1,0.0,0.8970068027210885,ok,0.8970068027210885,44100,2,,13ca5792f9715f2b9bde9ebeec3fecf057794da4250b5ad96d1b6e81afb90903,
owlgebra_babycry,recanvo__200306_2047_00-04-54.51--00-04-56.64.wav,recanvo:200306_2047_00-04-54.51--00-04-56.64,frustrated,Baby_Crying,data/raw/babycry/Baby_Crying/recanvo__200306_2047_00-04-54.51--00-04-56.64.wav,CC-BY-4.0,https://huggingface.co/datasets/owlgebra-ai/babycry,2.133015873015873,44100,2,-1,0.0,2.133015873015873,ok,2.133015873015873,44100,2,,f4f07eb08a687155a2dab1c452ef36c4729aea4152fa2f31b9b92642896208a3,
owlgebra_babycry,recanvo__200306_2047_00-04-31.22--00-04-32.25.wav,recanvo:200306_2047_00-04-31.22--00-04-32.25,frustrated,Baby_Crying,data/raw/babycry/Baby_Crying/recanvo__200306_2047_00-04-31.22--00-04-32.25.wav,CC-BY-4.0,https://huggingface.co/datasets/owlgebra-ai/babycry,1.0360090702947846,44100,2,-1,0.0,1.0360090702947846,ok,1.0360090702947846,44100,2,,ea8bd44881fd1483da963f4d4131a4648abeb58d8175591112ccd453157952dc,
owlgebra_babycry,recanvo__200302_2156_00-04-24.98--00-04-26.29.wav,recanvo:200302_2156_00-04-24.98--00-04-26.29,frustrated,Baby_Crying,data/raw/babycry/Baby_Crying/recanvo__200302_2156_00-04-24.98--00-04-26.29.wav,CC-BY-4.0,https://huggingface.co/datasets/owlgebra-ai/babycry,1.31,44100,2,-1,0.0,1.31,ok,1.31,44100,2,,8f7f7582e23579cb1f6561d265fe517bb1b9227f8d9bf0994d40a67e5e64c816,
owlgebra_babycry,recanvo__200302_2204_00-00-18.3--00-00-19.08.wav,recanvo:200302_2204_00-00-18.3--00-00-19.08,frustrated,Baby_Crying,data/raw/babycry/Baby_Crying/recanvo__200302_2204_00-00-18.3--00-00-19.08.wav,CC-BY-4.0,https://huggingface.co/datasets/owlgebra-ai/babycry,0.7789795918367347,44100,2,-1,0.0,0.7789795918367347,ok,0.7789795918367347,44100,2,,74559425543583b3e212bdde6de1671ea91d3ba80aeb297666558366cdb6381c,
owlgebra_babycry,recanvo__200302_2156_00-06-04.044--00-06-05.248.wav,recanvo:200302_2156_00-06-04.044--00-06-05.248,frustrated,Baby_Crying,data/raw/babycry/Baby_Crying/recanvo__200302_2156_00-06-04.044--00-06-05.248.wav,CC-BY-4.0,https://huggingface.co/datasets/owlgebra-ai/babycry,1.2040136054421768,44100,2,-1,0.0,1.2040136054421768,ok,1.2040136054421768,44100,2,,ac02d700682b87b4604eaf0071c22be59d42db6a89f84ecb5780b0a3af2b2dcb,
owlgebra_babycry,recanvo__200302_2203_00-00-00.48399--00-00-02.51.wav,recanvo:200302_2203_00-00-00.48399--00-00-02.51,frustrated,Baby_Crying,data/raw/babycry/Baby_Crying/recanvo__200302_2203_00-00-00.48399--00-00-02.51.wav,CC-BY-4.0,https://huggingface.co/datasets/owlgebra-ai/babycry,2.0260090702947844,44100,2,-1,0.0,2.0260090702947844,ok,2.0260090702947844,44100,2,,d49bcae93aa303447eed93bed737f90a0a64ad23b3641ad95b8d3179f13609f2,
owlgebra_babycry,recanvo__200229_2156_00-04-43.06--00-04-44.22.wav,recanvo:200229_2156_00-04-43.06--00-04-44.22,frustrated,Baby_Crying,data/raw/babycry/Baby_Crying/recanvo__200229_2156_00-04-43.06--00-04-44.22.wav,CC-BY-4.0,https://huggingface.co/datasets/owlgebra-ai/babycry,1.163015873015873,44100,2,-1,0.0,1.163015873015873,ok,1.163015873015873,44100,2,,4fc496e2e811cef814d11d58a967f84267e92fa839b2f80700cc9c2f5bd1c0f2,
owlgebra_babycry,recanvo__200229_2156_00-04-45.4--00-04-46.71.wav,recanvo:200229_2156_00-04-45.4--00-04-46.71,frustrated,Baby_Crying,data/raw/babycry/Baby_Crying/recanvo__200229_2156_00-04-45.4--00-04-46.71.wav,CC-BY-4.0,https://huggingface.co/datasets/owlgebra-ai/babycry,1.3020181405895692,44100,2,-1,0.0,1.3020181405895692,ok,1.3020181405895692,44100,2,,03d8932d25da70b7ac8217658ff411f83dba140b4b57c7fa5c0682bc60f4ecb7,
owlgebra_babycry,recanvo__200302_2156_00-03-58.58--00-03-59.56.wav,recanvo:200302_2156_00-03-58.58--00-03-59.56,frustrated,Baby_Crying,data/raw/babycry/Baby_Crying/recanvo__200302_2156_00-03-58.58--00-03-59.56.wav,CC-BY-4.0,https://huggingface.co/datasets/owlgebra-ai/babycry,0.9809977324263038,44100,2,-1,0.0,0.9809977324263038,ok,0.9809977324263038,44100,2,,204618a58051df13ba2823e3e4741548457e10987e283c7eccf6d8c1236a890e,
owlgebra_babycry,recanvo__200306_2047_00-02-56.99--00-02-57.67.wav,recanvo:200306_2047_00-02-56.99--00-02-57.67,frustrated,Baby_Crying,data/raw/babycry/Baby_Crying/recanvo__200306_2047_00-02-56.99--00-02-57.67.wav,CC-BY-4.0,https://huggingface.co/datasets/owlgebra-ai/babycry,0.6829931972789116,44100,2,-1,0.0,0.6829931972789116,ok,0.6829931972789116,44100,2,,c088e90ef5f5a62a8c39e51875ba9643924a03f8146fb6248905387e4d5947b3,
owlgebra_babycry,recanvo__200306_2047_00-05-12.85--00-05-20.24.wav,recanvo:200306_2047_00-05-12.85--00-05-20.24,frustrated,Baby_Crying,data/raw/babycry/Baby_Crying/recanvo__200306_2047_00-05-12.85--00-05-20.24.wav,CC-BY-4.0,https://huggingface.co/datasets/owlgebra-ai/babycry,7.392993197278911,44100,2,-1,0.0,7.392993197278911,ok,7.392993197278911,44100,2,,3122ab046b3766d483d89d8a110dc622fe790361fcc3bbef27512c86e341d7aa,
owlgebra_babycry,recanvo__200302_2204_00-00-31.12--00-00-32.89.wav,recanvo:200302_2204_00-00-31.12--00-00-32.89,frustrated,Baby_Crying,data/raw/babycry/Baby_Crying/recanvo__200302_2204_00-00-31.12--00-00-32.89.wav,CC-BY-4.0,https://huggingface.co/datasets/owlgebra-ai/babycry,1.7729931972789115,44100,2,-1,0.0,1.7729931972789115,ok,1.7729931972789115,44100,2,,589b81124c49f3babd2c4ce9658ff4b0fdc0713f4240a4e011ac25c8802e06cf,
owlgebra_babycry,recanvo__200306_2047_00-01-25.79--00-01-28.92.wav,recanvo:200306_2047_00-01-25.79--00-01-28.92,frustrated,Baby_Crying,data/raw/babycry/Baby_Crying/recanvo__200306_2047_00-01-25.79--00-01-28.92.wav,CC-BY-4.0,https://huggingface.co/datasets/owlgebra-ai/babycry,3.133424036281179,44100,2,-1,0.0,3.133424036281179,ok,3.133424036281179,44100,2,,bd50dd3aaeda46076c40a5e6b02a443bf2a8f79d0e8f7c184ff6c73286081fac,
owlgebra_babycry,recanvo__200302_2156_00-04-33.36--00-04-34.71.wav,recanvo:200302_2156_00-04-33.36--00-04-34.71,frustrated,Baby_Crying,data/raw/babycry/Baby_Crying/recanvo__200302_2156_00-04-33.36--00-04-34.71.wav,CC-BY-4.0,https://huggingface.co/datasets/owlgebra-ai/babycry,1.3509977324263038,44100,2,-1,0.0,1.3509977324263038,ok,1.3509977324263038,44100,2,,8321b2495ee37c1752473edaed29096520aa3c549bde0a7f634c923751b6613a,
owlgebra_babycry,recanvo__200302_2156_00-05-56.55--00-05-57.4.wav,recanvo:200302_2156_00-05-56.55--00-05-57.4,frustrated,Baby_Crying,data/raw/babycry/Baby_Crying/recanvo__200302_2156_00-05-56.55--00-05-57.4.wav,CC-BY-4.0,https://huggingface.co/datasets/owlgebra-ai/babycry,0.8539909297052154,44100,2,-1,0.0,0.8539909297052154,ok,0.8539909297052154,44100,2,,b15a32bf7917065fa7669c8cfd346a0e737cddb349fc0aba224c3069d1b985de,
owlgebra_babycry,recanvo__200302_2204_00-00-04.76--00-00-06.25.wav,recanvo:200302_2204_00-00-04.76--00-00-06.25,frustrated,Baby_Crying,data/raw/babycry/Baby_Crying/recanvo__200302_2204_00-00-04.76--00-00-06.25.wav,CC-BY-4.0,https://huggingface.co/datasets/owlgebra-ai/babycry,1.49,44100,2,-1,0.0,1.49,ok,1.49,44100,2,,d69a7ee4ca53392b7193c361c951b237bc6c5e0c058207d4ed08fb5e6573e05a,
owlgebra_babycry,recanvo__200306_2047_00-04-49.82--00-04-53.89.wav,recanvo:200306_2047_00-04-49.82--00-04-53.89,frustrated,Baby_Crying,data/raw/babycry/Baby_Crying/recanvo__200306_2047_00-04-49.82--00-04-53.89.wav,CC-BY-4.0,https://huggingface.co/datasets/owlgebra-ai/babycry,4.070997732426304,44100,2,-1,0.0,4.070997732426304,ok,4.070997732426304,44100,2,,11430356cebd0591def828aab586a1c8424557431ffdf452a3c4e07391f77723,
owlgebra_babycry,recanvo__200306_2047_00-01-40.07--00-01-41.14.wav,recanvo:200306_2047_00-01-40.07--00-01-41.14,frustrated,Baby_Crying,data/raw/babycry/Baby_Crying/recanvo__200306_2047_00-01-40.07--00-01-41.14.wav,CC-BY-4.0,https://huggingface.co/datasets/owlgebra-ai/babycry,1.0719954648526078,44100,2,-1,0.0,1.0719954648526078,ok,1.0719954648526078,44100,2,,d57fbc38e49e7042a314e4e07a697941976873c6a12b9167f3f53ac77155e953,
owlgebra_babycry,recanvo__200112_2127_00-02-18.82--00-02-19.94.wav,recanvo:200112_2127_00-02-18.82--00-02-19.94,frustrated,Baby_Crying,data/raw/babycry/Baby_Crying/recanvo__200112_2127_00-02-18.82--00-02-19.94.wav,CC-BY-4.0,https://huggingface.co/datasets/owlgebra-ai/babycry,1.1119954648526078,44100,2,-1,0.0,1.1119954648526078,ok,1.1119954648526078,44100,2,,e26917caf6cee3372e03b1d89564290ac64ce09decea0b8ad31253e4e589fe80,
owlgebra_babycry,recanvo__200112_2127_00-02-16.4--00-02-17.48.wav,recanvo:200112_2127_00-02-16.4--00-02-17.48,frustrated,Baby_Crying,data/raw/babycry/Baby_Crying/recanvo__200112_2127_00-02-16.4--00-02-17.48.wav,CC-BY-4.0,https://huggingface.co/datasets/owlgebra-ai/babycry,1.0750113378684807,44100,2,-1,0.0,1.0750113378684807,ok,1.0750113378684807,44100,2,,d2356877a3622749261a71c2b95009cfb71388e0b572f233cb319d04c6b23ced,
owlgebra_babycry,recanvo__200302_2203_00-00-00.95261--00-00-02.2586.wav,recanvo:200302_2203_00-00-00.95261--00-00-02.2586,frustrated,Baby_Crying,data/raw/babycry/Baby_Crying/recanvo__200302_2203_00-00-00.95261--00-00-02.2586.wav,CC-BY-4.0,https://huggingface.co/datasets/owlgebra-ai/babycry,1.3060090702947846,44100,2,-1,0.0,1.3060090702947846,ok,1.3060090702947846,44100,2,,6324cf844b1a2eb67b9586e78fa461c09fc0ef736a3813d7cdb7e9ae6b10a481,
owlgebra_babycry,recanvo__200302_2204_00-00-00.0080045--00-00-02.052.wav,recanvo:200302_2204_00-00-00.0080045--00-00-02.052,frustrated,Baby_Crying,data/raw/babycry/Baby_Crying/recanvo__200302_2204_00-00-00.0080045--00-00-02.052.wav,CC-BY-4.0,https://huggingface.co/datasets/owlgebra-ai/babycry,2.0439909297052155,44100,2,-1,0.0,2.0439909297052155,ok,2.0439909297052155,44100,2,,ff9f70e039743fe4d9de3b12919eae09f8eebd9e71b3f6bb2d34873a78f1591f,
owlgebra_babycry,recanvo__200306_2047_00-00-04.759--00-00-05.707.wav,recanvo:200306_2047_00-00-04.759--00-00-05.707,frustrated,Baby_Crying,data/raw/babycry/Baby_Crying/recanvo__200306_2047_00-00-04.759--00-00-05.707.wav,CC-BY-4.0,https://huggingface.co/datasets/owlgebra-ai/babycry,0.9480045351473922,44100,2,-1,0.0,0.9480045351473922,ok,0.9480045351473922,44100,2,,fc45c20d74296b1ca161fc581d9ae333cf02e902cb55cb386173d90394c9b226,
owlgebra_babycry,recanvo__200306_2047_00-00-29.69--00-00-30.79.wav,recanvo:200306_2047_00-00-29.69--00-00-30.79,frustrated,Baby_Crying,data/raw/babycry/Baby_Crying/recanvo__200306_2047_00-00-29.69--00-00-30.79.wav,CC-BY-4.0,https://huggingface.co/datasets/owlgebra-ai/babycry,1.1009977324263038,44100,2,-1,0.0,1.1009977324263038,ok,1.1009977324263038,44100,2,,7fe5b863869029c57e175cde66a82fc28b2b53db5a21a7ec2c50372d0e49acbc,
owlgebra_babycry,recanvo__200306_2047_00-05-11.17--00-05-12.22.wav,recanvo:200306_2047_00-05-11.17--00-05-12.22,frustrated,Baby_Crying,data/raw/babycry/Baby_Crying/recanvo__200306_2047_00-05-11.17--00-05-12.22.wav,CC-BY-4.0,https://huggingface.co/datasets/owlgebra-ai/babycry,1.0549886621315192,44100,2,-1,0.0,1.0549886621315192,ok,1.0549886621315192,44100,2,,700dc012ae02d88883240e322a632c58f56db8768623c9dcce98d2043e5a61f2,
owlgebra_babycry,recanvo__200229_2156_00-04-49.17--00-04-50.96.wav,recanvo:200229_2156_00-04-49.17--00-04-50.96,frustrated,Baby_Crying,data/raw/babycry/Baby_Crying/recanvo__200229_2156_00-04-49.17--00-04-50.96.wav,CC-BY-4.0,https://huggingface.co/datasets/owlgebra-ai/babycry,1.7949886621315192,44100,2,-1,0.0,1.7949886621315192,ok,1.7949886621315192,44100,2,,3f999a5de83b0c3318d804e99fccefe7865998077748b64fc0b90b43cacaf1aa,
owlgebra_babycry,recanvo__200302_2203_00-00-04.2514--00-00-05.3304.wav,recanvo:200302_2203_00-00-04.2514--00-00-05.3304,frustrated,Baby_Crying,data/raw/babycry/Baby_Crying/recanvo__200302_2203_00-00-04.2514--00-00-05.3304.wav,CC-BY-4.0,https://huggingface.co/datasets/owlgebra-ai/babycry,1.0789795918367346,44100,2,-1,0.0,1.0789795918367346,ok,1.0789795918367346,44100,2,,bf660249b4f6a0ed0c5f0c90839f66bae512d42f820517f8d39c075ecf5822ee,
owlgebra_babycry,recanvo__200306_2047_00-01-18.9--00-01-22.43.wav,recanvo:200306_2047_00-01-18.9--00-01-22.43,frustrated,Baby_Crying,data/raw/babycry/Baby_Crying/recanvo__200306_2047_00-01-18.9--00-01-22.43.wav,CC-BY-4.0,https://huggingface.co/datasets/owlgebra-ai/babycry,3.5379818594104306,44100,2,-1,0.0,3.5379818594104306,ok,3.5379818594104306,44100,2,,8bc0e5fe87faa880b5d6c8520c3f6fc18e4b2369e98726ac9a16e7873c4d8163,
owlgebra_babycry,recanvo__200302_2203_00-00-00.12485--00-00-02.4449.wav,recanvo:200302_2203_00-00-00.12485--00-00-02.4449,frustrated,Baby_Crying,data/raw/babycry/Baby_Crying/recanvo__200302_2203_00-00-00.12485--00-00-02.4449.wav,CC-BY-4.0,https://huggingface.co/datasets/owlgebra-ai/babycry,2.32,44100,2,-1,0.0,2.32,ok,2.32,44100,2,,cb795a30f9dad3b55082c0387aba1703b1fa570bb83fd2603bb39f83e2cc9026,
owlgebra_babycry,recanvo__200302_2156_00-04-37.65--00-04-39.49.wav,recanvo:200302_2156_00-04-37.65--00-04-39.49,frustrated,Baby_Crying,data/raw/babycry/Baby_Crying/recanvo__200302_2156_00-04-37.65--00-04-39.49.wav,CC-BY-4.0,https://huggingface.co/datasets/owlgebra-ai/babycry,1.8349886621315192,44100,2,-1,0.0,1.8349886621315192,ok,1.8349886621315192,44100,2,,4a643c86e975b8f5d964584e3b44b38cf1367db3276ba0f6f4096c6945527eae,
owlgebra_babycry,recanvo__200302_2156_00-03-42.11--00-03-42.82.wav,recanvo:200302_2156_00-03-42.11--00-03-42.82,frustrated,Baby_Crying,data/raw/babycry/Baby_Crying/recanvo__200302_2156_00-03-42.11--00-03-42.82.wav,CC-BY-4.0,https://huggingface.co/datasets/owlgebra-ai/babycry,0.7029931972789115,44100,2,-1,0.0,0.7029931972789115,ok,0.7029931972789115,44100,2,,f3a8a55a35332d6a895631bf12857f480ef84c29bbf63089b96f3ec89684a01d,
owlgebra_babycry,recanvo__200302_2156_00-04-03.033--00-04-03.543.wav,recanvo:200302_2156_00-04-03.033--00-04-03.543,frustrated,Baby_Crying,data/raw/babycry/Baby_Crying/recanvo__200302_2156_00-04-03.033--00-04-03.543.wav,CC-BY-4.0,https://huggingface.co/datasets/owlgebra-ai/babycry,0.51,44100,2,-1,0.0,0.51,ok,0.51,44100,2,,01bf1edc4b3f25cc5a88720df116ca6ec168ff62b2659b18615d86ce546a7642,
owlgebra_babycry,recanvo__200112_2059_00-04-25.83--00-04-26.37.wav,recanvo:200112_2059_00-04-25.83--00-04-26.37,frustrated,Baby_Crying,data/raw/babycry/Baby_Crying/recanvo__200112_2059_00-04-25.83--00-04-26.37.wav,CC-BY-4.0,https://huggingface.co/datasets/owlgebra-ai/babycry,0.5319954648526077,44100,2,-1,0.0,0.5319954648526077,ok,0.5319954648526077,44100,2,,0f174ce997691a59ab0e29024dc2da534cb805b2684e9a948fa9d6f814c5ddf9,
owlgebra_babycry,recanvo__200112_2059_00-16-18.27--00-16-20.99.wav,recanvo:200112_2059_00-16-18.27--00-16-20.99,frustrated,Baby_Crying,data/raw/babycry/Baby_Crying/recanvo__200112_2059_00-16-18.27--00-16-20.99.wav,CC-BY-4.0,https://huggingface.co/datasets/owlgebra-ai/babycry,2.713015873015873,44100,2,-1,0.0,2.713015873015873,ok,2.713015873015873,44100,2,,58745cdf11112dda247106f18cc6575aa4d392592bb25d353f13d9b24bdc9b5b,
owlgebra_babycry,recanvo__200302_2156_00-04-49.18--00-04-50.39.wav,recanvo:200302_2156_00-04-49.18--00-04-50.39,frustrated,Baby_Crying,data/raw/babycry/Baby_Crying/recanvo__200302_2156_00-04-49.18--00-04-50.39.wav,CC-BY-4.0,https://huggingface.co/datasets/owlgebra-ai/babycry,1.2150113378684808,44100,2,-1,0.0,1.2150113378684808,ok,1.2150113378684808,44100,2,,76443953be51c1c83427f2bf1fe47bc697faa6cf24b9c42f94b2dcef6a7e5c66,
owlgebra_babycry,recanvo__200302_2156_00-00-37.49--00-00-38.27.wav,recanvo:200302_2156_00-00-37.49--00-00-38.27,frustrated,Baby_Crying,data/raw/babycry/Baby_Crying/recanvo__200302_2156_00-00-37.49--00-00-38.27.wav,CC-BY-4.0,https://huggingface.co/datasets/owlgebra-ai/babycry,0.7850113378684808,44100,2,-1,0.0,0.7850113378684808,ok,0.7850113378684808,44100,2,,7cb9f6f0d66790d77368206d8776b5d17cb2901c3535e389d628c7dfb81c3414,
owlgebra_babycry,recanvo__200302_2203_00-00-00.93764--00-00-02.4807.wav,recanvo:200302_2203_00-00-00.93764--00-00-02.4807,frustrated,Baby_Crying,data/raw/babycry/Baby_Crying/recanvo__200302_2203_00-00-00.93764--00-00-02.4807.wav,CC-BY-4.0,https://huggingface.co/datasets/owlgebra-ai/babycry,1.543015873015873,44100,2,-1,0.0,1.543015873015873,ok,1.543015873015873,44100,2,,9b9a3be647ccb3391eeca65e7c10c745c245a7b85e4444a07978fca519842106,
owlgebra_babycry,recanvo__200302_2203_00-00-00.5502--00-00-01.2792.wav,recanvo:200302_2203_00-00-00.5502--00-00-01.2792,frustrated,Baby_Crying,data/raw/babycry/Baby_Crying/recanvo__200302_2203_00-00-00.5502--00-00-01.2792.wav,CC-BY-4.0,https://huggingface.co/datasets/owlgebra-ai/babycry,0.7290022675736961,44100,2,-1,0.0,0.7290022675736961,ok,0.7290022675736961,44100,2,,aa469bb07a8e9e1a681edd1ce3ee6f9ca848467286a767c5e29437951376022f,
owlgebra_babycry,recanvo__200302_2156_00-05-02.775--00-05-04.437.wav,recanvo:200302_2156_00-05-02.775--00-05-04.437,frustrated,Baby_Crying,data/raw/babycry/Baby_Crying/recanvo__200302_2156_00-05-02.775--00-05-04.437.wav,CC-BY-4.0,https://huggingface.co/datasets/owlgebra-ai/babycry,1.6619954648526076,44100,2,-1,0.0,1.6619954648526076,ok,1.6619954648526076,44100,2,,61ff88473889099d6d22a82e25e4a601e423924480a379d0325d12d6a5582504,
owlgebra_babycry,recanvo__200302_2203_00-00-04.1679--00-00-04.9389.wav,recanvo:200302_2203_00-00-04.1679--00-00-04.9389,frustrated,Baby_Crying,data/raw/babycry/Baby_Crying/recanvo__200302_2203_00-00-04.1679--00-00-04.9389.wav,CC-BY-4.0,https://huggingface.co/datasets/owlgebra-ai/babycry,0.7710204081632653,44100,2,-1,0.0,0.7710204081632653,ok,0.7710204081632653,44100,2,,c6df895694506c75cde9c4d4017b73a2a252f697226e1ca1ac3de5985461835a,
owlgebra_babycry,recanvo__200229_2156_00-08-07.7--00-08-08.689.wav,recanvo:200229_2156_00-08-07.7--00-08-08.689,frustrated,Baby_Crying,data/raw/babycry/Baby_Crying/recanvo__200229_2156_00-08-07.7--00-08-08.689.wav,CC-BY-4.0,https://huggingface.co/datasets/owlgebra-ai/babycry,0.9890022675736961,44100,2,-1,0.0,0.9890022675736961,ok,0.9890022675736961,44100,2,,192d97c1c8b54b24fb7fe58467b8283e39a7d2b57851417fd1f9bc3791355e86,
owlgebra_babycry,recanvo__200302_2156_00-04-27.2--00-04-28.27.wav,recanvo:200302_2156_00-04-27.2--00-04-28.27,frustrated,Baby_Crying,data/raw/babycry/Baby_Crying/recanvo__200302_2156_00-04-27.2--00-04-28.27.wav,CC-BY-4.0,https://huggingface.co/datasets/owlgebra-ai/babycry,1.0749886621315192,44100,2,-1,0.0,1.0749886621315192,ok,1.0749886621315192,44100,2,,2e5e7a017222d2dcc2864aa941b4d11cad72f82b4a7b30b4f80d7fe04a7727c7,
owlgebra_babycry,recanvo__200306_2047_00-02-55.25--00-02-56.21.wav,recanvo:200306_2047_00-02-55.25--00-02-56.21,frustrated,Baby_Crying,data/raw/babycry/Baby_Crying/recanvo__200306_2047_00-02-55.25--00-02-56.21.wav,CC-BY-4.0,https://huggingface.co/datasets/owlgebra-ai/babycry,0.9519954648526077,44100,2,-1,0.0,0.9519954648526077,ok,0.9519954648526077,44100,2,,2bc71b6de8e1468327e57877a42b180d154c80e486a76330a0a9deb727f6e9a3,
owlgebra_babycry,recanvo__200316_1751_00-04-34.36--00-04-39.06.wav,recanvo:200316_1751_00-04-34.36--00-04-39.06,dysregulated,Baby_Crying,data/raw/babycry/Baby_Crying/recanvo__200316_1751_00-04-34.36--00-04-39.06.wav,CC-BY-4.0,https://huggingface.co/datasets/owlgebra-ai/babycry,4.7,44100,2,-1,0.0,4.7,ok,4.7,44100,2,,d8f8d932f77665c3d8203be81f44613deeb472a623f9e9af5a61ea24417ab1c4,
owlgebra_babycry,recanvo__200124_1828_00-03-33.59--00-03-35.01.wav,recanvo:200124_1828_00-03-33.59--00-03-35.01,dysregulated,Baby_Crying,data/raw/babycry/Baby_Crying/recanvo__200124_1828_00-03-33.59--00-03-35.01.wav,CC-BY-4.0,https://huggingface.co/datasets/owlgebra-ai/babycry,1.4190022675736962,44100,2,-1,0.0,1.4190022675736962,ok,1.4190022675736962,44100,2,,5123f8ce689defda88e55d4253b6799fca6a51d9fb5bacad52e7d120df7a6cdd,
owlgebra_babycry,recanvo__200316_1751_00-03-02.173--00-03-03.782.wav,recanvo:200316_1751_00-03-02.173--00-03-03.782,dysregulated,Baby_Crying,data/raw/babycry/Baby_Crying/recanvo__200316_1751_00-03-02.173--00-03-03.782.wav,CC-BY-4.0,https://huggingface.co/datasets/owlgebra-ai/babycry,1.6090022675736961,44100,2,-1,0.0,1.6090022675736961,ok,1.6090022675736961,44100,2,,8014104df8825e637bb43c97dec64219f49819e9018bb0291042c2d3ce4765f9,
owlgebra_babycry,recanvo__200316_1751_00-07-41.6--00-07-42.78.wav,recanvo:200316_1751_00-07-41.6--00-07-42.78,dysregulated,Baby_Crying,data/raw/babycry/Baby_Crying/recanvo__200316_1751_00-07-41.6--00-07-42.78.wav,CC-BY-4.0,https://huggingface.co/datasets/owlgebra-ai/babycry,1.1779818594104308,44100,2,-1,0.0,1.1779818594104308,ok,1.1779818594104308,44100,2,,f0fd09aae8c1d2377a44425804f756ece8a580590b56d7b3d67ef8d81ba336cb,
owlgebra_babycry,recanvo__200124_1828_00-04-50.3--00-04-51.78.wav,recanvo:200124_1828_00-04-50.3--00-04-51.78,dysregulated,Baby_Crying,data/raw/babycry/Baby_Crying/recanvo__200124_1828_00-04-50.3--00-04-51.78.wav,CC-BY-4.0,https://huggingface.co/datasets/owlgebra-ai/babycry,1.4780045351473923,44100,2,-1,0.0,1.4780045351473923,ok,1.4780045351473923,44100,2,,1f8ad1f9d7a626b7d508233a8540578e0354ec45c75a41417b1736e3c7742791,
owlgebra_babycry,recanvo__200316_1751_00-03-53.61--00-03-54.88.wav,recanvo:200316_1751_00-03-53.61--00-03-54.88,dysregulated,Baby_Crying,data/raw/babycry/Baby_Crying/recanvo__200316_1751_00-03-53.61--00-03-54.88.wav,CC-BY-4.0,https://huggingface.co/datasets/owlgebra-ai/babycry,1.27,44100,2,-1,0.0,1.27,ok,1.27,44100,2,,731934905190a59c9e0c46277b36319135fbb56c677bfa8044b8201cbd7a1d4f,
owlgebra_babycry,recanvo__200124_1828_00-06-55.67--00-06-56.64.wav,recanvo:200124_1828_00-06-55.67--00-06-56.64,dysregulated,Baby_Crying,data/raw/babycry/Baby_Crying/recanvo__200124_1828_00-06-55.67--00-06-56.64.wav,CC-BY-4.0,https://huggingface.co/datasets/owlgebra-ai/babycry,0.9709977324263038,44100,2,-1,0.0,0.9709977324263038,ok,0.9709977324263038,44100,2,,c2def5a5228e7f7fcd32a03a79a78b42282d937a8a8a23e1aa19cd0897393475,
owlgebra_babycry,recanvo__200316_1751_00-08-34.59--00-08-35.48.wav,recanvo:200316_1751_00-08-34.59--00-08-35.48,dysregulated,Baby_Crying,data/raw/babycry/Baby_Crying/recanvo__200316_1751_00-08-34.59--00-08-35.48.wav,CC-BY-4.0,https://huggingface.co/datasets/owlgebra-ai/babycry,0.8860090702947846,44100,2,-1,0.0,0.8860090702947846,ok,0.8860090702947846,44100,2,,2696e933f6f1dbfd81780fb5d8f9f37d7d1deba671273c107414f6ff887846b3,
owlgebra_babycry,recanvo__200124_1828_00-04-54.72--00-04-56.4.wav,recanvo:200124_1828_00-04-54.72--00-04-56.4,dysregulated,Baby_Crying,data/raw/babycry/Baby_Crying/recanvo__200124_1828_00-04-54.72--00-04-56.4.wav,CC-BY-4.0,https://huggingface.co/datasets/owlgebra-ai/babycry,1.683015873015873,44100,2,-1,0.0,1.683015873015873,ok,1.683015873015873,44100,2,,6feea195cd975e554845b81dcc901f1f19b58f29cdff5edefe0e1bd470f2e1c9,
owlgebra_babycry,recanvo__200316_1751_00-08-03.258--00-08-04.581.wav,recanvo:200316_1751_00-08-03.258--00-08-04.581,dysregulated,Baby_Crying,data/raw/babycry/Baby_Crying/recanvo__200316_1751_00-08-03.258--00-08-04.581.wav,CC-BY-4.0,https://huggingface.co/datasets/owlgebra-ai/babycry,1.3229931972789115,44100,2,-1,0.0,1.3229931972789115,ok,1.3229931972789115,44100,2,,9be475164a5d89736e40ac598ab7336d6686748281c88a9060325004b7d9600f,
owlgebra_babycry,recanvo__200316_1751_00-01-54.74--00-01-55.67.wav,recanvo:200316_1751_00-01-54.74--00-01-55.67,dysregulated,Baby_Crying,data/raw/babycry/Baby_Crying/recanvo__200316_1751_00-01-54.74--00-01-55.67.wav,CC-BY-4.0,https://huggingface.co/datasets/owlgebra-ai/babycry,0.9309977324263039,44100,2,-1,0.0,0.9309977324263039,ok,0.9309977324263039,44100,2,,959c0b03623a985a357458dc6b9467d4d1e3312a1a082132f2639566bde35671,
owlgebra_babycry,recanvo__200306_2047SelfTalk-Frustrated_00-06-04.879--00-06-07.201.wav,recanvo:200306_2047SelfTalk-Frustrated_00-06-04.879--00-06-07.201,dysregulated,Baby_Crying,data/raw/babycry/Baby_Crying/recanvo__200306_2047SelfTalk-Frustrated_00-06-04.879--00-06-07.201.wav,CC-BY-4.0,https://huggingface.co/datasets/owlgebra-ai/babycry,2.3219954648526078,44100,2,-1,0.0,2.3219954648526078,ok,2.3219954648526078,44100,2,,abe8d51bfb7f1c2cbcb6bf2819ffa12d06ec7b3bb1cb55138e53144e5b409237,
owlgebra_babycry,recanvo__200316_1751_00-07-33.11--00-07-34.35.wav,recanvo:200316_1751_00-07-33.11--00-07-34.35,dysregulated,Baby_Crying,data/raw/babycry/Baby_Crying/recanvo__200316_1751_00-07-33.11--00-07-34.35.wav,CC-BY-4.0,https://huggingface.co/datasets/owlgebra-ai/babycry,1.2429931972789117,44100,2,-1,0.0,1.2429931972789117,ok,1.2429931972789117,44100,2,,745fcbe85f1540093ddc491567a460eedd21c1f5ad46c426a7df0534520395af,
owlgebra_babycry,recanvo__200316_1751_00-02-17.53--00-02-20.01.wav,recanvo:200316_1751_00-02-17.53--00-02-20.01,dysregulated,Baby_Crying,data/raw/babycry/Baby_Crying/recanvo__200316_1751_00-02-17.53--00-02-20.01.wav,CC-BY-4.0,https://huggingface.co/datasets/owlgebra-ai/babycry,2.480997732426304,44100,2,-1,0.0,2.480997732426304,ok,2.480997732426304,44100,2,,51b3ab3883f1c51f4caaaba7024eea9e5779a9005a2e06c7a681a50752b9dafd,
owlgebra_babycry,recanvo__200124_1828_00-09-43.81--00-09-44.4.wav,recanvo:200124_1828_00-09-43.81--00-09-44.4,dysregulated,Baby_Crying,data/raw/babycry/Baby_Crying/recanvo__200124_1828_00-09-43.81--00-09-44.4.wav,CC-BY-4.0,https://huggingface.co/datasets/owlgebra-ai/babycry,0.5929931972789115,44100,2,-1,0.0,0.5929931972789115,ok,0.5929931972789115,44100,2,,746f47f0416954aa6496686fdef7983fc47d5acc6698c8ad04cde00227cfb234,
owlgebra_babycry,recanvo__200124_1828_00-14-08.637--00-14-09.787.wav,recanvo:200124_1828_00-14-08.637--00-14-09.787,dysregulated,Baby_Crying,data/raw/babycry/Baby_Crying/recanvo__200124_1828_00-14-08.637--00-14-09.787.wav,CC-BY-4.0,https://huggingface.co/datasets/owlgebra-ai/babycry,1.15,44100,2,-1,0.0,1.15,ok,1.15,44100,2,,ca8752a723fab9189be73da4e14096fa795805b944d6c9ed22227fb5b6c68917,
owlgebra_babycry,recanvo__200316_1751_00-09-13.91--00-09-14.8.wav,recanvo:200316_1751_00-09-13.91--00-09-14.8,dysregulated,Baby_Crying,data/raw/babycry/Baby_Crying/recanvo__200316_1751_00-09-13.91--00-09-14.8.wav,CC-BY-4.0,https://huggingface.co/datasets/owlgebra-ai/babycry,0.8889795918367347,44100,2,-1,0.0,0.8889795918367347,ok,0.8889795918367347,44100,2,,a56586c8b3cd28a729d5203085de6e9dd59971b7d2dda83bc886425055d562a5,
owlgebra_babycry,recanvo__200316_1751_00-03-22.5--00-03-29.36.wav,recanvo:200316_1751_00-03-22.5--00-03-29.36,dysregulated,Baby_Crying,data/raw/babycry/Baby_Crying/recanvo__200316_1751_00-03-22.5--00-03-29.36.wav,CC-BY-4.0,https://huggingface.co/datasets/owlgebra-ai/babycry,6.859002267573696,44100,2,-1,0.0,6.859002267573696,ok,6.859002267573696,44100,2,,b9089f1f1bf4b62864f5691745f1a2d417c0c97a7d42136c401cd14e0142dc76,
owlgebra_babycry,recanvo__200124_1828_00-05-17.93--00-05-18.91.wav,recanvo:200124_1828_00-05-17.93--00-05-18.91,dysregulated,Baby_Crying,data/raw/babycry/Baby_Crying/recanvo__200124_1828_00-05-17.93--00-05-18.91.wav,CC-BY-4.0,https://huggingface.co/datasets/owlgebra-ai/babycry,0.9819954648526077,44100,2,-1,0.0,0.9819954648526077,ok,0.9819954648526077,44100,2,,40bd0cdaa2754bbd8611ee167e40e7b52d04e593b06177334349ad5b168b51a6,
owlgebra_babycry,recanvo__200316_1751_00-08-07.222--00-08-08.073.wav,recanvo:200316_1751_00-08-07.222--00-08-08.073,dysregulated,Baby_Crying,data/raw/babycry/Baby_Crying/recanvo__200316_1751_00-08-07.222--00-08-08.073.wav,CC-BY-4.0,https://huggingface.co/datasets/owlgebra-ai/babycry,0.8509977324263038,44100,2,-1,0.0,0.8509977324263038,ok,0.8509977324263038,44100,2,,252f4f24be67b416bc768e706ed53c397edbb4d9b5861a086c7cd312636f4313,
owlgebra_babycry,recanvo__200316_1751_00-05-19.22--00-05-19.81.wav,recanvo:200316_1751_00-05-19.22--00-05-19.81,dysregulated,Baby_Crying,data/raw/babycry/Baby_Crying/recanvo__200316_1751_00-05-19.22--00-05-19.81.wav,CC-BY-4.0,https://huggingface.co/datasets/owlgebra-ai/babycry,0.5949886621315192,44100,2,-1,0.0,0.5949886621315192,ok,0.5949886621315192,44100,2,,c48dd759a5f3ae7937cca667816d6d37821fd12fc50dd0d1adf6a1fcc601e602,
owlgebra_babycry,recanvo__200316_1751_00-04-55.32--00-04-56.37.wav,recanvo:200316_1751_00-04-55.32--00-04-56.37,dysregulated,Baby_Crying,data/raw/babycry/Baby_Crying/recanvo__200316_1751_00-04-55.32--00-04-56.37.wav,CC-BY-4.0,https://huggingface.co/datasets/owlgebra-ai/babycry,1.0510204081632653,44100,2,-1,0.0,1.0510204081632653,ok,1.0510204081632653,44100,2,,fbffad8382416e1a26fb1713952f7a2e63ba38872bddd04eeb31a9d6a207a315,
owlgebra_babycry,recanvo__200316_1751_00-02-43.85--00-02-44.86.wav,recanvo:200316_1751_00-02-43.85--00-02-44.86,dysregulated,Baby_Crying,data/raw/babycry/Baby_Crying/recanvo__200316_1751_00-02-43.85--00-02-44.86.wav,CC-BY-4.0,https://huggingface.co/datasets/owlgebra-ai/babycry,1.01,44100,2,-1,0.0,1.01,ok,1.01,44100,2,,655cb5b8b418f184201600720a8c31d8d9001f63902d2ba8952f7192cb76fb9e,
owlgebra_babycry,recanvo__200124_1828_00-07-00.90299--00-07-01.893.wav,recanvo:200124_1828_00-07-00.90299--00-07-01.893,dysregulated,Baby_Crying,data/raw/babycry/Baby_Crying/recanvo__200124_1828_00-07-00.90299--00-07-01.893.wav,CC-BY-4.0,https://huggingface.co/datasets/owlgebra-ai/babycry,0.99,44100,2,-1,0.0,0.99,ok,0.99,44100,2,,f709e85b895219dc774bcbf16fb2398194746fe56ff485ddfc2966c8d43090f3,
owlgebra_babycry,recanvo__200316_1751_00-07-39.86--00-07-40.88.wav,recanvo:200316_1751_00-07-39.86--00-07-40.88,dysregulated,Baby_Crying,data/raw/babycry/Baby_Crying/recanvo__200316_1751_00-07-39.86--00-07-40.88.wav,CC-BY-4.0,https://huggingface.co/datasets/owlgebra-ai/babycry,1.0229931972789115,44100,2,-1,0.0,1.0229931972789115,ok,1.0229931972789115,44100,2,,93b21a07fbdabfd1ec0004351ff65f779ab9ffb388749c65be15c0ad3e76a5b6,
owlgebra_babycry,recanvo__200316_1751_00-06-46.84--00-06-47.69.wav,recanvo:200316_1751_00-06-46.84--00-06-47.69,dysregulated,Baby_Crying,data/raw/babycry/Baby_Crying/recanvo__200316_1751_00-06-46.84--00-06-47.69.wav,CC-BY-4.0,https://huggingface.co/datasets/owlgebra-ai/babycry,0.85,44100,2,-1,0.0,0.85,ok,0.85,44100,2,,df588e721756680c1b9d2cca3eb2c2e70118dc42887130c4f7bc31b69736b091,
owlgebra_babycry,recanvo__200124_1828_00-01-44.67--00-01-46.12.wav,recanvo:200124_1828_00-01-44.67--00-01-46.12,dysregulated,Baby_Crying,data/raw/babycry/Baby_Crying/recanvo__200124_1828_00-01-44.67--00-01-46.12.wav,CC-BY-4.0,https://huggingface.co/datasets/owlgebra-ai/babycry,1.4510204081632654,44100,2,-1,0.0,1.4510204081632654,ok,1.4510204081632654,44100,2,,df97f9ee180aca566d0e2e1c289016068a10732a3821053426e94d74d829cb90,
owlgebra_babycry,recanvo__200316_1751_00-02-51.87--00-02-52.66.wav,recanvo:200316_1751_00-02-51.87--00-02-52.66,dysregulated,Baby_Crying,data/raw/babycry/Baby_Crying/recanvo__200316_1751_00-02-51.87--00-02-52.66.wav,CC-BY-4.0,https://huggingface.co/datasets/owlgebra-ai/babycry,0.79,44100,2,-1,0.0,0.79,ok,0.79,44100,2,,4365c75577bc1fb2ec6be7cb05854ba96cf6b60dd5c994c53a044276825268a8,
owlgebra_babycry,recanvo__200124_1828_00-01-29.66--00-01-30.38.wav,recanvo:200124_1828_00-01-29.66--00-01-30.38,dysregulated,Baby_Crying,data/raw/babycry/Baby_Crying/recanvo__200124_1828_00-01-29.66--00-01-30.38.wav,CC-BY-4.0,https://huggingface.co/datasets/owlgebra-ai/babycry,0.7160090702947846,44100,2,-1,0.0,0.7160090702947846,ok,0.7160090702947846,44100,2,,c3c0cfe4052d48ca1282e3a8dba6a813656ec536d755e65bead56c3b16414562,
owlgebra_babycry,recanvo__200124_1828_00-13-13.16--00-13-14.15.wav,recanvo:200124_1828_00-13-13.16--00-13-14.15,dysregulated,Baby_Crying,data/raw/babycry/Baby_Crying/recanvo__200124_1828_00-13-13.16--00-13-14.15.wav,CC-BY-4.0,https://huggingface.co/datasets/owlgebra-ai/babycry,0.9829931972789115,44100,2,-1,0.0,0.9829931972789115,ok,0.9829931972789115,44100,2,,d8213f6ea5cb6aacf71cac010d473665439a750652018293702fcb130b4e371a,
owlgebra_babycry,recanvo__200316_1751_00-03-36.3--00-03-37.52.wav,recanvo:200316_1751_00-03-36.3--00-03-37.52,dysregulated,Baby_Crying,data/raw/babycry/Baby_Crying/recanvo__200316_1751_00-03-36.3--00-03-37.52.wav,CC-BY-4.0,https://huggingface.co/datasets/owlgebra-ai/babycry,1.2219954648526077,44100,2,-1,0.0,1.2219954648526077,ok,1.2219954648526077,44100,2,,f653511ad3a0753466c86a89b329ae8b0fe093ae32d1c4c73ad24c6bfa7a6381,
owlgebra_babycry,recanvo__200316_1751_00-03-43.13--00-03-46.96.wav,recanvo:200316_1751_00-03-43.13--00-03-46.96,dysregulated,Baby_Crying,data/raw/babycry/Baby_Crying/recanvo__200316_1751_00-03-43.13--00-03-46.96.wav,CC-BY-4.0,https://huggingface.co/datasets/owlgebra-ai/babycry,3.83,44100,2,-1,0.0,3.83,ok,3.83,44100,2,,368bb5679cdb87fdbd5d298fb404bb5897cfca6e9d5cf21a61fd79637ffc97a6,
owlgebra_babycry,recanvo__200316_1751_00-07-55.36--00-07-58.89.wav,recanvo:200316_1751_00-07-55.36--00-07-58.89,dysregulated,Baby_Crying,data/raw/babycry/Baby_Crying/recanvo__200316_1751_00-07-55.36--00-07-58.89.wav,CC-BY-4.0,https://huggingface.co/datasets/owlgebra-ai/babycry,3.5309977324263038,44100,2,-1,0.0,3.5309977324263038,ok,3.5309977324263038,44100,2,,f0b1e2f4b405576894132104aaa9bd8a6a292f6f3de9c2bab062e5f0791adde6,
owlgebra_babycry,recanvo__200124_1828_00-09-19.21--00-09-20.wav,recanvo:200124_1828_00-09-19.21--00-09-20,dysregulated,Baby_Crying,data/raw/babycry/Baby_Crying/recanvo__200124_1828_00-09-19.21--00-09-20.wav,CC-BY-4.0,https://huggingface.co/datasets/owlgebra-ai/babycry,0.7850113378684808,44100,2,-1,0.0,0.7850113378684808,ok,0.7850113378684808,44100,2,,6e9a7b1032e870f95b30bff8d5a0c28ff89ea9a902aee753f4de32e1a7ee4a0e,
owlgebra_babycry,recanvo__200316_1751_00-02-47.79--00-02-48.68.wav,recanvo:200316_1751_00-02-47.79--00-02-48.68,dysregulated,Baby_Crying,data/raw/babycry/Baby_Crying/recanvo__200316_1751_00-02-47.79--00-02-48.68.wav,CC-BY-4.0,https://huggingface.co/datasets/owlgebra-ai/babycry,0.8809977324263039,44100,2,-1,0.0,0.8809977324263039,ok,0.8809977324263039,44100,2,,f35dfd638aac9598a8657281d91a6c2fcbd4333a837373e4cab44c3475a49e97,
owlgebra_babycry,recanvo__200307_1850_00-02-23.78--00-02-24.56.wav,recanvo:200307_1850_00-02-23.78--00-02-24.56,dysregulated,Baby_Crying,data/raw/babycry/Baby_Crying/recanvo__200307_1850_00-02-23.78--00-02-24.56.wav,CC-BY-4.0,https://huggingface.co/datasets/owlgebra-ai/babycry,0.7780045351473923,44100,2,-1,0.0,0.7780045351473923,ok,0.7780045351473923,44100,2,,b083e2cd2ee23153b81789200a13866b9f28bf42b3e1e1c240e8cfcb91cf5003,
owlgebra_babycry,recanvo__200307_1850_00-02-07.466--00-02-07.968.wav,recanvo:200307_1850_00-02-07.466--00-02-07.968,dysregulated,Baby_Crying,data/raw/babycry/Baby_Crying/recanvo__200307_1850_00-02-07.466--00-02-07.968.wav,CC-BY-4.0,https://huggingface.co/datasets/owlgebra-ai/babycry,0.5020181405895692,44100,2,-1,0.0,0.5020181405895692,ok,0.5020181405895692,44100,2,,37635e91e2957f89074acb8619ca46888d22606dfe00db4ced0e267b1a9c9dc3,
owlgebra_babycry,recanvo__200124_1828_00-02-16.68--00-02-17.78.wav,recanvo:200124_1828_00-02-16.68--00-02-17.78,dysregulated,Baby_Crying,data/raw/babycry/Baby_Crying/recanvo__200124_1828_00-02-16.68--00-02-17.78.wav,CC-BY-4.0,https://huggingface.co/datasets/owlgebra-ai/babycry,1.0919954648526078,44100,2,-1,0.0,1.0919954648526078,ok,1.0919954648526078,44100,2,,01dc9dcbbc837f66328eb375755622507be13ba6a9a3ab4c21b9f3288607e965,
owlgebra_babycry,recanvo__200124_1828_00-07-11.9--00-07-13.21.wav,recanvo:200124_1828_00-07-11.9--00-07-13.21,dysregulated,Baby_Crying,data/raw/babycry/Baby_Crying/recanvo__200124_1828_00-07-11.9--00-07-13.21.wav,CC-BY-4.0,https://huggingface.co/datasets/owlgebra-ai/babycry,1.313015873015873,44100,2,-1,0.0,1.313015873015873,ok,1.313015873015873,44100,2,,a819559f71fc6b63e85bfbab25bae554d5c01728077d66ccdff86a347cf11506,
owlgebra_babycry,recanvo__200316_1751_00-08-58.17--00-09-00.02.wav,recanvo:200316_1751_00-08-58.17--00-09-00.02,dysregulated,Baby_Crying,data/raw/babycry/Baby_Crying/recanvo__200316_1751_00-08-58.17--00-09-00.02.wav,CC-BY-4.0,https://huggingface.co/datasets/owlgebra-ai/babycry,1.8450113378684807,44100,2,-1,0.0,1.8450113378684807,ok,1.8450113378684807,44100,2,,401d9e51bb8064fc1baa76822fab1e692af329b5c6685bc5d1c1bd6a38fc823d,
owlgebra_babycry,recanvo__200316_1751_00-06-59.62--00-07-00.39297.wav,recanvo:200316_1751_00-06-59.62--00-07-00.39297,dysregulated,Baby_Crying,data/raw/babycry/Baby_Crying/recanvo__200316_1751_00-06-59.62--00-07-00.39297.wav,CC-BY-4.0,https://huggingface.co/datasets/owlgebra-ai/babycry,0.7689795918367347,44100,2,-1,0.0,0.7689795918367347,ok,0.7689795918367347,44100,2,,91286f95f3eac5dffbba8cf4cab78ce70d45577e6f0d81c8a1cfb7124b371e07,
owlgebra_babycry,recanvo__200316_1751_00-07-45.39--00-07-46.16.wav,recanvo:200316_1751_00-07-45.39--00-07-46.16,dysregulated,Baby_Crying,data/raw/babycry/Baby_Crying/recanvo__200316_1751_00-07-45.39--00-07-46.16.wav,CC-BY-4.0,https://huggingface.co/datasets/owlgebra-ai/babycry,0.7729931972789116,44100,2,-1,0.0,0.7729931972789116,ok,0.7729931972789116,44100,2,,90b621146c8e2a570af99a6be90d96cf917d94ebb29ef87d6d1b002cc7152ed0,
owlgebra_babycry,recanvo__200124_1828_00-01-59.83--00-02-01.58.wav,recanvo:200124_1828_00-01-59.83--00-02-01.58,dysregulated,Baby_Crying,data/raw/babycry/Baby_Crying/recanvo__200124_1828_00-01-59.83--00-02-01.58.wav,CC-BY-4.0,https://huggingface.co/datasets/owlgebra-ai/babycry,1.7460090702947846,44100,2,-1,0.0,1.7460090702947846,ok,1.7460090702947846,44100,2,,e92997752ea93f70e2eb5f386fe48f5e550656b4fa41c49bf93b4b341b238155,
owlgebra_babycry,recanvo__200124_1828_00-05-12.38--00-05-13.82.wav,recanvo:200124_1828_00-05-12.38--00-05-13.82,dysregulated,Baby_Crying,data/raw/babycry/Baby_Crying/recanvo__200124_1828_00-05-12.38--00-05-13.82.wav,CC-BY-4.0,https://huggingface.co/datasets/owlgebra-ai/babycry,1.4429931972789116,44100,2,-1,0.0,1.4429931972789116,ok,1.4429931972789116,44100,2,,4aaa16a1ef09e3dc1d034d9c43af4fe24a9f5a8089da638b18814f98bbffb61c,
owlgebra_babycry,recanvo__200124_1828_00-01-27.23--00-01-28.55.wav,recanvo:200124_1828_00-01-27.23--00-01-28.55,dysregulated,Baby_Crying,data/raw/babycry/Baby_Crying/recanvo__200124_1828_00-01-27.23--00-01-28.55.wav,CC-BY-4.0,https://huggingface.co/datasets/owlgebra-ai/babycry,1.3280045351473924,44100,2,-1,0.0,1.3280045351473924,ok,1.3280045351473924,44100,2,,6cbe74c701298790bd781bcb977af6ed20884f8b089ab72af094f6e7b5e0117e,
owlgebra_babycry,recanvo__200124_1828_00-02-34.67--00-02-36.13.wav,recanvo:200124_1828_00-02-34.67--00-02-36.13,dysregulated,Baby_Crying,data/raw/babycry/Baby_Crying/recanvo__200124_1828_00-02-34.67--00-02-36.13.wav,CC-BY-4.0,https://huggingface.co/datasets/owlgebra-ai/babycry,1.4579818594104308,44100,2,-1,0.0,1.4579818594104308,ok,1.4579818594104308,44100,2,,365accaf6c17939fbf5d7948b421f96ae6141604b0ccfaa798705cff5c86d21c,
owlgebra_babycry,recanvo__200316_1751_00-05-53.04--00-06-00.25798.wav,recanvo:200316_1751_00-05-53.04--00-06-00.25798,dysregulated,Baby_Crying,data/raw/babycry/Baby_Crying/recanvo__200316_1751_00-05-53.04--00-06-00.25798.wav,CC-BY-4.0,https://huggingface.co/datasets/owlgebra-ai/babycry,7.219002267573696,44100,2,-1,0.0,7.219002267573696,ok,7.219002267573696,44100,2,,2af9f9cbd38ba1a680307511f44a1f997555b8a92252d5fd8ec445710f5f00d4,
owlgebra_babycry,recanvo__200316_1751_00-08-29.61--00-08-32.56.wav,recanvo:200316_1751_00-08-29.61--00-08-32.56,dysregulated,Baby_Crying,data/raw/babycry/Baby_Crying/recanvo__200316_1751_00-08-29.61--00-08-32.56.wav,CC-BY-4.0,https://huggingface.co/datasets/owlgebra-ai/babycry,2.951020408163265,44100,2,-1,0.0,2.951020408163265,ok,2.951020408163265,44100,2,,125732f9cd3080a564488197a493465f81b17c65589fc0158255cca5dc556253,
owlgebra_babycry,recanvo__200316_1751_00-05-47.05--00-05-48.8.wav,recanvo:200316_1751_00-05-47.05--00-05-48.8,dysregulated,Baby_Crying,data/raw/babycry/Baby_Crying/recanvo__200316_1751_00-05-47.05--00-05-48.8.wav,CC-BY-4.0,https://huggingface.co/datasets/owlgebra-ai/babycry,1.750997732426304,44100,2,-1,0.0,1.750997732426304,ok,1.750997732426304,44100,2,,1bf8b93e4f86d11fea34bca3677258ea995014b34fc6cebcf5adbc68f44ef20c,
owlgebra_babycry,recanvo__200124_1828_00-05-32.9--00-05-35.97.wav,recanvo:200124_1828_00-05-32.9--00-05-35.97,dysregulated,Baby_Crying,data/raw/babycry/Baby_Crying/recanvo__200124_1828_00-05-32.9--00-05-35.97.wav,CC-BY-4.0,https://huggingface.co/datasets/owlgebra-ai/babycry,3.0649886621315194,44100,2,-1,0.0,3.0649886621315194,ok,3.0649886621315194,44100,2,,09a0320d546f08bd3271faf8daf79cc3e63b2b1d302c6809375970fb688c1005,
owlgebra_babycry,recanvo__200124_1828_00-02-28.45--00-02-30.56.wav,recanvo:200124_1828_00-02-28.45--00-02-30.56,dysregulated,Baby_Crying,data/raw/babycry/Baby_Crying/recanvo__200124_1828_00-02-28.45--00-02-30.56.wav,CC-BY-4.0,https://huggingface.co/datasets/owlgebra-ai/babycry,2.1139909297052153,44100,2,-1,0.0,2.1139909297052153,ok,2.1139909297052153,44100,2,,fb693963fb553e97227c646615a57014a28c2cfd40f170712769cbba13128cb3,
owlgebra_babycry,recanvo__200316_1751_00-03-32.62--00-03-34.88.wav,recanvo:200316_1751_00-03-32.62--00-03-34.88,dysregulated,Baby_Crying,data/raw/babycry/Baby_Crying/recanvo__200316_1751_00-03-32.62--00-03-34.88.wav,CC-BY-4.0,https://huggingface.co/datasets/owlgebra-ai/babycry,2.2560090702947844,44100,2,-1,0.0,2.2560090702947844,ok,2.2560090702947844,44100,2,,a503236e26e0aeecc8fdf3ded74d124f6f875e911d49fcbf7980ffdf3387daaa,
owlgebra_babycry,recanvo__200316_1751_00-07-50.1--00-07-51.92.wav,recanvo:200316_1751_00-07-50.1--00-07-51.92,dysregulated,Baby_Crying,data/raw/babycry/Baby_Crying/recanvo__200316_1751_00-07-50.1--00-07-51.92.wav,CC-BY-4.0,https://huggingface.co/datasets/owlgebra-ai/babycry,1.8159863945578232,44100,2,-1,0.0,1.8159863945578232,ok,1.8159863945578232,44100,2,,04e61f4536887574b6968c9e67654c43aef0011b1b738547f8df43ef7471ef71,
owlgebra_babycry,recanvo__200124_1828_00-06-15.65--00-06-16.33.wav,recanvo:200124_1828_00-06-15.65--00-06-16.33,dysregulated,Baby_Crying,data/raw/babycry/Baby_Crying/recanvo__200124_1828_00-06-15.65--00-06-16.33.wav,CC-BY-4.0,https://huggingface.co/datasets/owlgebra-ai/babycry,0.6809977324263039,44100,2,-1,0.0,0.6809977324263039,ok,0.6809977324263039,44100,2,,db8244aeb595ab91291a966de8451c42c7e4e44ea6b22035ca82db74e9b0b113,
owlgebra_babycry,recanvo__200124_1828_00-04-57.26--00-04-58.66.wav,recanvo:200124_1828_00-04-57.26--00-04-58.66,dysregulated,Baby_Crying,data/raw/babycry/Baby_Crying/recanvo__200124_1828_00-04-57.26--00-04-58.66.wav,CC-BY-4.0,https://huggingface.co/datasets/owlgebra-ai/babycry,1.402018140589569,44100,2,-1,0.0,1.402018140589569,ok,1.402018140589569,44100,2,,8f4ba2705a130cccea363c01a9cd042f6140bfa2337567d1bf7008a44bc4025e,
owlgebra_babycry,recanvo__200124_1828_00-07-26.46--00-07-28.34.wav,recanvo:200124_1828_00-07-26.46--00-07-28.34,dysregulated,Baby_Crying,data/raw/babycry/Baby_Crying/recanvo__200124_1828_00-07-26.46--00-07-28.34.wav,CC-BY-4.0,https://huggingface.co/datasets/owlgebra-ai/babycry,1.8729931972789116,44100,2,-1,0.0,1.8729931972789116,ok,1.8729931972789116,44100,2,,6164d4e1aaaa2d039ece55a4f7f8b19658791d3486b9de4fa59d52cc835cd95e,
owlgebra_babycry,recanvo__200316_1751_00-04-57.15--00-04-58.31.wav,recanvo:200316_1751_00-04-57.15--00-04-58.31,dysregulated,Baby_Crying,data/raw/babycry/Baby_Crying/recanvo__200316_1751_00-04-57.15--00-04-58.31.wav,CC-BY-4.0,https://huggingface.co/datasets/owlgebra-ai/babycry,1.1509977324263039,44100,2,-1,0.0,1.1509977324263039,ok,1.1509977324263039,44100,2,,293cdb2e4f6d53e324bba59852b83045dc9a262987d42a2f56cc1e860f562949,
owlgebra_babycry,recanvo__200316_1751_00-06-41.31--00-06-44.17.wav,recanvo:200316_1751_00-06-41.31--00-06-44.17,dysregulated,Baby_Crying,data/raw/babycry/Baby_Crying/recanvo__200316_1751_00-06-41.31--00-06-44.17.wav,CC-BY-4.0,https://huggingface.co/datasets/owlgebra-ai/babycry,2.8570068027210884,44100,2,-1,0.0,2.8570068027210884,ok,2.8570068027210884,44100,2,,7ae45a7383255bea768d964d6c15b024279dcf4db92f19cafefeed45ca73d44f,
owlgebra_babycry,recanvo__200124_1828_00-02-48.79--00-02-49.69.wav,recanvo:200124_1828_00-02-48.79--00-02-49.69,dysregulated,Baby_Crying,data/raw/babycry/Baby_Crying/recanvo__200124_1828_00-02-48.79--00-02-49.69.wav,CC-BY-4.0,https://huggingface.co/datasets/owlgebra-ai/babycry,0.9049886621315193,44100,2,-1,0.0,0.9049886621315193,ok,0.9049886621315193,44100,2,,7f773f2de085ecf9843c2d6825f1325ca9b0524d9c039c4ab1b5cdf13bbd228a,
owlgebra_babycry,recanvo__200124_1828_00-08-46.04--00-08-48.18.wav,recanvo:200124_1828_00-08-46.04--00-08-48.18,dysregulated,Baby_Crying,data/raw/babycry/Baby_Crying/recanvo__200124_1828_00-08-46.04--00-08-48.18.wav,CC-BY-4.0,https://huggingface.co/datasets/owlgebra-ai/babycry,2.138004535147392,44100,2,-1,0.0,2.138004535147392,ok,2.138004535147392,44100,2,,d6694e34448893736df161382119c443330b55c54223a236f2e10f955888dc81,
owlgebra_babycry,recanvo__200316_1751_00-02-09.932--00-02-11.86.wav,recanvo:200316_1751_00-02-09.932--00-02-11.86,dysregulated,Baby_Crying,data/raw/babycry/Baby_Crying/recanvo__200316_1751_00-02-09.932--00-02-11.86.wav,CC-BY-4.0,https://huggingface.co/datasets/owlgebra-ai/babycry,1.93,44100,2,-1,0.0,1.93,ok,1.93,44100,2,,aa417e6b4b0d6e449008a2cd287154c050a8c0659494b4056f5e61c281e541ef,
owlgebra_babycry,recanvo__200316_1751_00-05-00.046984--00-05-01.035.wav,recanvo:200316_1751_00-05-00.046984--00-05-01.035,dysregulated,Baby_Crying,data/raw/babycry/Baby_Crying/recanvo__200316_1751_00-05-00.046984--00-05-01.035.wav,CC-BY-4.0,https://huggingface.co/datasets/owlgebra-ai/babycry,0.9880045351473923,44100,2,-1,0.0,0.9880045351473923,ok,0.9880045351473923,44100,2,,b21c7d2a1660aba6b53c9b3c83140b8971d08b51176aaba65b11baa90a0de476,
owlgebra_babycry,recanvo__200124_1828_00-05-46.49--00-05-46.98.wav,recanvo:200124_1828_00-05-46.49--00-05-46.98,dysregulated,Baby_Crying,data/raw/babycry/Baby_Crying/recanvo__200124_1828_00-05-46.49--00-05-46.98.wav,CC-BY-4.0,https://huggingface.co/datasets/owlgebra-ai/babycry,0.4870068027210884,44100,2,-1,0.0,0.4870068027210884,ok,0.4870068027210884,44100,2,,4ba6bc0437ffeda8b4d1e8ad29d3b78c5d84f5339d6d765fa0dddc41e285eccc,
owlgebra_babycry,recanvo__200316_1751_00-08-09.429--00-08-10.33.wav,recanvo:200316_1751_00-08-09.429--00-08-10.33,dysregulated,Baby_Crying,data/raw/babycry/Baby_Crying/recanvo__200316_1751_00-08-09.429--00-08-10.33.wav,CC-BY-4.0,https://huggingface.co/datasets/owlgebra-ai/babycry,0.8990022675736962,44100,2,-1,0.0,0.8990022675736962,ok,0.8990022675736962,44100,2,,5f8233814080d7317cec991ac1e09cdb37a1c4c44961f3dc2d7a85156498f6cc,
owlgebra_babycry,recanvo__200316_1751_00-08-51.02--00-08-52.49.wav,recanvo:200316_1751_00-08-51.02--00-08-52.49,dysregulated,Baby_Crying,data/raw/babycry/Baby_Crying/recanvo__200316_1751_00-08-51.02--00-08-52.49.wav,CC-BY-4.0,https://huggingface.co/datasets/owlgebra-ai/babycry,1.4689795918367348,44100,2,-1,0.0,1.4689795918367348,ok,1.4689795918367348,44100,2,,2df034eddf2b1b6f376a9e405103e563b8ac30b1187b27ccfd4aa4d39a8b67ee,
owlgebra_babycry,recanvo__200316_1751_00-02-32.96--00-02-34.31.wav,recanvo:200316_1751_00-02-32.96--00-02-34.31,dysregulated,Baby_Crying,data/raw/babycry/Baby_Crying/recanvo__200316_1751_00-02-32.96--00-02-34.31.wav,CC-BY-4.0,https://huggingface.co/datasets/owlgebra-ai/babycry,1.3429931972789115,44100,2,-1,0.0,1.3429931972789115,ok,1.3429931972789115,44100,2,,f6a94cb40947f9c5a0aea6fb94fd4f91b50de6ea0c3ef5da5c9314c5b3c123c5,
owlgebra_babycry,recanvo__200124_1828_00-06-45.83--00-06-47.wav,recanvo:200124_1828_00-06-45.83--00-06-47,dysregulated,Baby_Crying,data/raw/babycry/Baby_Crying/recanvo__200124_1828_00-06-45.83--00-06-47.wav,CC-BY-4.0,https://huggingface.co/datasets/owlgebra-ai/babycry,1.1680045351473922,44100,2,-1,0.0,1.1680045351473922,ok,1.1680045351473922,44100,2,,2a7edf4fc7693333ec03f4f608c11722449baf21a174ea0b5c92eebb8423555a,
owlgebra_babycry,recanvo__200316_1751_00-02-38.54--00-02-39.74.wav,recanvo:200316_1751_00-02-38.54--00-02-39.74,dysregulated,Baby_Crying,data/raw/babycry/Baby_Crying/recanvo__200316_1751_00-02-38.54--00-02-39.74.wav,CC-BY-4.0,https://huggingface.co/datasets/owlgebra-ai/babycry,1.1990022675736962,44100,2,-1,0.0,1.1990022675736962,ok,1.1990022675736962,44100,2,,6b0499eb93f564c5a157fe591d06091c4667f433b0102cba2d179dc5bb210fe9,
owlgebra_babycry,recanvo__200124_1828_00-09-47.8--00-09-48.42.wav,recanvo:200124_1828_00-09-47.8--00-09-48.42,dysregulated,Baby_Crying,data/raw/babycry/Baby_Crying/recanvo__200124_1828_00-09-47.8--00-09-48.42.wav,CC-BY-4.0,https://huggingface.co/datasets/owlgebra-ai/babycry,0.62,44100,2,-1,0.0,0.62,ok,0.62,44100,2,,4c54e7bc54c15fa260418132d247472f262b0c36994c1ec30ed41de434d73ba2,
owlgebra_babycry,recanvo__200124_1828_00-12-29.09--00-12-29.93.wav,recanvo:200124_1828_00-12-29.09--00-12-29.93,dysregulated,Baby_Crying,data/raw/babycry/Baby_Crying/recanvo__200124_1828_00-12-29.09--00-12-29.93.wav,CC-BY-4.0,https://huggingface.co/datasets/owlgebra-ai/babycry,0.8480045351473923,44100,2,-1,0.0,0.8480045351473923,ok,0.8480045351473923,44100,2,,66853582fd1b488ef48025991f8edcf20508aea8fb7646692347927cc9d7a5ea,
owlgebra_babycry,recanvo__200124_1828_00-12-39.37--00-12-40.51.wav,recanvo:200124_1828_00-12-39.37--00-12-40.51,dysregulated,Baby_Crying,data/raw/babycry/Baby_Crying/recanvo__200124_1828_00-12-39.37--00-12-40.51.wav,CC-BY-4.0,https://huggingface.co/datasets/owlgebra-ai/babycry,1.1390022675736962,44100,2,-1,0.0,1.1390022675736962,ok,1.1390022675736962,44100,2,,ddba7566d525bf687aa91b443b665f776ba0b7d9819d76b24e5aaeb46d237948,
owlgebra_babycry,recanvo__200316_1751_00-05-37.26--00-05-40.5.wav,recanvo:200316_1751_00-05-37.26--00-05-40.5,dysregulated,Baby_Crying,data/raw/babycry/Baby_Crying/recanvo__200316_1751_00-05-37.26--00-05-40.5.wav,CC-BY-4.0,https://huggingface.co/datasets/owlgebra-ai/babycry,3.242018140589569,44100,2,-1,0.0,3.242018140589569,ok,3.242018140589569,44100,2,,17d0306bc33ebfd77706c030b138ad5695a0f657cf6c3b72174bed30c3630018,
owlgebra_babycry,recanvo__200316_1751_00-09-10.15--00-09-11.57.wav,recanvo:200316_1751_00-09-10.15--00-09-11.57,dysregulated,Baby_Crying,data/raw/babycry/Baby_Crying/recanvo__200316_1751_00-09-10.15--00-09-11.57.wav,CC-BY-4.0,https://huggingface.co/datasets/owlgebra-ai/babycry,1.4190022675736962,44100,2,-1,0.0,1.4190022675736962,ok,1.4190022675736962,44100,2,,659cb968ec4f8d028eb8d2f06af0eb64e75f755944a2c29e2f87a0388d2c3b39,
owlgebra_babycry,recanvo__200124_1828_00-03-36.85--00-03-37.97.wav,recanvo:200124_1828_00-03-36.85--00-03-37.97,dysregulated,Baby_Crying,data/raw/babycry/Baby_Crying/recanvo__200124_1828_00-03-36.85--00-03-37.97.wav,CC-BY-4.0,https://huggingface.co/datasets/owlgebra-ai/babycry,1.1180045351473924,44100,2,-1,0.0,1.1180045351473924,ok,1.1180045351473924,44100,2,,ced2c3bc77fe8e142085287c1acfdf79298688a6d14ec9370568912ec5fb8bb0,
owlgebra_babycry,recanvo__200124_1828_00-14-13.77--00-14-14.93.wav,recanvo:200124_1828_00-14-13.77--00-14-14.93,dysregulated,Baby_Crying,data/raw/babycry/Baby_Crying/recanvo__200124_1828_00-14-13.77--00-14-14.93.wav,CC-BY-4.0,https://huggingface.co/datasets/owlgebra-ai/babycry,1.1550113378684808,44100,2,-1,0.0,1.1550113378684808,ok,1.1550113378684808,44100,2,,242668d32d3c0b597338aa25b6c70c85a2faccdc52a16e92b2f1071c1327106e,
owlgebra_babycry,recanvo__200316_1751_00-02-57.78--00-02-58.74.wav,recanvo:200316_1751_00-02-57.78--00-02-58.74,dysregulated,Baby_Crying,data/raw/babycry/Baby_Crying/recanvo__200316_1751_00-02-57.78--00-02-58.74.wav,CC-BY-4.0,https://huggingface.co/datasets/owlgebra-ai/babycry,0.9560090702947845,44100,2,-1,0.0,0.9560090702947845,ok,0.9560090702947845,44100,2,,d7972b19ef75ea799258409399842ffecfc84aa55624e55810db97a6db93bda5,
owlgebra_babycry,recanvo__200124_1828_00-02-44.09--00-02-45.26.wav,recanvo:200124_1828_00-02-44.09--00-02-45.26,dysregulated,Baby_Crying,data/raw/babycry/Baby_Crying/recanvo__200124_1828_00-02-44.09--00-02-45.26.wav,CC-BY-4.0,https://huggingface.co/datasets/owlgebra-ai/babycry,1.1690022675736962,44100,2,-1,0.0,1.1690022675736962,ok,1.1690022675736962,44100,2,,01c62c36da46c459cb91c6abbd2da56525de3b095c01fc284b0212dff68a812e,
owlgebra_babycry,recanvo__200124_1828_00-04-52.49--00-04-53.54.wav,recanvo:200124_1828_00-04-52.49--00-04-53.54,dysregulated,Baby_Crying,data/raw/babycry/Baby_Crying/recanvo__200124_1828_00-04-52.49--00-04-53.54.wav,CC-BY-4.0,https://huggingface.co/datasets/owlgebra-ai/babycry,1.0570068027210884,44100,2,-1,0.0,1.0570068027210884,ok,1.0570068027210884,44100,2,,e5b3f54534af03b516a1243eb06e7a6c23fa4cedf9f06e027410917c9d312b3a,
owlgebra_babycry,recanvo__200124_1828_00-12-26.41--00-12-27.98.wav,recanvo:200124_1828_00-12-26.41--00-12-27.98,dysregulated,Baby_Crying,data/raw/babycry/Baby_Crying/recanvo__200124_1828_00-12-26.41--00-12-27.98.wav,CC-BY-4.0,https://huggingface.co/datasets/owlgebra-ai/babycry,1.569002267573696,44100,2,-1,0.0,1.569002267573696,ok,1.569002267573696,44100,2,,08b05b02ea9dae941e18a51eb80c8d124e875162eb3edc03d9e3089a64980841,
owlgebra_babycry,recanvo__200316_1751_00-09-00.78399--00-09-03.907.wav,recanvo:200316_1751_00-09-00.78399--00-09-03.907,dysregulated,Baby_Crying,data/raw/babycry/Baby_Crying/recanvo__200316_1751_00-09-00.78399--00-09-03.907.wav,CC-BY-4.0,https://huggingface.co/datasets/owlgebra-ai/babycry,3.1229931972789116,44100,2,-1,0.0,3.1229931972789116,ok,3.1229931972789116,44100,2,,d7a472db2aba3e8d652d10d337edef9f97c2b94cebeecc38cf91f0c7ff2d8da0,
owlgebra_babycry,recanvo__200316_1751_00-03-59.56--00-04-00.38397.wav,recanvo:200316_1751_00-03-59.56--00-04-00.38397,dysregulated,Baby_Crying,data/raw/babycry/Baby_Crying/recanvo__200316_1751_00-03-59.56--00-04-00.38397.wav,CC-BY-4.0,https://huggingface.co/datasets/owlgebra-ai/babycry,0.8279818594104308,44100,2,-1,0.0,0.8279818594104308,ok,0.8279818594104308,44100,2,,a8bf64252301fada123f762c655b7285c5f9f89e2356ed778c336b711529a2af,
owlgebra_babycry,recanvo__200124_1828_00-13-08.79--00-13-09.632.wav,recanvo:200124_1828_00-13-08.79--00-13-09.632,dysregulated,Baby_Crying,data/raw/babycry/Baby_Crying/recanvo__200124_1828_00-13-08.79--00-13-09.632.wav,CC-BY-4.0,https://huggingface.co/datasets/owlgebra-ai/babycry,0.8419954648526077,44100,2,-1,0.0,0.8419954648526077,ok,0.8419954648526077,44100,2,,0b06879f2ef822436b74f0e02d6cff36e2aa084e6ded56c4c27e00aecf78443a,
owlgebra_babycry,recanvo__200316_1751_00-07-19.73--00-07-22.66.wav,recanvo:200316_1751_00-07-19.73--00-07-22.66,dysregulated,Baby_Crying,data/raw/babycry/Baby_Crying/recanvo__200316_1751_00-07-19.73--00-07-22.66.wav,CC-BY-4.0,https://huggingface.co/datasets/owlgebra-ai/babycry,2.9360090702947845,44100,2,-1,0.0,2.9360090702947845,ok,2.9360090702947845,44100,2,,34ddae3bcad6f1ae4b933222b459e00b8e58398f7fe192475edb25bc0397ad68,
owlgebra_babycry,recanvo__200124_1828_00-14-31.26--00-14-31.91.wav,recanvo:200124_1828_00-14-31.26--00-14-31.91,dysregulated,Baby_Crying,data/raw/babycry/Baby_Crying/recanvo__200124_1828_00-14-31.26--00-14-31.91.wav,CC-BY-4.0,https://huggingface.co/datasets/owlgebra-ai/babycry,0.6519954648526077,44100,2,-1,0.0,0.6519954648526077,ok,0.6519954648526077,44100,2,,8199305f0aea2c8b34bfc183da8fb74dc939e5d330c1b57aff8f96243fb31dd8,
owlgebra_babycry,recanvo__200124_1828_00-14-16.9--00-14-18.42.wav,recanvo:200124_1828_00-14-16.9--00-14-18.42,dysregulated,Baby_Crying,data/raw/babycry/Baby_Crying/recanvo__200124_1828_00-14-16.9--00-14-18.42.wav,CC-BY-4.0,https://huggingface.co/datasets/owlgebra-ai/babycry,1.5220181405895692,44100,2,-1,0.0,1.5220181405895692,ok,1.5220181405895692,44100,2,,486348c5e00f7b30ace21fc04996eab769470d93d42a5ed3883d04e7078faee7,
owlgebra_babycry,recanvo__200124_1828_00-09-16.89--00-09-18.17.wav,recanvo:200124_1828_00-09-16.89--00-09-18.17,dysregulated,Baby_Crying,data/raw/babycry/Baby_Crying/recanvo__200124_1828_00-09-16.89--00-09-18.17.wav,CC-BY-4.0,https://huggingface.co/datasets/owlgebra-ai/babycry,1.279002267573696,44100,2,-1,0.0,1.279002267573696,ok,1.279002267573696,44100,2,,ee029051f4eacdcad409c316ae9593cfa12a4ac7e44ae265fb494fb137df68b7,
owlgebra_babycry,recanvo__200316_1751_00-09-15.94--00-09-16.96.wav,recanvo:200316_1751_00-09-15.94--00-09-16.96,dysregulated,Baby_Crying,data/raw/babycry/Baby_Crying/recanvo__200316_1751_00-09-15.94--00-09-16.96.wav,CC-BY-4.0,https://huggingface.co/datasets/owlgebra-ai/babycry,1.0229931972789115,44100,2,-1,0.0,1.0229931972789115,ok,1.0229931972789115,44100,2,,a99ff77878c0c887e4a56ed902d52f551a3d44ce28b355dc130a9341aae8e10c,
owlgebra_babycry,recanvo__200316_1751_00-05-32.05--00-05-36.26.wav,recanvo:200316_1751_00-05-32.05--00-05-36.26,dysregulated,Baby_Crying,data/raw/babycry/Baby_Crying/recanvo__200316_1751_00-05-32.05--00-05-36.26.wav,CC-BY-4.0,https://huggingface.co/datasets/owlgebra-ai/babycry,4.21,44100,2,-1,0.0,4.21,ok,4.21,44100,2,,03b2a760abf16d561f53c203f5dff7f49b8d1b82353c05336ef25d536d19b478,
owlgebra_babycry,recanvo__200124_1828_00-05-00.30399--00-05-02.703.wav,recanvo:200124_1828_00-05-00.30399--00-05-02.703,dysregulated,Baby_Crying,data/raw/babycry/Baby_Crying/recanvo__200124_1828_00-05-00.30399--00-05-02.703.wav,CC-BY-4.0,https://huggingface.co/datasets/owlgebra-ai/babycry,2.399002267573696,44100,2,-1,0.0,2.399002267573696,ok,2.399002267573696,44100,2,,32c497e3deecb06dffab5d324d02ecdf84ebb43c08e8e3effe1dc3963e7a343e,
owlgebra_babycry,recanvo__200124_1828_00-12-20.53--00-12-22.03.wav,recanvo:200124_1828_00-12-20.53--00-12-22.03,dysregulated,Baby_Crying,data/raw/babycry/Baby_Crying/recanvo__200124_1828_00-12-20.53--00-12-22.03.wav,CC-BY-4.0,https://huggingface.co/datasets/owlgebra-ai/babycry,1.4959863945578231,44100,2,-1,0.0,1.4959863945578231,ok,1.4959863945578231,44100,2,,113b67ec1970cbb98ad04d9b2d0257919c080459c2664169865170b972e19c1e,
owlgebra_babycry,recanvo__200316_1751_00-05-41.49--00-05-42.65.wav,recanvo:200316_1751_00-05-41.49--00-05-42.65,dysregulated,Baby_Crying,data/raw/babycry/Baby_Crying/recanvo__200316_1751_00-05-41.49--00-05-42.65.wav,CC-BY-4.0,https://huggingface.co/datasets/owlgebra-ai/babycry,1.1629931972789116,44100,2,-1,0.0,1.1629931972789116,ok,1.1629931972789116,44100,2,,e205fa4d89de80993384cbb2632573ec460e5f21e7f58fc067ccaa97d671f7d2,
owlgebra_babycry,recanvo__200316_1751_00-04-09.305--00-04-10.69.wav,recanvo:200316_1751_00-04-09.305--00-04-10.69,dysregulated,Baby_Crying,data/raw/babycry/Baby_Crying/recanvo__200316_1751_00-04-09.305--00-04-10.69.wav,CC-BY-4.0,https://huggingface.co/datasets/owlgebra-ai/babycry,1.3890022675736962,44100,2,-1,0.0,1.3890022675736962,ok,1.3890022675736962,44100,2,,a43033cdaf51c4f1779010ced762dc2220a6b2b7d896f0ee2bbcf959a414a80c,
owlgebra_babycry,recanvo__200316_1751_00-08-24.71--00-08-25.77.wav,recanvo:200316_1751_00-08-24.71--00-08-25.77,dysregulated,Baby_Crying,data/raw/babycry/Baby_Crying/recanvo__200316_1751_00-08-24.71--00-08-25.77.wav,CC-BY-4.0,https://huggingface.co/datasets/owlgebra-ai/babycry,1.0629931972789115,44100,2,-1,0.0,1.0629931972789115,ok,1.0629931972789115,44100,2,,41619c00c5b8d77d64d27cfe10599b4a87501a2f849cab629588757bd134a542,
owlgebra_babycry,recanvo__200316_1751_00-03-11.05--00-03-12.8.wav,recanvo:200316_1751_00-03-11.05--00-03-12.8,dysregulated,Baby_Crying,data/raw/babycry/Baby_Crying/recanvo__200316_1751_00-03-11.05--00-03-12.8.wav,CC-BY-4.0,https://huggingface.co/datasets/owlgebra-ai/babycry,1.7470068027210883,44100,2,-1,0.0,1.7470068027210883,ok,1.7470068027210883,44100,2,,bc86b2b05d954802abacaa2b313339b26bfca8b99fc57ab12aa9f8f51217fcdc,
owlgebra_babycry,recanvo__200124_1828_00-02-37.77--00-02-38.89.wav,recanvo:200124_1828_00-02-37.77--00-02-38.89,dysregulated,Baby_Crying,data/raw/babycry/Baby_Crying/recanvo__200124_1828_00-02-37.77--00-02-38.89.wav,CC-BY-4.0,https://huggingface.co/datasets/owlgebra-ai/babycry,1.1209977324263039,44100,2,-1,0.0,1.1209977324263039,ok,1.1209977324263039,44100,2,,c47ee2ce97c6b972618b83f7fe5707c87de26dd35bb5b6315260df77238ca4e5,
owlgebra_babycry,recanvo__200124_1828_00-06-48.28--00-06-49.38.wav,recanvo:200124_1828_00-06-48.28--00-06-49.38,dysregulated,Baby_Crying,data/raw/babycry/Baby_Crying/recanvo__200124_1828_00-06-48.28--00-06-49.38.wav,CC-BY-4.0,https://huggingface.co/datasets/owlgebra-ai/babycry,1.103015873015873,44100,2,-1,0.0,1.103015873015873,ok,1.103015873015873,44100,2,,da9b6ce67ff0fbe506b351526fd576889d9a77b637fc3db171921c877987adf8,
owlgebra_babycry,recanvo__200124_1828_00-02-32.46--00-02-33.42.wav,recanvo:200124_1828_00-02-32.46--00-02-33.42,dysregulated,Baby_Crying,data/raw/babycry/Baby_Crying/recanvo__200124_1828_00-02-32.46--00-02-33.42.wav,CC-BY-4.0,https://huggingface.co/datasets/owlgebra-ai/babycry,0.9690022675736961,44100,2,-1,0.0,0.9690022675736961,ok,0.9690022675736961,44100,2,,39f19615c919dcce9db956f62481388a892f9267d3c63816c2c7b6822a93398e,
owlgebra_babycry,recanvo__200316_1751_00-06-55.07--00-06-56.23.wav,recanvo:200316_1751_00-06-55.07--00-06-56.23,dysregulated,Baby_Crying,data/raw/babycry/Baby_Crying/recanvo__200316_1751_00-06-55.07--00-06-56.23.wav,CC-BY-4.0,https://huggingface.co/datasets/owlgebra-ai/babycry,1.155986394557823,44100,2,-1,0.0,1.155986394557823,ok,1.155986394557823,44100,2,,9699cce5f0919fe0374d54eaf4259a8ffadda252fff8c99b72ba4d2ea34fa6de,
owlgebra_babycry,recanvo__200124_1828_00-09-36.55--00-09-37.58.wav,recanvo:200124_1828_00-09-36.55--00-09-37.58,dysregulated,Baby_Crying,data/raw/babycry/Baby_Crying/recanvo__200124_1828_00-09-36.55--00-09-37.58.wav,CC-BY-4.0,https://huggingface.co/datasets/owlgebra-ai/babycry,1.0320181405895692,44100,2,-1,0.0,1.0320181405895692,ok,1.0320181405895692,44100,2,,3968bd6210cb44dfbb6374b77786db147ad90bde6e12f1f0a4598bf80b9f6b59,
owlgebra_babycry,recanvo__200316_1751_00-04-16.32--00-04-17.29.wav,recanvo:200316_1751_00-04-16.32--00-04-17.29,dysregulated,Baby_Crying,data/raw/babycry/Baby_Crying/recanvo__200316_1751_00-04-16.32--00-04-17.29.wav,CC-BY-4.0,https://huggingface.co/datasets/owlgebra-ai/babycry,0.9709977324263038,44100,2,-1,0.0,0.9709977324263038,ok,0.9709977324263038,44100,2,,567302d3aaf969a6d1ec431e294aa509d3834dec21379f58b98dd69a9439deb9,
owlgebra_babycry,recanvo__200316_1751_00-03-51.38--00-03-52.67.wav,recanvo:200316_1751_00-03-51.38--00-03-52.67,dysregulated,Baby_Crying,data/raw/babycry/Baby_Crying/recanvo__200316_1751_00-03-51.38--00-03-52.67.wav,CC-BY-4.0,https://huggingface.co/datasets/owlgebra-ai/babycry,1.2949886621315192,44100,2,-1,0.0,1.2949886621315192,ok,1.2949886621315192,44100,2,,dec0dcefad50bed886cd1fc919db61a07b52aae72ce94ca01b34b881ed15708b,
owlgebra_babycry,recanvo__200306_2047SelfTalk-Frustrated_00-05-28.57--00-05-35.81.wav,recanvo:200306_2047SelfTalk-Frustrated_00-05-28.57--00-05-35.81,dysregulated,Baby_Crying,data/raw/babycry/Baby_Crying/recanvo__200306_2047SelfTalk-Frustrated_00-05-28.57--00-05-35.81.wav,CC-BY-4.0,https://huggingface.co/datasets/owlgebra-ai/babycry,7.239002267573696,44100,2,-1,0.0,7.239002267573696,ok,7.239002267573696,44100,2,,493377200373d325f50681b3afc55623c938066cd9226da4e862f94acb2c9352,
owlgebra_babycry,recanvo__200509_1619_00-00-38.47--00-00-39.14.wav,recanvo:200509_1619_00-00-38.47--00-00-39.14,dysregulation-bathroom,Baby_Crying,data/raw/babycry/Baby_Crying/recanvo__200509_1619_00-00-38.47--00-00-39.14.wav,CC-BY-4.0,https://huggingface.co/datasets/owlgebra-ai/babycry,0.6709977324263039,44100,1,-1,0.0,0.6709977324263039,ok,0.6709977324263039,44100,1,,4f3cce47ec4b0b76b1f6d21ff629fdf3440a3ca3669979e906127e770d908d52,
owlgebra_babycry,recanvo__200509_1619_00-00-45.7--00-00-47.62.wav,recanvo:200509_1619_00-00-45.7--00-00-47.62,dysregulation-bathroom,Baby_Crying,data/raw/babycry/Baby_Crying/recanvo__200509_1619_00-00-45.7--00-00-47.62.wav,CC-BY-4.0,https://huggingface.co/datasets/owlgebra-ai/babycry,1.9150113378684808,44100,1,-1,0.0,1.9150113378684808,ok,1.9150113378684808,44100,1,,a49f09b4190b301d66c5b4b59a891f2980735c62a4502fa8bce97dbdb1a4aa37,
owlgebra_babycry,recanvo__200509_1621_00-00-02.83--00-00-04.01.wav,recanvo:200509_1621_00-00-02.83--00-00-04.01,dysregulation-bathroom,Baby_Crying,data/raw/babycry/Baby_Crying/recanvo__200509_1621_00-00-02.83--00-00-04.01.wav,CC-BY-4.0,https://huggingface.co/datasets/owlgebra-ai/babycry,1.1819954648526076,44100,1,-1,0.0,1.1819954648526076,ok,1.1819954648526076,44100,1,,7fc0e2fbbf755d590d34a6437ee093ad4635969e1bd10fd6be76165a02d07854,
owlgebra_babycry,recanvo__200509_1621_00-00-13.16--00-00-14.68.wav,recanvo:200509_1621_00-00-13.16--00-00-14.68,dysregulation-bathroom,Baby_Crying,data/raw/babycry/Baby_Crying/recanvo__200509_1621_00-00-13.16--00-00-14.68.wav,CC-BY-4.0,https://huggingface.co/datasets/owlgebra-ai/babycry,1.5209977324263038,44100,1,-1,0.0,1.5209977324263038,ok,1.5209977324263038,44100,1,,ce045f32a0eb5e05fa09e9ca69eb3ce40f8754f8435fc39b7ca207e988d2095b,
owlgebra_babycry,recanvo__200509_1619_00-00-35.57--00-00-37.04.wav,recanvo:200509_1619_00-00-35.57--00-00-37.04,dysregulation-bathroom,Baby_Crying,data/raw/babycry/Baby_Crying/recanvo__200509_1619_00-00-35.57--00-00-37.04.wav,CC-BY-4.0,https://huggingface.co/datasets/owlgebra-ai/babycry,1.4729931972789116,44100,1,-1,0.0,1.4729931972789116,ok,1.4729931972789116,44100,1,,596cf0b22ecc5819d63d1e446b1818f04e17530e62f58dafd480a85c3d8ffe76,
owlgebra_babycry,recanvo__200509_1619_00-01-04.84--00-01-05.95.wav,recanvo:200509_1619_00-01-04.84--00-01-05.95,dysregulation-bathroom,Baby_Crying,data/raw/babycry/Baby_Crying/recanvo__200509_1619_00-01-04.84--00-01-05.95.wav,CC-BY-4.0,https://huggingface.co/datasets/owlgebra-ai/babycry,1.1059863945578232,44100,1,-1,0.0,1.1059863945578232,ok,1.1059863945578232,44100,1,,b4c8225e427f3d8ec25cfcc102efc36234c248e4d4211a38298543e50678cebc,
owlgebra_babycry,recanvo__200509_1619_00-00-20.35--00-00-21.34.wav,recanvo:200509_1619_00-00-20.35--00-00-21.34,dysregulation-bathroom,Baby_Crying,data/raw/babycry/Baby_Crying/recanvo__200509_1619_00-00-20.35--00-00-21.34.wav,CC-BY-4.0,https://huggingface.co/datasets/owlgebra-ai/babycry,0.9909977324263038,44100,1,-1,0.0,0.9909977324263038,ok,0.9909977324263038,44100,1,,50e6b70a845f58f02d231d9123b81603cd1d2bc57c9198f266b94532375988ad,
owlgebra_babycry,recanvo__200509_1619_00-00-43.19--00-00-44.8.wav,recanvo:200509_1619_00-00-43.19--00-00-44.8,dysregulation-bathroom,Baby_Crying,data/raw/babycry/Baby_Crying/recanvo__200509_1619_00-00-43.19--00-00-44.8.wav,CC-BY-4.0,https://huggingface.co/datasets/owlgebra-ai/babycry,1.61,44100,1,-1,0.0,1.61,ok,1.61,44100,1,,e3495ebaf4eebc504aab064a0abb1c7e34b51f84defdf6009f50c89bde02d7d0,
owlgebra_babycry,recanvo__200509_1619_00-00-28.62--00-00-30.1.wav,recanvo:200509_1619_00-00-28.62--00-00-30.1,dysregulation-bathroom,Baby_Crying,data/raw/babycry/Baby_Crying/recanvo__200509_1619_00-00-28.62--00-00-30.1.wav,CC-BY-4.0,https://huggingface.co/datasets/owlgebra-ai/babycry,1.48,44100,1,-1,0.0,1.48,ok,1.48,44100,1,,cfa74d82bb2386115e18637d0849e3910d9c9a1d10113febdfc06128452829dd,
owlgebra_babycry,recanvo__200509_1619_00-00-25.64--00-00-27.08.wav,recanvo:200509_1619_00-00-25.64--00-00-27.08,dysregulation-bathroom,Baby_Crying,data/raw/babycry/Baby_Crying/recanvo__200509_1619_00-00-25.64--00-00-27.08.wav,CC-BY-4.0,https://huggingface.co/datasets/owlgebra-ai/babycry,1.4390022675736962,44100,1,-1,0.0,1.4390022675736962,ok,1.4390022675736962,44100,1,,bd982a4d2ea8cbc8042a9156021300b970b7e0a3fb3f1dec85caeac3b467956a,
owlgebra_babycry,recanvo__200509_1619_00-00-48.85--00-00-49.96.wav,recanvo:200509_1619_00-00-48.85--00-00-49.96,dysregulation-bathroom,Baby_Crying,data/raw/babycry/Baby_Crying/recanvo__200509_1619_00-00-48.85--00-00-49.96.wav,CC-BY-4.0,https://huggingface.co/datasets/owlgebra-ai/babycry,1.1170068027210884,44100,1,-1,0.0,1.1170068027210884,ok,1.1170068027210884,44100,1,,b611ae16c3c417abe61e13ced79b6508cb8e4c9ac687a5eea035a85feadfadf1,
owlgebra_babycry,recanvo__200509_1619_00-01-08.11--00-01-10.14.wav,recanvo:200509_1619_00-01-08.11--00-01-10.14,dysregulation-bathroom,Baby_Crying,data/raw/babycry/Baby_Crying/recanvo__200509_1619_00-01-08.11--00-01-10.14.wav,CC-BY-4.0,https://huggingface.co/datasets/owlgebra-ai/babycry,2.038004535147392,44100,1,-1,0.0,2.038004535147392,ok,2.038004535147392,44100,1,,4172051d3d468630a3ad4e4b9fb738b0e6119a09535fdf014ba47ea51a59ced0,
