source_dataset,source_file,source_id,original_label,project_class,local_path,license,source_url,duration,sample_rate,channels,fold,start,end,validation_status,v_duration,v_sample_rate,v_channels,v_peak,v_sha256,v_notes
ESC-50,1-101336-A-30.wav,101336,door_wood_knock,Knocking,data\raw\esc50\Knocking\1-101336-A-30.wav,CC BY-NC 3.0 (ESC-50); ESC-10 subset CC BY 3.0,https://github.com/karolpiczak/ESC-50/blob/master/audio/1-101336-A-30.wav,5.0,44100,1,1,0.0,5.0,ok,5.0,44100,1,1.0,e738266e395e378102f74e0920b05ff5937543788420d5b2a6b8d3df8bdb3910,
ESC-50,1-103995-A-30.wav,103995,door_wood_knock,Knocking,data\raw\esc50\Knocking\1-103995-A-30.wav,CC BY-NC 3.0 (ESC-50); ESC-10 subset CC BY 3.0,https://github.com/karolpiczak/ESC-50/blob/master/audio/1-103995-A-30.wav,5.0,44100,1,1,0.0,5.0,ok,5.0,44100,1,1.0,1c1d3e65b7a58658766180d2faeeb9bdd1fe7405119bf100d9cd2f671a6e2b11,
ESC-50,1-103999-A-30.wav,103999,door_wood_knock,Knocking,data\raw\esc50\Knocking\1-103999-A-30.wav,CC BY-NC 3.0 (ESC-50); ESC-10 subset CC BY 3.0,https://github.com/karolpiczak/ESC-50/blob/master/audio/1-103999-A-30.wav,5.0,44100,1,1,0.0,5.0,ok,5.0,44100,1,0.852142,f33db9ec0b036d0dd17c911d456c33a59c0fc85974245a85fed56b8d2568724e,
ESC-50,1-11687-A-47.wav,11687,airplane,Aircraft,data\raw\esc50\Aircraft\1-11687-A-47.wav,CC BY-NC 3.0 (ESC-50); ESC-10 subset CC BY 3.0,https://github.com/karolpiczak/ESC-50/blob/master/audio/1-11687-A-47.wav,5.0,44100,1,1,0.0,5.0,ok,5.0,44100,1,1.0,e622a52d904f2ec8f39c78e6f2487b84a14a927d1f9852e67a4c3c8e5dcf9419,
ESC-50,1-119125-A-45.wav,119125,train,Train,data\raw\esc50\Train\1-119125-A-45.wav,CC BY-NC 3.0 (ESC-50); ESC-10 subset CC BY 3.0,https://github.com/karolpiczak/ESC-50/blob/master/audio/1-119125-A-45.wav,5.0,44100,1,1,0.0,5.0,ok,5.0,44100,1,0.685699,d78fe04767546d49b741d9d7df6173152e06dcb4224d70f350c3cb73768f265d,
ESC-50,1-13613-A-37.wav,13613,clock_alarm,Alarm,data\raw\esc50\Alarm\1-13613-A-37.wav,CC BY-NC 3.0 (ESC-50); ESC-10 subset CC BY 3.0,https://github.com/karolpiczak/ESC-50/blob/master/audio/1-13613-A-37.wav,5.0,44100,1,1,0.0,5.0,ok,5.0,44100,1,0.843262,2e28b25e14611723cdcc0becfa36468a8d0329a0c141e4f1d894bd6bb5773f34,
ESC-50,1-155858-A-25.wav,155858,footsteps,Footsteps,data\raw\esc50\Footsteps\1-155858-A-25.wav,CC BY-NC 3.0 (ESC-50); ESC-10 subset CC BY 3.0,https://github.com/karolpiczak/ESC-50/blob/master/audio/1-155858-A-25.wav,5.0,44100,1,1,0.0,5.0,ok,5.0,44100,1,0.967468,cb90f52c7fe7d0d994941b2e6de555cb36e898fb49b52cc31f08401ac464e7c6,
ESC-50,1-155858-B-25.wav,155858,footsteps,Footsteps,data\raw\esc50\Footsteps\1-155858-B-25.wav,CC BY-NC 3.0 (ESC-50); ESC-10 subset CC BY 3.0,https://github.com/karolpiczak/ESC-50/blob/master/audio/1-155858-B-25.wav,5.0,44100,1,1,0.0,5.0,ok,5.0,44100,1,0.557556,234358f787b98c5903fcf56f7fc4c97fda2b4f0ad5311bd35f9c6c6c9a4b2277,
ESC-50,1-155858-C-25.wav,155858,footsteps,Footsteps,data\raw\esc50\Footsteps\1-155858-C-25.wav,CC BY-NC 3.0 (ESC-50); ESC-10 subset CC BY 3.0,https://github.com/karolpiczak/ESC-50/blob/master/audio/1-155858-C-25.wav,5.0,44100,1,1,0.0,5.0,ok,5.0,44100,1,0.9729,47c7c305285136b8a3673f0143e42d832eec4ab1c907d2492396c4aa13943426,
ESC-50,1-155858-D-25.wav,155858,footsteps,Footsteps,data\raw\esc50\Footsteps\1-155858-D-25.wav,CC BY-NC 3.0 (ESC-50); ESC-10 subset CC BY 3.0,https://github.com/karolpiczak/ESC-50/blob/master/audio/1-155858-D-25.wav,5.0,44100,1,1,0.0,5.0,ok,5.0,44100,1,0.796478,1842d2cc95f18f873b159b41ade87620b9e3232098947528d80af1e60380d25a,
ESC-50,1-155858-E-25.wav,155858,footsteps,Footsteps,data\raw\esc50\Footsteps\1-155858-E-25.wav,CC BY-NC 3.0 (ESC-50); ESC-10 subset CC BY 3.0,https://github.com/karolpiczak/ESC-50/blob/master/audio/1-155858-E-25.wav,5.0,44100,1,1,0.0,5.0,ok,5.0,44100,1,0.979004,f20bcbe29484e399bda52e2e2dba9de478ae0147a7b588242b0d6acc1534b9d9,
ESC-50,1-155858-F-25.wav,155858,footsteps,Footsteps,data\raw\esc50\Footsteps\1-155858-F-25.wav,CC BY-NC 3.0 (ESC-50); ESC-10 subset CC BY 3.0,https://github.com/karolpiczak/ESC-50/blob/master/audio/1-155858-F-25.wav,5.0,44100,1,1,0.0,5.0,ok,5.0,44100,1,0.605896,ced56c4dbe120cc2d6121232b73ddff8f79a1b1b9da69cb0765ebfc261998ba5,
ESC-50,1-172649-A-40.wav,172649,helicopter,Aircraft,data\raw\esc50\Aircraft\1-172649-A-40.wav,CC BY-NC 3.0 (ESC-50); ESC-10 subset CC BY 3.0,https://github.com/karolpiczak/ESC-50/blob/master/audio/1-172649-A-40.wav,5.0,44100,1,1,0.0,5.0,ok,5.0,44100,1,0.868774,23ad50d792907e1caa894e6e31bb623938ae0417606b830b433da11ca2ecb2f4,
ESC-50,1-172649-B-40.wav,172649,helicopter,Aircraft,data\raw\esc50\Aircraft\1-172649-B-40.wav,CC BY-NC 3.0 (ESC-50); ESC-10 subset CC BY 3.0,https://github.com/karolpiczak/ESC-50/blob/master/audio/1-172649-B-40.wav,5.0,44100,1,1,0.0,5.0,ok,5.0,44100,1,0.873566,ca32a4cd05246a83b4ede5ecd48d05de0fd026169002f786f28de7eaa3693630,
ESC-50,1-172649-C-40.wav,172649,helicopter,Aircraft,data\raw\esc50\Aircraft\1-172649-C-40.wav,CC BY-NC 3.0 (ESC-50); ESC-10 subset CC BY 3.0,https://github.com/karolpiczak/ESC-50/blob/master/audio/1-172649-C-40.wav,5.0,44100,1,1,0.0,5.0,ok,5.0,44100,1,0.761871,9bc5e8a84cc1beb275a81d8041faaf0c6b0681c6a6962972c85e5c8e54a03a89,
ESC-50,1-172649-D-40.wav,172649,helicopter,Aircraft,data\raw\esc50\Aircraft\1-172649-D-40.wav,CC BY-NC 3.0 (ESC-50); ESC-10 subset CC BY 3.0,https://github.com/karolpiczak/ESC-50/blob/master/audio/1-172649-D-40.wav,5.0,44100,1,1,0.0,5.0,ok,5.0,44100,1,0.878265,0c742933bef2f80b0bde223bbd00bf92013b0130fc0ebfb139d873774118af6f,
ESC-50,1-172649-E-40.wav,172649,helicopter,Aircraft,data\raw\esc50\Aircraft\1-172649-E-40.wav,CC BY-NC 3.0 (ESC-50); ESC-10 subset CC BY 3.0,https://github.com/karolpiczak/ESC-50/blob/master/audio/1-172649-E-40.wav,5.0,44100,1,1,0.0,5.0,ok,5.0,44100,1,0.906067,2fa49f370f70849805b2467339431682860ac025c2beccfd4afaaa9939dc63c7,
ESC-50,1-172649-F-40.wav,172649,helicopter,Aircraft,data\raw\esc50\Aircraft\1-172649-F-40.wav,CC BY-NC 3.0 (ESC-50); ESC-10 subset CC BY 3.0,https://github.com/karolpiczak/ESC-50/blob/master/audio/1-172649-F-40.wav,5.0,44100,1,1,0.0,5.0,ok,5.0,44100,1,0.959595,02635aac12a85ba006c6558dd11246a2afed7e123cc42c3e14a5ab4081a22d71,
ESC-50,1-181071-A-40.wav,181071,helicopter,Aircraft,data\raw\esc50\Aircraft\1-181071-A-40.wav,CC BY-NC 3.0 (ESC-50); ESC-10 subset CC BY 3.0,https://github.com/karolpiczak/ESC-50/blob/master/audio/1-181071-A-40.wav,5.0,44100,1,1,0.0,5.0,ok,5.0,44100,1,0.920776,5faf5c216d7573ba4f0a07c5495d3666925c5287b97752341661614ea68d87dd,
ESC-50,1-181071-B-40.wav,181071,helicopter,Aircraft,data\raw\esc50\Aircraft\1-181071-B-40.wav,CC BY-NC 3.0 (ESC-50); ESC-10 subset CC BY 3.0,https://github.com/karolpiczak/ESC-50/blob/master/audio/1-181071-B-40.wav,5.0,44100,1,1,0.0,5.0,ok,5.0,44100,1,0.892395,6727248f265e7f9d179c6b72e85f8d2cbc4a31edcac27492036422116bb1673d,
ESC-50,1-187207-A-20.wav,187207,crying_baby,Baby_Crying,data\raw\esc50\Baby_Crying\1-187207-A-20.wav,CC BY-NC 3.0 (ESC-50); ESC-10 subset CC BY 3.0,https://github.com/karolpiczak/ESC-50/blob/master/audio/1-187207-A-20.wav,5.0,44100,1,1,0.0,5.0,ok,5.0,44100,1,0.94281,ddf5bf45f73bc73d1838bf0cb6af530584f324aef513112ee15c210e83ecbd6b,
ESC-50,1-20133-A-39.wav,20133,glass_breaking,Glass_Breaking,data\raw\esc50\Glass_Breaking\1-20133-A-39.wav,CC BY-NC 3.0 (ESC-50); ESC-10 subset CC BY 3.0,https://github.com/karolpiczak/ESC-50/blob/master/audio/1-20133-A-39.wav,5.0,44100,1,1,0.0,5.0,ok,5.0,44100,1,1.0,db6946133c37fbd4513fe932dbb71e0b077bf7d240beaed339eb6c88e48c903b,
ESC-50,1-211527-A-20.wav,211527,crying_baby,Baby_Crying,data\raw\esc50\Baby_Crying\1-211527-A-20.wav,CC BY-NC 3.0 (ESC-50); ESC-10 subset CC BY 3.0,https://github.com/karolpiczak/ESC-50/blob/master/audio/1-211527-A-20.wav,5.0,44100,1,1,0.0,5.0,ok,5.0,44100,1,0.781189,3cbcd59a0db21f0ed8c252c74ea1bc193117d2c13ed99821885c46c564010b3e,
ESC-50,1-211527-B-20.wav,211527,crying_baby,Baby_Crying,data\raw\esc50\Baby_Crying\1-211527-B-20.wav,CC BY-NC 3.0 (ESC-50); ESC-10 subset CC BY 3.0,https://github.com/karolpiczak/ESC-50/blob/master/audio/1-211527-B-20.wav,5.0,44100,1,1,0.0,5.0,ok,5.0,44100,1,0.772095,935be6bfdd4e24f767f5af092bb88c9a6ac000b926f1fe9075b66ebed907c8c0,
ESC-50,1-211527-C-20.wav,211527,crying_baby,Baby_Crying,data\raw\esc50\Baby_Crying\1-211527-C-20.wav,CC BY-NC 3.0 (ESC-50); ESC-10 subset CC BY 3.0,https://github.com/karolpiczak/ESC-50/blob/master/audio/1-211527-C-20.wav,5.0,44100,1,1,0.0,5.0,ok,5.0,44100,1,0.757385,165fa383fbfd24ea4455a84802a78970f02c3461677c23fabecd647c3c675dbc,
ESC-50,1-223162-A-25.wav,223162,footsteps,Footsteps,data\raw\esc50\Footsteps\1-223162-A-25.wav,CC BY-NC 3.0 (ESC-50); ESC-10 subset CC BY 3.0,https://github.com/karolpiczak/ESC-50/blob/master/audio/1-223162-A-25.wav,5.0,44100,1,1,0.0,5.0,ok,5.0,44100,1,0.976105,4e0e2251d9819f49e8d9ee6c4106f9e4de95995e336be88c517269d57cda39b0,
ESC-50,1-22694-A-20.wav,22694,crying_baby,Baby_Crying,data\raw\esc50\Baby_Crying\1-22694-A-20.wav,CC BY-NC 3.0 (ESC-50); ESC-10 subset CC BY 3.0,https://github.com/karolpiczak/ESC-50/blob/master/audio/1-22694-A-20.wav,5.0,44100,1,1,0.0,5.0,ok,5.0,44100,1,0.867188,e97893bf8a391f769576ee70497ba51640d3bc646cbf20e719f6d22cc033b2e3,
ESC-50,1-22694-B-20.wav,22694,crying_baby,Baby_Crying,data\raw\esc50\Baby_Crying\1-22694-B-20.wav,CC BY-NC 3.0 (ESC-50); ESC-10 subset CC BY 3.0,https://github.com/karolpiczak/ESC-50/blob/master/audio/1-22694-B-20.wav,5.0,44100,1,1,0.0,5.0,ok,5.0,44100,1,0.73877,cf7f480ac6fe0f61ed436d230200ca160f0c936c70009f3622b71c432af8b5ce,
ESC-50,1-24796-A-47.wav,24796,airplane,Aircraft,data\raw\esc50\Aircraft\1-24796-A-47.wav,CC BY-NC 3.0 (ESC-50); ESC-10 subset CC BY 3.0,https://github.com/karolpiczak/ESC-50/blob/master/audio/1-24796-A-47.wav,5.0,44100,1,1,0.0,5.0,ok,5.0,44100,1,1.0,68937dd7e09efa68aa4afe588e933fd77fd60558c337c241f072e2cd99b5fe03,
ESC-50,1-26188-A-30.wav,26188,door_wood_knock,Knocking,data\raw\esc50\Knocking\1-26188-A-30.wav,CC BY-NC 3.0 (ESC-50); ESC-10 subset CC BY 3.0,https://github.com/karolpiczak/ESC-50/blob/master/audio/1-26188-A-30.wav,5.0,44100,1,1,0.0,5.0,ok,5.0,44100,1,0.866669,655277d3f1c75ddc67aada3ab350bd6029fea04d288b9c747e10bc84cc802de1,
ESC-50,1-36929-A-47.wav,36929,airplane,Aircraft,data\raw\esc50\Aircraft\1-36929-A-47.wav,CC BY-NC 3.0 (ESC-50); ESC-10 subset CC BY 3.0,https://github.com/karolpiczak/ESC-50/blob/master/audio/1-36929-A-47.wav,5.0,44100,1,1,0.0,5.0,ok,5.0,44100,1,1.0,72360c7f354882ce449334f83b2e4f498b2b92a95a6c42bc4fc9b9a011e0db48,
ESC-50,1-43807-A-47.wav,43807,airplane,Aircraft,data\raw\esc50\Aircraft\1-43807-A-47.wav,CC BY-NC 3.0 (ESC-50); ESC-10 subset CC BY 3.0,https://github.com/karolpiczak/ESC-50/blob/master/audio/1-43807-A-47.wav,5.0,44100,1,1,0.0,5.0,ok,5.0,44100,1,0.999969,6db3e1268af65c1bcb0df1d0e8f78fe1515eedd8da1d883977fdf99624730a81,
ESC-50,1-43807-B-47.wav,43807,airplane,Aircraft,data\raw\esc50\Aircraft\1-43807-B-47.wav,CC BY-NC 3.0 (ESC-50); ESC-10 subset CC BY 3.0,https://github.com/karolpiczak/ESC-50/blob/master/audio/1-43807-B-47.wav,5.0,44100,1,1,0.0,5.0,ok,5.0,44100,1,0.329437,d7f12a93132fafca51d57d73a1627a313d7de3d5f07641886c34acbfd9579412,
ESC-50,1-43807-C-47.wav,43807,airplane,Aircraft,data\raw\esc50\Aircraft\1-43807-C-47.wav,CC BY-NC 3.0 (ESC-50); ESC-10 subset CC BY 3.0,https://github.com/karolpiczak/ESC-50/blob/master/audio/1-43807-C-47.wav,5.0,44100,1,1,0.0,5.0,ok,5.0,44100,1,0.22937,a89487592def765106789abc787d7eb1268dea9e9fa22a82e3c583c1bbfd9549,
ESC-50,1-43807-D-47.wav,43807,airplane,Aircraft,data\raw\esc50\Aircraft\1-43807-D-47.wav,CC BY-NC 3.0 (ESC-50); ESC-10 subset CC BY 3.0,https://github.com/karolpiczak/ESC-50/blob/master/audio/1-43807-D-47.wav,5.0,44100,1,1,0.0,5.0,ok,5.0,44100,1,0.999969,10cc40140a467bf0bedc2728b4678884bf9b79ab0a36242977f88aca8c7a1b99,
ESC-50,1-51147-A-25.wav,51147,footsteps,Footsteps,data\raw\esc50\Footsteps\1-51147-A-25.wav,CC BY-NC 3.0 (ESC-50); ESC-10 subset CC BY 3.0,https://github.com/karolpiczak/ESC-50/blob/master/audio/1-51147-A-25.wav,5.0,44100,1,1,0.0,5.0,ok,5.0,44100,1,0.829559,c5c88b84b54d976693bf3c55575d065986a00e46362f6b111536fcfae7fabb1d,
ESC-50,1-52290-A-30.wav,52290,door_wood_knock,Knocking,data\raw\esc50\Knocking\1-52290-A-30.wav,CC BY-NC 3.0 (ESC-50); ESC-10 subset CC BY 3.0,https://github.com/karolpiczak/ESC-50/blob/master/audio/1-52290-A-30.wav,5.0,44100,1,1,0.0,5.0,ok,5.0,44100,1,0.228821,09082f42b1ee2bc467eab41e2251419eb29fbf0b8bb7ab72a4b04812641c5dc6,
ESC-50,1-53467-A-47.wav,53467,airplane,Aircraft,data\raw\esc50\Aircraft\1-53467-A-47.wav,CC BY-NC 3.0 (ESC-50); ESC-10 subset CC BY 3.0,https://github.com/karolpiczak/ESC-50/blob/master/audio/1-53467-A-47.wav,5.0,44100,1,1,0.0,5.0,ok,5.0,44100,1,0.613586,d30d4483ea3579a4a1d20d28c118c952b930000726b7d94941e2efc358fe895f,
ESC-50,1-54065-A-45.wav,54065,train,Train,data\raw\esc50\Train\1-54065-A-45.wav,CC BY-NC 3.0 (ESC-50); ESC-10 subset CC BY 3.0,https://github.com/karolpiczak/ESC-50/blob/master/audio/1-54065-A-45.wav,5.0,44100,1,1,0.0,5.0,ok,5.0,44100,1,0.787933,db5b6aaa683dcc52b4868e3ad6799a1d2093228326283605aae671c0942fe9b1,
ESC-50,1-54065-B-45.wav,54065,train,Train,data\raw\esc50\Train\1-54065-B-45.wav,CC BY-NC 3.0 (ESC-50); ESC-10 subset CC BY 3.0,https://github.com/karolpiczak/ESC-50/blob/master/audio/1-54065-B-45.wav,5.0,44100,1,1,0.0,5.0,ok,5.0,44100,1,1.0,984af507babc3cfb1097b754cb49811b49d7da308060d3c7d63191c70768a59f,
ESC-50,1-60997-A-20.wav,60997,crying_baby,Baby_Crying,data\raw\esc50\Baby_Crying\1-60997-A-20.wav,CC BY-NC 3.0 (ESC-50); ESC-10 subset CC BY 3.0,https://github.com/karolpiczak/ESC-50/blob/master/audio/1-60997-A-20.wav,5.0,44100,1,1,0.0,5.0,ok,5.0,44100,1,0.811127,6e225fdade2a26e8477eab8f3d9058537cd919de78fd1a2dcb029dcc014ce744,
ESC-50,1-60997-B-20.wav,60997,crying_baby,Baby_Crying,data\raw\esc50\Baby_Crying\1-60997-B-20.wav,CC BY-NC 3.0 (ESC-50); ESC-10 subset CC BY 3.0,https://github.com/karolpiczak/ESC-50/blob/master/audio/1-60997-B-20.wav,5.0,44100,1,1,0.0,5.0,ok,5.0,44100,1,0.78717,2de04b4d958ab53a2f66653f66bc640757bb07cacbb1a614c28777f505c9aa20,
ESC-50,1-62509-A-45.wav,62509,train,Train,data\raw\esc50\Train\1-62509-A-45.wav,CC BY-NC 3.0 (ESC-50); ESC-10 subset CC BY 3.0,https://github.com/karolpiczak/ESC-50/blob/master/audio/1-62509-A-45.wav,5.0,44100,1,1,0.0,5.0,ok,5.0,44100,1,0.57901,03b1aeb6ccec6537abb404a569ec44c53d0f9eaada3f1d97f396293e9757cb24,
ESC-50,1-64473-A-45.wav,64473,train,Train,data\raw\esc50\Train\1-64473-A-45.wav,CC BY-NC 3.0 (ESC-50); ESC-10 subset CC BY 3.0,https://github.com/karolpiczak/ESC-50/blob/master/audio/1-64473-A-45.wav,5.0,44100,1,1,0.0,5.0,ok,5.0,44100,1,1.0,51db6d6c1d2bb8ed7146ecb8c151b76980f50f30ea2f112fe1f46937b9c88d7f,
ESC-50,1-67033-A-37.wav,67033,clock_alarm,Alarm,data\raw\esc50\Alarm\1-67033-A-37.wav,CC BY-NC 3.0 (ESC-50); ESC-10 subset CC BY 3.0,https://github.com/karolpiczak/ESC-50/blob/master/audio/1-67033-A-37.wav,5.0,44100,1,1,0.0,5.0,ok,5.0,44100,1,0.342743,e00a8c065c7797e35ac9857dfdd8ae4272a22cc1a41af0ed245068774a8b9cea,
ESC-50,1-70300-A-45.wav,70300,train,Train,data\raw\esc50\Train\1-70300-A-45.wav,CC BY-NC 3.0 (ESC-50); ESC-10 subset CC BY 3.0,https://github.com/karolpiczak/ESC-50/blob/master/audio/1-70300-A-45.wav,5.0,44100,1,1,0.0,5.0,ok,5.0,44100,1,1.0,d3c46076aad0fc1fff1fd824f239b549f5c28e7339d2d07c6c922df5271b8789,
ESC-50,1-72195-A-37.wav,72195,clock_alarm,Alarm,data\raw\esc50\Alarm\1-72195-A-37.wav,CC BY-NC 3.0 (ESC-50); ESC-10 subset CC BY 3.0,https://github.com/karolpiczak/ESC-50/blob/master/audio/1-72195-A-37.wav,5.0,44100,1,1,0.0,5.0,ok,5.0,44100,1,1.0,d4bf2130de0d593abb7cd7c96867e4f26a3ae266cf07413a3a7804781d221d02,
ESC-50,1-72195-B-37.wav,72195,clock_alarm,Alarm,data\raw\esc50\Alarm\1-72195-B-37.wav,CC BY-NC 3.0 (ESC-50); ESC-10 subset CC BY 3.0,https://github.com/karolpiczak/ESC-50/blob/master/audio/1-72195-B-37.wav,5.0,44100,1,1,0.0,5.0,ok,5.0,44100,1,1.0,e7aab3836068e1776bc2a16086b49e57046d728812b4ed9989053ebc705a4f7e,
ESC-50,1-74517-A-37.wav,74517,clock_alarm,Alarm,data\raw\esc50\Alarm\1-74517-A-37.wav,CC BY-NC 3.0 (ESC-50); ESC-10 subset CC BY 3.0,https://github.com/karolpiczak/ESC-50/blob/master/audio/1-74517-A-37.wav,5.0,44100,1,1,0.0,5.0,ok,5.0,44100,1,0.813324,119c27838962b7aee90e1d26fbad8a7da2977da8f788d79a1ada43d27f15e4aa,
ESC-50,1-81001-A-30.wav,81001,door_wood_knock,Knocking,data\raw\esc50\Knocking\1-81001-A-30.wav,CC BY-NC 3.0 (ESC-50); ESC-10 subset CC BY 3.0,https://github.com/karolpiczak/ESC-50/blob/master/audio/1-81001-A-30.wav,5.0,44100,1,1,0.0,5.0,ok,5.0,44100,1,1.0,9f3bb3b76f7094b8f0df0385cc1feb208b55823efb08ab0cc50799a303400f48,
ESC-50,1-81001-B-30.wav,81001,door_wood_knock,Knocking,data\raw\esc50\Knocking\1-81001-B-30.wav,CC BY-NC 3.0 (ESC-50); ESC-10 subset CC BY 3.0,https://github.com/karolpiczak/ESC-50/blob/master/audio/1-81001-B-30.wav,5.0,44100,1,1,0.0,5.0,ok,5.0,44100,1,1.0,bab8493c0ffff799ecfc8f1f112ec52a9efbf522535ad0007dedaf53e9c766b9,
ESC-50,1-82817-A-30.wav,82817,door_wood_knock,Knocking,data\raw\esc50\Knocking\1-82817-A-30.wav,CC BY-NC 3.0 (ESC-50); ESC-10 subset CC BY 3.0,https://github.com/karolpiczak/ESC-50/blob/master/audio/1-82817-A-30.wav,5.0,44100,1,1,0.0,5.0,ok,5.0,44100,1,0.926605,acfb2591c6a5430b3abbfe59c8a3c866e849576bb4327ac668721b91367220cf,
ESC-50,1-84536-A-39.wav,84536,glass_breaking,Glass_Breaking,data\raw\esc50\Glass_Breaking\1-84536-A-39.wav,CC BY-NC 3.0 (ESC-50); ESC-10 subset CC BY 3.0,https://github.com/karolpiczak/ESC-50/blob/master/audio/1-84536-A-39.wav,5.0,44100,1,1,0.0,5.0,ok,5.0,44100,1,1.0,79efba4c0c54acadc88783e83b428fc9c430db94515b25339a6b5598e2ade0c0,
ESC-50,1-84704-A-39.wav,84704,glass_breaking,Glass_Breaking,data\raw\esc50\Glass_Breaking\1-84704-A-39.wav,CC BY-NC 3.0 (ESC-50); ESC-10 subset CC BY 3.0,https://github.com/karolpiczak/ESC-50/blob/master/audio/1-84704-A-39.wav,5.0,44100,1,1,0.0,5.0,ok,5.0,44100,1,1.0,c3e1abf0273f02b5f89e7d51cb890f3ad1575dc55fe1023650b0860b6f3abd15,
ESC-50,1-84705-A-39.wav,84705,glass_breaking,Glass_Breaking,data\raw\esc50\Glass_Breaking\1-84705-A-39.wav,CC BY-NC 3.0 (ESC-50); ESC-10 subset CC BY 3.0,https://github.com/karolpiczak/ESC-50/blob/master/audio/1-84705-A-39.wav,5.0,44100,1,1,0.0,5.0,ok,5.0,44100,1,1.0,e8cc52dd91213cd69031e10c0fe15f77230f588ececb13cc7c906c43ece32336,
ESC-50,1-85168-A-39.wav,85168,glass_breaking,Glass_Breaking,data\raw\esc50\Glass_Breaking\1-85168-A-39.wav,CC BY-NC 3.0 (ESC-50); ESC-10 subset CC BY 3.0,https://github.com/karolpiczak/ESC-50/blob/master/audio/1-85168-A-39.wav,5.0,44100,1,1,0.0,5.0,ok,5.0,44100,1,1.0,08fcf5a7656cc1c824122aba2a7dd1107130a0f9d6f3e3b73e7d06575b246ed5,
ESC-50,1-85184-A-39.wav,85184,glass_breaking,Glass_Breaking,data\raw\esc50\Glass_Breaking\1-85184-A-39.wav,CC BY-NC 3.0 (ESC-50); ESC-10 subset CC BY 3.0,https://github.com/karolpiczak/ESC-50/blob/master/audio/1-85184-A-39.wav,5.0,44100,1,1,0.0,5.0,ok,5.0,44100,1,1.0,aafacfae6a441ba21f4c76a11042726f933272709a099a54a15a905a1d65b837,
ESC-50,1-88409-A-45.wav,88409,train,Train,data\raw\esc50\Train\1-88409-A-45.wav,CC BY-NC 3.0 (ESC-50); ESC-10 subset CC BY 3.0,https://github.com/karolpiczak/ESC-50/blob/master/audio/1-88409-A-45.wav,5.0,44100,1,1,0.0,5.0,ok,5.0,44100,1,0.50293,84f8eda5915ab4587440decf8069b4b5413de7d9ffe9a92305ee31d32834b267,
ESC-50,1-88409-B-45.wav,88409,train,Train,data\raw\esc50\Train\1-88409-B-45.wav,CC BY-NC 3.0 (ESC-50); ESC-10 subset CC BY 3.0,https://github.com/karolpiczak/ESC-50/blob/master/audio/1-88409-B-45.wav,5.0,44100,1,1,0.0,5.0,ok,5.0,44100,1,0.999969,9fb33e365e5f3cf5619d3f9a9ee9a35e24f5853ce12fd6ccae4f1a8dff6744af,
ESC-50,1-88807-A-39.wav,88807,glass_breaking,Glass_Breaking,data\raw\esc50\Glass_Breaking\1-88807-A-39.wav,CC BY-NC 3.0 (ESC-50); ESC-10 subset CC BY 3.0,https://github.com/karolpiczak/ESC-50/blob/master/audio/1-88807-A-39.wav,5.0,44100,1,1,0.0,5.0,ok,5.0,44100,1,0.751099,e5c368173342c2acba450c7d3116fac74fcec86bc8dc26055c6da7ebc509d191,
ESC-50,1-977-A-39.wav,977,glass_breaking,Glass_Breaking,data\raw\esc50\Glass_Breaking\1-977-A-39.wav,CC BY-NC 3.0 (ESC-50); ESC-10 subset CC BY 3.0,https://github.com/karolpiczak/ESC-50/blob/master/audio/1-977-A-39.wav,5.0,44100,1,1,0.0,5.0,ok,5.0,44100,1,0.995392,67c88e07db9e2dd7a7551f0c5b99da315ce7df041f83ed57b479d8fda8fbfe27,
ESC-50,2-105270-A-47.wav,105270,airplane,Aircraft,data\raw\esc50\Aircraft\2-105270-A-47.wav,CC BY-NC 3.0 (ESC-50); ESC-10 subset CC BY 3.0,https://github.com/karolpiczak/ESC-50/blob/master/audio/2-105270-A-47.wav,5.0,44100,1,2,0.0,5.0,ok,5.0,44100,1,0.087952,9058480c04267c89a12e39ac7483922dd2300d7c84bfa39b52faea84f482d88d,
ESC-50,2-106849-A-47.wav,106849,airplane,Aircraft,data\raw\esc50\Aircraft\2-106849-A-47.wav,CC BY-NC 3.0 (ESC-50); ESC-10 subset CC BY 3.0,https://github.com/karolpiczak/ESC-50/blob/master/audio/2-106849-A-47.wav,5.0,44100,1,2,0.0,5.0,ok,5.0,44100,1,1.0,e611957cdd6bbf6e9d28a965cda8b07f3839ed6a2abbcd0d9e72dab56678355b,
ESC-50,2-106881-A-39.wav,106881,glass_breaking,Glass_Breaking,data\raw\esc50\Glass_Breaking\2-106881-A-39.wav,CC BY-NC 3.0 (ESC-50); ESC-10 subset CC BY 3.0,https://github.com/karolpiczak/ESC-50/blob/master/audio/2-106881-A-39.wav,5.0,44100,1,2,0.0,5.0,ok,5.0,44100,1,1.0,e54a661c1fff8150b7c34d54da1686a18eaeaaf454394b866a251ceb68e3f886,
ESC-50,2-107351-A-20.wav,107351,crying_baby,Baby_Crying,data\raw\esc50\Baby_Crying\2-107351-A-20.wav,CC BY-NC 3.0 (ESC-50); ESC-10 subset CC BY 3.0,https://github.com/karolpiczak/ESC-50/blob/master/audio/2-107351-A-20.wav,5.0,44100,1,2,0.0,5.0,ok,5.0,44100,1,0.993164,f89a24c9494eab238d80013b9409e6da4058b8097c665a789e48de1aef1bcef5,
ESC-50,2-107351-B-20.wav,107351,crying_baby,Baby_Crying,data\raw\esc50\Baby_Crying\2-107351-B-20.wav,CC BY-NC 3.0 (ESC-50); ESC-10 subset CC BY 3.0,https://github.com/karolpiczak/ESC-50/blob/master/audio/2-107351-B-20.wav,5.0,44100,1,2,0.0,5.0,ok,5.0,44100,1,1.0,ebb3365010813cec4b951d1294d3376fc598116a1f86115a3e279ea013160a6a,
ESC-50,2-112213-A-39.wav,112213,glass_breaking,Glass_Breaking,data\raw\esc50\Glass_Breaking\2-112213-A-39.wav,CC BY-NC 3.0 (ESC-50); ESC-10 subset CC BY 3.0,https://github.com/karolpiczak/ESC-50/blob/master/audio/2-112213-A-39.wav,5.0,44100,1,2,0.0,5.0,ok,5.0,44100,1,0.93988,a6b60fb2268d7f0ceda0ff6f798d2d51b4ceb08218b3ac5ca91980a42d9c706b,
ESC-50,2-112213-B-39.wav,112213,glass_breaking,Glass_Breaking,data\raw\esc50\Glass_Breaking\2-112213-B-39.wav,CC BY-NC 3.0 (ESC-50); ESC-10 subset CC BY 3.0,https://github.com/karolpiczak/ESC-50/blob/master/audio/2-112213-B-39.wav,5.0,44100,1,2,0.0,5.0,ok,5.0,44100,1,1.0,d1d705535a4506b6e7f94c8ebff688bc0aa8bc115b42e8daf13542bec4f90ac7,
ESC-50,2-114254-A-30.wav,114254,door_wood_knock,Knocking,data\raw\esc50\Knocking\2-114254-A-30.wav,CC BY-NC 3.0 (ESC-50); ESC-10 subset CC BY 3.0,https://github.com/karolpiczak/ESC-50/blob/master/audio/2-114254-A-30.wav,5.0,44100,1,2,0.0,5.0,ok,5.0,44100,1,0.500916,5717c5c7a3bce7f38c9c444ef54f4c702cca53a6e368a6dc5b1cfb8388f7f9eb,
ESC-50,2-117116-A-37.wav,117116,clock_alarm,Alarm,data\raw\esc50\Alarm\2-117116-A-37.wav,CC BY-NC 3.0 (ESC-50); ESC-10 subset CC BY 3.0,https://github.com/karolpiczak/ESC-50/blob/master/audio/2-117116-A-37.wav,5.0,44100,1,2,0.0,5.0,ok,5.0,44100,1,0.246368,c1d8172cb41dd3338c2f48475c13b0bccaa99515c111e24f1a638a76774f0979,
ESC-50,2-118624-A-30.wav,118624,door_wood_knock,Knocking,data\raw\esc50\Knocking\2-118624-A-30.wav,CC BY-NC 3.0 (ESC-50); ESC-10 subset CC BY 3.0,https://github.com/karolpiczak/ESC-50/blob/master/audio/2-118624-A-30.wav,5.0,44100,1,2,0.0,5.0,ok,5.0,44100,1,0.975861,9da7306a102bb32df6375513c35f7211c002b078b5d1161e3d8ca234867216e6,
ESC-50,2-118625-A-30.wav,118625,door_wood_knock,Knocking,data\raw\esc50\Knocking\2-118625-A-30.wav,CC BY-NC 3.0 (ESC-50); ESC-10 subset CC BY 3.0,https://github.com/karolpiczak/ESC-50/blob/master/audio/2-118625-A-30.wav,5.0,44100,1,2,0.0,5.0,ok,5.0,44100,1,1.0,547e4a4b40cbc54a390e4e20ca8740bae55659dcd6dfaf3f872147fc7b87eb93,
ESC-50,2-120218-A-30.wav,120218,door_wood_knock,Knocking,data\raw\esc50\Knocking\2-120218-A-30.wav,CC BY-NC 3.0 (ESC-50); ESC-10 subset CC BY 3.0,https://github.com/karolpiczak/ESC-50/blob/master/audio/2-120218-A-30.wav,5.0,44100,1,2,0.0,5.0,ok,5.0,44100,1,0.503418,dae3ed8868e44ec84033f246f4e52817cb8805804083fd8d8aee9c109322d88c,
ESC-50,2-120218-B-30.wav,120218,door_wood_knock,Knocking,data\raw\esc50\Knocking\2-120218-B-30.wav,CC BY-NC 3.0 (ESC-50); ESC-10 subset CC BY 3.0,https://github.com/karolpiczak/ESC-50/blob/master/audio/2-120218-B-30.wav,5.0,44100,1,2,0.0,5.0,ok,5.0,44100,1,1.0,a9a1af8ac24e54bd91cb8d6127baf42fca8502f49cf3d1cea1e9806d262aeab7,
ESC-50,2-122066-A-45.wav,122066,train,Train,data\raw\esc50\Train\2-122066-A-45.wav,CC BY-NC 3.0 (ESC-50); ESC-10 subset CC BY 3.0,https://github.com/karolpiczak/ESC-50/blob/master/audio/2-122066-A-45.wav,5.0,44100,1,2,0.0,5.0,ok,5.0,44100,1,1.0,6e714ae789c1fd82370ef6c0fa38d17bd2b685632ddbc5129d88f828c7d6618f,
ESC-50,2-122066-B-45.wav,122066,train,Train,data\raw\esc50\Train\2-122066-B-45.wav,CC BY-NC 3.0 (ESC-50); ESC-10 subset CC BY 3.0,https://github.com/karolpiczak/ESC-50/blob/master/audio/2-122066-B-45.wav,5.0,44100,1,2,0.0,5.0,ok,5.0,44100,1,0.755096,e98e2da52271b2a34d436f3ec8ad4098ad1e6b5ca444da6c0c529f72b25a6ccb,
ESC-50,2-122067-A-45.wav,122067,train,Train,data\raw\esc50\Train\2-122067-A-45.wav,CC BY-NC 3.0 (ESC-50); ESC-10 subset CC BY 3.0,https://github.com/karolpiczak/ESC-50/blob/master/audio/2-122067-A-45.wav,5.0,44100,1,2,0.0,5.0,ok,5.0,44100,1,1.0,359ec594e1755c59072bc2091b138124ecd3a6a8e0a4e12b4f0e5315d0cc9094,
ESC-50,2-122067-B-45.wav,122067,train,Train,data\raw\esc50\Train\2-122067-B-45.wav,CC BY-NC 3.0 (ESC-50); ESC-10 subset CC BY 3.0,https://github.com/karolpiczak/ESC-50/blob/master/audio/2-122067-B-45.wav,5.0,44100,1,2,0.0,5.0,ok,5.0,44100,1,1.0,547f182a03df97b55b62713163871c809d4fae57a794ad9b34f2d0d719904b23,
ESC-50,2-133889-A-30.wav,133889,door_wood_knock,Knocking,data\raw\esc50\Knocking\2-133889-A-30.wav,CC BY-NC 3.0 (ESC-50); ESC-10 subset CC BY 3.0,https://github.com/karolpiczak/ESC-50/blob/master/audio/2-133889-A-30.wav,5.0,44100,1,2,0.0,5.0,ok,5.0,44100,1,0.453705,107b60bc008ec68f0cd71632c12b7518ed4dfd5183538fc31b80db3800ee6e3b,
ESC-50,2-134915-A-30.wav,134915,door_wood_knock,Knocking,data\raw\esc50\Knocking\2-134915-A-30.wav,CC BY-NC 3.0 (ESC-50); ESC-10 subset CC BY 3.0,https://github.com/karolpiczak/ESC-50/blob/master/audio/2-134915-A-30.wav,5.0,44100,1,2,0.0,5.0,ok,5.0,44100,1,0.440643,18d40b05f1f00bde85437275e099b2bc1d1ef55d98e9b086858b0506b270d9ee,
ESC-50,2-135649-A-45.wav,135649,train,Train,data\raw\esc50\Train\2-135649-A-45.wav,CC BY-NC 3.0 (ESC-50); ESC-10 subset CC BY 3.0,https://github.com/karolpiczak/ESC-50/blob/master/audio/2-135649-A-45.wav,5.0,44100,1,2,0.0,5.0,ok,5.0,44100,1,0.406189,693ca82ca58e1848f9c152947b70d4edf9b638f54078094966b6fe7ea4e2335a,
ESC-50,2-135649-B-45.wav,135649,train,Train,data\raw\esc50\Train\2-135649-B-45.wav,CC BY-NC 3.0 (ESC-50); ESC-10 subset CC BY 3.0,https://github.com/karolpiczak/ESC-50/blob/master/audio/2-135649-B-45.wav,5.0,44100,1,2,0.0,5.0,ok,5.0,44100,1,1.0,628e3bdaba797c5971f4cdb0c9e3c83b1af0f21d7d0add6b63ac5979faee6b00,
ESC-50,2-135649-C-45.wav,135649,train,Train,data\raw\esc50\Train\2-135649-C-45.wav,CC BY-NC 3.0 (ESC-50); ESC-10 subset CC BY 3.0,https://github.com/karolpiczak/ESC-50/blob/master/audio/2-135649-C-45.wav,5.0,44100,1,2,0.0,5.0,ok,5.0,44100,1,1.0,4dc738a8b78f46c7c5f8acd45d8245b5f010da0fafe3dee256c5a9fa24774002,
ESC-50,2-140841-A-30.wav,140841,door_wood_knock,Knocking,data\raw\esc50\Knocking\2-140841-A-30.wav,CC BY-NC 3.0 (ESC-50); ESC-10 subset CC BY 3.0,https://github.com/karolpiczak/ESC-50/blob/master/audio/2-140841-A-30.wav,5.0,44100,1,2,0.0,5.0,ok,5.0,44100,1,0.768677,1641e186482eb7088b54b56bfe3a2c4526b00e7f4ec046dddea6effe945e7298,
ESC-50,2-141563-A-39.wav,141563,glass_breaking,Glass_Breaking,data\raw\esc50\Glass_Breaking\2-141563-A-39.wav,CC BY-NC 3.0 (ESC-50); ESC-10 subset CC BY 3.0,https://github.com/karolpiczak/ESC-50/blob/master/audio/2-141563-A-39.wav,5.0,44100,1,2,0.0,5.0,ok,5.0,44100,1,0.479492,3ef4dae6a116b3d18a0f9f18d4373f0247debb168b0718eee89c0a30a38890c7,
ESC-50,2-144137-A-43.wav,144137,car_horn,Vehicle_Horn,data\raw\esc50\Vehicle_Horn\2-144137-A-43.wav,CC BY-NC 3.0 (ESC-50); ESC-10 subset CC BY 3.0,https://github.com/karolpiczak/ESC-50/blob/master/audio/2-144137-A-43.wav,5.0,44100,1,2,0.0,5.0,ok,5.0,44100,1,1.0,47a434e6db6ed5f323cb3c27db65d6bb3e8b63190126ede88e0b5d07597df8bd,
ESC-50,2-151079-A-20.wav,151079,crying_baby,Baby_Crying,data\raw\esc50\Baby_Crying\2-151079-A-20.wav,CC BY-NC 3.0 (ESC-50); ESC-10 subset CC BY 3.0,https://github.com/karolpiczak/ESC-50/blob/master/audio/2-151079-A-20.wav,5.0,44100,1,2,0.0,5.0,ok,5.0,44100,1,0.57312,8a13243f77b12668061f6fb18e820d8398c75d35eca09f9640efdd9df6703499,
ESC-50,2-160888-A-47.wav,160888,airplane,Aircraft,data\raw\esc50\Aircraft\2-160888-A-47.wav,CC BY-NC 3.0 (ESC-50); ESC-10 subset CC BY 3.0,https://github.com/karolpiczak/ESC-50/blob/master/audio/2-160888-A-47.wav,5.0,44100,1,2,0.0,5.0,ok,5.0,44100,1,1.0,72bbffea03dbd382e931d5e07768374697a689c5ad653a4df9b4c94cf0a58bc8,
ESC-50,2-173559-A-39.wav,173559,glass_breaking,Glass_Breaking,data\raw\esc50\Glass_Breaking\2-173559-A-39.wav,CC BY-NC 3.0 (ESC-50); ESC-10 subset CC BY 3.0,https://github.com/karolpiczak/ESC-50/blob/master/audio/2-173559-A-39.wav,5.0,44100,1,2,0.0,5.0,ok,5.0,44100,1,1.0,e60d74d17651551cb82e4fd8a542ceae3f278da1a6b4393fe9e704c786ff4125,
ESC-50,2-173607-A-39.wav,173607,glass_breaking,Glass_Breaking,data\raw\esc50\Glass_Breaking\2-173607-A-39.wav,CC BY-NC 3.0 (ESC-50); ESC-10 subset CC BY 3.0,https://github.com/karolpiczak/ESC-50/blob/master/audio/2-173607-A-39.wav,5.0,44100,1,2,0.0,5.0,ok,5.0,44100,1,1.0,55cc07864f3f8195e51bbdf10fda1601df6b5ff0d5f486a356d79b60c0beb3d6,
ESC-50,2-173618-A-39.wav,173618,glass_breaking,Glass_Breaking,data\raw\esc50\Glass_Breaking\2-173618-A-39.wav,CC BY-NC 3.0 (ESC-50); ESC-10 subset CC BY 3.0,https://github.com/karolpiczak/ESC-50/blob/master/audio/2-173618-A-39.wav,5.0,44100,1,2,0.0,5.0,ok,5.0,44100,1,1.0,9170ecdc0903514ded47782447d6f0828d752ebc9765fa0cb257f869529dd830,
ESC-50,2-188822-A-40.wav,188822,helicopter,Aircraft,data\raw\esc50\Aircraft\2-188822-A-40.wav,CC BY-NC 3.0 (ESC-50); ESC-10 subset CC BY 3.0,https://github.com/karolpiczak/ESC-50/blob/master/audio/2-188822-A-40.wav,5.0,44100,1,2,0.0,5.0,ok,5.0,44100,1,0.979126,b5a49dab9e1ba8bf7c694ae863d3f73747102cd73b74d3a2060fe66e9796d91d,
ESC-50,2-188822-B-40.wav,188822,helicopter,Aircraft,data\raw\esc50\Aircraft\2-188822-B-40.wav,CC BY-NC 3.0 (ESC-50); ESC-10 subset CC BY 3.0,https://github.com/karolpiczak/ESC-50/blob/master/audio/2-188822-B-40.wav,5.0,44100,1,2,0.0,5.0,ok,5.0,44100,1,0.971283,2c6928f5af242d0da9bfa41749ff6d606785ab179754a275c2be9d7c3b64461f,
ESC-50,2-188822-C-40.wav,188822,helicopter,Aircraft,data\raw\esc50\Aircraft\2-188822-C-40.wav,CC BY-NC 3.0 (ESC-50); ESC-10 subset CC BY 3.0,https://github.com/karolpiczak/ESC-50/blob/master/audio/2-188822-C-40.wav,5.0,44100,1,2,0.0,5.0,ok,5.0,44100,1,1.0,df124f48361127f4aa51cfe34078634e047c19af3a63d29826cb5a1def0c743f,
ESC-50,2-188822-D-40.wav,188822,helicopter,Aircraft,data\raw\esc50\Aircraft\2-188822-D-40.wav,CC BY-NC 3.0 (ESC-50); ESC-10 subset CC BY 3.0,https://github.com/karolpiczak/ESC-50/blob/master/audio/2-188822-D-40.wav,5.0,44100,1,2,0.0,5.0,ok,5.0,44100,1,0.96283,7ffae2dcd7611c77a1d57de223433e1e70fa6ffe2422b9e882e815ccaedc62b8,
ESC-50,2-209471-A-25.wav,209471,footsteps,Footsteps,data\raw\esc50\Footsteps\2-209471-A-25.wav,CC BY-NC 3.0 (ESC-50); ESC-10 subset CC BY 3.0,https://github.com/karolpiczak/ESC-50/blob/master/audio/2-209471-A-25.wav,5.0,44100,1,2,0.0,5.0,ok,5.0,44100,1,0.999969,cb524320343acf17254aea4035a3b83aaa3a92000720d6a90014816f7096d0bf,
ESC-50,2-209472-A-25.wav,209472,footsteps,Footsteps,data\raw\esc50\Footsteps\2-209472-A-25.wav,CC BY-NC 3.0 (ESC-50); ESC-10 subset CC BY 3.0,https://github.com/karolpiczak/ESC-50/blob/master/audio/2-209472-A-25.wav,5.0,44100,1,2,0.0,5.0,ok,5.0,44100,1,1.0,1c4aa8effdf21245b610377a7a94060c0661ceb002d2c37b35ae345de1f4cca0,
ESC-50,2-209473-A-25.wav,209473,footsteps,Footsteps,data\raw\esc50\Footsteps\2-209473-A-25.wav,CC BY-NC 3.0 (ESC-50); ESC-10 subset CC BY 3.0,https://github.com/karolpiczak/ESC-50/blob/master/audio/2-209473-A-25.wav,5.0,44100,1,2,0.0,5.0,ok,5.0,44100,1,0.953308,d2b278e315fb09b9aa8c0184272e29a8aed8c7898531d816c128068c718a5c7e,
ESC-50,2-209474-A-25.wav,209474,footsteps,Footsteps,data\raw\esc50\Footsteps\2-209474-A-25.wav,CC BY-NC 3.0 (ESC-50); ESC-10 subset CC BY 3.0,https://github.com/karolpiczak/ESC-50/blob/master/audio/2-209474-A-25.wav,5.0,44100,1,2,0.0,5.0,ok,5.0,44100,1,1.0,36766921dd5baab292bd4238353f94e23304af6b3c0069b3d965f50a4fc7a754,
ESC-50,2-209475-A-25.wav,209475,footsteps,Footsteps,data\raw\esc50\Footsteps\2-209475-A-25.wav,CC BY-NC 3.0 (ESC-50); ESC-10 subset CC BY 3.0,https://github.com/karolpiczak/ESC-50/blob/master/audio/2-209475-A-25.wav,5.0,44100,1,2,0.0,5.0,ok,5.0,44100,1,0.999969,9e831ab88a17a5d44d47890a9859e6bd4388d3be309b8d58f3d656c930547754,
ESC-50,2-209476-A-25.wav,209476,footsteps,Footsteps,data\raw\esc50\Footsteps\2-209476-A-25.wav,CC BY-NC 3.0 (ESC-50); ESC-10 subset CC BY 3.0,https://github.com/karolpiczak/ESC-50/blob/master/audio/2-209476-A-25.wav,5.0,44100,1,2,0.0,5.0,ok,5.0,44100,1,1.0,5ca208aa08d66d304077f2a54a518f33e58c2d06c9dd34e5a7f51dc11429af96,
ESC-50,2-209477-A-25.wav,209477,footsteps,Footsteps,data\raw\esc50\Footsteps\2-209477-A-25.wav,CC BY-NC 3.0 (ESC-50); ESC-10 subset CC BY 3.0,https://github.com/karolpiczak/ESC-50/blob/master/audio/2-209477-A-25.wav,5.0,44100,1,2,0.0,5.0,ok,5.0,44100,1,1.0,5939a63a47e717e02de2c262190f3754e5ec43ccc4d7948f5aa46c19fe3f5237,
ESC-50,2-209478-A-25.wav,209478,footsteps,Footsteps,data\raw\esc50\Footsteps\2-209478-A-25.wav,CC BY-NC 3.0 (ESC-50); ESC-10 subset CC BY 3.0,https://github.com/karolpiczak/ESC-50/blob/master/audio/2-209478-A-25.wav,5.0,44100,1,2,0.0,5.0,ok,5.0,44100,1,1.0,7ba54c692fb8af61a12bbdc480822a27bf3500de75daad7160da78e96301151a,
ESC-50,2-250710-A-39.wav,250710,glass_breaking,Glass_Breaking,data\raw\esc50\Glass_Breaking\2-250710-A-39.wav,CC BY-NC 3.0 (ESC-50); ESC-10 subset CC BY 3.0,https://github.com/karolpiczak/ESC-50/blob/master/audio/2-250710-A-39.wav,5.0,44100,1,2,0.0,5.0,ok,5.0,44100,1,1.0,ca0b7286ded500bd1f1928ef96ad5c35704bec66a790181afeb17ec7d995dbac,
ESC-50,2-262579-A-45.wav,262579,train,Train,data\raw\esc50\Train\2-262579-A-45.wav,CC BY-NC 3.0 (ESC-50); ESC-10 subset CC BY 3.0,https://github.com/karolpiczak/ESC-50/blob/master/audio/2-262579-A-45.wav,5.0,44100,1,2,0.0,5.0,ok,5.0,44100,1,0.58783,c4e18f7278701d60955aad71274e39f9b44f46a30cff56b64bdd74621133def6,
ESC-50,2-37806-A-40.wav,37806,helicopter,Aircraft,data\raw\esc50\Aircraft\2-37806-A-40.wav,CC BY-NC 3.0 (ESC-50); ESC-10 subset CC BY 3.0,https://github.com/karolpiczak/ESC-50/blob/master/audio/2-37806-A-40.wav,5.0,44100,1,2,0.0,5.0,ok,5.0,44100,1,0.96228,df941887d080de8487f8018f09091c040e82eae7a3a0cb7d532fb64ba64e04ef,
ESC-50,2-37806-B-40.wav,37806,helicopter,Aircraft,data\raw\esc50\Aircraft\2-37806-B-40.wav,CC BY-NC 3.0 (ESC-50); ESC-10 subset CC BY 3.0,https://github.com/karolpiczak/ESC-50/blob/master/audio/2-37806-B-40.wav,5.0,44100,1,2,0.0,5.0,ok,5.0,44100,1,0.974792,bf730207adaed816833dc254f33b6f67b62b88b309a3ad9d54b70c2af310c9d7,
ESC-50,2-37806-C-40.wav,37806,helicopter,Aircraft,data\raw\esc50\Aircraft\2-37806-C-40.wav,CC BY-NC 3.0 (ESC-50); ESC-10 subset CC BY 3.0,https://github.com/karolpiczak/ESC-50/blob/master/audio/2-37806-C-40.wav,5.0,44100,1,2,0.0,5.0,ok,5.0,44100,1,0.964508,512833e0ad721ba5c7bbb699403b50dd878ebd29de4cac2ca247e5315da5e987,
ESC-50,2-37806-D-40.wav,37806,helicopter,Aircraft,data\raw\esc50\Aircraft\2-37806-D-40.wav,CC BY-NC 3.0 (ESC-50); ESC-10 subset CC BY 3.0,https://github.com/karolpiczak/ESC-50/blob/master/audio/2-37806-D-40.wav,5.0,44100,1,2,0.0,5.0,ok,5.0,44100,1,0.965088,d1691db93768e4e6ea6d2b20e4aeaccd383b3e2d28b8ba476ad86526bd7fb452,
ESC-50,2-50665-A-20.wav,50665,crying_baby,Baby_Crying,data\raw\esc50\Baby_Crying\2-50665-A-20.wav,CC BY-NC 3.0 (ESC-50); ESC-10 subset CC BY 3.0,https://github.com/karolpiczak/ESC-50/blob/master/audio/2-50665-A-20.wav,5.0,44100,1,2,0.0,5.0,ok,5.0,44100,1,0.895081,8179d295f531f165ee89e92c3fb9f496ca6e13cff1fae3bb76067ee84da49078,
ESC-50,2-50666-A-20.wav,50666,crying_baby,Baby_Crying,data\raw\esc50\Baby_Crying\2-50666-A-20.wav,CC BY-NC 3.0 (ESC-50); ESC-10 subset CC BY 3.0,https://github.com/karolpiczak/ESC-50/blob/master/audio/2-50666-A-20.wav,5.0,44100,1,2,0.0,5.0,ok,5.0,44100,1,0.656921,1f15be2b6c7bc156ccb5174b205b03eace593d728ea227a889ecd17375d4f5ea,
ESC-50,2-66637-A-20.wav,66637,crying_baby,Baby_Crying,data\raw\esc50\Baby_Crying\2-66637-A-20.wav,CC BY-NC 3.0 (ESC-50); ESC-10 subset CC BY 3.0,https://github.com/karolpiczak/ESC-50/blob/master/audio/2-66637-A-20.wav,5.0,44100,1,2,0.0,5.0,ok,5.0,44100,1,0.753876,7956582f54756ada936b22c5d2e810d7237ddc95897a1557a59417e3b1be0f99,
ESC-50,2-66637-B-20.wav,66637,crying_baby,Baby_Crying,data\raw\esc50\Baby_Crying\2-66637-B-20.wav,CC BY-NC 3.0 (ESC-50); ESC-10 subset CC BY 3.0,https://github.com/karolpiczak/ESC-50/blob/master/audio/2-66637-B-20.wav,5.0,44100,1,2,0.0,5.0,ok,5.0,44100,1,0.754059,9ef70dfc68879c756405662282e61e32aa88b3716455b13205936c4f7a135bb8,
ESC-50,2-74361-A-47.wav,74361,airplane,Aircraft,data\raw\esc50\Aircraft\2-74361-A-47.wav,CC BY-NC 3.0 (ESC-50); ESC-10 subset CC BY 3.0,https://github.com/karolpiczak/ESC-50/blob/master/audio/2-74361-A-47.wav,5.0,44100,1,2,0.0,5.0,ok,5.0,44100,1,0.414368,04f943409c9ff43a6b2f98185769cdccd5d504da32fe54faac74624826174929,
ESC-50,2-78562-A-37.wav,78562,clock_alarm,Alarm,data\raw\esc50\Alarm\2-78562-A-37.wav,CC BY-NC 3.0 (ESC-50); ESC-10 subset CC BY 3.0,https://github.com/karolpiczak/ESC-50/blob/master/audio/2-78562-A-37.wav,5.0,44100,1,2,0.0,5.0,ok,5.0,44100,1,1.0,e89e5beebe92c819855411884b7294bb32b3f07bcde4671bba66064fc7b40d60,
ESC-50,2-78562-B-37.wav,78562,clock_alarm,Alarm,data\raw\esc50\Alarm\2-78562-B-37.wav,CC BY-NC 3.0 (ESC-50); ESC-10 subset CC BY 3.0,https://github.com/karolpiczak/ESC-50/blob/master/audio/2-78562-B-37.wav,5.0,44100,1,2,0.0,5.0,ok,5.0,44100,1,1.0,5e7905399bf6604eab686cdf53301d4af34a48fa2fba98262deb217e8a401f51,
ESC-50,2-78781-A-47.wav,78781,airplane,Aircraft,data\raw\esc50\Aircraft\2-78781-A-47.wav,CC BY-NC 3.0 (ESC-50); ESC-10 subset CC BY 3.0,https://github.com/karolpiczak/ESC-50/blob/master/audio/2-78781-A-47.wav,5.0,44100,1,2,0.0,5.0,ok,5.0,44100,1,0.565247,7bf3a5523e101e029332bb09e7de9baa3622de2a971e3d543c509f6b6636eeab,
ESC-50,2-78799-A-47.wav,78799,airplane,Aircraft,data\raw\esc50\Aircraft\2-78799-A-47.wav,CC BY-NC 3.0 (ESC-50); ESC-10 subset CC BY 3.0,https://github.com/karolpiczak/ESC-50/blob/master/audio/2-78799-A-47.wav,5.0,44100,1,2,0.0,5.0,ok,5.0,44100,1,0.725616,f5f0a3ed9e90a43eb872e08e8558f55ffbfc54ab8df98c4f481c74f16d6c1ae8,
ESC-50,2-80482-A-20.wav,80482,crying_baby,Baby_Crying,data\raw\esc50\Baby_Crying\2-80482-A-20.wav,CC BY-NC 3.0 (ESC-50); ESC-10 subset CC BY 3.0,https://github.com/karolpiczak/ESC-50/blob/master/audio/2-80482-A-20.wav,5.0,44100,1,2,0.0,5.0,ok,5.0,44100,1,0.788544,1bc0b84be46c90e74f19f4704f488cb17a4e34686fd76bc4454007f13bf64f33,
ESC-50,2-89516-A-37.wav,89516,clock_alarm,Alarm,data\raw\esc50\Alarm\2-89516-A-37.wav,CC BY-NC 3.0 (ESC-50); ESC-10 subset CC BY 3.0,https://github.com/karolpiczak/ESC-50/blob/master/audio/2-89516-A-37.wav,5.0,44100,1,2,0.0,5.0,ok,5.0,44100,1,0.244598,dc52aabca65500b637d2cc526f7f09a9f5d9ad1951b1c00ad02558002159a039,
ESC-50,2-96063-A-37.wav,96063,clock_alarm,Alarm,data\raw\esc50\Alarm\2-96063-A-37.wav,CC BY-NC 3.0 (ESC-50); ESC-10 subset CC BY 3.0,https://github.com/karolpiczak/ESC-50/blob/master/audio/2-96063-A-37.wav,5.0,44100,1,2,0.0,5.0,ok,5.0,44100,1,0.107361,d2232652538520fdd06fa275470eb166ab0794705fdf3922ca8aa82c89d78cb8,
ESC-50,2-96654-A-47.wav,96654,airplane,Aircraft,data\raw\esc50\Aircraft\2-96654-A-47.wav,CC BY-NC 3.0 (ESC-50); ESC-10 subset CC BY 3.0,https://github.com/karolpiczak/ESC-50/blob/master/audio/2-96654-A-47.wav,5.0,44100,1,2,0.0,5.0,ok,5.0,44100,1,0.168518,8e8867c5ff5b9d339a0210a238421d717207ecc0c79f98968b37213a21828314,
ESC-50,2-98866-A-47.wav,98866,airplane,Aircraft,data\raw\esc50\Aircraft\2-98866-A-47.wav,CC BY-NC 3.0 (ESC-50); ESC-10 subset CC BY 3.0,https://github.com/karolpiczak/ESC-50/blob/master/audio/2-98866-A-47.wav,5.0,44100,1,2,0.0,5.0,ok,5.0,44100,1,0.731232,ed5dfd1852f46fa8f997a074186aaae5b85f14a994cd328269698ea3b965ce83,
ESC-50,3-103597-A-25.wav,103597,footsteps,Footsteps,data\raw\esc50\Footsteps\3-103597-A-25.wav,CC BY-NC 3.0 (ESC-50); ESC-10 subset CC BY 3.0,https://github.com/karolpiczak/ESC-50/blob/master/audio/3-103597-A-25.wav,5.0,44100,1,3,0.0,5.0,ok,5.0,44100,1,1.0,4d1fca3296291bcb12ca41ebf0a1f7edb2e2c8213cc04d61e8ebb62b98bf5638,
ESC-50,3-103598-A-25.wav,103598,footsteps,Footsteps,data\raw\esc50\Footsteps\3-103598-A-25.wav,CC BY-NC 3.0 (ESC-50); ESC-10 subset CC BY 3.0,https://github.com/karolpiczak/ESC-50/blob/master/audio/3-103598-A-25.wav,5.0,44100,1,3,0.0,5.0,ok,5.0,44100,1,1.0,7d07efd243f85872330deb7ed4d78dd3f03cd415228259e9dce712140a1d7cec,
ESC-50,3-103599-A-25.wav,103599,footsteps,Footsteps,data\raw\esc50\Footsteps\3-103599-A-25.wav,CC BY-NC 3.0 (ESC-50); ESC-10 subset CC BY 3.0,https://github.com/karolpiczak/ESC-50/blob/master/audio/3-103599-A-25.wav,5.0,44100,1,3,0.0,5.0,ok,5.0,44100,1,0.894073,279e4b3eb5fff0ff31b458132ba0a46a50a88fd01963f3cc175fd56c3b14997b,
ESC-50,3-103599-B-25.wav,103599,footsteps,Footsteps,data\raw\esc50\Footsteps\3-103599-B-25.wav,CC BY-NC 3.0 (ESC-50); ESC-10 subset CC BY 3.0,https://github.com/karolpiczak/ESC-50/blob/master/audio/3-103599-B-25.wav,5.0,44100,1,3,0.0,5.0,ok,5.0,44100,1,0.828064,fc6a08cb96eb842eb46fe277743538f6fd41d2a21822ebeddf394522cd7c3450,
ESC-50,3-115387-A-47.wav,115387,airplane,Aircraft,data\raw\esc50\Aircraft\3-115387-A-47.wav,CC BY-NC 3.0 (ESC-50); ESC-10 subset CC BY 3.0,https://github.com/karolpiczak/ESC-50/blob/master/audio/3-115387-A-47.wav,5.0,44100,1,3,0.0,5.0,ok,5.0,44100,1,0.338867,b6bdfb70ce903dc3de5d02fa80206a025741336e904e4e2ce12edb93d55ed9aa,
ESC-50,3-115387-B-47.wav,115387,airplane,Aircraft,data\raw\esc50\Aircraft\3-115387-B-47.wav,CC BY-NC 3.0 (ESC-50); ESC-10 subset CC BY 3.0,https://github.com/karolpiczak/ESC-50/blob/master/audio/3-115387-B-47.wav,5.0,44100,1,3,0.0,5.0,ok,5.0,44100,1,1.0,23bacf231c1d2d0beb6f7810ddfead3a9eec9a341151e40b8f40e0989db10f32,
ESC-50,3-115387-C-47.wav,115387,airplane,Aircraft,data\raw\esc50\Aircraft\3-115387-C-47.wav,CC BY-NC 3.0 (ESC-50); ESC-10 subset CC BY 3.0,https://github.com/karolpiczak/ESC-50/blob/master/audio/3-115387-C-47.wav,5.0,44100,1,3,0.0,5.0,ok,5.0,44100,1,0.653839,79b3af558732ef99575e5b8e9f6b197350ca23f5930a28f4b640ef5a8f0410f8,
ESC-50,3-117793-A-37.wav,117793,clock_alarm,Alarm,data\raw\esc50\Alarm\3-117793-A-37.wav,CC BY-NC 3.0 (ESC-50); ESC-10 subset CC BY 3.0,https://github.com/karolpiczak/ESC-50/blob/master/audio/3-117793-A-37.wav,5.0,44100,1,3,0.0,5.0,ok,5.0,44100,1,0.358032,403a522c137b94195bdf3d9175aa3432a76018e41fd049f74cbd6da900f38cd4,
ESC-50,3-120526-A-37.wav,120526,clock_alarm,Alarm,data\raw\esc50\Alarm\3-120526-A-37.wav,CC BY-NC 3.0 (ESC-50); ESC-10 subset CC BY 3.0,https://github.com/karolpiczak/ESC-50/blob/master/audio/3-120526-A-37.wav,5.0,44100,1,3,0.0,5.0,ok,5.0,44100,1,0.195129,9e45012b982eeb50eeaeb84f1ba27035027f1d5967b593707840306e880e4ab3,
ESC-50,3-120526-B-37.wav,120526,clock_alarm,Alarm,data\raw\esc50\Alarm\3-120526-B-37.wav,CC BY-NC 3.0 (ESC-50); ESC-10 subset CC BY 3.0,https://github.com/karolpiczak/ESC-50/blob/master/audio/3-120526-B-37.wav,5.0,44100,1,3,0.0,5.0,ok,5.0,44100,1,0.775238,bb41577fe3816b9447a12823add1f4126aba6c023eb20022ec44645179bf5429,
ESC-50,3-128512-A-47.wav,128512,airplane,Aircraft,data\raw\esc50\Aircraft\3-128512-A-47.wav,CC BY-NC 3.0 (ESC-50); ESC-10 subset CC BY 3.0,https://github.com/karolpiczak/ESC-50/blob/master/audio/3-128512-A-47.wav,5.0,44100,1,3,0.0,5.0,ok,5.0,44100,1,0.175903,30f335c4e9f4deb9b6e472941c04a2515555aa2e0117a20ebb6d03581a6799cb,
ESC-50,3-128512-B-47.wav,128512,airplane,Aircraft,data\raw\esc50\Aircraft\3-128512-B-47.wav,CC BY-NC 3.0 (ESC-50); ESC-10 subset CC BY 3.0,https://github.com/karolpiczak/ESC-50/blob/master/audio/3-128512-B-47.wav,5.0,44100,1,3,0.0,5.0,ok,5.0,44100,1,0.700714,a4b3eeee8e02d1e69def95616d4a982e186baeb12d0891c2367573b3565863c2,
ESC-50,3-131943-A-37.wav,131943,clock_alarm,Alarm,data\raw\esc50\Alarm\3-131943-A-37.wav,CC BY-NC 3.0 (ESC-50); ESC-10 subset CC BY 3.0,https://github.com/karolpiczak/ESC-50/blob/master/audio/3-131943-A-37.wav,5.0,44100,1,3,0.0,5.0,ok,5.0,44100,1,1.0,1d12a9f29903f1d8c5ed2cfd86873a768724b818d38f418afd924327c428e539,
ESC-50,3-135650-A-45.wav,135650,train,Train,data\raw\esc50\Train\3-135650-A-45.wav,CC BY-NC 3.0 (ESC-50); ESC-10 subset CC BY 3.0,https://github.com/karolpiczak/ESC-50/blob/master/audio/3-135650-A-45.wav,5.0,44100,1,3,0.0,5.0,ok,5.0,44100,1,0.883667,bf3702813123d2fd8ab091d08a7a7a48af204e9d51fe902da019a45f1c22b979,
ESC-50,3-135650-B-45.wav,135650,train,Train,data\raw\esc50\Train\3-135650-B-45.wav,CC BY-NC 3.0 (ESC-50); ESC-10 subset CC BY 3.0,https://github.com/karolpiczak/ESC-50/blob/master/audio/3-135650-B-45.wav,5.0,44100,1,3,0.0,5.0,ok,5.0,44100,1,0.531097,ab5ca531ce389a27cf92e44e6dc91f09d5c7c072aaf3c0e9f8bbb0cf2e914e34,
ESC-50,3-136451-A-45.wav,136451,train,Train,data\raw\esc50\Train\3-136451-A-45.wav,CC BY-NC 3.0 (ESC-50); ESC-10 subset CC BY 3.0,https://github.com/karolpiczak/ESC-50/blob/master/audio/3-136451-A-45.wav,5.0,44100,1,3,0.0,5.0,ok,5.0,44100,1,0.999969,f667f7d746b4c70278a041fd8bf5e09c631f0f5d150e8c3f4660baa0b9fbd3b2,
ESC-50,3-138212-A-45.wav,138212,train,Train,data\raw\esc50\Train\3-138212-A-45.wav,CC BY-NC 3.0 (ESC-50); ESC-10 subset CC BY 3.0,https://github.com/karolpiczak/ESC-50/blob/master/audio/3-138212-A-45.wav,5.0,44100,1,3,0.0,5.0,ok,5.0,44100,1,0.662231,09aee3b73b209b98b2e34a1651cb72309a5840c2fc1831c342b968bea693cc4d,
ESC-50,3-141559-A-45.wav,141559,train,Train,data\raw\esc50\Train\3-141559-A-45.wav,CC BY-NC 3.0 (ESC-50); ESC-10 subset CC BY 3.0,https://github.com/karolpiczak/ESC-50/blob/master/audio/3-141559-A-45.wav,5.0,44100,1,3,0.0,5.0,ok,5.0,44100,1,0.797821,e8b50742093a89e21caa00f1be235dd3d6e384d92e9d6c8bd496fc2550a53e3b,
ESC-50,3-143560-A-47.wav,143560,airplane,Aircraft,data\raw\esc50\Aircraft\3-143560-A-47.wav,CC BY-NC 3.0 (ESC-50); ESC-10 subset CC BY 3.0,https://github.com/karolpiczak/ESC-50/blob/master/audio/3-143560-A-47.wav,5.0,44100,1,3,0.0,5.0,ok,5.0,44100,1,1.0,fb07dc3cd01a49b84bc14daec46faf5ebee0942ab07cb422a5d8d84c382a6d43,
ESC-50,3-143562-A-47.wav,143562,airplane,Aircraft,data\raw\esc50\Aircraft\3-143562-A-47.wav,CC BY-NC 3.0 (ESC-50); ESC-10 subset CC BY 3.0,https://github.com/karolpiczak/ESC-50/blob/master/audio/3-143562-A-47.wav,5.0,44100,1,3,0.0,5.0,ok,5.0,44100,1,0.595612,eb2a0944d28a7c8b700089ec1012676ad9a33b1530bbfc438f3e2a49c9d3931a,
ESC-50,3-144510-A-30.wav,144510,door_wood_knock,Knocking,data\raw\esc50\Knocking\3-144510-A-30.wav,CC BY-NC 3.0 (ESC-50); ESC-10 subset CC BY 3.0,https://github.com/karolpiczak/ESC-50/blob/master/audio/3-144510-A-30.wav,5.0,44100,1,3,0.0,5.0,ok,5.0,44100,1,1.0,c7fbb4cbda9d1f2950bf205212115a372b840382228c3baeb6451ae83366ee34,
ESC-50,3-146697-A-43.wav,146697,car_horn,Vehicle_Horn,data\raw\esc50\Vehicle_Horn\3-146697-A-43.wav,CC BY-NC 3.0 (ESC-50); ESC-10 subset CC BY 3.0,https://github.com/karolpiczak/ESC-50/blob/master/audio/3-146697-A-43.wav,5.0,44100,1,3,0.0,5.0,ok,5.0,44100,1,0.185608,eecf11e6945781d89a689d5e691329935ca865a23827d4d57e79b6b84bd6b631,
ESC-50,3-150979-A-40.wav,150979,helicopter,Aircraft,data\raw\esc50\Aircraft\3-150979-A-40.wav,CC BY-NC 3.0 (ESC-50); ESC-10 subset CC BY 3.0,https://github.com/karolpiczak/ESC-50/blob/master/audio/3-150979-A-40.wav,5.0,44100,1,3,0.0,5.0,ok,5.0,44100,1,0.860931,41e05ff06cd2d710f748b0d10bf136fd6e11d489327cbeafed690918b417fc42,
ESC-50,3-150979-B-40.wav,150979,helicopter,Aircraft,data\raw\esc50\Aircraft\3-150979-B-40.wav,CC BY-NC 3.0 (ESC-50); ESC-10 subset CC BY 3.0,https://github.com/karolpiczak/ESC-50/blob/master/audio/3-150979-B-40.wav,5.0,44100,1,3,0.0,5.0,ok,5.0,44100,1,0.857758,60f34984d5387e02be66cd64b3170c1b2c1d953defe874930c15f8fd775dc34d,
ESC-50,3-150979-C-40.wav,150979,helicopter,Aircraft,data\raw\esc50\Aircraft\3-150979-C-40.wav,CC BY-NC 3.0 (ESC-50); ESC-10 subset CC BY 3.0,https://github.com/karolpiczak/ESC-50/blob/master/audio/3-150979-C-40.wav,5.0,44100,1,3,0.0,5.0,ok,5.0,44100,1,0.809509,38ee55ad9ddb3090622e41f502c5097214517b2a47c161f8d9e0d57c26636cd7,
ESC-50,3-151080-A-20.wav,151080,crying_baby,Baby_Crying,data\raw\esc50\Baby_Crying\3-151080-A-20.wav,CC BY-NC 3.0 (ESC-50); ESC-10 subset CC BY 3.0,https://github.com/karolpiczak/ESC-50/blob/master/audio/3-151080-A-20.wav,5.0,44100,1,3,0.0,5.0,ok,5.0,44100,1,0.832214,e673e80074c99c9a8426ff708ca40d5f7a146605cf7b1625532276a7b95fd801,
ESC-50,3-151081-A-20.wav,151081,crying_baby,Baby_Crying,data\raw\esc50\Baby_Crying\3-151081-A-20.wav,CC BY-NC 3.0 (ESC-50); ESC-10 subset CC BY 3.0,https://github.com/karolpiczak/ESC-50/blob/master/audio/3-151081-A-20.wav,5.0,44100,1,3,0.0,5.0,ok,5.0,44100,1,0.889679,48a0009a2b2f7e97d19c020c1292e17ee0775dc7537bca3109c4128fb17ac7de,
ESC-50,3-151081-B-20.wav,151081,crying_baby,Baby_Crying,data\raw\esc50\Baby_Crying\3-151081-B-20.wav,CC BY-NC 3.0 (ESC-50); ESC-10 subset CC BY 3.0,https://github.com/karolpiczak/ESC-50/blob/master/audio/3-151081-B-20.wav,5.0,44100,1,3,0.0,5.0,ok,5.0,44100,1,0.923279,922250bbeca13111c955a83958f013c3a50b48e240705c57a645faf8b47a35d6,
ESC-50,3-151089-A-30.wav,151089,door_wood_knock,Knocking,data\raw\esc50\Knocking\3-151089-A-30.wav,CC BY-NC 3.0 (ESC-50); ESC-10 subset CC BY 3.0,https://github.com/karolpiczak/ESC-50/blob/master/audio/3-151089-A-30.wav,5.0,44100,1,3,0.0,5.0,ok,5.0,44100,1,1.0,77f3f8c26ea85756b565e142b920908a443bc95cc2b3e1e2546e7a69746bc06c,
ESC-50,3-152007-A-20.wav,152007,crying_baby,Baby_Crying,data\raw\esc50\Baby_Crying\3-152007-A-20.wav,CC BY-NC 3.0 (ESC-50); ESC-10 subset CC BY 3.0,https://github.com/karolpiczak/ESC-50/blob/master/audio/3-152007-A-20.wav,5.0,44100,1,3,0.0,5.0,ok,5.0,44100,1,0.939758,dff786672fb70a78c6ddcde9935d1327fcb6704251844753c3a28b73ad2eef44,
ESC-50,3-152007-B-20.wav,152007,crying_baby,Baby_Crying,data\raw\esc50\Baby_Crying\3-152007-B-20.wav,CC BY-NC 3.0 (ESC-50); ESC-10 subset CC BY 3.0,https://github.com/karolpiczak/ESC-50/blob/master/audio/3-152007-B-20.wav,5.0,44100,1,3,0.0,5.0,ok,5.0,44100,1,0.959808,39f6c0417c9bc1154f1cc292a593a33caec51eb985482c89d57e5fede76cdb9f,
ESC-50,3-152007-C-20.wav,152007,crying_baby,Baby_Crying,data\raw\esc50\Baby_Crying\3-152007-C-20.wav,CC BY-NC 3.0 (ESC-50); ESC-10 subset CC BY 3.0,https://github.com/karolpiczak/ESC-50/blob/master/audio/3-152007-C-20.wav,5.0,44100,1,3,0.0,5.0,ok,5.0,44100,1,0.936188,ccd8f855a799a8d21f3234ba81cce8a4eccbbfdef8d141b938f2c5e0ea85aa44,
ESC-50,3-152007-D-20.wav,152007,crying_baby,Baby_Crying,data\raw\esc50\Baby_Crying\3-152007-D-20.wav,CC BY-NC 3.0 (ESC-50); ESC-10 subset CC BY 3.0,https://github.com/karolpiczak/ESC-50/blob/master/audio/3-152007-D-20.wav,5.0,44100,1,3,0.0,5.0,ok,5.0,44100,1,0.944794,c47feeedb4dbf4681b595318dfc3ca0aa555af0a2ef87022715c55ff47922999,
ESC-50,3-152007-E-20.wav,152007,crying_baby,Baby_Crying,data\raw\esc50\Baby_Crying\3-152007-E-20.wav,CC BY-NC 3.0 (ESC-50); ESC-10 subset CC BY 3.0,https://github.com/karolpiczak/ESC-50/blob/master/audio/3-152007-E-20.wav,5.0,44100,1,3,0.0,5.0,ok,5.0,44100,1,0.902283,2369f99bd8ec01a9eb92d1be9a418143ff6f2298791d7811b614ba6cf92ef420,
ESC-50,3-152594-A-30.wav,152594,door_wood_knock,Knocking,data\raw\esc50\Knocking\3-152594-A-30.wav,CC BY-NC 3.0 (ESC-50); ESC-10 subset CC BY 3.0,https://github.com/karolpiczak/ESC-50/blob/master/audio/3-152594-A-30.wav,5.0,44100,1,3,0.0,5.0,ok,5.0,44100,1,0.235291,8d897589e0bf01b2f19f4cc90253688711a522a05306ecc13fa7903f7be8bbdd,
ESC-50,3-154378-A-30.wav,154378,door_wood_knock,Knocking,data\raw\esc50\Knocking\3-154378-A-30.wav,CC BY-NC 3.0 (ESC-50); ESC-10 subset CC BY 3.0,https://github.com/karolpiczak/ESC-50/blob/master/audio/3-154378-A-30.wav,5.0,44100,1,3,0.0,5.0,ok,5.0,44100,1,0.908966,1621d5c3bb3b77d5e24a13751cb53e5924578c71bd1617578e12cc525d949a67,
ESC-50,3-154926-A-40.wav,154926,helicopter,Aircraft,data\raw\esc50\Aircraft\3-154926-A-40.wav,CC BY-NC 3.0 (ESC-50); ESC-10 subset CC BY 3.0,https://github.com/karolpiczak/ESC-50/blob/master/audio/3-154926-A-40.wav,5.0,44100,1,3,0.0,5.0,ok,5.0,44100,1,0.660095,c21a6fadacf782bac2e8efab3815d2fe18ff0130239e671fb666acd2d52dfac5,
ESC-50,3-154926-B-40.wav,154926,helicopter,Aircraft,data\raw\esc50\Aircraft\3-154926-B-40.wav,CC BY-NC 3.0 (ESC-50); ESC-10 subset CC BY 3.0,https://github.com/karolpiczak/ESC-50/blob/master/audio/3-154926-B-40.wav,5.0,44100,1,3,0.0,5.0,ok,5.0,44100,1,0.750488,b919f24982343c8aaeb58472f23ac370b0ea7e343f4925fc6cca81714086f215,
ESC-50,3-157492-A-45.wav,157492,train,Train,data\raw\esc50\Train\3-157492-A-45.wav,CC BY-NC 3.0 (ESC-50); ESC-10 subset CC BY 3.0,https://github.com/karolpiczak/ESC-50/blob/master/audio/3-157492-A-45.wav,5.0,44100,1,3,0.0,5.0,ok,5.0,44100,1,1.0,1ec47b7551c8d2260cfc763fa392dc64e76aeb197dbdf40ba36b19e20e5765fa,
ESC-50,3-159445-A-45.wav,159445,train,Train,data\raw\esc50\Train\3-159445-A-45.wav,CC BY-NC 3.0 (ESC-50); ESC-10 subset CC BY 3.0,https://github.com/karolpiczak/ESC-50/blob/master/audio/3-159445-A-45.wav,5.0,44100,1,3,0.0,5.0,ok,5.0,44100,1,1.0,28e9d41a002374dff5fa73616b8c1711a6de78cd4ba3d009d0d0db8156229042,
ESC-50,3-159445-B-45.wav,159445,train,Train,data\raw\esc50\Train\3-159445-B-45.wav,CC BY-NC 3.0 (ESC-50); ESC-10 subset CC BY 3.0,https://github.com/karolpiczak/ESC-50/blob/master/audio/3-159445-B-45.wav,5.0,44100,1,3,0.0,5.0,ok,5.0,44100,1,1.0,fc76bed7e8c79bde05d7826648b6ea78bd436e1b07adc2c40d5b8851c9a9b455,
ESC-50,3-170574-A-30.wav,170574,door_wood_knock,Knocking,data\raw\esc50\Knocking\3-170574-A-30.wav,CC BY-NC 3.0 (ESC-50); ESC-10 subset CC BY 3.0,https://github.com/karolpiczak/ESC-50/blob/master/audio/3-170574-A-30.wav,5.0,44100,1,3,0.0,5.0,ok,5.0,44100,1,1.0,d017959970fb74e3ba50b976fbf3841a26b9ae38e29da0d1b82c31b8eb703c60,
ESC-50,3-180147-A-30.wav,180147,door_wood_knock,Knocking,data\raw\esc50\Knocking\3-180147-A-30.wav,CC BY-NC 3.0 (ESC-50); ESC-10 subset CC BY 3.0,https://github.com/karolpiczak/ESC-50/blob/master/audio/3-180147-A-30.wav,5.0,44100,1,3,0.0,5.0,ok,5.0,44100,1,0.238342,ce82be45dfc494abcefd7c0337d883d2ded12775dff29acc4de0b9a44b9a76e2,
ESC-50,3-182023-A-30.wav,182023,door_wood_knock,Knocking,data\raw\esc50\Knocking\3-182023-A-30.wav,CC BY-NC 3.0 (ESC-50); ESC-10 subset CC BY 3.0,https://github.com/karolpiczak/ESC-50/blob/master/audio/3-182023-A-30.wav,5.0,44100,1,3,0.0,5.0,ok,5.0,44100,1,0.999969,a5bc28b75bb25bd3f3cf0afb845a930e78e02aba383b31f593e1c9abf865736f,
ESC-50,3-182025-A-30.wav,182025,door_wood_knock,Knocking,data\raw\esc50\Knocking\3-182025-A-30.wav,CC BY-NC 3.0 (ESC-50); ESC-10 subset CC BY 3.0,https://github.com/karolpiczak/ESC-50/blob/master/audio/3-182025-A-30.wav,5.0,44100,1,3,0.0,5.0,ok,5.0,44100,1,0.999969,183c8545811df752f9c9a0a4c13ba03c9385dd87a645f5b84cff00b28b84eece,
ESC-50,3-193767-A-47.wav,193767,airplane,Aircraft,data\raw\esc50\Aircraft\3-193767-A-47.wav,CC BY-NC 3.0 (ESC-50); ESC-10 subset CC BY 3.0,https://github.com/karolpiczak/ESC-50/blob/master/audio/3-193767-A-47.wav,5.0,44100,1,3,0.0,5.0,ok,5.0,44100,1,0.53476,8b7715663277c0fcacf8fb4c44603c6eeab43ac114922e219fb00cabfd7f35a8,
ESC-50,3-203371-A-39.wav,203371,glass_breaking,Glass_Breaking,data\raw\esc50\Glass_Breaking\3-203371-A-39.wav,CC BY-NC 3.0 (ESC-50); ESC-10 subset CC BY 3.0,https://github.com/karolpiczak/ESC-50/blob/master/audio/3-203371-A-39.wav,5.0,44100,1,3,0.0,5.0,ok,5.0,44100,1,1.0,60a600ff3e1ac00b41c60b0e3979ee8b1b46ebfcbc370523389094e4fbda415b,
ESC-50,3-203373-A-39.wav,203373,glass_breaking,Glass_Breaking,data\raw\esc50\Glass_Breaking\3-203373-A-39.wav,CC BY-NC 3.0 (ESC-50); ESC-10 subset CC BY 3.0,https://github.com/karolpiczak/ESC-50/blob/master/audio/3-203373-A-39.wav,5.0,44100,1,3,0.0,5.0,ok,5.0,44100,1,1.0,beb0605537f3fe20e98b54f19f20842d92b7a95f9408dee41e620a8955b33111,
ESC-50,3-203374-A-39.wav,203374,glass_breaking,Glass_Breaking,data\raw\esc50\Glass_Breaking\3-203374-A-39.wav,CC BY-NC 3.0 (ESC-50); ESC-10 subset CC BY 3.0,https://github.com/karolpiczak/ESC-50/blob/master/audio/3-203374-A-39.wav,5.0,44100,1,3,0.0,5.0,ok,5.0,44100,1,1.0,d2d0b97a0ad01b927a83605cd4e5cc988c4b868e1e01a4fa874563c038e16473,
ESC-50,3-203375-A-39.wav,203375,glass_breaking,Glass_Breaking,data\raw\esc50\Glass_Breaking\3-203375-A-39.wav,CC BY-NC 3.0 (ESC-50); ESC-10 subset CC BY 3.0,https://github.com/karolpiczak/ESC-50/blob/master/audio/3-203375-A-39.wav,5.0,44100,1,3,0.0,5.0,ok,5.0,44100,1,1.0,b6a987feb4855cf91f55498dcc04bee4fd0f8ed06290d451ce37a07fff230feb,
ESC-50,3-203377-A-39.wav,203377,glass_breaking,Glass_Breaking,data\raw\esc50\Glass_Breaking\3-203377-A-39.wav,CC BY-NC 3.0 (ESC-50); ESC-10 subset CC BY 3.0,https://github.com/karolpiczak/ESC-50/blob/master/audio/3-203377-A-39.wav,5.0,44100,1,3,0.0,5.0,ok,5.0,44100,1,1.0,66c6c338f75f509754b454cedae44597f70c97a44f79a3079da0183a63e34562,
ESC-50,3-216280-A-39.wav,216280,glass_breaking,Glass_Breaking,data\raw\esc50\Glass_Breaking\3-216280-A-39.wav,CC BY-NC 3.0 (ESC-50); ESC-10 subset CC BY 3.0,https://github.com/karolpiczak/ESC-50/blob/master/audio/3-216280-A-39.wav,5.0,44100,1,3,0.0,5.0,ok,5.0,44100,1,0.800629,2ff2076e898eb818ee6ce5edb615126500b72f6c2fb525ea6bd411d73f8ca580,
ESC-50,3-216281-A-39.wav,216281,glass_breaking,Glass_Breaking,data\raw\esc50\Glass_Breaking\3-216281-A-39.wav,CC BY-NC 3.0 (ESC-50); ESC-10 subset CC BY 3.0,https://github.com/karolpiczak/ESC-50/blob/master/audio/3-216281-A-39.wav,5.0,44100,1,3,0.0,5.0,ok,5.0,44100,1,0.902039,6f0ae114a872f560946a6a45d474f2b9e0664325ac5b236bc396723ecfbcb5ff,
ESC-50,3-216284-A-39.wav,216284,glass_breaking,Glass_Breaking,data\raw\esc50\Glass_Breaking\3-216284-A-39.wav,CC BY-NC 3.0 (ESC-50); ESC-10 subset CC BY 3.0,https://github.com/karolpiczak/ESC-50/blob/master/audio/3-216284-A-39.wav,5.0,44100,1,3,0.0,5.0,ok,5.0,44100,1,0.865082,b494fb47b9afd88715976c1476e6115024b8869681a293ea761fea72a03abf3e,
ESC-50,3-243726-A-43.wav,243726,car_horn,Vehicle_Horn,data\raw\esc50\Vehicle_Horn\3-243726-A-43.wav,CC BY-NC 3.0 (ESC-50); ESC-10 subset CC BY 3.0,https://github.com/karolpiczak/ESC-50/blob/master/audio/3-243726-A-43.wav,5.0,44100,1,3,0.0,5.0,ok,5.0,44100,1,0.093933,59d89e8d5ec2897522d4f9ff35dc381f751e3af6253db49ddc7865e75b35121e,
ESC-50,3-249913-A-25.wav,249913,footsteps,Footsteps,data\raw\esc50\Footsteps\3-249913-A-25.wav,CC BY-NC 3.0 (ESC-50); ESC-10 subset CC BY 3.0,https://github.com/karolpiczak/ESC-50/blob/master/audio/3-249913-A-25.wav,5.0,44100,1,3,0.0,5.0,ok,5.0,44100,1,0.100159,a8eb9f3e0c59dea33b9152c7da3f758087c30f9b9d6a969efd7393816e32976d,
ESC-50,3-68630-A-40.wav,68630,helicopter,Aircraft,data\raw\esc50\Aircraft\3-68630-A-40.wav,CC BY-NC 3.0 (ESC-50); ESC-10 subset CC BY 3.0,https://github.com/karolpiczak/ESC-50/blob/master/audio/3-68630-A-40.wav,5.0,44100,1,3,0.0,5.0,ok,5.0,44100,1,0.861053,f085e649b44c0ff59ce93228fd367da81c68f53e5f932fb3c2dbbcc66c997a66,
ESC-50,3-68630-B-40.wav,68630,helicopter,Aircraft,data\raw\esc50\Aircraft\3-68630-B-40.wav,CC BY-NC 3.0 (ESC-50); ESC-10 subset CC BY 3.0,https://github.com/karolpiczak/ESC-50/blob/master/audio/3-68630-B-40.wav,5.0,44100,1,3,0.0,5.0,ok,5.0,44100,1,0.871124,fc18f3d9663d8f180bf65e1747543816ceebc6a710de319de74017a8eb2e4b15,
ESC-50,3-68630-C-40.wav,68630,helicopter,Aircraft,data\raw\esc50\Aircraft\3-68630-C-40.wav,CC BY-NC 3.0 (ESC-50); ESC-10 subset CC BY 3.0,https://github.com/karolpiczak/ESC-50/blob/master/audio/3-68630-C-40.wav,5.0,44100,1,3,0.0,5.0,ok,5.0,44100,1,0.896484,0358b8428bc77a109345b4f36f92fcdae1795efdf1928e74a4bbf35d58b607ee,
ESC-50,3-94342-A-25.wav,94342,footsteps,Footsteps,data\raw\esc50\Footsteps\3-94342-A-25.wav,CC BY-NC 3.0 (ESC-50); ESC-10 subset CC BY 3.0,https://github.com/karolpiczak/ESC-50/blob/master/audio/3-94342-A-25.wav,5.0,44100,1,3,0.0,5.0,ok,5.0,44100,1,0.961609,aa5f165461dce46867d6be56a5362ea28e93574379041ba2395563b629aee3ea,
ESC-50,3-94343-A-25.wav,94343,footsteps,Footsteps,data\raw\esc50\Footsteps\3-94343-A-25.wav,CC BY-NC 3.0 (ESC-50); ESC-10 subset CC BY 3.0,https://github.com/karolpiczak/ESC-50/blob/master/audio/3-94343-A-25.wav,5.0,44100,1,3,0.0,5.0,ok,5.0,44100,1,0.60498,975e559e9ac1a97093a4b9bc61344bf15b1ce4b4f76a88a6cf8184c197e9e634,
ESC-50,3-94344-A-25.wav,94344,footsteps,Footsteps,data\raw\esc50\Footsteps\3-94344-A-25.wav,CC BY-NC 3.0 (ESC-50); ESC-10 subset CC BY 3.0,https://github.com/karolpiczak/ESC-50/blob/master/audio/3-94344-A-25.wav,5.0,44100,1,3,0.0,5.0,ok,5.0,44100,1,1.0,3cc287735d092ad54971f68131d02130b80e9a728fdd4b1aede9f7623c6bf7b7,
ESC-50,4-117627-A-25.wav,117627,footsteps,Footsteps,data\raw\esc50\Footsteps\4-117627-A-25.wav,CC BY-NC 3.0 (ESC-50); ESC-10 subset CC BY 3.0,https://github.com/karolpiczak/ESC-50/blob/master/audio/4-117627-A-25.wav,5.0,44100,1,4,0.0,5.0,ok,5.0,44100,1,0.999969,bee53dc6ab282257b4a70a852d6235104ec74bdb380f0a83b706f1ab88b356ca,
ESC-50,4-117630-A-25.wav,117630,footsteps,Footsteps,data\raw\esc50\Footsteps\4-117630-A-25.wav,CC BY-NC 3.0 (ESC-50); ESC-10 subset CC BY 3.0,https://github.com/karolpiczak/ESC-50/blob/master/audio/4-117630-A-25.wav,5.0,44100,1,4,0.0,5.0,ok,5.0,44100,1,1.0,70beb5f16c161f46b7c672b8bc85724ced5d69db1e29d7f137ad94f4c1215d08,
ESC-50,4-125929-A-40.wav,125929,helicopter,Aircraft,data\raw\esc50\Aircraft\4-125929-A-40.wav,CC BY-NC 3.0 (ESC-50); ESC-10 subset CC BY 3.0,https://github.com/karolpiczak/ESC-50/blob/master/audio/4-125929-A-40.wav,5.0,44100,1,4,0.0,5.0,ok,5.0,44100,1,0.686584,adfb82d86a3b2a7ac8fcf85c98f6b222ef5b0e47991cf6c0047e3d99e2f11443,
ESC-50,4-151242-A-37.wav,151242,clock_alarm,Alarm,data\raw\esc50\Alarm\4-151242-A-37.wav,CC BY-NC 3.0 (ESC-50); ESC-10 subset CC BY 3.0,https://github.com/karolpiczak/ESC-50/blob/master/audio/4-151242-A-37.wav,5.0,44100,1,4,0.0,5.0,ok,5.0,44100,1,1.0,c83789199d3a2794323f9151cae42fa478b7ae408a624f483399316bd44cf899,
ESC-50,4-161099-A-47.wav,161099,airplane,Aircraft,data\raw\esc50\Aircraft\4-161099-A-47.wav,CC BY-NC 3.0 (ESC-50); ESC-10 subset CC BY 3.0,https://github.com/karolpiczak/ESC-50/blob/master/audio/4-161099-A-47.wav,5.0,44100,1,4,0.0,5.0,ok,5.0,44100,1,0.293488,2264c8830b42634fb6df30886667ea375dd988d38c005662b1218adbd46755dd,
ESC-50,4-161099-B-47.wav,161099,airplane,Aircraft,data\raw\esc50\Aircraft\4-161099-B-47.wav,CC BY-NC 3.0 (ESC-50); ESC-10 subset CC BY 3.0,https://github.com/karolpiczak/ESC-50/blob/master/audio/4-161099-B-47.wav,5.0,44100,1,4,0.0,5.0,ok,5.0,44100,1,1.0,fb70ad4860e19a0d905a6edcb9ab2f26472358d63ee2c41d9a7658e00f494d67,
ESC-50,4-161100-A-47.wav,161100,airplane,Aircraft,data\raw\esc50\Aircraft\4-161100-A-47.wav,CC BY-NC 3.0 (ESC-50); ESC-10 subset CC BY 3.0,https://github.com/karolpiczak/ESC-50/blob/master/audio/4-161100-A-47.wav,5.0,44100,1,4,0.0,5.0,ok,5.0,44100,1,1.0,10b80a4efdd21a7e91034be5610968ae72423adbbbaa22d120e09824ff74944d,
ESC-50,4-161103-A-47.wav,161103,airplane,Aircraft,data\raw\esc50\Aircraft\4-161103-A-47.wav,CC BY-NC 3.0 (ESC-50); ESC-10 subset CC BY 3.0,https://github.com/karolpiczak/ESC-50/blob/master/audio/4-161103-A-47.wav,5.0,44100,1,4,0.0,5.0,ok,5.0,44100,1,1.0,faf8973d7984be8b6c04160ca191ec85a75e8c0e0989e66a6f9842fb9ae87d73,
ESC-50,4-161105-A-47.wav,161105,airplane,Aircraft,data\raw\esc50\Aircraft\4-161105-A-47.wav,CC BY-NC 3.0 (ESC-50); ESC-10 subset CC BY 3.0,https://github.com/karolpiczak/ESC-50/blob/master/audio/4-161105-A-47.wav,5.0,44100,1,4,0.0,5.0,ok,5.0,44100,1,0.328979,93d3bfc2ccae3ddedf4254c370748b008346eca1ababe44218846d3e75793399,
ESC-50,4-161105-B-47.wav,161105,airplane,Aircraft,data\raw\esc50\Aircraft\4-161105-B-47.wav,CC BY-NC 3.0 (ESC-50); ESC-10 subset CC BY 3.0,https://github.com/karolpiczak/ESC-50/blob/master/audio/4-161105-B-47.wav,5.0,44100,1,4,0.0,5.0,ok,5.0,44100,1,0.860931,12a26e7483a04bdfafb61659b535ced5271f1a12d7919cfc2dba3ae4f5b3adf4,
ESC-50,4-161579-A-40.wav,161579,helicopter,Aircraft,data\raw\esc50\Aircraft\4-161579-A-40.wav,CC BY-NC 3.0 (ESC-50); ESC-10 subset CC BY 3.0,https://github.com/karolpiczak/ESC-50/blob/master/audio/4-161579-A-40.wav,5.0,44100,1,4,0.0,5.0,ok,5.0,44100,1,0.571472,74bfa5c0c1d5926aa20fa25d4b57fc3cd445208a23200e282f5f603dc2d0fdc8,
ESC-50,4-161579-B-40.wav,161579,helicopter,Aircraft,data\raw\esc50\Aircraft\4-161579-B-40.wav,CC BY-NC 3.0 (ESC-50); ESC-10 subset CC BY 3.0,https://github.com/karolpiczak/ESC-50/blob/master/audio/4-161579-B-40.wav,5.0,44100,1,4,0.0,5.0,ok,5.0,44100,1,0.955414,4f110f1d5c7d4185c7ed5f5a678f9233871126a826698b9eec1e4b2f3768aa1d,
ESC-50,4-165606-A-45.wav,165606,train,Train,data\raw\esc50\Train\4-165606-A-45.wav,CC BY-NC 3.0 (ESC-50); ESC-10 subset CC BY 3.0,https://github.com/karolpiczak/ESC-50/blob/master/audio/4-165606-A-45.wav,5.0,44100,1,4,0.0,5.0,ok,5.0,44100,1,0.816254,8db18f72cf0a09b40b78b62146a946235bcf4be656de7e5594615a90f51c969e,
ESC-50,4-165791-A-45.wav,165791,train,Train,data\raw\esc50\Train\4-165791-A-45.wav,CC BY-NC 3.0 (ESC-50); ESC-10 subset CC BY 3.0,https://github.com/karolpiczak/ESC-50/blob/master/audio/4-165791-A-45.wav,5.0,44100,1,4,0.0,5.0,ok,5.0,44100,1,0.785126,c44684d4efe103b3d67b29a93c2ffa813b17b435074fed1e677d8690fa476e41,
ESC-50,4-165791-B-45.wav,165791,train,Train,data\raw\esc50\Train\4-165791-B-45.wav,CC BY-NC 3.0 (ESC-50); ESC-10 subset CC BY 3.0,https://github.com/karolpiczak/ESC-50/blob/master/audio/4-165791-B-45.wav,5.0,44100,1,4,0.0,5.0,ok,5.0,44100,1,0.578339,b4f8c7c4eb2e2b408379c7e76c7983e274d76ed0817a83f6a4b4c71ab8660b27,
ESC-50,4-165845-A-45.wav,165845,train,Train,data\raw\esc50\Train\4-165845-A-45.wav,CC BY-NC 3.0 (ESC-50); ESC-10 subset CC BY 3.0,https://github.com/karolpiczak/ESC-50/blob/master/audio/4-165845-A-45.wav,5.0,44100,1,4,0.0,5.0,ok,5.0,44100,1,1.0,acd0839d5d1cea8ba29b29a28b47c932631e296db87f3a0a7accb4cc7351f419,
ESC-50,4-165845-B-45.wav,165845,train,Train,data\raw\esc50\Train\4-165845-B-45.wav,CC BY-NC 3.0 (ESC-50); ESC-10 subset CC BY 3.0,https://github.com/karolpiczak/ESC-50/blob/master/audio/4-165845-B-45.wav,5.0,44100,1,4,0.0,5.0,ok,5.0,44100,1,1.0,a824c9ed0b0004745a4b81ffe9062d736705b60c3d8573f0d43f349b32c5de4c,
ESC-50,4-165933-A-45.wav,165933,train,Train,data\raw\esc50\Train\4-165933-A-45.wav,CC BY-NC 3.0 (ESC-50); ESC-10 subset CC BY 3.0,https://github.com/karolpiczak/ESC-50/blob/master/audio/4-165933-A-45.wav,5.0,44100,1,4,0.0,5.0,ok,5.0,44100,1,1.0,06f9ae9aff48c5bac6b61cc0d9c2e02fd79bf659a4519828dfea4dc3065e3ae7,
ESC-50,4-167077-A-20.wav,167077,crying_baby,Baby_Crying,data\raw\esc50\Baby_Crying\4-167077-A-20.wav,CC BY-NC 3.0 (ESC-50); ESC-10 subset CC BY 3.0,https://github.com/karolpiczak/ESC-50/blob/master/audio/4-167077-A-20.wav,5.0,44100,1,4,0.0,5.0,ok,5.0,44100,1,0.950897,43a894a23a4a1bed053e2ca040f7029a5d9029269173d8bac1c650c52c03e937,
ESC-50,4-167077-B-20.wav,167077,crying_baby,Baby_Crying,data\raw\esc50\Baby_Crying\4-167077-B-20.wav,CC BY-NC 3.0 (ESC-50); ESC-10 subset CC BY 3.0,https://github.com/karolpiczak/ESC-50/blob/master/audio/4-167077-B-20.wav,5.0,44100,1,4,0.0,5.0,ok,5.0,44100,1,0.93335,0dd0122251e1b989c8309596e92ea95d06989db8b37d28fee3c485842f9f0014,
ESC-50,4-167077-C-20.wav,167077,crying_baby,Baby_Crying,data\raw\esc50\Baby_Crying\4-167077-C-20.wav,CC BY-NC 3.0 (ESC-50); ESC-10 subset CC BY 3.0,https://github.com/karolpiczak/ESC-50/blob/master/audio/4-167077-C-20.wav,5.0,44100,1,4,0.0,5.0,ok,5.0,44100,1,0.904419,c9ec416d8fb525a66d084250b4fbbf041e8bd5f31cc1c7c809e381a45902cc06,
ESC-50,4-168446-A-45.wav,168446,train,Train,data\raw\esc50\Train\4-168446-A-45.wav,CC BY-NC 3.0 (ESC-50); ESC-10 subset CC BY 3.0,https://github.com/karolpiczak/ESC-50/blob/master/audio/4-168446-A-45.wav,5.0,44100,1,4,0.0,5.0,ok,5.0,44100,1,1.0,1fb43e450b24b8d7a548a282240288c97cc116232a6766f095f3762cd929e187,
ESC-50,4-169508-A-37.wav,169508,clock_alarm,Alarm,data\raw\esc50\Alarm\4-169508-A-37.wav,CC BY-NC 3.0 (ESC-50); ESC-10 subset CC BY 3.0,https://github.com/karolpiczak/ESC-50/blob/master/audio/4-169508-A-37.wav,5.0,44100,1,4,0.0,5.0,ok,5.0,44100,1,0.452789,1b78f0e61352c9d8d4c95987ba852cc3f9e84c3d6a4f3be7424e2704057570a2,
ESC-50,4-172366-A-37.wav,172366,clock_alarm,Alarm,data\raw\esc50\Alarm\4-172366-A-37.wav,CC BY-NC 3.0 (ESC-50); ESC-10 subset CC BY 3.0,https://github.com/karolpiczak/ESC-50/blob/master/audio/4-172366-A-37.wav,5.0,44100,1,4,0.0,5.0,ok,5.0,44100,1,0.064453,b6d260c3b1823bdd45c9d8968b87a9bc6d57c0b99bfef07362cae506ae38b32a,
ESC-50,4-175000-A-40.wav,175000,helicopter,Aircraft,data\raw\esc50\Aircraft\4-175000-A-40.wav,CC BY-NC 3.0 (ESC-50); ESC-10 subset CC BY 3.0,https://github.com/karolpiczak/ESC-50/blob/master/audio/4-175000-A-40.wav,5.0,44100,1,4,0.0,5.0,ok,5.0,44100,1,0.619995,1955ca9fc02340cef8d66b125b0e2cdaabea757b1ee38fe9dc3df9646a50657e,
ESC-50,4-175000-B-40.wav,175000,helicopter,Aircraft,data\raw\esc50\Aircraft\4-175000-B-40.wav,CC BY-NC 3.0 (ESC-50); ESC-10 subset CC BY 3.0,https://github.com/karolpiczak/ESC-50/blob/master/audio/4-175000-B-40.wav,5.0,44100,1,4,0.0,5.0,ok,5.0,44100,1,0.852844,84b0d5dd09ad0fdca162eebabaacdf07f396a13df8402ab1d6909f348abd25c3,
ESC-50,4-175000-C-40.wav,175000,helicopter,Aircraft,data\raw\esc50\Aircraft\4-175000-C-40.wav,CC BY-NC 3.0 (ESC-50); ESC-10 subset CC BY 3.0,https://github.com/karolpiczak/ESC-50/blob/master/audio/4-175000-C-40.wav,5.0,44100,1,4,0.0,5.0,ok,5.0,44100,1,0.649872,ef2f54b5d05ee09cd5b6e76af1e0465cd6f07a1f2a06d49eca912a995c0e48cd,
ESC-50,4-178881-A-45.wav,178881,train,Train,data\raw\esc50\Train\4-178881-A-45.wav,CC BY-NC 3.0 (ESC-50); ESC-10 subset CC BY 3.0,https://github.com/karolpiczak/ESC-50/blob/master/audio/4-178881-A-45.wav,5.0,44100,1,4,0.0,5.0,ok,5.0,44100,1,0.603485,f9c68f75599c22c1ec196d1754081cb8df5535234b4ee40f414452e59f48f2b1,
ESC-50,4-182034-A-30.wav,182034,door_wood_knock,Knocking,data\raw\esc50\Knocking\4-182034-A-30.wav,CC BY-NC 3.0 (ESC-50); ESC-10 subset CC BY 3.0,https://github.com/karolpiczak/ESC-50/blob/master/audio/4-182034-A-30.wav,5.0,44100,1,4,0.0,5.0,ok,5.0,44100,1,0.999969,8548390103bfa9097087ea552b42e6b493697f9fbe0b9d78a1aefdbf8b18219f,
ESC-50,4-182039-A-30.wav,182039,door_wood_knock,Knocking,data\raw\esc50\Knocking\4-182039-A-30.wav,CC BY-NC 3.0 (ESC-50); ESC-10 subset CC BY 3.0,https://github.com/karolpiczak/ESC-50/blob/master/audio/4-182039-A-30.wav,5.0,44100,1,4,0.0,5.0,ok,5.0,44100,1,0.999969,64ba4dcfb42f253c93cf7b52d52584be213bcd058a9a8aa35055d76f10cc7920,
ESC-50,4-182041-A-30.wav,182041,door_wood_knock,Knocking,data\raw\esc50\Knocking\4-182041-A-30.wav,CC BY-NC 3.0 (ESC-50); ESC-10 subset CC BY 3.0,https://github.com/karolpiczak/ESC-50/blob/master/audio/4-182041-A-30.wav,5.0,44100,1,4,0.0,5.0,ok,5.0,44100,1,0.691254,9ccf22ef141031359b6547ef7b3b0cceef5ea7798ee90f5de87a84064dba23f7,
ESC-50,4-185575-A-20.wav,185575,crying_baby,Baby_Crying,data\raw\esc50\Baby_Crying\4-185575-A-20.wav,CC BY-NC 3.0 (ESC-50); ESC-10 subset CC BY 3.0,https://github.com/karolpiczak/ESC-50/blob/master/audio/4-185575-A-20.wav,5.0,44100,1,4,0.0,5.0,ok,5.0,44100,1,0.935822,9f40eaeef4e23e134a64b010d8a42636c7a9337e066539ebb183117744745f48,
ESC-50,4-185575-B-20.wav,185575,crying_baby,Baby_Crying,data\raw\esc50\Baby_Crying\4-185575-B-20.wav,CC BY-NC 3.0 (ESC-50); ESC-10 subset CC BY 3.0,https://github.com/karolpiczak/ESC-50/blob/master/audio/4-185575-B-20.wav,5.0,44100,1,4,0.0,5.0,ok,5.0,44100,1,0.938538,630641ffb71938bd943b0ac6c5c2523fea1d7aa1e34a93de6f7268183a25ee5a,
ESC-50,4-185575-C-20.wav,185575,crying_baby,Baby_Crying,data\raw\esc50\Baby_Crying\4-185575-C-20.wav,CC BY-NC 3.0 (ESC-50); ESC-10 subset CC BY 3.0,https://github.com/karolpiczak/ESC-50/blob/master/audio/4-185575-C-20.wav,5.0,44100,1,4,0.0,5.0,ok,5.0,44100,1,0.946075,7cdd46d701197c99ab637a10bc37e61a9859fd88218d339d4699a46f748c0200,
ESC-50,4-186518-A-30.wav,186518,door_wood_knock,Knocking,data\raw\esc50\Knocking\4-186518-A-30.wav,CC BY-NC 3.0 (ESC-50); ESC-10 subset CC BY 3.0,https://github.com/karolpiczak/ESC-50/blob/master/audio/4-186518-A-30.wav,5.0,44100,1,4,0.0,5.0,ok,5.0,44100,1,1.0,20ac1b533d72043c8370ca5de40826e50d9a8c6cfaa098650e2044bda7ca12a0,
ESC-50,4-187284-A-30.wav,187284,door_wood_knock,Knocking,data\raw\esc50\Knocking\4-187284-A-30.wav,CC BY-NC 3.0 (ESC-50); ESC-10 subset CC BY 3.0,https://github.com/karolpiczak/ESC-50/blob/master/audio/4-187284-A-30.wav,5.0,44100,1,4,0.0,5.0,ok,5.0,44100,1,0.565002,c653e16e3ef1954e3ee3bf9ebb80bd80472cf59c05c211c1ada00fc9b10b0ac0,
ESC-50,4-188878-A-30.wav,188878,door_wood_knock,Knocking,data\raw\esc50\Knocking\4-188878-A-30.wav,CC BY-NC 3.0 (ESC-50); ESC-10 subset CC BY 3.0,https://github.com/karolpiczak/ESC-50/blob/master/audio/4-188878-A-30.wav,5.0,44100,1,4,0.0,5.0,ok,5.0,44100,1,0.91626,072852ce3b23b40d58774570a5758fae5b114be54a3d8242cf26a722ff735a07,
ESC-50,4-191015-A-43.wav,191015,car_horn,Vehicle_Horn,data\raw\esc50\Vehicle_Horn\4-191015-A-43.wav,CC BY-NC 3.0 (ESC-50); ESC-10 subset CC BY 3.0,https://github.com/karolpiczak/ESC-50/blob/master/audio/4-191015-A-43.wav,5.0,44100,1,4,0.0,5.0,ok,5.0,44100,1,0.331238,ca89718085b0dff144e5e7833dce424364f1ca1b737eb8d45df70cf8e1d1250a,
ESC-50,4-193480-A-40.wav,193480,helicopter,Aircraft,data\raw\esc50\Aircraft\4-193480-A-40.wav,CC BY-NC 3.0 (ESC-50); ESC-10 subset CC BY 3.0,https://github.com/karolpiczak/ESC-50/blob/master/audio/4-193480-A-40.wav,5.0,44100,1,4,0.0,5.0,ok,5.0,44100,1,0.847839,1cf1759e082bf6f1ff9387cefa9cd7050f05154ed8c5e0dc490f43ee9a6dc1b5,
ESC-50,4-193480-B-40.wav,193480,helicopter,Aircraft,data\raw\esc50\Aircraft\4-193480-B-40.wav,CC BY-NC 3.0 (ESC-50); ESC-10 subset CC BY 3.0,https://github.com/karolpiczak/ESC-50/blob/master/audio/4-193480-B-40.wav,5.0,44100,1,4,0.0,5.0,ok,5.0,44100,1,0.802704,70a164e3d5cbb8735afd80b6507de1bc4234d30d70efa036ae1f5424573f02df,
ESC-50,4-194979-A-25.wav,194979,footsteps,Footsteps,data\raw\esc50\Footsteps\4-194979-A-25.wav,CC BY-NC 3.0 (ESC-50); ESC-10 subset CC BY 3.0,https://github.com/karolpiczak/ESC-50/blob/master/audio/4-194979-A-25.wav,5.0,44100,1,4,0.0,5.0,ok,5.0,44100,1,0.248322,ef46de922532c82310795bd5bd705a1837eb051b73997cddd0d39c1d8283d8e9,
ESC-50,4-194981-A-25.wav,194981,footsteps,Footsteps,data\raw\esc50\Footsteps\4-194981-A-25.wav,CC BY-NC 3.0 (ESC-50); ESC-10 subset CC BY 3.0,https://github.com/karolpiczak/ESC-50/blob/master/audio/4-194981-A-25.wav,5.0,44100,1,4,0.0,5.0,ok,5.0,44100,1,0.686859,69512e2e391473e9ae3d8cf69b9b3b0fed8310c81265fefb8b8262f88a6a21a6,
ESC-50,4-198841-A-37.wav,198841,clock_alarm,Alarm,data\raw\esc50\Alarm\4-198841-A-37.wav,CC BY-NC 3.0 (ESC-50); ESC-10 subset CC BY 3.0,https://github.com/karolpiczak/ESC-50/blob/master/audio/4-198841-A-37.wav,5.0,44100,1,4,0.0,5.0,ok,5.0,44100,1,1.0,49223fa45a7db4a1ca663d7c0f4c2de3e46a76f7f0e740fa5511f1fd3107062c,
ESC-50,4-198962-A-25.wav,198962,footsteps,Footsteps,data\raw\esc50\Footsteps\4-198962-A-25.wav,CC BY-NC 3.0 (ESC-50); ESC-10 subset CC BY 3.0,https://github.com/karolpiczak/ESC-50/blob/master/audio/4-198962-A-25.wav,5.0,44100,1,4,0.0,5.0,ok,5.0,44100,1,0.222137,622d193035a6635af9c3b552bc3b0414de0c79b3408f7d3f21397d2929f1ed69,
ESC-50,4-198962-B-25.wav,198962,footsteps,Footsteps,data\raw\esc50\Footsteps\4-198962-B-25.wav,CC BY-NC 3.0 (ESC-50); ESC-10 subset CC BY 3.0,https://github.com/karolpiczak/ESC-50/blob/master/audio/4-198962-B-25.wav,5.0,44100,1,4,0.0,5.0,ok,5.0,44100,1,0.187378,4a9fd033241d235416314dcc577acb6f62c7de290ea706fed597aaf15d323971,
ESC-50,4-204115-A-39.wav,204115,glass_breaking,Glass_Breaking,data\raw\esc50\Glass_Breaking\4-204115-A-39.wav,CC BY-NC 3.0 (ESC-50); ESC-10 subset CC BY 3.0,https://github.com/karolpiczak/ESC-50/blob/master/audio/4-204115-A-39.wav,5.0,44100,1,4,0.0,5.0,ok,5.0,44100,1,0.183136,3d4a520122727b384d55738c254f33103e1eee73152f4c45893736089915eff9,
ESC-50,4-204119-A-39.wav,204119,glass_breaking,Glass_Breaking,data\raw\esc50\Glass_Breaking\4-204119-A-39.wav,CC BY-NC 3.0 (ESC-50); ESC-10 subset CC BY 3.0,https://github.com/karolpiczak/ESC-50/blob/master/audio/4-204119-A-39.wav,5.0,44100,1,4,0.0,5.0,ok,5.0,44100,1,0.419952,2fbc4acd76fa931f8461c3370eeef3e417b1ea28da20eff7874d4b4e2177fc41,
ESC-50,4-204121-A-39.wav,204121,glass_breaking,Glass_Breaking,data\raw\esc50\Glass_Breaking\4-204121-A-39.wav,CC BY-NC 3.0 (ESC-50); ESC-10 subset CC BY 3.0,https://github.com/karolpiczak/ESC-50/blob/master/audio/4-204121-A-39.wav,5.0,44100,1,4,0.0,5.0,ok,5.0,44100,1,0.260162,ad42b3c91dd21d4f3a8238290c20dac179e7a7674320dab7029c5b111116d1d1,
ESC-50,4-204123-A-39.wav,204123,glass_breaking,Glass_Breaking,data\raw\esc50\Glass_Breaking\4-204123-A-39.wav,CC BY-NC 3.0 (ESC-50); ESC-10 subset CC BY 3.0,https://github.com/karolpiczak/ESC-50/blob/master/audio/4-204123-A-39.wav,5.0,44100,1,4,0.0,5.0,ok,5.0,44100,1,0.333405,a35fd2223acb65ae87ab1e3ad4c774e8cda44a5482b639f11b6aa0d8065b4a7a,
ESC-50,4-204777-A-39.wav,204777,glass_breaking,Glass_Breaking,data\raw\esc50\Glass_Breaking\4-204777-A-39.wav,CC BY-NC 3.0 (ESC-50); ESC-10 subset CC BY 3.0,https://github.com/karolpiczak/ESC-50/blob/master/audio/4-204777-A-39.wav,5.0,44100,1,4,0.0,5.0,ok,5.0,44100,1,1.0,872608ee9201b147b13b9cdc871558b39368bd09d3eb7dc469544866e414c0f8,
ESC-50,4-204777-B-39.wav,204777,glass_breaking,Glass_Breaking,data\raw\esc50\Glass_Breaking\4-204777-B-39.wav,CC BY-NC 3.0 (ESC-50); ESC-10 subset CC BY 3.0,https://github.com/karolpiczak/ESC-50/blob/master/audio/4-204777-B-39.wav,5.0,44100,1,4,0.0,5.0,ok,5.0,44100,1,1.0,98b930c2e4028e80749d82616ccba7640e58650a9ccf7770a77f814e3b2dcd24,
ESC-50,4-204777-C-39.wav,204777,glass_breaking,Glass_Breaking,data\raw\esc50\Glass_Breaking\4-204777-C-39.wav,CC BY-NC 3.0 (ESC-50); ESC-10 subset CC BY 3.0,https://github.com/karolpiczak/ESC-50/blob/master/audio/4-204777-C-39.wav,5.0,44100,1,4,0.0,5.0,ok,5.0,44100,1,1.0,88bbd7af8f04d1b46f9e0c13a304223efea777c1dd908564b8eff73b9774477b,
ESC-50,4-211502-A-30.wav,211502,door_wood_knock,Knocking,data\raw\esc50\Knocking\4-211502-A-30.wav,CC BY-NC 3.0 (ESC-50); ESC-10 subset CC BY 3.0,https://github.com/karolpiczak/ESC-50/blob/master/audio/4-211502-A-30.wav,5.0,44100,1,4,0.0,5.0,ok,5.0,44100,1,1.0,8c6e71d485494707a94ce0563deaa5c4599a219e0a512151e8e77ed907775ad8,
ESC-50,4-212698-A-39.wav,212698,glass_breaking,Glass_Breaking,data\raw\esc50\Glass_Breaking\4-212698-A-39.wav,CC BY-NC 3.0 (ESC-50); ESC-10 subset CC BY 3.0,https://github.com/karolpiczak/ESC-50/blob/master/audio/4-212698-A-39.wav,5.0,44100,1,4,0.0,5.0,ok,5.0,44100,1,1.0,4491d08becad3c0074b46fbe25eeb7536a458036ecd5eed77f5709ed77313ef8,
ESC-50,4-218304-A-25.wav,218304,footsteps,Footsteps,data\raw\esc50\Footsteps\4-218304-A-25.wav,CC BY-NC 3.0 (ESC-50); ESC-10 subset CC BY 3.0,https://github.com/karolpiczak/ESC-50/blob/master/audio/4-218304-A-25.wav,5.0,44100,1,4,0.0,5.0,ok,5.0,44100,1,0.454407,a2fa1671642d712458d6913a72a55f357ef5ee7f49d82e1ab4d17d355a5efd9c,
ESC-50,4-218304-B-25.wav,218304,footsteps,Footsteps,data\raw\esc50\Footsteps\4-218304-B-25.wav,CC BY-NC 3.0 (ESC-50); ESC-10 subset CC BY 3.0,https://github.com/karolpiczak/ESC-50/blob/master/audio/4-218304-B-25.wav,5.0,44100,1,4,0.0,5.0,ok,5.0,44100,1,0.906647,3d54fb53e375367b67d8552e4e626b38696af91badea46eb09aa923051f3d71c,
ESC-50,4-251959-A-47.wav,251959,airplane,Aircraft,data\raw\esc50\Aircraft\4-251959-A-47.wav,CC BY-NC 3.0 (ESC-50); ESC-10 subset CC BY 3.0,https://github.com/karolpiczak/ESC-50/blob/master/audio/4-251959-A-47.wav,5.0,44100,1,4,0.0,5.0,ok,5.0,44100,1,0.667938,a008167674520b58ef43718cedfcb2d758e754d5e4ef351651800a78c5a78f06,
ESC-50,4-255371-A-47.wav,255371,airplane,Aircraft,data\raw\esc50\Aircraft\4-255371-A-47.wav,CC BY-NC 3.0 (ESC-50); ESC-10 subset CC BY 3.0,https://github.com/karolpiczak/ESC-50/blob/master/audio/4-255371-A-47.wav,5.0,44100,1,4,0.0,5.0,ok,5.0,44100,1,0.848877,ea0643345642e6de194823855bbd7f1692a939bb45c16b48ab81ae0a670f4911,
ESC-50,4-261068-A-30.wav,261068,door_wood_knock,Knocking,data\raw\esc50\Knocking\4-261068-A-30.wav,CC BY-NC 3.0 (ESC-50); ESC-10 subset CC BY 3.0,https://github.com/karolpiczak/ESC-50/blob/master/audio/4-261068-A-30.wav,5.0,44100,1,4,0.0,5.0,ok,5.0,44100,1,0.971832,5f9bef85798486a2a5cdf712ef24f5ef12e84858dc7708fd5478d713cb243548,
ESC-50,4-59579-A-20.wav,59579,crying_baby,Baby_Crying,data\raw\esc50\Baby_Crying\4-59579-A-20.wav,CC BY-NC 3.0 (ESC-50); ESC-10 subset CC BY 3.0,https://github.com/karolpiczak/ESC-50/blob/master/audio/4-59579-A-20.wav,5.0,44100,1,4,0.0,5.0,ok,5.0,44100,1,0.928345,9c21cb5f694f7c375c0d9d33f2f618b58460b7d1b39681dd2d3fbb493f0b0052,
ESC-50,4-59579-B-20.wav,59579,crying_baby,Baby_Crying,data\raw\esc50\Baby_Crying\4-59579-B-20.wav,CC BY-NC 3.0 (ESC-50); ESC-10 subset CC BY 3.0,https://github.com/karolpiczak/ESC-50/blob/master/audio/4-59579-B-20.wav,5.0,44100,1,4,0.0,5.0,ok,5.0,44100,1,0.892517,8129eb08025521fbb11f273c6c506ebed89becab8ccb31ec6c0954162b2242c1,
ESC-50,5-151085-A-20.wav,151085,crying_baby,Baby_Crying,data\raw\esc50\Baby_Crying\5-151085-A-20.wav,CC BY-NC 3.0 (ESC-50); ESC-10 subset CC BY 3.0,https://github.com/karolpiczak/ESC-50/blob/master/audio/5-151085-A-20.wav,5.0,44100,1,5,0.0,5.0,ok,5.0,44100,1,0.845856,e46d87b3673136a4d97b42f0ac6411ed299075bb2c88d61f7c456c0afe6804db,
ESC-50,5-177957-A-40.wav,177957,helicopter,Aircraft,data\raw\esc50\Aircraft\5-177957-A-40.wav,CC BY-NC 3.0 (ESC-50); ESC-10 subset CC BY 3.0,https://github.com/karolpiczak/ESC-50/blob/master/audio/5-177957-A-40.wav,5.0,44100,1,5,0.0,5.0,ok,5.0,44100,1,0.875031,923786a6b83adcee780dc8afa78e3c4c1329ab6c679543bb08a0f56821f21f60,
ESC-50,5-177957-B-40.wav,177957,helicopter,Aircraft,data\raw\esc50\Aircraft\5-177957-B-40.wav,CC BY-NC 3.0 (ESC-50); ESC-10 subset CC BY 3.0,https://github.com/karolpiczak/ESC-50/blob/master/audio/5-177957-B-40.wav,5.0,44100,1,5,0.0,5.0,ok,5.0,44100,1,0.933228,0328636d7592af9a974c4939c54150aaad7b383c1d1e80793eb71af209b7c0ca,
ESC-50,5-177957-C-40.wav,177957,helicopter,Aircraft,data\raw\esc50\Aircraft\5-177957-C-40.wav,CC BY-NC 3.0 (ESC-50); ESC-10 subset CC BY 3.0,https://github.com/karolpiczak/ESC-50/blob/master/audio/5-177957-C-40.wav,5.0,44100,1,5,0.0,5.0,ok,5.0,44100,1,0.857666,5b8598501cf0737d37118d1c80582d7338fcd4f3a61f339aaec85f892a3117cd,
ESC-50,5-177957-D-40.wav,177957,helicopter,Aircraft,data\raw\esc50\Aircraft\5-177957-D-40.wav,CC BY-NC 3.0 (ESC-50); ESC-10 subset CC BY 3.0,https://github.com/karolpiczak/ESC-50/blob/master/audio/5-177957-D-40.wav,5.0,44100,1,5,0.0,5.0,ok,5.0,44100,1,0.931549,8d88a04034bfaf1d279d25097d59e6205c0c3ddc7757ee35b691768a9a2c0aaa,
ESC-50,5-177957-E-40.wav,177957,helicopter,Aircraft,data\raw\esc50\Aircraft\5-177957-E-40.wav,CC BY-NC 3.0 (ESC-50); ESC-10 subset CC BY 3.0,https://github.com/karolpiczak/ESC-50/blob/master/audio/5-177957-E-40.wav,5.0,44100,1,5,0.0,5.0,ok,5.0,44100,1,0.919342,d42b641fe36d07e0b74d1b684ad46c1dfd597f5a537c005bb4b37eda0b3d9e34,
ESC-50,5-188796-A-45.wav,188796,train,Train,data\raw\esc50\Train\5-188796-A-45.wav,CC BY-NC 3.0 (ESC-50); ESC-10 subset CC BY 3.0,https://github.com/karolpiczak/ESC-50/blob/master/audio/5-188796-A-45.wav,5.0,44100,1,5,0.0,5.0,ok,5.0,44100,1,1.0,57c56816064b1af67c14df69c0af6a2b39555eaf6425329c062cabac2a3e9416,
ESC-50,5-188945-A-45.wav,188945,train,Train,data\raw\esc50\Train\5-188945-A-45.wav,CC BY-NC 3.0 (ESC-50); ESC-10 subset CC BY 3.0,https://github.com/karolpiczak/ESC-50/blob/master/audio/5-188945-A-45.wav,5.0,44100,1,5,0.0,5.0,ok,5.0,44100,1,0.970978,34782cd6f035dc77737dbc4a98fcfde13feadb483cbfa16d65302e7cf1e1fbb8,
ESC-50,5-191131-A-40.wav,191131,helicopter,Aircraft,data\raw\esc50\Aircraft\5-191131-A-40.wav,CC BY-NC 3.0 (ESC-50); ESC-10 subset CC BY 3.0,https://github.com/karolpiczak/ESC-50/blob/master/audio/5-191131-A-40.wav,5.0,44100,1,5,0.0,5.0,ok,5.0,44100,1,0.533997,498f75725d397a2253c6fdc687f48773f2ed19a0e44c22463767f4ed186c3cc1,
ESC-50,5-197118-A-45.wav,197118,train,Train,data\raw\esc50\Train\5-197118-A-45.wav,CC BY-NC 3.0 (ESC-50); ESC-10 subset CC BY 3.0,https://github.com/karolpiczak/ESC-50/blob/master/audio/5-197118-A-45.wav,5.0,44100,1,5,0.0,5.0,ok,5.0,44100,1,0.511292,67d2f6fc339fb9a6734b0ad9f124dffb867f5c186c7619560cbfd78c83f37058,
ESC-50,5-197121-A-45.wav,197121,train,Train,data\raw\esc50\Train\5-197121-A-45.wav,CC BY-NC 3.0 (ESC-50); ESC-10 subset CC BY 3.0,https://github.com/karolpiczak/ESC-50/blob/master/audio/5-197121-A-45.wav,5.0,44100,1,5,0.0,5.0,ok,5.0,44100,1,0.387207,4250951f684c6c6bf6d4aa3e490288b9edb8acccf728767b16a9b09839abc2b2,
ESC-50,5-197121-B-45.wav,197121,train,Train,data\raw\esc50\Train\5-197121-B-45.wav,CC BY-NC 3.0 (ESC-50); ESC-10 subset CC BY 3.0,https://github.com/karolpiczak/ESC-50/blob/master/audio/5-197121-B-45.wav,5.0,44100,1,5,0.0,5.0,ok,5.0,44100,1,0.848938,a30efb3eccfcea34dae3fce4e2d393b3e302e1674f1dd016933c4dca2b5941b4,
ESC-50,5-198411-A-20.wav,198411,crying_baby,Baby_Crying,data\raw\esc50\Baby_Crying\5-198411-A-20.wav,CC BY-NC 3.0 (ESC-50); ESC-10 subset CC BY 3.0,https://github.com/karolpiczak/ESC-50/blob/master/audio/5-198411-A-20.wav,5.0,44100,1,5,0.0,5.0,ok,5.0,44100,1,0.630249,efa9989fa053f1bcb7916965791c7bf55c05e4e5acf0bd6d61c649d833659494,
ESC-50,5-198411-B-20.wav,198411,crying_baby,Baby_Crying,data\raw\esc50\Baby_Crying\5-198411-B-20.wav,CC BY-NC 3.0 (ESC-50); ESC-10 subset CC BY 3.0,https://github.com/karolpiczak/ESC-50/blob/master/audio/5-198411-B-20.wav,5.0,44100,1,5,0.0,5.0,ok,5.0,44100,1,0.616852,0a322dd25c0a694b06732a57f9e153f4615679c02fd5ec274aedf0bee3102b7d,
ESC-50,5-198411-C-20.wav,198411,crying_baby,Baby_Crying,data\raw\esc50\Baby_Crying\5-198411-C-20.wav,CC BY-NC 3.0 (ESC-50); ESC-10 subset CC BY 3.0,https://github.com/karolpiczak/ESC-50/blob/master/audio/5-198411-C-20.wav,5.0,44100,1,5,0.0,5.0,ok,5.0,44100,1,0.383392,23cf024e102435298b16a8138129f411326a239a2486fc49ca61b4cc15f24875,
ESC-50,5-198411-D-20.wav,198411,crying_baby,Baby_Crying,data\raw\esc50\Baby_Crying\5-198411-D-20.wav,CC BY-NC 3.0 (ESC-50); ESC-10 subset CC BY 3.0,https://github.com/karolpiczak/ESC-50/blob/master/audio/5-198411-D-20.wav,5.0,44100,1,5,0.0,5.0,ok,5.0,44100,1,0.692963,ea7b47c6eb1383ec5b8ba4147aa63f7adaff0b218d02731e24bcb3903549abd9,
ESC-50,5-198411-E-20.wav,198411,crying_baby,Baby_Crying,data\raw\esc50\Baby_Crying\5-198411-E-20.wav,CC BY-NC 3.0 (ESC-50); ESC-10 subset CC BY 3.0,https://github.com/karolpiczak/ESC-50/blob/master/audio/5-198411-E-20.wav,5.0,44100,1,5,0.0,5.0,ok,5.0,44100,1,0.637817,d473b14efed04cdc8cfa37dff146f2d861e744414b86a8b113d42a506df598ad,
ESC-50,5-198411-F-20.wav,198411,crying_baby,Baby_Crying,data\raw\esc50\Baby_Crying\5-198411-F-20.wav,CC BY-NC 3.0 (ESC-50); ESC-10 subset CC BY 3.0,https://github.com/karolpiczak/ESC-50/blob/master/audio/5-198411-F-20.wav,5.0,44100,1,5,0.0,5.0,ok,5.0,44100,1,0.879028,c7a8af6048461639c8931e6c0622a79ccfde881ec5b0ce0c902cb446eb699ec1,
ESC-50,5-198411-G-20.wav,198411,crying_baby,Baby_Crying,data\raw\esc50\Baby_Crying\5-198411-G-20.wav,CC BY-NC 3.0 (ESC-50); ESC-10 subset CC BY 3.0,https://github.com/karolpiczak/ESC-50/blob/master/audio/5-198411-G-20.wav,5.0,44100,1,5,0.0,5.0,ok,5.0,44100,1,0.638184,a5172b7c92be5d7663f1e97b629dda2e9020ee4caf4b626db1b05817b1ee7f1c,
ESC-50,5-198600-A-45.wav,198600,train,Train,data\raw\esc50\Train\5-198600-A-45.wav,CC BY-NC 3.0 (ESC-50); ESC-10 subset CC BY 3.0,https://github.com/karolpiczak/ESC-50/blob/master/audio/5-198600-A-45.wav,5.0,44100,1,5,0.0,5.0,ok,5.0,44100,1,1.0,28379aa553ef0b94e9b03b66aaee89f613a0715a9ff4e83a76a028e82678035b,
ESC-50,5-199284-A-45.wav,199284,train,Train,data\raw\esc50\Train\5-199284-A-45.wav,CC BY-NC 3.0 (ESC-50); ESC-10 subset CC BY 3.0,https://github.com/karolpiczak/ESC-50/blob/master/audio/5-199284-A-45.wav,5.0,44100,1,5,0.0,5.0,ok,5.0,44100,1,0.696991,414a5052b5130da2b1052008492de4eabf90cc44fa6777b6a39474f94fd84b64,
ESC-50,5-199284-B-45.wav,199284,train,Train,data\raw\esc50\Train\5-199284-B-45.wav,CC BY-NC 3.0 (ESC-50); ESC-10 subset CC BY 3.0,https://github.com/karolpiczak/ESC-50/blob/master/audio/5-199284-B-45.wav,5.0,44100,1,5,0.0,5.0,ok,5.0,44100,1,0.999969,bef8126aae7e9e8a2288e3cf89c0d96f22f103d613d8f02f1426b9c92379a55c,
ESC-50,5-205898-A-40.wav,205898,helicopter,Aircraft,data\raw\esc50\Aircraft\5-205898-A-40.wav,CC BY-NC 3.0 (ESC-50); ESC-10 subset CC BY 3.0,https://github.com/karolpiczak/ESC-50/blob/master/audio/5-205898-A-40.wav,5.0,44100,1,5,0.0,5.0,ok,5.0,44100,1,0.907043,8d688e82f3ff6f075be0479c57c8a5cdffa09c2ed46dd3950f3682208b94dd21,
ESC-50,5-210612-A-37.wav,210612,clock_alarm,Alarm,data\raw\esc50\Alarm\5-210612-A-37.wav,CC BY-NC 3.0 (ESC-50); ESC-10 subset CC BY 3.0,https://github.com/karolpiczak/ESC-50/blob/master/audio/5-210612-A-37.wav,5.0,44100,1,5,0.0,5.0,ok,5.0,44100,1,1.0,c08a0615afcfbe6b30ba536eeb3cc555d4bd25580a36f12f8b32330b83228dfb,
ESC-50,5-215445-A-47.wav,215445,airplane,Aircraft,data\raw\esc50\Aircraft\5-215445-A-47.wav,CC BY-NC 3.0 (ESC-50); ESC-10 subset CC BY 3.0,https://github.com/karolpiczak/ESC-50/blob/master/audio/5-215445-A-47.wav,5.0,44100,1,5,0.0,5.0,ok,5.0,44100,1,0.41095,e906fe37233150c750c2025849bf5b9fd2eeb96b6f9f9abe9f3a2e40d2704e54,
ESC-50,5-215447-A-47.wav,215447,airplane,Aircraft,data\raw\esc50\Aircraft\5-215447-A-47.wav,CC BY-NC 3.0 (ESC-50); ESC-10 subset CC BY 3.0,https://github.com/karolpiczak/ESC-50/blob/master/audio/5-215447-A-47.wav,5.0,44100,1,5,0.0,5.0,ok,5.0,44100,1,0.165985,55946234e8f695bd8648f8b3360a273319b5becd7908dc9b8f9ef4d6272da0e2,
ESC-50,5-215449-A-47.wav,215449,airplane,Aircraft,data\raw\esc50\Aircraft\5-215449-A-47.wav,CC BY-NC 3.0 (ESC-50); ESC-10 subset CC BY 3.0,https://github.com/karolpiczak/ESC-50/blob/master/audio/5-215449-A-47.wav,5.0,44100,1,5,0.0,5.0,ok,5.0,44100,1,0.676605,e3fcd552628b868011f7e831aa71ae42236728f3abea56340c87da16ff5dd729,
ESC-50,5-218980-A-30.wav,218980,door_wood_knock,Knocking,data\raw\esc50\Knocking\5-218980-A-30.wav,CC BY-NC 3.0 (ESC-50); ESC-10 subset CC BY 3.0,https://github.com/karolpiczak/ESC-50/blob/master/audio/5-218980-A-30.wav,5.0,44100,1,5,0.0,5.0,ok,5.0,44100,1,0.355225,c917686cc7048be91d4dec61539344094a01233e649989264187388c9e95f82f,
ESC-50,5-218981-A-30.wav,218981,door_wood_knock,Knocking,data\raw\esc50\Knocking\5-218981-A-30.wav,CC BY-NC 3.0 (ESC-50); ESC-10 subset CC BY 3.0,https://github.com/karolpiczak/ESC-50/blob/master/audio/5-218981-A-30.wav,5.0,44100,1,5,0.0,5.0,ok,5.0,44100,1,0.983246,b699b80f84ba074526d993750226ec6723b5679393a92fa3d266ea67767d5cca,
ESC-50,5-219242-A-37.wav,219242,clock_alarm,Alarm,data\raw\esc50\Alarm\5-219242-A-37.wav,CC BY-NC 3.0 (ESC-50); ESC-10 subset CC BY 3.0,https://github.com/karolpiczak/ESC-50/blob/master/audio/5-219242-A-37.wav,5.0,44100,1,5,0.0,5.0,ok,5.0,44100,1,0.201202,1c5a500bc3c9d8546bf57377724aad24957d8a8c67cba7c0f3f2d4a4ed7ba9d1,
ESC-50,5-219242-B-37.wav,219242,clock_alarm,Alarm,data\raw\esc50\Alarm\5-219242-B-37.wav,CC BY-NC 3.0 (ESC-50); ESC-10 subset CC BY 3.0,https://github.com/karolpiczak/ESC-50/blob/master/audio/5-219242-B-37.wav,5.0,44100,1,5,0.0,5.0,ok,5.0,44100,1,0.204285,21679508d50f7b025c74d8c9bd332fb835ce51b2768d6e98eb5c118810dfdf8d,
ESC-50,5-220955-A-40.wav,220955,helicopter,Aircraft,data\raw\esc50\Aircraft\5-220955-A-40.wav,CC BY-NC 3.0 (ESC-50); ESC-10 subset CC BY 3.0,https://github.com/karolpiczak/ESC-50/blob/master/audio/5-220955-A-40.wav,5.0,44100,1,5,0.0,5.0,ok,5.0,44100,1,0.732849,0f65b8ca406c78dffd82f8e7e4deed7613154de9ee58856b90327e0cf356ad18,
ESC-50,5-221528-A-39.wav,221528,glass_breaking,Glass_Breaking,data\raw\esc50\Glass_Breaking\5-221528-A-39.wav,CC BY-NC 3.0 (ESC-50); ESC-10 subset CC BY 3.0,https://github.com/karolpiczak/ESC-50/blob/master/audio/5-221528-A-39.wav,5.0,44100,1,5,0.0,5.0,ok,5.0,44100,1,1.0,f4796e4ec53c1dee2257365e58ff5ab75cf37d9a813f07b681927e85ee472cde,
ESC-50,5-221529-A-39.wav,221529,glass_breaking,Glass_Breaking,data\raw\esc50\Glass_Breaking\5-221529-A-39.wav,CC BY-NC 3.0 (ESC-50); ESC-10 subset CC BY 3.0,https://github.com/karolpiczak/ESC-50/blob/master/audio/5-221529-A-39.wav,5.0,44100,1,5,0.0,5.0,ok,5.0,44100,1,0.438202,3863f5097117a5eebbb75ca1a9eddd13fb2cd735542313fe5aa88c940db6a758,
ESC-50,5-233605-A-39.wav,233605,glass_breaking,Glass_Breaking,data\raw\esc50\Glass_Breaking\5-233605-A-39.wav,CC BY-NC 3.0 (ESC-50); ESC-10 subset CC BY 3.0,https://github.com/karolpiczak/ESC-50/blob/master/audio/5-233605-A-39.wav,5.0,44100,1,5,0.0,5.0,ok,5.0,44100,1,1.0,ae86e74bf03c69cb2c2962b7327b5524dda7d531e553b9fab91a375de5299bff,
ESC-50,5-233607-A-39.wav,233607,glass_breaking,Glass_Breaking,data\raw\esc50\Glass_Breaking\5-233607-A-39.wav,CC BY-NC 3.0 (ESC-50); ESC-10 subset CC BY 3.0,https://github.com/karolpiczak/ESC-50/blob/master/audio/5-233607-A-39.wav,5.0,44100,1,5,0.0,5.0,ok,5.0,44100,1,1.0,c2988d2ecd448a3e27bc80a248355a5d3bb85c769ec25f37fda4b9ec990c94dc,
ESC-50,5-234247-A-37.wav,234247,clock_alarm,Alarm,data\raw\esc50\Alarm\5-234247-A-37.wav,CC BY-NC 3.0 (ESC-50); ESC-10 subset CC BY 3.0,https://github.com/karolpiczak/ESC-50/blob/master/audio/5-234247-A-37.wav,5.0,44100,1,5,0.0,5.0,ok,5.0,44100,1,0.306213,0f99cf9aecfa93e37ba0de4c4a80849ded00cd52f80fc11c9315261512f94702,
ESC-50,5-234263-A-25.wav,234263,footsteps,Footsteps,data\raw\esc50\Footsteps\5-234263-A-25.wav,CC BY-NC 3.0 (ESC-50); ESC-10 subset CC BY 3.0,https://github.com/karolpiczak/ESC-50/blob/master/audio/5-234263-A-25.wav,5.0,44100,1,5,0.0,5.0,ok,5.0,44100,1,0.762512,b83813a8a07ac187c280204b4ac4a015c0cff5a84bf5a7b7e3aa03b6e726910d,
ESC-50,5-234855-A-25.wav,234855,footsteps,Footsteps,data\raw\esc50\Footsteps\5-234855-A-25.wav,CC BY-NC 3.0 (ESC-50); ESC-10 subset CC BY 3.0,https://github.com/karolpiczak/ESC-50/blob/master/audio/5-234855-A-25.wav,5.0,44100,1,5,0.0,5.0,ok,5.0,44100,1,0.416382,d1b33538a11d787c1f9ff9e33a9160a66570e0830b2e9b349df3d10d16179f8a,
ESC-50,5-235644-A-30.wav,235644,door_wood_knock,Knocking,data\raw\esc50\Knocking\5-235644-A-30.wav,CC BY-NC 3.0 (ESC-50); ESC-10 subset CC BY 3.0,https://github.com/karolpiczak/ESC-50/blob/master/audio/5-235644-A-30.wav,5.0,44100,1,5,0.0,5.0,ok,5.0,44100,1,1.0,e8104799065c308f8a9c5909f088333ea88e1de05c5a08cf511e9c1387f25fc0,
ESC-50,5-235956-A-47.wav,235956,airplane,Aircraft,data\raw\esc50\Aircraft\5-235956-A-47.wav,CC BY-NC 3.0 (ESC-50); ESC-10 subset CC BY 3.0,https://github.com/karolpiczak/ESC-50/blob/master/audio/5-235956-A-47.wav,5.0,44100,1,5,0.0,5.0,ok,5.0,44100,1,0.999969,3575adfd109a40d1cfb40fdd0c93031842f9559cad66c9cc8ae6933a1ab07398,
ESC-50,5-243025-A-25.wav,243025,footsteps,Footsteps,data\raw\esc50\Footsteps\5-243025-A-25.wav,CC BY-NC 3.0 (ESC-50); ESC-10 subset CC BY 3.0,https://github.com/karolpiczak/ESC-50/blob/master/audio/5-243025-A-25.wav,5.0,44100,1,5,0.0,5.0,ok,5.0,44100,1,0.273895,4479d47415b811e5459c8420a1b8a721eca414147b017fed5b5a80636762028e,
ESC-50,5-244310-A-25.wav,244310,footsteps,Footsteps,data\raw\esc50\Footsteps\5-244310-A-25.wav,CC BY-NC 3.0 (ESC-50); ESC-10 subset CC BY 3.0,https://github.com/karolpiczak/ESC-50/blob/master/audio/5-244310-A-25.wav,5.0,44100,1,5,0.0,5.0,ok,5.0,44100,1,0.717163,6f5c1eea1ef6068ead03b6f5a12a2698da258cb0bc49b56fa01976a9371a7c02,
ESC-50,5-250026-A-30.wav,250026,door_wood_knock,Knocking,data\raw\esc50\Knocking\5-250026-A-30.wav,CC BY-NC 3.0 (ESC-50); ESC-10 subset CC BY 3.0,https://github.com/karolpiczak/ESC-50/blob/master/audio/5-250026-A-30.wav,5.0,44100,1,5,0.0,5.0,ok,5.0,44100,1,0.458435,6d249f1a956ff78b494ddd919f2ff032f092e2ca0adccb47fef00e8cc03edf6d,
ESC-50,5-250026-B-30.wav,250026,door_wood_knock,Knocking,data\raw\esc50\Knocking\5-250026-B-30.wav,CC BY-NC 3.0 (ESC-50); ESC-10 subset CC BY 3.0,https://github.com/karolpiczak/ESC-50/blob/master/audio/5-250026-B-30.wav,5.0,44100,1,5,0.0,5.0,ok,5.0,44100,1,0.697418,bf4afd0d31614ca48977c54525fd0655c9c9df13a0f4467557c308d4f41e888b,
ESC-50,5-251426-A-30.wav,251426,door_wood_knock,Knocking,data\raw\esc50\Knocking\5-251426-A-30.wav,CC BY-NC 3.0 (ESC-50); ESC-10 subset CC BY 3.0,https://github.com/karolpiczak/ESC-50/blob/master/audio/5-251426-A-30.wav,5.0,44100,1,5,0.0,5.0,ok,5.0,44100,1,0.999969,076bf69727d6ea75ecc891992f728b66deff2d4be6b68d636865ccc77841bdda,
ESC-50,5-251426-B-30.wav,251426,door_wood_knock,Knocking,data\raw\esc50\Knocking\5-251426-B-30.wav,CC BY-NC 3.0 (ESC-50); ESC-10 subset CC BY 3.0,https://github.com/karolpiczak/ESC-50/blob/master/audio/5-251426-B-30.wav,5.0,44100,1,5,0.0,5.0,ok,5.0,44100,1,0.999969,2738fe71989e18f2e8e0800c678793af2eeba6ca84551f8745f64d21e738ab81,
ESC-50,5-251957-A-47.wav,251957,airplane,Aircraft,data\raw\esc50\Aircraft\5-251957-A-47.wav,CC BY-NC 3.0 (ESC-50); ESC-10 subset CC BY 3.0,https://github.com/karolpiczak/ESC-50/blob/master/audio/5-251957-A-47.wav,5.0,44100,1,5,0.0,5.0,ok,5.0,44100,1,0.62027,777402ccae93d9205260836c50b3d6d5860c32f11fd8d0bfebc1f87668e141d8,
ESC-50,5-251962-A-47.wav,251962,airplane,Aircraft,data\raw\esc50\Aircraft\5-251962-A-47.wav,CC BY-NC 3.0 (ESC-50); ESC-10 subset CC BY 3.0,https://github.com/karolpiczak/ESC-50/blob/master/audio/5-251962-A-47.wav,5.0,44100,1,5,0.0,5.0,ok,5.0,44100,1,0.792847,e7f78478a96de77858b222267241d5f9ea85f411ea2aec25b03a5fe91950fd53,
ESC-50,5-251963-A-47.wav,251963,airplane,Aircraft,data\raw\esc50\Aircraft\5-251963-A-47.wav,CC BY-NC 3.0 (ESC-50); ESC-10 subset CC BY 3.0,https://github.com/karolpiczak/ESC-50/blob/master/audio/5-251963-A-47.wav,5.0,44100,1,5,0.0,5.0,ok,5.0,44100,1,0.703247,058fe2aeaae74891df77b1a1022a7e5c30c264a0d0899e6e2f43af007d10ab12,
ESC-50,5-251971-A-47.wav,251971,airplane,Aircraft,data\raw\esc50\Aircraft\5-251971-A-47.wav,CC BY-NC 3.0 (ESC-50); ESC-10 subset CC BY 3.0,https://github.com/karolpiczak/ESC-50/blob/master/audio/5-251971-A-47.wav,5.0,44100,1,5,0.0,5.0,ok,5.0,44100,1,0.568604,ba15a37c7fa2d183324f28930ad7eac334ac076791a2e590e6e3612ee3632b7f,
ESC-50,5-256512-A-30.wav,256512,door_wood_knock,Knocking,data\raw\esc50\Knocking\5-256512-A-30.wav,CC BY-NC 3.0 (ESC-50); ESC-10 subset CC BY 3.0,https://github.com/karolpiczak/ESC-50/blob/master/audio/5-256512-A-30.wav,5.0,44100,1,5,0.0,5.0,ok,5.0,44100,1,1.0,df74f2bee45f36c528a27035f0a8b50c71b833a6e7c8c39f42a0f4448f968dbf,
ESC-50,5-257642-A-39.wav,257642,glass_breaking,Glass_Breaking,data\raw\esc50\Glass_Breaking\5-257642-A-39.wav,CC BY-NC 3.0 (ESC-50); ESC-10 subset CC BY 3.0,https://github.com/karolpiczak/ESC-50/blob/master/audio/5-257642-A-39.wav,5.0,44100,1,5,0.0,5.0,ok,5.0,44100,1,0.557983,a93747921a23b090d444c7ecc57adace2d856abbe18c038bd52773a57512613b,
ESC-50,5-260432-A-39.wav,260432,glass_breaking,Glass_Breaking,data\raw\esc50\Glass_Breaking\5-260432-A-39.wav,CC BY-NC 3.0 (ESC-50); ESC-10 subset CC BY 3.0,https://github.com/karolpiczak/ESC-50/blob/master/audio/5-260432-A-39.wav,5.0,44100,1,5,0.0,5.0,ok,5.0,44100,1,0.94043,e1da0f73ebaca89112dfd6aff25d154c08961aab7eeea5ed033223d6cabfaef0,
ESC-50,5-260433-A-39.wav,260433,glass_breaking,Glass_Breaking,data\raw\esc50\Glass_Breaking\5-260433-A-39.wav,CC BY-NC 3.0 (ESC-50); ESC-10 subset CC BY 3.0,https://github.com/karolpiczak/ESC-50/blob/master/audio/5-260433-A-39.wav,5.0,44100,1,5,0.0,5.0,ok,5.0,44100,1,0.957733,04a46ed54d5159b4afa7015d9799901a2806f3012507fa6bc923e23124efcdfc,
ESC-50,5-260434-A-39.wav,260434,glass_breaking,Glass_Breaking,data\raw\esc50\Glass_Breaking\5-260434-A-39.wav,CC BY-NC 3.0 (ESC-50); ESC-10 subset CC BY 3.0,https://github.com/karolpiczak/ESC-50/blob/master/audio/5-260434-A-39.wav,5.0,44100,1,5,0.0,5.0,ok,5.0,44100,1,0.999969,92d7ac3de371429d81338c1233cadfbcfb3873253c005f2f6aa4be7dce8a014e,
ESC-50,5-263490-A-25.wav,263490,footsteps,Footsteps,data\raw\esc50\Footsteps\5-263490-A-25.wav,CC BY-NC 3.0 (ESC-50); ESC-10 subset CC BY 3.0,https://github.com/karolpiczak/ESC-50/blob/master/audio/5-263490-A-25.wav,5.0,44100,1,5,0.0,5.0,ok,5.0,44100,1,0.159149,6ee260dd4ef0d0329c7a2e06c4c331db4f61049733f19e6535f041732384566e,
ESC-50,5-263491-A-25.wav,263491,footsteps,Footsteps,data\raw\esc50\Footsteps\5-263491-A-25.wav,CC BY-NC 3.0 (ESC-50); ESC-10 subset CC BY 3.0,https://github.com/karolpiczak/ESC-50/blob/master/audio/5-263491-A-25.wav,5.0,44100,1,5,0.0,5.0,ok,5.0,44100,1,0.251678,17ba4c24a5065450732d07633e1ccfddda384b253150d659d0bd87735426a183,
ESC-50,5-263501-A-25.wav,263501,footsteps,Footsteps,data\raw\esc50\Footsteps\5-263501-A-25.wav,CC BY-NC 3.0 (ESC-50); ESC-10 subset CC BY 3.0,https://github.com/karolpiczak/ESC-50/blob/master/audio/5-263501-A-25.wav,5.0,44100,1,5,0.0,5.0,ok,5.0,44100,1,0.292633,40ae1001eb9f0bb32368a6f5b76b9ddcffef05ae1519581151ab7f229c7feeef,
ESC-50,5-51149-A-25.wav,51149,footsteps,Footsteps,data\raw\esc50\Footsteps\5-51149-A-25.wav,CC BY-NC 3.0 (ESC-50); ESC-10 subset CC BY 3.0,https://github.com/karolpiczak/ESC-50/blob/master/audio/5-51149-A-25.wav,5.0,44100,1,5,0.0,5.0,ok,5.0,44100,1,0.888367,778725b447e5f8ae4528d62ec978c915116d8e2a9043494c0e5e1708772fee76,
