clip_id,feat_mean,n_windows
ESC-50/1-101336-A-30.wav,0.4780208756526311,30
ESC-50/1-103995-A-30.wav,0.4426030722948221,13
ESC-50/1-103999-A-30.wav,0.3774802101155122,12
ESC-50/1-11687-A-47.wav,0.6683267841533739,49
ESC-50/1-119125-A-45.wav,0.5912201416735746,49
ESC-50/1-13613-A-37.wav,0.6465194480759757,49
ESC-50/1-155858-A-25.wav,0.47047719906787483,49
ESC-50/1-155858-B-25.wav,0.47678338629858835,49
ESC-50/1-155858-C-25.wav,0.4784159337987705,49
ESC-50/1-155858-D-25.wav,0.49180066524719707,49
ESC-50/1-155858-E-25.wav,0.5070694508601208,49
ESC-50/1-155858-F-25.wav,0.44976543224587734,49
ESC-50/1-172649-A-40.wav,0.687293219323061,49
ESC-50/1-172649-B-40.wav,0.676170501173759,49
ESC-50/1-172649-C-40.wav,0.6605387731474273,49
ESC-50/1-172649-D-40.wav,0.6651452950068882,49
ESC-50/1-172649-E-40.wav,0.6479005813598633,49
ESC-50/1-172649-F-40.wav,0.6884956773446531,49
ESC-50/1-181071-A-40.wav,0.615339325398815,49
ESC-50/1-181071-B-40.wav,0.6233782658771593,49
ESC-50/1-187207-A-20.wav,0.5130978810290495,48
ESC-50/1-20133-A-39.wav,0.5983427460305393,32
ESC-50/1-211527-A-20.wav,0.5228357175175025,49
ESC-50/1-211527-B-20.wav,0.5872938584308235,49
ESC-50/1-211527-C-20.wav,0.5455356599116812,49
ESC-50/1-223162-A-25.wav,0.4574650724728902,3
ESC-50/1-22694-A-20.wav,0.5198166114943368,49
ESC-50/1-22694-B-20.wav,0.4874941554604744,49
ESC-50/1-24796-A-47.wav,0.7374978101983363,49
ESC-50/1-26188-A-30.wav,0.4506553806537806,43
ESC-50/1-36929-A-47.wav,0.6459602835227032,49
ESC-50/1-43807-A-47.wav,0.6223812906109557,49
ESC-50/1-43807-B-47.wav,0.5079548906306831,49
ESC-50/1-43807-C-47.wav,0.48690013070495763,49
ESC-50/1-43807-D-47.wav,0.576888802100201,49
ESC-50/1-51147-A-25.wav,0.4985565900802612,40
ESC-50/1-52290-A-30.wav,0.409968229500871,19
ESC-50/1-53467-A-47.wav,0.6017833741343751,49
ESC-50/1-54065-A-45.wav,0.6512257104017296,49
ESC-50/1-54065-B-45.wav,0.6141914932095275,49
ESC-50/1-60997-A-20.wav,0.5303745463837025,43
ESC-50/1-60997-B-20.wav,0.5268213012996985,49
ESC-50/1-62509-A-45.wav,0.6489432381123913,49
ESC-50/1-64473-A-45.wav,0.7263394156280829,49
ESC-50/1-67033-A-37.wav,0.2466724408524377,28
ESC-50/1-70300-A-45.wav,0.6487080758931686,49
ESC-50/1-72195-A-37.wav,0.44459881881872815,12
ESC-50/1-72195-B-37.wav,0.4770101071932377,39
ESC-50/1-74517-A-37.wav,0.5532760851237238,49
ESC-50/1-81001-A-30.wav,0.5617486798033422,49
ESC-50/1-81001-B-30.wav,0.5658152495559893,38
ESC-50/1-82817-A-30.wav,0.47983832018715994,7
ESC-50/1-84536-A-39.wav,0.5214317552745342,28
ESC-50/1-84704-A-39.wav,0.5353254399129322,14
ESC-50/1-84705-A-39.wav,0.511106051504612,8
ESC-50/1-85168-A-39.wav,0.4552537746289197,17
ESC-50/1-85184-A-39.wav,0.5616444150606791,6
ESC-50/1-88409-A-45.wav,0.58753517087625,49
ESC-50/1-88409-B-45.wav,0.650946712007328,49
ESC-50/1-88807-A-39.wav,0.4122833490371704,20
ESC-50/1-977-A-39.wav,0.43287879824638364,5
ESC-50/2-105270-A-47.wav,0.44965398554899255,49
ESC-50/2-106849-A-47.wav,0.6568909238795845,49
ESC-50/2-106881-A-39.wav,0.5488495673682239,37
ESC-50/2-107351-A-20.wav,0.6039462330493521,47
ESC-50/2-107351-B-20.wav,0.606803622096777,48
ESC-50/2-112213-A-39.wav,0.5786029676144774,44
ESC-50/2-112213-B-39.wav,0.5538590726179954,39
ESC-50/2-114254-A-30.wav,0.3571821514230508,13
ESC-50/2-117116-A-37.wav,0.4068657482156948,49
ESC-50/2-118624-A-30.wav,0.42999567786852516,15
ESC-50/2-118625-A-30.wav,0.47303963181647385,22
ESC-50/2-120218-A-30.wav,0.3702062821906546,46
ESC-50/2-120218-B-30.wav,0.439517475512563,49
ESC-50/2-122066-A-45.wav,0.7149698272043344,49
ESC-50/2-122066-B-45.wav,0.68904325183557,49
ESC-50/2-122067-A-45.wav,0.6797811985015869,49
ESC-50/2-122067-B-45.wav,0.6823016538911936,49
ESC-50/2-133889-A-30.wav,0.3783482417464256,20
ESC-50/2-134915-A-30.wav,0.3762196762406308,23
ESC-50/2-135649-A-45.wav,0.600301878792899,49
ESC-50/2-135649-B-45.wav,0.7010005943629206,49
ESC-50/2-135649-C-45.wav,0.6295781476157052,49
ESC-50/2-140841-A-30.wav,0.48406173785527545,9
ESC-50/2-141563-A-39.wav,0.6041125562041998,16
ESC-50/2-144137-A-43.wav,0.6555957317352294,20
ESC-50/2-151079-A-20.wav,0.5339306940635046,42
ESC-50/2-160888-A-47.wav,0.6445108798085427,49
ESC-50/2-173559-A-39.wav,0.5635152240594228,30
ESC-50/2-173607-A-39.wav,0.5693401901618295,23
ESC-50/2-173618-A-39.wav,0.6070051287349901,38
ESC-50/2-188822-A-40.wav,0.6424016940350435,49
ESC-50/2-188822-B-40.wav,0.6947042954211332,49
ESC-50/2-188822-C-40.wav,0.7022731742080377,49
ESC-50/2-188822-D-40.wav,0.7143204747414102,49
ESC-50/2-209471-A-25.wav,0.5769291805977724,49
ESC-50/2-209472-A-25.wav,0.5773638834555944,48
ESC-50/2-209473-A-25.wav,0.570671267655431,49
ESC-50/2-209474-A-25.wav,0.589012515179965,49
ESC-50/2-209475-A-25.wav,0.5690396981579917,49
ESC-50/2-209476-A-25.wav,0.5747617051309469,49
ESC-50/2-209477-A-25.wav,0.5512681767648581,49
ESC-50/2-209478-A-25.wav,0.5744421299622984,49
ESC-50/2-250710-A-39.wav,0.5031014631191889,30
ESC-50/2-262579-A-45.wav,0.6364299983394389,49
ESC-50/2-37806-A-40.wav,0.706915236249262,49
ESC-50/2-37806-B-40.wav,0.6773460032988567,49
ESC-50/2-37806-C-40.wav,0.6815681627818516,49
ESC-50/2-37806-D-40.wav,0.6728740371003443,49
ESC-50/2-50665-A-20.wav,0.5113623418978283,28
ESC-50/2-50666-A-20.wav,0.5327977290812959,47
ESC-50/2-66637-A-20.wav,0.5743822443241976,49
ESC-50/2-66637-B-20.wav,0.5664557163812676,49
ESC-50/2-74361-A-47.wav,0.5573395551467428,49
ESC-50/2-78562-A-37.wav,0.648924319111571,49
ESC-50/2-78562-B-37.wav,0.6451306951289274,49
ESC-50/2-78781-A-47.wav,0.5881555335862296,49
ESC-50/2-78799-A-47.wav,0.6487751104393784,49
ESC-50/2-80482-A-20.wav,0.48949776277985685,43
ESC-50/2-89516-A-37.wav,0.43828086819913653,45
ESC-50/2-96063-A-37.wav,0.42238812543907944,49
ESC-50/2-96654-A-47.wav,0.555752411180613,49
ESC-50/2-98866-A-47.wav,0.6759327954175521,49
ESC-50/3-103597-A-25.wav,0.5984831338837033,42
ESC-50/3-103598-A-25.wav,0.5405457792233448,49
ESC-50/3-103599-A-25.wav,0.5381469465031916,49
ESC-50/3-103599-B-25.wav,0.5606965714571427,49
ESC-50/3-115387-A-47.wav,0.5502478456010624,49
ESC-50/3-115387-B-47.wav,0.6697450949221241,49
ESC-50/3-115387-C-47.wav,0.560509303394629,49
ESC-50/3-117793-A-37.wav,0.4228216218096869,14
ESC-50/3-120526-A-37.wav,0.38915752470493314,30
ESC-50/3-120526-B-37.wav,0.4382184695365817,43
ESC-50/3-128512-A-47.wav,0.518505225376207,49
ESC-50/3-128512-B-47.wav,0.5867084751323778,49
ESC-50/3-131943-A-37.wav,0.6729519987592891,49
ESC-50/3-135650-A-45.wav,0.5876774313498516,49
ESC-50/3-135650-B-45.wav,0.5654565764933216,49
ESC-50/3-136451-A-45.wav,0.7086183915332872,49
ESC-50/3-138212-A-45.wav,0.6322378601346698,49
ESC-50/3-141559-A-45.wav,0.6479283936169683,49
ESC-50/3-143560-A-47.wav,0.6393025067387795,49
ESC-50/3-143562-A-47.wav,0.6456136265579535,49
ESC-50/3-144510-A-30.wav,0.45692039728164674,15
ESC-50/3-146697-A-43.wav,0.4985966652023549,49
ESC-50/3-150979-A-40.wav,0.5626646985813063,49
ESC-50/3-150979-B-40.wav,0.5817487568271403,49
ESC-50/3-150979-C-40.wav,0.5735404819858317,49
ESC-50/3-151080-A-20.wav,0.5840850697488201,49
ESC-50/3-151081-A-20.wav,0.5851995951058914,49
ESC-50/3-151081-B-20.wav,0.5602203157483315,49
ESC-50/3-151089-A-30.wav,0.3279222410917282,25
ESC-50/3-152007-A-20.wav,0.5094104299078817,46
ESC-50/3-152007-B-20.wav,0.6036025072847094,49
ESC-50/3-152007-C-20.wav,0.5313560577730337,48
ESC-50/3-152007-D-20.wav,0.5553033833808088,47
ESC-50/3-152007-E-20.wav,0.5715605355038935,49
ESC-50/3-152594-A-30.wav,0.3305545610686143,12
ESC-50/3-154378-A-30.wav,0.47895894447962445,9
ESC-50/3-154926-A-40.wav,0.5171134989886057,21
ESC-50/3-154926-B-40.wav,0.615716029186638,49
ESC-50/3-157492-A-45.wav,0.6188386471904054,49
ESC-50/3-159445-A-45.wav,0.6938123800316636,49
ESC-50/3-159445-B-45.wav,0.6591809477124896,49
ESC-50/3-170574-A-30.wav,0.3863046069939931,12
ESC-50/3-180147-A-30.wav,0.3592436604010753,39
ESC-50/3-182023-A-30.wav,0.4641882940195501,32
ESC-50/3-182025-A-30.wav,0.45155325875832486,26
ESC-50/3-193767-A-47.wav,0.56350078144852,49
ESC-50/3-203371-A-39.wav,0.5720489633580049,12
ESC-50/3-203373-A-39.wav,0.5255426594189235,7
ESC-50/3-203374-A-39.wav,0.558222834020853,8
ESC-50/3-203375-A-39.wav,0.5008506408104529,13
ESC-50/3-203377-A-39.wav,0.5320900492370129,8
ESC-50/3-216280-A-39.wav,0.42310139536857605,4
ESC-50/3-216281-A-39.wav,0.3437783092260361,5
ESC-50/3-216284-A-39.wav,0.3777229130268097,5
ESC-50/3-243726-A-43.wav,0.5388431257131149,49
ESC-50/3-249913-A-25.wav,0.44101746714844997,49
ESC-50/3-68630-A-40.wav,0.6978844197428956,49
ESC-50/3-68630-B-40.wav,0.6872582107174153,49
ESC-50/3-68630-C-40.wav,0.674475866921094,49
ESC-50/3-94342-A-25.wav,0.616241065823302,49
ESC-50/3-94343-A-25.wav,0.5361705690014119,49
ESC-50/3-94344-A-25.wav,0.5676988168638579,49
ESC-50/4-117627-A-25.wav,0.5288573004761521,49
ESC-50/4-117630-A-25.wav,0.47901724735084844,49
ESC-50/4-125929-A-40.wav,0.6444090957544288,49
ESC-50/4-151242-A-37.wav,0.5269548688616071,35
ESC-50/4-161099-A-47.wav,0.5632259249687195,49
ESC-50/4-161099-B-47.wav,0.6488839752820074,49
ESC-50/4-161100-A-47.wav,0.7545362467668495,49
ESC-50/4-161103-A-47.wav,0.7078660750875667,49
ESC-50/4-161105-A-47.wav,0.591834227649533,49
ESC-50/4-161105-B-47.wav,0.6563261054000076,49
ESC-50/4-161579-A-40.wav,0.5371872156858444,20
ESC-50/4-161579-B-40.wav,0.638614607100584,49
ESC-50/4-165606-A-45.wav,0.639821261775737,49
ESC-50/4-165791-A-45.wav,0.6419842218866154,49
ESC-50/4-165791-B-45.wav,0.6268157216967368,49
ESC-50/4-165845-A-45.wav,0.6789432022036338,49
ESC-50/4-165845-B-45.wav,0.6715794071859243,49
ESC-50/4-165933-A-45.wav,0.6205498685642165,49
ESC-50/4-167077-A-20.wav,0.5169209387837624,49
ESC-50/4-167077-B-20.wav,0.573011286404668,49
ESC-50/4-167077-C-20.wav,0.536014129312671,49
ESC-50/4-168446-A-45.wav,0.6722204393270065,49
ESC-50/4-169508-A-37.wav,0.5519616603851318,49
ESC-50/4-172366-A-37.wav,0.3504732350508372,39
ESC-50/4-175000-A-40.wav,0.4223229927676065,49
ESC-50/4-175000-B-40.wav,0.47724125397448636,49
ESC-50/4-175000-C-40.wav,0.5025369105290394,49
ESC-50/4-178881-A-45.wav,0.6145542069357268,49
ESC-50/4-182034-A-30.wav,0.4147595663865407,45
ESC-50/4-182039-A-30.wav,0.36874426404635113,24
ESC-50/4-182041-A-30.wav,0.4458730524139745,14
ESC-50/4-185575-A-20.wav,0.5729523228139294,49
ESC-50/4-185575-B-20.wav,0.5824102887085506,49
ESC-50/4-185575-C-20.wav,0.5486705947895439,49
ESC-50/4-186518-A-30.wav,0.489528836388337,38
ESC-50/4-187284-A-30.wav,0.40735889454277197,49
ESC-50/4-188878-A-30.wav,0.40798801290137426,28
ESC-50/4-191015-A-43.wav,0.5613509805835023,49
ESC-50/4-193480-A-40.wav,0.6712934301823986,49
ESC-50/4-193480-B-40.wav,0.6595758369990757,49
ESC-50/4-194979-A-25.wav,0.5591609587474745,49
ESC-50/4-194981-A-25.wav,0.5432697461575878,49
ESC-50/4-198841-A-37.wav,0.5633005907340926,49
ESC-50/4-198962-A-25.wav,0.33733082515128116,47
ESC-50/4-198962-B-25.wav,0.37415357025302187,49
ESC-50/4-204115-A-39.wav,0.4692339929086821,14
ESC-50/4-204119-A-39.wav,0.49907014722173865,11
ESC-50/4-204121-A-39.wav,0.4479109365493059,16
ESC-50/4-204123-A-39.wav,0.457746418317159,15
ESC-50/4-204777-A-39.wav,0.6571058837734923,49
ESC-50/4-204777-B-39.wav,0.6411090827718073,49
ESC-50/4-204777-C-39.wav,0.7158566247671843,32
ESC-50/4-211502-A-30.wav,0.49387329992126017,17
ESC-50/4-212698-A-39.wav,0.43520630347101313,19
ESC-50/4-218304-A-25.wav,0.45611805818518814,49
ESC-50/4-218304-B-25.wav,0.5014779287941602,49
ESC-50/4-251959-A-47.wav,0.6703235920594663,49
ESC-50/4-255371-A-47.wav,0.6182678366193965,49
ESC-50/4-261068-A-30.wav,0.3627570761788276,31
ESC-50/4-59579-A-20.wav,0.5977906425331914,43
ESC-50/4-59579-B-20.wav,0.5696530503531297,24
ESC-50/5-151085-A-20.wav,0.6036247148805735,49
ESC-50/5-177957-A-40.wav,0.5761661006479847,49
ESC-50/5-177957-B-40.wav,0.6083168484726731,49
ESC-50/5-177957-C-40.wav,0.5926089286804199,49
ESC-50/5-177957-D-40.wav,0.5952256370563896,49
ESC-50/5-177957-E-40.wav,0.5957498745042451,49
ESC-50/5-188796-A-45.wav,0.6961467764815505,49
ESC-50/5-188945-A-45.wav,0.702998082248532,49
ESC-50/5-191131-A-40.wav,0.5971258744901541,49
ESC-50/5-197118-A-45.wav,0.5942740111934895,49
ESC-50/5-197121-A-45.wav,0.6018350209508624,49
ESC-50/5-197121-B-45.wav,0.6168054038164567,49
ESC-50/5-198411-A-20.wav,0.5367622789071531,49
ESC-50/5-198411-B-20.wav,0.5522875171154737,48
ESC-50/5-198411-C-20.wav,0.5301594715945575,49
ESC-50/5-198411-D-20.wav,0.5896507069772604,49
ESC-50/5-198411-E-20.wav,0.5957958442824227,49
ESC-50/5-198411-F-20.wav,0.5390330936227526,49
ESC-50/5-198411-G-20.wav,0.5100752814691893,49
ESC-50/5-198600-A-45.wav,0.7038999552629432,49
ESC-50/5-199284-A-45.wav,0.5849735578712152,49
ESC-50/5-199284-B-45.wav,0.7069146535834487,49
ESC-50/5-205898-A-40.wav,0.6443745737173119,49
ESC-50/5-210612-A-37.wav,0.4322749467528596,49
ESC-50/5-215445-A-47.wav,0.561664376940046,49
ESC-50/5-215447-A-47.wav,0.505082903467879,49
ESC-50/5-215449-A-47.wav,0.5385146542471282,49
ESC-50/5-218980-A-30.wav,0.47470886409282687,10
ESC-50/5-218981-A-30.wav,0.4274684538443883,12
ESC-50/5-219242-A-37.wav,0.4014201565664642,49
ESC-50/5-219242-B-37.wav,0.4385943202809854,44
ESC-50/5-220955-A-40.wav,0.5199162017325966,49
ESC-50/5-221528-A-39.wav,0.4983038604259491,7
ESC-50/5-221529-A-39.wav,0.4690257825634696,11
ESC-50/5-233605-A-39.wav,0.5308253637381962,7
ESC-50/5-233607-A-39.wav,0.553645458486345,9
ESC-50/5-234247-A-37.wav,0.5843191523941196,49
ESC-50/5-234263-A-25.wav,0.38402286697836485,17
ESC-50/5-234855-A-25.wav,0.4288802055680022,49
ESC-50/5-235644-A-30.wav,0.4741311030728476,21
ESC-50/5-235956-A-47.wav,0.6010368442048832,49
ESC-50/5-243025-A-25.wav,0.494363580431257,49
ESC-50/5-244310-A-25.wav,0.5639305467508278,49
ESC-50/5-250026-A-30.wav,0.32874330326362894,27
ESC-50/5-250026-B-30.wav,0.5070806577497599,49
ESC-50/5-251426-A-30.wav,0.46286040725130023,33
ESC-50/5-251426-B-30.wav,0.41322627127170564,25
ESC-50/5-251957-A-47.wav,0.626108996722163,49
ESC-50/5-251962-A-47.wav,0.6573211514219945,49
ESC-50/5-251963-A-47.wav,0.6500243873012309,49
ESC-50/5-251971-A-47.wav,0.6309405796381892,49
ESC-50/5-256512-A-30.wav,0.44682357874181533,36
ESC-50/5-257642-A-39.wav,0.5494701600074768,25
ESC-50/5-260432-A-39.wav,0.4624299208323161,6
ESC-50/5-260433-A-39.wav,0.4558661643947874,7
ESC-50/5-260434-A-39.wav,0.49968672171235085,8
ESC-50/5-263490-A-25.wav,0.47632875673624936,49
ESC-50/5-263491-A-25.wav,0.48985415271350313,49
ESC-50/5-263501-A-25.wav,0.5123054598058973,49
ESC-50/5-51149-A-25.wav,0.549502704388056,39
FSD50K/100144.wav,0.5716772442278655,69
FSD50K/100150.wav,0.6228444398339115,67
FSD50K/100155.wav,0.6339172788914418,149
FSD50K/100265.wav,0.6802705886379984,149
FSD50K/100357.wav,0.43925377419070594,126
FSD50K/100461.wav,0.3774046938994835,145
FSD50K/100465.wav,0.48066773017247516,3
FSD50K/100634.wav,0.6994828918705815,23
FSD50K/100647.wav,0.5664501842236359,149
FSD50K/100896.wav,0.6232331991195679,11
FSD50K/100904.wav,0.5606452536662953,149
FSD50K/101202.wav,0.5867484271926368,149
FSD50K/101309.wav,0.6289154060862281,88
FSD50K/101310.wav,0.6177082319517393,37
FSD50K/101311.wav,0.6183728183570661,76
FSD50K/101312.wav,0.649034186051442,26
FSD50K/101313.wav,0.6346057147349952,53
FSD50K/101315.wav,0.6318230095662569,19
FSD50K/101318.wav,0.6033721740228416,137
FSD50K/101328.wav,0.3667295492357678,72
FSD50K/101354.wav,0.5961646314520958,118
FSD50K/101744.wav,0.5554638979709254,113
FSD50K/101746.wav,0.4770702815695897,149
FSD50K/101794.wav,0.6581412677107186,58
FSD50K/101843.wav,0.5436135330456215,149
FSD50K/101851.wav,0.5244336362253099,149
FSD50K/101855.wav,0.6126996070966808,109
FSD50K/101857.wav,0.4389462073644002,39
FSD50K/101861.wav,0.6363146420735032,67
FSD50K/101864.wav,0.5333383987347285,60
FSD50K/101961.wav,0.5477365153555823,101
FSD50K/101962.wav,0.5772528112481493,109
FSD50K/102435.wav,0.5967234611511231,30
FSD50K/102679.wav,0.6134603537264325,105
FSD50K/103025.wav,0.5842423275013098,149
FSD50K/103325.wav,0.6428460898815386,149
FSD50K/103335.wav,0.7014646550471132,88
FSD50K/103429.wav,0.6444745840448322,33
FSD50K/103430.wav,0.5372718920707703,125
FSD50K/103431.wav,0.5410726388034067,76
FSD50K/103432.wav,0.55165381847866,63
FSD50K/103433.wav,0.5244793006689241,101
FSD50K/103601.wav,0.5176430636644364,50
FSD50K/103626.wav,0.4855642570899083,143
FSD50K/103650.wav,0.5485303680533948,46
FSD50K/103998.wav,0.3602674042894727,21
FSD50K/104000.wav,0.360007806122303,10
FSD50K/104001.wav,0.2936389674743017,60
FSD50K/104002.wav,0.31442915174094116,11
FSD50K/104030.wav,0.519789172070367,35
FSD50K/104031.wav,0.5317800396528,39
FSD50K/104032.wav,0.5409696163500056,34
FSD50K/104038.wav,0.5377060008399627,68
FSD50K/1042.wav,0.471863002412849,144
FSD50K/1043.wav,0.4167021486448915,146
FSD50K/1044.wav,0.3703595404083847,141
FSD50K/104420.wav,0.5448716778883198,149
FSD50K/104422.wav,0.6824572950401562,149
FSD50K/104475.wav,0.2820775621594527,78
FSD50K/104476.wav,0.3134407739341259,100
FSD50K/1045.wav,0.42659436587629646,145
FSD50K/1046.wav,0.47548808137307297,148
FSD50K/104803.wav,0.3310271939262748,16
FSD50K/105025.wav,0.5568485421439012,12
FSD50K/105223.wav,0.6443728079398473,90
FSD50K/106115.wav,0.4653247411434467,26
FSD50K/106135.wav,0.5058151414761176,91
FSD50K/106210.wav,0.5583656996056654,138
FSD50K/106269.wav,0.4556484046529551,61
FSD50K/106270.wav,0.2833490501524824,66
FSD50K/106729.wav,0.6487589971545864,136
FSD50K/106803.wav,0.5699214854023673,33
FSD50K/106831.wav,0.517609566450119,78
FSD50K/107583.wav,0.5784509027445758,135
FSD50K/107616.wav,0.46048442883925006,22
FSD50K/107619.wav,0.5262367223438463,19
FSD50K/107620.wav,0.5438947938382626,16
FSD50K/107621.wav,0.5583801041631138,17
FSD50K/108043.wav,0.5703472452504295,14
FSD50K/108044.wav,0.5947263685323424,59
FSD50K/108045.wav,0.570755910873413,15
FSD50K/108046.wav,0.5288726830482483,25
FSD50K/108047.wav,0.586358804255724,16
FSD50K/108048.wav,0.6892802697770736,51
FSD50K/108192.wav,0.6272501055808628,136
FSD50K/108843.wav,0.40433812349341636,129
FSD50K/109083.wav,0.5642902299061717,149
FSD50K/109216.wav,0.4949269413948059,5
FSD50K/109405.wav,0.5108086559772491,125
FSD50K/109483.wav,0.5237603604793548,55
FSD50K/110106.wav,0.5334679611185764,94
FSD50K/110107.wav,0.5851397425243535,97
FSD50K/110139.wav,0.5582342468775235,13
FSD50K/110142.wav,0.5230681605455352,82
FSD50K/110165.wav,0.16446463672482237,49
FSD50K/110692.wav,0.6570024682303607,118
FSD50K/110734.wav,0.6379593932788644,149
FSD50K/110735.wav,0.601893131364912,149
FSD50K/11156.wav,0.5568592011928558,10
FSD50K/112028.wav,0.7060394681417025,65
FSD50K/112047.wav,0.6745920110832561,110
FSD50K/112270.wav,0.6696517846236626,96
FSD50K/112354.wav,0.5000071275554248,149
FSD50K/112671.wav,0.606660506643098,145
FSD50K/112672.wav,0.6397035912591584,98
FSD50K/112673.wav,0.5877280324252684,134
FSD50K/112674.wav,0.6395618127496451,149
FSD50K/112675.wav,0.6382235713579036,108
FSD50K/112676.wav,0.5983282762269179,144
FSD50K/112677.wav,0.6425536558179572,101
FSD50K/112678.wav,0.716972719182025,91
FSD50K/112679.wav,0.581510350904392,131
FSD50K/112680.wav,0.6073607802391052,140
FSD50K/112681.wav,0.5729157296603158,149
FSD50K/112683.wav,0.6220506389935812,135
FSD50K/112684.wav,0.6166071419747884,149
FSD50K/112685.wav,0.5811888927581327,149
FSD50K/112686.wav,0.6042805414071819,149
FSD50K/112688.wav,0.5667777772460665,140
FSD50K/112689.wav,0.6173824099886337,149
FSD50K/112690.wav,0.6414469269524633,113
FSD50K/112693.wav,0.5987123402973149,149
FSD50K/112694.wav,0.6171863461853168,109
FSD50K/112695.wav,0.6270702641319346,108
FSD50K/112696.wav,0.6463228551619643,109
FSD50K/112697.wav,0.6035297697022457,149
FSD50K/112698.wav,0.6513484994941783,107
FSD50K/112700.wav,0.6242835681710467,149
FSD50K/112789.wav,0.6122270594507255,149
FSD50K/112799.wav,0.6392200161825936,106
FSD50K/112800.wav,0.635000314276952,104
FSD50K/112801.wav,0.6905184710791351,109
FSD50K/112802.wav,0.6516384597008045,104
FSD50K/112803.wav,0.664506346751482,117
FSD50K/112804.wav,0.6048922453607831,112
FSD50K/112805.wav,0.6241669562773976,123
FSD50K/112806.wav,0.5692954731467587,149
FSD50K/113131.wav,0.3719504177570343,2
FSD50K/113138.wav,0.403927743434906,5
FSD50K/113159.wav,0.6211398379007975,75
FSD50K/113319.wav,0.6301152231329579,59
FSD50K/113661.wav,0.5428214899518273,44
FSD50K/113663.wav,0.4429727137088776,50
FSD50K/113664.wav,0.6138416123390198,50
FSD50K/113665.wav,0.5338923490047455,50
FSD50K/113666.wav,0.5333673828840255,50
FSD50K/113667.wav,0.5443073797225952,50
FSD50K/113668.wav,0.5888110417127609,50
FSD50K/113669.wav,0.5825485610961914,50
FSD50K/113670.wav,0.5831928926706315,50
FSD50K/113672.wav,0.4503753137588501,50
FSD50K/113674.wav,0.49610531151294707,50
FSD50K/113675.wav,0.49155733644962313,50
FSD50K/113676.wav,0.5268600082397461,50
FSD50K/114042.wav,0.48413729005389744,9
FSD50K/114467.wav,0.5304588039449397,149
FSD50K/114469.wav,0.6127976743166879,149
FSD50K/114477.wav,0.6129136579548753,149
FSD50K/114479.wav,0.4975024755769128,149
FSD50K/114489.wav,0.6191156926571123,149
FSD50K/115073.wav,0.5553469648073007,91
FSD50K/115074.wav,0.48303154359261197,84
FSD50K/115869.wav,0.4954031468541534,108
FSD50K/115916.wav,0.3763721436262131,76
FSD50K/115922.wav,0.39689088399921146,140
FSD50K/116174.wav,0.6921224530111223,149
FSD50K/116175.wav,0.6208938022072499,104
FSD50K/116176.wav,0.6003308498433658,112
FSD50K/116329.wav,0.5591740518808365,10
FSD50K/116664.wav,0.43399075633727463,149
FSD50K/117041.wav,0.3611994893991784,73
FSD50K/117120.wav,0.5449223786919981,91
FSD50K/117121.wav,0.5036302355100524,53
FSD50K/117126.wav,0.35548337700439026,91
FSD50K/117165.wav,0.5934278851463681,42
FSD50K/117221.wav,0.5285853175508896,149
FSD50K/117270.wav,0.6483528910067258,149
FSD50K/117518.wav,0.5920114978342443,148
FSD50K/117548.wav,0.4726338375246886,132
FSD50K/117883.wav,0.4863192317741258,140
FSD50K/118078.wav,0.4352103039622307,100
FSD50K/118084.wav,0.3555006119337949,55
FSD50K/118198.wav,0.5216637636934008,14
FSD50K/118234.wav,0.5205716723786261,133
FSD50K/118450.wav,0.40613658611591047,39
FSD50K/118515.wav,0.5587479211390018,8
FSD50K/118565.wav,0.6049667514603714,87
FSD50K/118566.wav,0.6446184223930308,149
FSD50K/118577.wav,0.49172219494045183,149
FSD50K/118807.wav,0.5774020334084828,60
FSD50K/118984.wav,0.4715702330524271,66
FSD50K/118985.wav,0.445511766605907,72
FSD50K/119024.wav,0.6341866790848291,149
FSD50K/119025.wav,0.5924471874128688,99
FSD50K/119030.wav,0.6285597091421075,109
FSD50K/119086.wav,0.4558112976256381,89
FSD50K/119132.wav,0.4869393190641082,89
FSD50K/119523.wav,0.3440290530843119,31
FSD50K/119633.wav,0.5987989851983927,59
FSD50K/119634.wav,0.578975087354991,121
FSD50K/119833.wav,0.37942030259541104,35
FSD50K/119913.wav,0.3150442475857942,23
FSD50K/119914.wav,0.3389166115145934,38
FSD50K/119958.wav,0.4222873485750622,90
FSD50K/120059.wav,0.41953789533638375,41
FSD50K/120145.wav,0.5736546388408482,149
FSD50K/120330.wav,0.5645932281805464,121
FSD50K/120331.wav,0.5547870403568217,149
FSD50K/120493.wav,0.25475976890639257,19
FSD50K/120501.wav,0.21521411021240056,64
FSD50K/120557.wav,0.43071842136291355,52
FSD50K/121306.wav,0.623462236696674,31
FSD50K/121904.wav,0.48692999250136765,149
FSD50K/121908.wav,0.5263674723414274,52
FSD50K/122807.wav,0.6485679525656988,149
FSD50K/122814.wav,0.49942032408714293,125
FSD50K/122819.wav,0.488916796351236,126
FSD50K/123085.wav,0.5790580942080571,130
FSD50K/123350.wav,0.5116271781069892,28
FSD50K/123747.wav,0.5388676850568681,42
FSD50K/123748.wav,0.5381606199911663,28
FSD50K/124030.wav,0.45415807962417604,45
FSD50K/124501.wav,0.1982971751376202,19
FSD50K/124502.wav,0.19381643366068602,16
FSD50K/124805.wav,0.39317779541015624,5
FSD50K/12501.wav,0.4789358865494696,149
FSD50K/125130.wav,0.5889600561215327,13
FSD50K/125131.wav,0.5569953743149253,17
FSD50K/125362.wav,0.5825802319801894,149
FSD50K/125560.wav,0.6090552572693143,84
FSD50K/125630.wav,0.5408434066921473,144
FSD50K/125840.wav,0.5292373082854531,22
FSD50K/125841.wav,0.5351054515157427,35
FSD50K/125846.wav,0.6707677061951488,109
FSD50K/125848.wav,0.6590738740327547,139
FSD50K/125849.wav,0.6460719370155883,139
FSD50K/125967.wav,0.40308578085899355,125
FSD50K/126429.wav,0.6173727140330628,149
FSD50K/126465.wav,0.45752066689379073,85
FSD50K/126519.wav,0.19791187793016435,30
FSD50K/126555.wav,0.6136770242412618,149
FSD50K/126559.wav,0.48542107876978424,38
FSD50K/12674.wav,0.51578600341227,82
FSD50K/126877.wav,0.4523392081260681,20
FSD50K/126878.wav,0.4356202754904242,17
FSD50K/127004.wav,0.5566380015944922,93
FSD50K/127321.wav,0.5711911329582556,67
FSD50K/127451.wav,0.6291340405032748,42
FSD50K/127543.wav,0.5691391740526471,7
FSD50K/127721.wav,0.45848926359956915,11
FSD50K/127722.wav,0.4650713726878166,20
FSD50K/127724.wav,0.5202596990188749,101
FSD50K/127725.wav,0.49077434363188566,135
FSD50K/127729.wav,0.44115387853504956,138
FSD50K/127737.wav,0.5146015890770488,108
FSD50K/127800.wav,0.4682872451487042,147
FSD50K/127826.wav,0.511887127521054,149
FSD50K/127846.wav,0.34498473649492134,74
FSD50K/127857.wav,0.4632331280481248,105
FSD50K/128013.wav,0.6927220677369393,149
FSD50K/128017.wav,0.62584090872899,149
FSD50K/128138.wav,0.5100427586809698,83
FSD50K/12815.wav,0.6641158268945974,82
FSD50K/128293.wav,0.5043967962265015,13
FSD50K/128294.wav,0.5798708360928756,13
FSD50K/128296.wav,0.4503968977011167,13
FSD50K/128297.wav,0.5705203597362225,13
FSD50K/128298.wav,0.5549578345738925,13
FSD50K/128299.wav,0.5601965166055239,13
FSD50K/128301.wav,0.5528596364534818,13
FSD50K/128334.wav,0.5454195656274494,95
FSD50K/128614.wav,0.5346314384012806,49
FSD50K/128910.wav,0.4448575742285827,58
FSD50K/128979.wav,0.6082881970538033,18
FSD50K/128981.wav,0.5542108005611226,128
FSD50K/130069.wav,0.5117303276793999,114
FSD50K/130434.wav,0.5232743922896033,149
FSD50K/130585.wav,0.7125827039746072,139
FSD50K/131173.wav,0.5367840147904448,148
FSD50K/131368.wav,0.5513476746422904,105
FSD50K/131560.wav,0.6088061803863162,105
FSD50K/131641.wav,0.3310207812578086,149
FSD50K/131642.wav,0.3280913861024947,105
FSD50K/131643.wav,0.34061079499898134,108
FSD50K/131709.wav,0.559582952942167,70
FSD50K/131989.wav,0.35167936662609656,89
FSD50K/132074.wav,0.47503515377940747,149
FSD50K/132340.wav,0.5847471417749629,136
FSD50K/132551.wav,0.5570480142320905,7
FSD50K/132738.wav,0.48135272573147503,56
FSD50K/132828.wav,0.4876599890344283,34
FSD50K/132894.wav,0.49566929032338547,149
FSD50K/133731.wav,0.5846307277679443,149
FSD50K/133851.wav,0.17242682822372601,23
FSD50K/134696.wav,0.5995276144572667,14
FSD50K/134766.wav,0.6710986137390137,5
FSD50K/134952.wav,0.29602516336100443,42
FSD50K/13509.wav,0.49755115237012004,149
FSD50K/135428.wav,0.3320965027170522,28
FSD50K/135509.wav,0.4078082006249652,149
FSD50K/135511.wav,0.38448478002101183,112
FSD50K/135585.wav,0.494536775756966,44
FSD50K/135613.wav,0.5794854595472938,38
FSD50K/135717.wav,0.43642089510924065,149
FSD50K/135718.wav,0.41512761780079577,149
FSD50K/135799.wav,0.6662691771984101,10
FSD50K/136052.wav,0.5603973267378507,143
FSD50K/136544.wav,0.41744974955464853,66
FSD50K/136629.wav,0.6837947828657676,149
FSD50K/136642.wav,0.606609582901001,5
FSD50K/136766.wav,0.6638677545956203,7
FSD50K/137034.wav,0.6081470863686668,18
FSD50K/137083.wav,0.35747531056404114,9
FSD50K/137134.wav,0.2204136611290381,71
FSD50K/137172.wav,0.5133461401743047,85
FSD50K/137734.wav,0.3704584020896246,149
FSD50K/137746.wav,0.5267044026404619,32
FSD50K/137886.wav,0.4473985977620886,149
FSD50K/13797.wav,0.5371036648750305,10
FSD50K/138052.wav,0.505431843491701,78
FSD50K/138058.wav,0.4944144847189508,82
FSD50K/138060.wav,0.48503077670792555,107
FSD50K/138071.wav,0.5581491415093585,41
FSD50K/138093.wav,0.47381650194337094,79
FSD50K/138095.wav,0.4853228184043384,61
FSD50K/138277.wav,0.4726845614881401,83
FSD50K/138316.wav,0.6070590487548283,14
FSD50K/138323.wav,0.585226606238972,11
FSD50K/138336.wav,0.41934487968683243,8
FSD50K/138462.wav,0.5792481432790342,69
FSD50K/138679.wav,0.5402989337841669,12
FSD50K/138961.wav,0.3968178340792656,100
FSD50K/139028.wav,0.4038657625516256,15
FSD50K/139086.wav,0.5957254805463426,47
FSD50K/139087.wav,0.6084885314359503,59
FSD50K/139958.wav,0.44367471737349595,149
FSD50K/140036.wav,0.5964363865554333,40
FSD50K/140342.wav,0.5493831210488441,149
FSD50K/140487.wav,0.6291990101337432,90
FSD50K/140493.wav,0.5519575800584711,46
FSD50K/140582.wav,0.6627870161881607,89
FSD50K/140589.wav,0.47920173201067695,29
FSD50K/140590.wav,0.5166405089349555,149
FSD50K/140591.wav,0.4853767204604693,149
FSD50K/140592.wav,0.5672831298812987,63
FSD50K/141272.wav,0.5363048538565636,120
FSD50K/141273.wav,0.5501506250576685,149
FSD50K/141274.wav,0.5006289248780686,129
FSD50K/141515.wav,0.4507564498532203,31
FSD50K/142008.wav,0.3291970591796072,95
FSD50K/142350.wav,0.47073941941099956,133
FSD50K/14262.wav,0.5042206124932158,51
FSD50K/14263.wav,0.4201846718788147,88
FSD50K/143126.wav,0.5192444799560132,101
FSD50K/143556.wav,0.6105209360986747,149
FSD50K/143557.wav,0.6016634858789898,147
FSD50K/143558.wav,0.5777133666950723,115
FSD50K/143563.wav,0.576234453676531,149
FSD50K/144115.wav,0.4858562499284744,10
FSD50K/144121.wav,0.38813648967934933,149
FSD50K/144321.wav,0.5356067828834057,16
FSD50K/144337.wav,0.6659346608554616,17
FSD50K/144338.wav,0.6266808739075294,13
FSD50K/144909.wav,0.5037284262394637,89
FSD50K/144941.wav,0.6967148724818389,149
FSD50K/144942.wav,0.2897491157054901,3
FSD50K/144943.wav,0.32211852073669434,2
FSD50K/144946.wav,0.3030143802364667,6
FSD50K/144947.wav,0.32554629693428677,6
FSD50K/144948.wav,0.2882533028721809,5
FSD50K/144949.wav,0.2792601928114891,5
FSD50K/144950.wav,0.3359441501753671,7
FSD50K/144951.wav,0.30583227798342705,8
FSD50K/145209.wav,0.5019420824944973,130
FSD50K/145541.wav,0.6505156457424164,12
FSD50K/145558.wav,0.6148589611053467,15
FSD50K/145559.wav,0.6190441250801086,8
FSD50K/145562.wav,0.5463592352775427,26
FSD50K/145563.wav,0.5579107457941229,22
FSD50K/145580.wav,0.6811472237510169,149
FSD50K/145622.wav,0.4908732023774361,147
FSD50K/14577.wav,0.5809236007767755,37
FSD50K/145801.wav,0.558998770515124,30
FSD50K/146204.wav,0.5525013082302533,78
FSD50K/146205.wav,0.6080666963870709,39
FSD50K/146206.wav,0.5963397979736328,30
FSD50K/146207.wav,0.6219791003635952,21
FSD50K/146209.wav,0.5885615730896975,39
FSD50K/146323.wav,0.5638535390881931,17
FSD50K/146921.wav,0.5997722908440564,144
FSD50K/147375.wav,0.5012690122922262,75
FSD50K/147867.wav,0.5880821538822991,14
FSD50K/147901.wav,0.5185550071976401,11
FSD50K/147924.wav,0.6452355661562511,112
FSD50K/147925.wav,0.6284661346248218,28
FSD50K/147933.wav,0.5639183441264517,149
FSD50K/148073.wav,0.4710104614496231,6
FSD50K/148074.wav,0.49754798412323,6
FSD50K/148075.wav,0.4568972587585449,8
FSD50K/148156.wav,0.5286836428130233,149
FSD50K/148266.wav,0.6504432139071551,44
FSD50K/148297.wav,0.30926506957981026,89
FSD50K/148796.wav,0.4259703750930615,67
FSD50K/148831.wav,0.6573597061079602,43
FSD50K/148832.wav,0.49575951329448764,57
FSD50K/148836.wav,0.5359906431228395,63
FSD50K/148853.wav,0.4482672274112701,90
FSD50K/148854.wav,0.5040802080994067,92
FSD50K/148855.wav,0.5913376964178662,149
FSD50K/148862.wav,0.4877228385476924,134
FSD50K/148944.wav,0.3430946705241998,12
FSD50K/148945.wav,0.338623970746994,10
FSD50K/148946.wav,0.3142024543550279,9
FSD50K/148947.wav,0.3179689231846068,9
FSD50K/148950.wav,0.32108199375647084,27
FSD50K/148951.wav,0.3381891124523603,13
FSD50K/14905.wav,0.6326067845026652,21
FSD50K/149211.wav,0.5945257325967153,15
FSD50K/149256.wav,0.45885134330301575,132
FSD50K/149258.wav,0.4912771072563709,149
FSD50K/149825.wav,0.6338238613680005,32
FSD50K/149919.wav,0.44204539013536354,95
FSD50K/150053.wav,0.3545588034911444,149
FSD50K/150139.wav,0.5683320015668869,16
FSD50K/150305.wav,0.550830683452171,149
FSD50K/150978.wav,0.539042043538133,121
FSD50K/150981.wav,0.5464981516711732,117
FSD50K/151066.wav,0.605011614660422,12
FSD50K/151072.wav,0.5987817744414011,12
FSD50K/151075.wav,0.6988457441329956,33
FSD50K/151088.wav,0.3397296315857342,14
FSD50K/151150.wav,0.5664604206213215,149
FSD50K/151208.wav,0.3725396883156564,54
FSD50K/151209.wav,0.3613787594922753,43
FSD50K/151222.wav,0.37866389453411103,5
FSD50K/151555.wav,0.5540956382783467,149
FSD50K/151556.wav,0.6388570468340601,70
FSD50K/151620.wav,0.5683004822995927,45
FSD50K/151889.wav,0.37318220337231955,15
FSD50K/151894.wav,0.2992560932269463,13
FSD50K/152593.wav,0.3008447933409895,28
FSD50K/152595.wav,0.2747158490949207,9
FSD50K/152614.wav,0.3248842724582605,57
FSD50K/152781.wav,0.4393883403390646,16
FSD50K/152787.wav,0.48027128875255587,10
FSD50K/152788.wav,0.5264577409800362,17
FSD50K/152792.wav,0.4260801802266319,53
FSD50K/152795.wav,0.47018068532149,12
FSD50K/152796.wav,0.4912446691439702,13
FSD50K/152901.wav,0.4688398704997131,56
FSD50K/152953.wav,0.532457458972931,40
FSD50K/152954.wav,0.5371118392795324,96
FSD50K/153054.wav,0.4813437595449645,29
FSD50K/153104.wav,0.4938845489964341,33
FSD50K/153170.wav,0.5968942312399547,75
FSD50K/153282.wav,0.49214800479619397,46
FSD50K/153310.wav,0.5429658411364806,38
FSD50K/153492.wav,0.669309833028295,111
FSD50K/153578.wav,0.4061453571686378,143
FSD50K/154463.wav,0.34095964556740177,62
FSD50K/154663.wav,0.4124516872751633,149
FSD50K/154780.wav,0.41093098744750023,8
FSD50K/154840.wav,0.4152520566978711,149
FSD50K/154856.wav,0.4129936800283544,34
FSD50K/154894.wav,0.4314547352871652,59
FSD50K/154954.wav,0.41622922025369796,89
FSD50K/154956.wav,0.6692200012207031,125
FSD50K/155092.wav,0.5987393954056222,149
FSD50K/155197.wav,0.5380394760794287,149
FSD50K/155249.wav,0.5526960946169476,149
FSD50K/155251.wav,0.5902832218464589,149
FSD50K/15561.wav,0.4951547446350257,24
FSD50K/15562.wav,0.4495497717924997,141
FSD50K/155620.wav,0.5400381995284039,23
FSD50K/155639.wav,0.6023707781862092,149
FSD50K/155654.wav,0.4999974751472473,25
FSD50K/155769.wav,0.5786478784349229,9
FSD50K/155770.wav,0.5940124602878795,17
FSD50K/155773.wav,0.6211343660746536,146
FSD50K/155776.wav,0.5781713759197908,17
FSD50K/155790.wav,0.6273463101763475,19
FSD50K/155920.wav,0.40643922200328425,38
FSD50K/155994.wav,0.5751055627061217,149
FSD50K/156064.wav,0.3762793466448784,4
FSD50K/156095.wav,0.657345501276163,39
FSD50K/156125.wav,0.38284893333911896,6
FSD50K/156126.wav,0.4154680073261261,5
FSD50K/156203.wav,0.6834564689132903,36
FSD50K/156204.wav,0.6284653147061666,48
FSD50K/156206.wav,0.5447844542838909,54
FSD50K/156453.wav,0.48148091030972345,56
FSD50K/156510.wav,0.4773187471123842,52
FSD50K/15657.wav,0.5423883186387164,112
FSD50K/156578.wav,0.584373265504837,9
FSD50K/156627.wav,0.5911131799221039,6
FSD50K/156672.wav,0.6074878573417664,42
FSD50K/156677.wav,0.6010533797590039,79
FSD50K/156831.wav,0.5392582318821891,122
FSD50K/156901.wav,0.47119194145003956,24
FSD50K/156904.wav,0.5873023271560669,13
FSD50K/156946.wav,0.4930240181868508,149
FSD50K/157018.wav,0.6499992311000824,16
FSD50K/157026.wav,0.4205196837880718,67
FSD50K/157206.wav,0.3818213051557541,125
FSD50K/157400.wav,0.44044536484026275,113
FSD50K/157580.wav,0.5023236314722356,149
FSD50K/157803.wav,0.5008546810883742,65
FSD50K/157961.wav,0.572404685345563,11
FSD50K/157966.wav,0.4895142940374521,65
FSD50K/15813.wav,0.5797707134445241,149
FSD50K/158140.wav,0.4509903872385621,32
FSD50K/158142.wav,0.4769413603039888,52
FSD50K/158501.wav,0.5078078185518583,48
FSD50K/158502.wav,0.52837814866882,97
FSD50K/158503.wav,0.4073993429641596,149
FSD50K/158504.wav,0.41217686005886767,149
FSD50K/158505.wav,0.4250463448528551,117
FSD50K/158507.wav,0.45054978232255716,149
FSD50K/158509.wav,0.57772027246104,149
FSD50K/158517.wav,0.48792337683530956,143
FSD50K/158519.wav,0.4722989574610758,139
FSD50K/158609.wav,0.4641279412867272,146
FSD50K/158611.wav,0.5327327881483424,149
FSD50K/158724.wav,0.6369093044270431,124
FSD50K/159197.wav,0.5016040341895923,57
FSD50K/159459.wav,0.5744307803905616,59
FSD50K/159460.wav,0.654505790808262,39
FSD50K/159462.wav,0.5312634706497192,12
FSD50K/159778.wav,0.5848422866539668,149
FSD50K/159779.wav,0.5051248343598923,149
FSD50K/160355.wav,0.5922252111686547,61
FSD50K/160362.wav,0.48105456002733926,88
FSD50K/160590.wav,0.681150421500206,4
FSD50K/160605.wav,0.5397027251310647,64
FSD50K/160606.wav,0.5367292839808752,149
FSD50K/160682.wav,0.6189109355211257,10
FSD50K/160759.wav,0.5240997118609292,14
FSD50K/160772.wav,0.4608396196463069,122
FSD50K/160773.wav,0.3697864155241307,149
FSD50K/16086.wav,0.44033195028702415,60
FSD50K/161102.wav,0.49696214671792655,145
FSD50K/161113.wav,0.6217812837009699,142
FSD50K/161114.wav,0.6116758462966688,149
FSD50K/161115.wav,0.5545875012074541,149
FSD50K/161309.wav,0.5011084318161011,5
FSD50K/161360.wav,0.5400912974561963,7
FSD50K/161369.wav,0.6194487192801067,14
FSD50K/161370.wav,0.5258607632584043,9
FSD50K/161371.wav,0.5817830041050911,8
FSD50K/161475.wav,0.6393528245389462,16
FSD50K/161698.wav,0.6323957147214236,149
FSD50K/161967.wav,0.6320111989974976,20
FSD50K/161968.wav,0.6711659817134633,17
FSD50K/161969.wav,0.604841460199917,17
FSD50K/161970.wav,0.6495392844080925,16
FSD50K/162169.wav,0.4908878535032272,10
FSD50K/162258.wav,0.585361591794274,11
FSD50K/162262.wav,0.5400783421937376,64
FSD50K/162263.wav,0.5163845924271954,139
FSD50K/162367.wav,0.7292272860873236,146
FSD50K/162397.wav,0.6305810638836452,7
FSD50K/162398.wav,0.6394849845341274,7
FSD50K/162403.wav,0.6724440306425095,6
FSD50K/162408.wav,0.6914096446264357,147
FSD50K/162439.wav,0.8114481404323706,149
FSD50K/162443.wav,0.6101490930985596,118
FSD50K/162455.wav,0.5504049137234688,24
FSD50K/162802.wav,0.511668031103909,32
FSD50K/162803.wav,0.4962944173812866,25
FSD50K/162816.wav,0.4872993000092045,31
FSD50K/162817.wav,0.4462751540872786,45
FSD50K/162851.wav,0.5290074461215252,37
FSD50K/163050.wav,0.5855428824488749,149
FSD50K/16322.wav,0.5005301980150713,148
FSD50K/163364.wav,0.4906544987207804,78
FSD50K/163455.wav,0.5502432823181153,5
FSD50K/163596.wav,0.624928702044007,149
FSD50K/163728.wav,0.5632276626733633,13
FSD50K/163729.wav,0.5807357497753636,62
FSD50K/163730.wav,0.35150096884795595,56
FSD50K/164006.wav,0.6152339797270926,19
FSD50K/164020.wav,0.6025314744975832,18
FSD50K/164089.wav,0.6222882866859436,14
FSD50K/164090.wav,0.5481265538505146,14
FSD50K/164328.wav,0.4315496640545981,77
FSD50K/164329.wav,0.44328722456270014,121
FSD50K/164330.wav,0.5400556934376558,24
FSD50K/164332.wav,0.45006005328435167,130
FSD50K/164494.wav,0.4224548467567989,7
FSD50K/164539.wav,0.4613759248029618,21
FSD50K/164540.wav,0.3683657657641631,26
FSD50K/164541.wav,0.4070311635732651,21
FSD50K/164542.wav,0.4379237532615662,20
FSD50K/164566.wav,0.44000688360797036,9
FSD50K/164567.wav,0.3336026569207509,3
FSD50K/164568.wav,0.3917900877339499,7
FSD50K/164569.wav,0.45676684379577637,4
FSD50K/164571.wav,0.4020812101662159,8
FSD50K/164666.wav,0.27334941980930477,26
FSD50K/164824.wav,0.39870794439315793,125
FSD50K/164937.wav,0.5345168251719251,149
FSD50K/165391.wav,0.6521198973059654,24
FSD50K/165393.wav,0.6440086781978607,20
FSD50K/165394.wav,0.6806063230695396,29
FSD50K/165478.wav,0.7223601217071215,120
FSD50K/165540.wav,0.5705044993332454,14
FSD50K/165542.wav,0.5478558228394695,107
FSD50K/165596.wav,0.4520182689385755,112
FSD50K/165748.wav,0.7032736667850673,149
FSD50K/165795.wav,0.735980646950858,7
FSD50K/165898.wav,0.4986502916916557,23
FSD50K/165987.wav,0.5321190372109413,80
FSD50K/166076.wav,0.7615792003253963,149
FSD50K/166157.wav,0.4706182817618052,30
FSD50K/166192.wav,0.6151752734885496,17
FSD50K/166275.wav,0.6682100801364236,92
FSD50K/166284.wav,0.5613498219421932,56
FSD50K/166287.wav,0.5587347616320071,23
FSD50K/166289.wav,0.45441168785095215,25
FSD50K/166293.wav,0.5195428069793817,66
FSD50K/166295.wav,0.5400733465240115,42
FSD50K/166297.wav,0.48958741724491117,30
FSD50K/166302.wav,0.5250866887746034,54
FSD50K/166303.wav,0.5686757087707519,25
FSD50K/166304.wav,0.5641926324367523,25
FSD50K/166305.wav,0.5843456387519836,17
FSD50K/166306.wav,0.5222320898490793,34
FSD50K/166356.wav,0.549050690687221,46
FSD50K/166416.wav,0.5046572097195875,149
FSD50K/166417.wav,0.6286216878250941,149
FSD50K/166434.wav,0.5877879094194483,135
FSD50K/166436.wav,0.5745760574936867,80
FSD50K/166441.wav,0.5275815310510429,148
FSD50K/166509.wav,0.4868675246834755,4
FSD50K/166510.wav,0.4794304743409157,4
FSD50K/166623.wav,0.4025992653940035,46
FSD50K/166943.wav,0.6138987338001077,88
FSD50K/167157.wav,0.4769646142210279,21
FSD50K/167227.wav,0.472657699980875,137
FSD50K/167337.wav,0.488342322409153,8
FSD50K/167487.wav,0.4070267207694776,66
FSD50K/168028.wav,0.22818508934467396,47
FSD50K/168029.wav,0.29856958647943893,53
FSD50K/168258.wav,0.5301844044165178,55
FSD50K/168725.wav,0.5213326399142926,13
FSD50K/168777.wav,0.5658444762229919,21
FSD50K/168825.wav,0.48475521531972016,22
FSD50K/169628.wav,0.6760497163049877,64
FSD50K/169673.wav,0.5621481131423604,11
FSD50K/169693.wav,0.6163143790685214,130
FSD50K/169811.wav,0.42796873052914935,15
FSD50K/169947.wav,0.619344700102838,149
FSD50K/169955.wav,0.46016055596209016,107
FSD50K/170107.wav,0.5410876648138033,149
FSD50K/170464.wav,0.45600631833076477,48
FSD50K/17060.wav,0.661255916493051,149
FSD50K/170847.wav,0.46831069358934957,96
FSD50K/170848.wav,0.43916477421496775,47
FSD50K/170902.wav,0.35378033839739287,26
FSD50K/170955.wav,0.6483862060028435,149
FSD50K/171136.wav,0.5803341269493103,7
FSD50K/171236.wav,0.5636100784728402,19
FSD50K/171237.wav,0.6196104829961603,11
FSD50K/17140.wav,0.42942984052152444,149
FSD50K/171475.wav,0.24091960064002446,119
FSD50K/17148.wav,0.5124584328044545,77
FSD50K/171496.wav,0.6703355113665262,21
FSD50K/17158.wav,0.5830574517682094,149
FSD50K/171755.wav,0.1806669886174955,19
FSD50K/171765.wav,0.4532199732281945,22
FSD50K/171973.wav,0.46550458669662476,9
FSD50K/171994.wav,0.46263063641694874,13
FSD50K/171996.wav,0.5472736233665098,31
FSD50K/171998.wav,0.3542329204082489,25
FSD50K/172000.wav,0.4436920477497962,31
FSD50K/17204.wav,0.5845550914738802,149
FSD50K/17206.wav,0.6158268817719197,149
FSD50K/17208.wav,0.5955780716550431,149
FSD50K/172357.wav,0.4198102416663334,29
FSD50K/172361.wav,0.3976966845683562,39
FSD50K/172364.wav,0.432044029635871,149
FSD50K/172667.wav,0.6648660227656364,8
FSD50K/173000.wav,0.26190277602937484,9
FSD50K/173001.wav,0.2893182302896793,13
FSD50K/173070.wav,0.4740028119966632,61
FSD50K/173088.wav,0.7300748358357627,53
FSD50K/17314.wav,0.6427786390253362,149
FSD50K/173557.wav,0.5804039761424065,32
FSD50K/173558.wav,0.5993673029271039,22
FSD50K/173560.wav,0.6168388820463612,31
FSD50K/173576.wav,0.5517512631827387,29
FSD50K/173577.wav,0.5989450177420741,23
FSD50K/173579.wav,0.6560885001506124,28
FSD50K/173580.wav,0.5535561946722177,26
FSD50K/173581.wav,0.5675291946301093,26
FSD50K/173585.wav,0.6132019706394362,23
FSD50K/173591.wav,0.566360688727835,23
FSD50K/173592.wav,0.5490952521562577,40
FSD50K/173593.wav,0.6596289133584058,27
FSD50K/173594.wav,0.6318880869075656,32
FSD50K/173595.wav,0.5528443051236016,28
FSD50K/173596.wav,0.4561592507493365,91
FSD50K/173600.wav,0.5245405541999,28
FSD50K/173601.wav,0.5650185931187409,26
FSD50K/173602.wav,0.5888784346835954,28
FSD50K/173604.wav,0.601326091421975,27
FSD50K/173605.wav,0.5698829058444861,33
FSD50K/173606.wav,0.5899557491143544,30
FSD50K/173608.wav,0.5747768133878708,30
FSD50K/173609.wav,0.5819874107837677,27
FSD50K/173610.wav,0.620740642835354,29
FSD50K/173611.wav,0.6076050111741731,33
FSD50K/173613.wav,0.5369049876928329,20
FSD50K/173614.wav,0.6292528420686722,40
FSD50K/173619.wav,0.5284232820073763,18
FSD50K/173621.wav,0.6584824715789995,38
FSD50K/173622.wav,0.5905532099698719,38
FSD50K/173623.wav,0.5991439138139997,21
FSD50K/174023.wav,0.568901046410503,149
FSD50K/174036.wav,0.5832944314351818,149
FSD50K/174283.wav,0.34721268775562447,24
FSD50K/174640.wav,0.3562622770667076,50
FSD50K/174747.wav,0.4463015759275073,21
FSD50K/174750.wav,0.5387956547737122,25
FSD50K/174882.wav,0.6023395503527366,149
FSD50K/17490.wav,0.6850726205569048,130
FSD50K/17500.wav,0.558020142609613,114
FSD50K/175142.wav,0.4743257138953113,149
FSD50K/175385.wav,0.5590518260002136,25
FSD50K/175389.wav,0.6857426429198961,59
FSD50K/175417.wav,0.5240663964301348,80
FSD50K/175939.wav,0.3472030719772714,61
FSD50K/175940.wav,0.3512644017474693,57
FSD50K/17602.wav,0.5584830401727817,149
FSD50K/17603.wav,0.6133556009939053,149
FSD50K/176159.wav,0.5731650208649428,92
FSD50K/176338.wav,0.6370507970752332,149
FSD50K/17643.wav,0.5502765156604625,27
FSD50K/176805.wav,0.5729260363362052,22
FSD50K/176871.wav,0.6678646888051715,21
FSD50K/177697.wav,0.5649917301997333,142
FSD50K/177874.wav,0.519741025837985,11
FSD50K/177875.wav,0.4164317685824174,13
FSD50K/177959.wav,0.5577831301424239,27
FSD50K/178032.wav,0.5104325860738754,12
FSD50K/178105.wav,0.4090006500482559,76
FSD50K/178180.wav,0.6565891507550747,137
FSD50K/17822.wav,0.5103637257667437,146
FSD50K/178313.wav,0.5484724586660211,33
FSD50K/178410.wav,0.5518417780598005,30
FSD50K/17851.wav,0.5177751175509203,149
FSD50K/178582.wav,0.48841540803832395,62
FSD50K/178608.wav,0.48737976961844676,74
FSD50K/178849.wav,0.49635952454188775,58
FSD50K/178898.wav,0.5127079738851856,136
FSD50K/178900.wav,0.4958658753609171,49
FSD50K/178991.wav,0.29622489018518416,61
FSD50K/179113.wav,0.5514073002245999,129
FSD50K/179227.wav,0.4117217610279719,12
FSD50K/179228.wav,0.4426051540808244,22
FSD50K/179229.wav,0.4557476432427116,23
FSD50K/179230.wav,0.40840185174475546,23
FSD50K/179231.wav,0.44283212610968836,27
FSD50K/179232.wav,0.44474448760350543,24
FSD50K/179233.wav,0.42850250005722046,18
FSD50K/179234.wav,0.4132104371824572,62
FSD50K/179235.wav,0.492890548493181,28
FSD50K/179236.wav,0.4406975207384676,32
FSD50K/179239.wav,0.4524712705612183,25
FSD50K/179240.wav,0.4429926756355498,18
FSD50K/179241.wav,0.45901306966940564,30
FSD50K/179242.wav,0.35757787932049145,11
FSD50K/179249.wav,0.47828054055571556,28
FSD50K/179250.wav,0.5422458340724309,30
FSD50K/179251.wav,0.5029608658514917,32
FSD50K/179259.wav,0.44865505867882777,19
FSD50K/179263.wav,0.370171457529068,15
FSD50K/179264.wav,0.4421715580281757,21
FSD50K/179265.wav,0.44127497673034666,15
FSD50K/179313.wav,0.604244202375412,46
FSD50K/179315.wav,0.5538222753796084,29
FSD50K/179319.wav,0.6002635727910435,34
FSD50K/179321.wav,0.5741812495084909,39
FSD50K/179339.wav,0.4797411704292664,52
FSD50K/179349.wav,0.6046111651715016,149
FSD50K/179352.wav,0.4996443558030012,41
FSD50K/179714.wav,0.31851333509949803,103
FSD50K/180174.wav,0.6480238273639807,149
FSD50K/180299.wav,0.6082366108894348,49
FSD50K/180300.wav,0.5205386009286431,34
FSD50K/180301.wav,0.5562170380353928,50
FSD50K/180302.wav,0.5873725944902839,41
FSD50K/180305.wav,0.6165161126189762,45
FSD50K/180307.wav,0.6216042731322494,51
FSD50K/180309.wav,0.6374840979222898,27
FSD50K/180310.wav,0.5448125551144282,18
FSD50K/180313.wav,0.6320979699492455,40
FSD50K/180315.wav,0.566634877097039,42
FSD50K/180339.wav,0.3305667257099821,114
FSD50K/180341.wav,0.5776581035719978,9
FSD50K/180344.wav,0.5821166882912318,6
FSD50K/180350.wav,0.6586252542642447,13
FSD50K/180671.wav,0.554396890103817,52
FSD50K/180672.wav,0.522805397277293,46
FSD50K/180673.wav,0.503309737973743,45
FSD50K/180737.wav,0.4613464715389105,26
FSD50K/180961.wav,0.5098331570625305,18
FSD50K/181347.wav,0.4673019305961888,41
FSD50K/181363.wav,0.30912181793474686,51
FSD50K/181597.wav,0.5691721699381834,149
FSD50K/181601.wav,0.5113053417631558,147
FSD50K/18169.wav,0.5485198100407919,33
FSD50K/181728.wav,0.4773929128280053,65
FSD50K/181923.wav,0.389469454685847,75
FSD50K/182022.wav,0.4115991577506065,20
FSD50K/182024.wav,0.36844179530938465,24
FSD50K/182032.wav,0.38459526073364986,21
FSD50K/182033.wav,0.45610461632410687,18
FSD50K/182043.wav,0.34787331975024677,23
FSD50K/182051.wav,0.594603008694119,18
FSD50K/182236.wav,0.507420229640874,22
FSD50K/182271.wav,0.5397087714888833,11
FSD50K/182272.wav,0.5415609280268351,12
FSD50K/182273.wav,0.5589632292588552,15
FSD50K/182274.wav,0.564789137669972,14
FSD50K/182351.wav,0.36959781870245934,8
FSD50K/182429.wav,0.49746253998840556,17
FSD50K/182431.wav,0.46372798830270767,10
FSD50K/182435.wav,0.5543644024680058,96
FSD50K/182785.wav,0.48903270106609553,146
FSD50K/182790.wav,0.5574419945478439,56
FSD50K/182806.wav,0.4696240449945132,12
FSD50K/182896.wav,0.541832746565342,40
FSD50K/182924.wav,0.6289526671171188,4
FSD50K/183592.wav,0.6911576141284991,79
FSD50K/183627.wav,0.5365419101795094,149
FSD50K/184000.wav,0.2591906820734342,30
FSD50K/184226.wav,0.6049943826342589,149
FSD50K/184275.wav,0.5243885001392229,141
FSD50K/184291.wav,0.4985535286240659,59
FSD50K/184373.wav,0.6501801185883008,26
FSD50K/184412.wav,0.7094909053737835,59
FSD50K/184418.wav,0.5389035845344717,22
FSD50K/18442.wav,0.5716681334437156,147
FSD50K/18443.wav,0.4926027363578745,149
FSD50K/184582.wav,0.4646645762782166,69
FSD50K/184651.wav,0.496177318195502,12
FSD50K/184723.wav,0.7136635846561856,99
FSD50K/184833.wav,0.6929297382573048,83
FSD50K/184880.wav,0.41889446208605896,74
FSD50K/184947.wav,0.6419614167774425,136
FSD50K/185034.wav,0.6795546081331041,9
FSD50K/185042.wav,0.4373411705548113,44
FSD50K/185056.wav,0.4914048026715006,28
FSD50K/185124.wav,0.6437291841880948,51
FSD50K/18529.wav,0.44523871616200283,111
FSD50K/185474.wav,0.702994660190914,92
FSD50K/185560.wav,0.3788797195325762,149
FSD50K/185708.wav,0.490327467287288,85
FSD50K/185951.wav,0.5384968617218453,149
FSD50K/186011.wav,0.4775585378038472,29
FSD50K/18603.wav,0.5597789463580854,149
FSD50K/186037.wav,0.39087132215499876,15
FSD50K/186049.wav,0.5337196806835574,86
FSD50K/18632.wav,0.36768598676821507,109
FSD50K/186395.wav,0.6137976828437524,149
FSD50K/186473.wav,0.5030206345642606,48
FSD50K/186474.wav,0.5387078060840185,52
FSD50K/186517.wav,0.42008885939915974,75
FSD50K/186767.wav,0.40337506221964003,47
FSD50K/18686.wav,0.49508829140349436,76
FSD50K/187021.wav,0.4419322071611419,129
FSD50K/187281.wav,0.36245144003040186,91
FSD50K/187294.wav,0.4471477477573881,51
FSD50K/187303.wav,0.38948556172604465,147
FSD50K/187306.wav,0.40210049656721264,13
FSD50K/187308.wav,0.4438529003124971,52
FSD50K/187314.wav,0.4650600105524063,12
FSD50K/187381.wav,0.4556851022279085,67
FSD50K/187534.wav,0.5975941592141202,19
FSD50K/18754.wav,0.6655528860145741,89
FSD50K/187591.wav,0.5894592504431732,137
FSD50K/187592.wav,0.6240912133997137,44
FSD50K/187678.wav,0.7514478585176301,57
FSD50K/187681.wav,0.6538127997229176,62
FSD50K/187702.wav,0.39382056331121795,93
FSD50K/187708.wav,0.6407369945273304,149
FSD50K/187734.wav,0.7441912225428844,149
FSD50K/187762.wav,0.5097538245220979,12
FSD50K/187767.wav,0.5280156744663248,97
FSD50K/187793.wav,0.6080355725505135,22
FSD50K/187905.wav,0.540803459866735,149
FSD50K/188006.wav,0.5238886846213782,119
FSD50K/188032.wav,0.4715208485722542,12
FSD50K/188058.wav,0.6285980699846409,149
FSD50K/188089.wav,0.534978289732197,149
FSD50K/188276.wav,0.4716518612205982,100
FSD50K/188488.wav,0.549360793370467,13
FSD50K/188490.wav,0.5314828563820232,11
FSD50K/188848.wav,0.4153560023558767,38
FSD50K/188883.wav,0.4258228162372554,108
FSD50K/189229.wav,0.3908008455353625,68
FSD50K/189327.wav,0.3938922059411804,48
FSD50K/189332.wav,0.40707148830680284,85
FSD50K/189446.wav,0.67079846970987,149
FSD50K/189575.wav,0.48701198026537895,8
FSD50K/189644.wav,0.7219518593379429,56
FSD50K/189754.wav,0.48511096090078354,8
FSD50K/189755.wav,0.511834904551506,8
FSD50K/189764.wav,0.432310792307059,24
FSD50K/189773.wav,0.5402480427850813,149
FSD50K/189843.wav,0.4777245661791633,119
FSD50K/18994.wav,0.6321052200389359,53
FSD50K/18997.wav,0.6972503162719108,37
FSD50K/18998.wav,0.6977080794481131,39
FSD50K/18999.wav,0.5808700267541207,118
FSD50K/19000.wav,0.5623074201929489,149
FSD50K/19002.wav,0.6374507896105448,75
FSD50K/190025.wav,0.4781803985436757,3
FSD50K/190026.wav,0.44956416317394804,42
FSD50K/190027.wav,0.4712772349516551,30
FSD50K/19003.wav,0.6510739250471128,149
FSD50K/190465.wav,0.5808421089831326,144
FSD50K/190647.wav,0.6309604672777572,149
FSD50K/191088.wav,0.5835030038884822,149
FSD50K/191121.wav,0.5022342026233673,30
FSD50K/191125.wav,0.519676359307846,149
FSD50K/191289.wav,0.8001055334295545,14
FSD50K/191334.wav,0.5874456419240708,149
FSD50K/191733.wav,0.5939179834647056,78
FSD50K/191851.wav,0.4625086280015799,65
FSD50K/19188.wav,0.634813646475474,9
FSD50K/191901.wav,0.45895700687069,59
FSD50K/191944.wav,0.4787197985193309,102
FSD50K/192002.wav,0.5904034826220298,147
FSD50K/192060.wav,0.3920643793685096,140
FSD50K/192104.wav,0.4765128307044506,16
FSD50K/192133.wav,0.4273353135213256,48
FSD50K/1922.wav,0.5583200442207443,143
FSD50K/192343.wav,0.654250574523005,29
FSD50K/192387.wav,0.6137138495842616,30
FSD50K/192388.wav,0.5519031481100962,26
FSD50K/192389.wav,0.5887610071471759,35
FSD50K/192390.wav,0.5957334746535008,52
FSD50K/192391.wav,0.6142433635393778,75
FSD50K/192392.wav,0.6157093664010366,45
FSD50K/192393.wav,0.6017897956282179,107
FSD50K/192394.wav,0.6251959731181462,75
FSD50K/192395.wav,0.6026154194451585,79
FSD50K/192396.wav,0.6292773791721888,70
FSD50K/192397.wav,0.6130449559007373,70
FSD50K/192398.wav,0.6058161366317008,72
FSD50K/192399.wav,0.5558079843935759,69
FSD50K/1925.wav,0.5713568613545535,146
FSD50K/192761.wav,0.23958007991313934,7
FSD50K/19345.wav,0.6680658986935248,78
FSD50K/193732.wav,0.48238915385015857,149
FSD50K/193826.wav,0.31889788806438446,8
FSD50K/193827.wav,0.3056490735875236,9
FSD50K/193828.wav,0.3159651592373848,10
FSD50K/193829.wav,0.2964288762637547,7
FSD50K/193830.wav,0.26419585115379757,9
FSD50K/193831.wav,0.2727603001726998,9
FSD50K/193832.wav,0.2793538288937675,9
FSD50K/193833.wav,0.2910153887101582,7
FSD50K/193834.wav,0.30670282430946827,8
FSD50K/193835.wav,0.26606203243136406,8
FSD50K/193836.wav,0.2817725483328104,8
FSD50K/193837.wav,0.27181074395775795,8
FSD50K/193838.wav,0.2596921343356371,8
FSD50K/193839.wav,0.28661983211835224,6
FSD50K/193840.wav,0.3177985208375113,7
FSD50K/193841.wav,0.2959600239992142,8
FSD50K/193842.wav,0.2896720580756664,8
FSD50K/193843.wav,0.29776959419250487,10
FSD50K/193844.wav,0.3273967906832695,10
FSD50K/193845.wav,0.3363512456417084,8
FSD50K/193846.wav,0.2622415026028951,6
FSD50K/193847.wav,0.24042667746543883,5
FSD50K/193848.wav,0.3312730938196182,5
FSD50K/193849.wav,0.2595299184322357,8
FSD50K/193850.wav,0.29005024688584463,7
FSD50K/193851.wav,0.2544293875495593,6
FSD50K/193852.wav,0.3019516531910215,7
FSD50K/193853.wav,0.3305477276444435,8
FSD50K/193854.wav,0.3194051533937454,6
FSD50K/193855.wav,0.29537872038781643,8
FSD50K/193856.wav,0.30275187061892617,9
FSD50K/193857.wav,0.3050046499286379,7
FSD50K/193858.wav,0.31235991716384887,5
FSD50K/193859.wav,0.33942031115293503,8
FSD50K/193860.wav,0.2693044275045395,5
FSD50K/193861.wav,0.30547205209732053,5
FSD50K/193862.wav,0.2431092138091723,6
FSD50K/193863.wav,0.27749014113630566,7
FSD50K/193864.wav,0.3177992105484009,7
FSD50K/193865.wav,0.3020298421382904,5
FSD50K/193866.wav,0.2761451043188572,4
FSD50K/193867.wav,0.30294627249240874,5
FSD50K/193868.wav,0.30733724534511564,5
FSD50K/193869.wav,0.3093753844499588,5
FSD50K/193870.wav,0.3701520968567241,11
FSD50K/193871.wav,0.28985853989919025,6
FSD50K/193872.wav,0.373033646332181,46
FSD50K/193873.wav,0.3574277818202972,10
FSD50K/194365.wav,0.5438181949513299,14
FSD50K/194682.wav,0.45974047978719074,9
FSD50K/194683.wav,0.4330862104892731,15
FSD50K/194684.wav,0.48636662534305025,14
FSD50K/194685.wav,0.546712464094162,10
FSD50K/194786.wav,0.6256323972804434,149
FSD50K/194813.wav,0.4645294179928671,97
FSD50K/194944.wav,0.4284762122087031,149
FSD50K/194978.wav,0.4412924177116818,45
FSD50K/194991.wav,0.543583377966514,65
FSD50K/194993.wav,0.5000687039123392,53
FSD50K/195089.wav,0.4951289657136084,71
FSD50K/195167.wav,0.5438747382682303,115
FSD50K/195168.wav,0.6171517647229708,104
FSD50K/195410.wav,0.6122381471147473,149
FSD50K/195411.wav,0.6911908054351806,75
FSD50K/195412.wav,0.6287310683487246,149
FSD50K/195457.wav,0.4939103023002022,95
FSD50K/195458.wav,0.5115208976409015,85
FSD50K/195466.wav,0.5955281882059007,147
FSD50K/195624.wav,0.4734653962009093,34
FSD50K/195655.wav,0.44743569665307165,149
FSD50K/195981.wav,0.5776117644109926,143
FSD50K/195982.wav,0.5753888085081771,148
FSD50K/195983.wav,0.538474005379089,146
FSD50K/196117.wav,0.49751559353393054,92
FSD50K/196128.wav,0.6245943195325263,47
FSD50K/196139.wav,0.48980938351672626,46
FSD50K/196259.wav,0.6088854796534416,149
FSD50K/196368.wav,0.347007455402299,38
FSD50K/196370.wav,0.3249877206981182,16
FSD50K/196371.wav,0.3235790580511093,16
FSD50K/196372.wav,0.32428752064704897,25
FSD50K/196373.wav,0.38120080158114433,24
FSD50K/196374.wav,0.3791962239672156,34
FSD50K/196375.wav,0.35882689631902254,39
FSD50K/196376.wav,0.3657944250319685,28
FSD50K/196377.wav,0.40425094456995947,59
FSD50K/196378.wav,0.3048575057515076,28
FSD50K/196379.wav,0.3426048071945415,34
FSD50K/196380.wav,0.34738794614871343,30
FSD50K/196645.wav,0.5642393366307825,148
FSD50K/196653.wav,0.4813630592903035,149
FSD50K/196693.wav,0.5862801044415205,78
FSD50K/196694.wav,0.5455466881394386,68
FSD50K/196753.wav,0.44330192201359325,86
FSD50K/196838.wav,0.4156122600490397,88
FSD50K/197106.wav,0.5158363717633325,148
FSD50K/197122.wav,0.4750753509118253,149
FSD50K/197248.wav,0.5192398286166311,119
FSD50K/197261.wav,0.5721073333097964,49
FSD50K/197322.wav,0.3855741970497986,145
FSD50K/197417.wav,0.37342149695606097,141
FSD50K/197450.wav,0.4937742158470538,149
FSD50K/197866.wav,0.38110790550708773,30
FSD50K/197979.wav,0.5186734199523926,45
FSD50K/19805.wav,0.5798622698619448,29
FSD50K/19806.wav,0.6020467137468273,29
FSD50K/19807.wav,0.5703655620416005,30
FSD50K/198121.wav,0.6748518869280815,8
FSD50K/198297.wav,0.6088021355762816,114
FSD50K/198408.wav,0.5244902197052451,51
FSD50K/198496.wav,0.4723717142271516,149
FSD50K/198611.wav,0.5270807727268247,132
FSD50K/198612.wav,0.6338705178853627,74
FSD50K/198844.wav,0.5004182630588138,63
FSD50K/198952.wav,0.5068021955514195,99
FSD50K/198989.wav,0.502520834788298,78
FSD50K/199567.wav,0.5290157185359434,44
FSD50K/199828.wav,0.5762781940850635,149
FSD50K/199878.wav,0.37374104499816896,75
FSD50K/199879.wav,0.42378976587521827,59
FSD50K/199882.wav,0.43986028454921866,135
FSD50K/199888.wav,0.35742787253565905,41
FSD50K/199889.wav,0.41141404187093017,61
FSD50K/199906.wav,0.5094505819407377,11
FSD50K/200338.wav,0.6066817543944534,98
FSD50K/200436.wav,0.364845531898857,149
FSD50K/200809.wav,0.5799051859234804,149
FSD50K/201309.wav,0.5652497495923724,21
FSD50K/201319.wav,0.419266190379858,48
FSD50K/201325.wav,0.562991489470005,120
FSD50K/201611.wav,0.3694844005199579,39
FSD50K/201667.wav,0.6284693696282126,22
FSD50K/201713.wav,0.6309710215119755,34
FSD50K/201852.wav,0.394778101808495,36
FSD50K/201899.wav,0.6486622175114267,149
FSD50K/201917.wav,0.5804369921906519,59
FSD50K/201945.wav,0.558954352682287,44
FSD50K/20198.wav,0.5566349124261575,129
FSD50K/202029.wav,0.3170723365298633,29
FSD50K/202037.wav,0.6769432563048142,13
FSD50K/202093.wav,0.4698008437241827,14
FSD50K/202231.wav,0.36916073716499587,22
FSD50K/202412.wav,0.45994810573756695,48
FSD50K/202418.wav,0.2610783982415532,43
FSD50K/202423.wav,0.5782386633482847,99
FSD50K/202474.wav,0.5808509235479393,49
FSD50K/202498.wav,0.666528482889307,87
FSD50K/202512.wav,0.32365782172637897,149
FSD50K/202676.wav,0.6029523611068726,91
FSD50K/202809.wav,0.6190659042368544,141
FSD50K/203175.wav,0.7047453528702862,99
FSD50K/203287.wav,0.6113797884259448,149
FSD50K/203368.wav,0.5324370265007019,7
FSD50K/203369.wav,0.5682273540231917,18
FSD50K/203370.wav,0.42080227217891,11
FSD50K/203372.wav,0.4885906960283007,7
FSD50K/203379.wav,0.5029820203781128,6
FSD50K/20352.wav,0.6052314305305481,25
FSD50K/203539.wav,0.5593091653926032,14
FSD50K/203941.wav,0.342833531803863,86
FSD50K/203942.wav,0.3527466346565475,117
FSD50K/203943.wav,0.38711139374765857,145
FSD50K/203944.wav,0.37070740908384325,60
FSD50K/203945.wav,0.3743696451187134,85
FSD50K/203946.wav,0.36428906774336056,129
FSD50K/203947.wav,0.369254514016211,80
FSD50K/203948.wav,0.3771137745461912,117
FSD50K/204009.wav,0.5152361492315928,12
FSD50K/204010.wav,0.5457649856805802,10
FSD50K/204116.wav,0.5835314045349757,12
FSD50K/204120.wav,0.5917161272631751,9
FSD50K/204122.wav,0.5750507295131684,10
FSD50K/204124.wav,0.5779129366079966,9
FSD50K/204132.wav,0.510566771030426,19
FSD50K/204133.wav,0.5387198644525865,17
FSD50K/204134.wav,0.4868597791475408,17
FSD50K/204140.wav,0.46620473036399257,13
FSD50K/204141.wav,0.5397353309851426,13
FSD50K/204142.wav,0.47431584298610685,10
FSD50K/204143.wav,0.5413415014743805,10
FSD50K/204144.wav,0.4974935187233819,9
FSD50K/204185.wav,0.3756395288002797,39
FSD50K/204423.wav,0.5036595022678375,25
FSD50K/204425.wav,0.5224568350956991,26
FSD50K/204426.wav,0.4966956575711568,30
FSD50K/204468.wav,0.30212859024067185,74
FSD50K/204491.wav,0.5056887527509611,147
FSD50K/204684.wav,0.5500925887351068,149
FSD50K/204685.wav,0.593780405819416,8
FSD50K/204686.wav,0.523369742764367,9
FSD50K/204687.wav,0.5083888196028196,13
FSD50K/204688.wav,0.6316490854535785,7
FSD50K/204692.wav,0.5171192847192287,8
FSD50K/204697.wav,0.4849567264318466,4
FSD50K/204920.wav,0.50293610920042,149
FSD50K/204949.wav,0.5461261207538266,124
FSD50K/205011.wav,0.5642191469669342,6
FSD50K/205734.wav,0.5176506543006653,39
FSD50K/205735.wav,0.526049638587621,31
FSD50K/205749.wav,0.35683119552476067,70
FSD50K/205949.wav,0.3970634219099264,61
FSD50K/206080.wav,0.4549099848820613,13
FSD50K/206081.wav,0.4290132721265157,6
FSD50K/207125.wav,0.4815484583377838,63
FSD50K/207126.wav,0.43084040457426115,86
FSD50K/207135.wav,0.5184757238304293,148
FSD50K/207224.wav,0.4175452950388886,86
FSD50K/207247.wav,0.6367524004244542,91
FSD50K/207252.wav,0.5372809436214104,89
FSD50K/207451.wav,0.5560998664917173,148
FSD50K/207456.wav,0.7215494557515086,149
FSD50K/207457.wav,0.6744103693600857,132
FSD50K/207463.wav,0.6801796295855305,101
FSD50K/207470.wav,0.6472091735937656,78
FSD50K/207751.wav,0.4810167649634799,133
FSD50K/207860.wav,0.43972523707677336,68
FSD50K/208034.wav,0.6513293069951674,68
FSD50K/208317.wav,0.45363307476953696,131
FSD50K/208656.wav,0.6752963430129442,149
FSD50K/208696.wav,0.4126801406559737,46
FSD50K/208766.wav,0.45892435332272674,149
FSD50K/208840.wav,0.5748918217917284,72
FSD50K/208841.wav,0.6752541561921438,45
FSD50K/208846.wav,0.6111818232706615,84
FSD50K/208847.wav,0.6052928318913351,149
FSD50K/208854.wav,0.6475206899642945,50
FSD50K/208855.wav,0.5919669600633475,65
FSD50K/208861.wav,0.6017173323138006,87
FSD50K/209042.wav,0.5900509824168008,53
FSD50K/209220.wav,0.49905079901218413,10
FSD50K/209221.wav,0.4330388717353344,16
FSD50K/209222.wav,0.4875314373236436,13
FSD50K/209223.wav,0.4406462113062541,48
FSD50K/209420.wav,0.7014128637313842,75
FSD50K/209422.wav,0.6332602299749851,40
FSD50K/209434.wav,0.5413137001019938,54
FSD50K/209437.wav,0.6222389375462252,85
FSD50K/209442.wav,0.5876681816657917,149
FSD50K/209445.wav,0.5974906929042361,109
FSD50K/209523.wav,0.6341590696367724,29
FSD50K/209536.wav,0.5243377041816711,50
FSD50K/209661.wav,0.48753448087593604,58
FSD50K/209698.wav,0.37093795847346767,131
FSD50K/209964.wav,0.3749713239136276,143
FSD50K/209969.wav,0.4790794667381568,149
FSD50K/209970.wav,0.4371604101780133,39
FSD50K/209979.wav,0.43855104711320664,45
FSD50K/209990.wav,0.5384091320853905,149
FSD50K/209996.wav,0.48075633943080903,10
FSD50K/210195.wav,0.3464806286188272,13
FSD50K/210254.wav,0.5563699265843943,19
FSD50K/210262.wav,0.37637820387525217,112
FSD50K/210270.wav,0.3832862712871069,87
FSD50K/210363.wav,0.4762174255318112,18
FSD50K/210513.wav,0.4676621134610886,94
FSD50K/210535.wav,0.4399249665439129,8
FSD50K/210536.wav,0.5683001577854156,6
FSD50K/210731.wav,0.5059676584381385,149
FSD50K/210734.wav,0.5230795276515624,68
FSD50K/210901.wav,0.5136026389620922,54
FSD50K/210995.wav,0.5586983980167479,105
FSD50K/211103.wav,0.5840401980612013,126
FSD50K/211408.wav,0.5534733739939142,94
FSD50K/211496.wav,0.44931084343365263,7
FSD50K/211497.wav,0.4424542474249999,24
FSD50K/211498.wav,0.42215948983242635,19
FSD50K/211499.wav,0.4210959315299988,10
FSD50K/211501.wav,0.4752060960639607,33
FSD50K/211503.wav,0.5150838454564413,15
FSD50K/211667.wav,0.4727758683369193,142
FSD50K/211668.wav,0.47009106184521765,146
FSD50K/21191.wav,0.5484161594970114,149
FSD50K/21192.wav,0.5602392870307769,149
FSD50K/212127.wav,0.4792195511981845,32
FSD50K/212128.wav,0.43813602053202116,13
FSD50K/212129.wav,0.41445647014511955,9
FSD50K/212182.wav,0.6022790883268628,126
FSD50K/212186.wav,0.5910497267774287,149
FSD50K/212187.wav,0.5305069888998198,149
FSD50K/212594.wav,0.4437416307628155,24
FSD50K/212600.wav,0.619940619577061,11
FSD50K/212710.wav,0.45852182461665225,26
FSD50K/213153.wav,0.5551076680421829,8
FSD50K/213154.wav,0.5654287338256836,8
FSD50K/213156.wav,0.5077785372734069,10
FSD50K/213158.wav,0.5207041591405869,15
FSD50K/213159.wav,0.5735839638445113,9
FSD50K/213160.wav,0.5569982620385977,13
FSD50K/213161.wav,0.5144456475973129,26
FSD50K/213162.wav,0.5224911044041316,15
FSD50K/213163.wav,0.5421065911650658,12
FSD50K/213164.wav,0.5499025020334456,9
FSD50K/213165.wav,0.4263363257050514,12
FSD50K/213166.wav,0.576288229227066,5
FSD50K/21323.wav,0.6616534879713347,33
FSD50K/21324.wav,0.6540133878588676,32
FSD50K/213298.wav,0.45332710898440814,92
FSD50K/213305.wav,0.4101379081988946,78
FSD50K/213307.wav,0.4977477646392325,69
FSD50K/213560.wav,0.6208219126071015,146
FSD50K/213583.wav,0.4311242067943449,92
FSD50K/213890.wav,0.5498470742030431,149
FSD50K/214336.wav,0.5451069623231888,10
FSD50K/214989.wav,0.5805633199679388,77
FSD50K/215137.wav,0.5365610545387074,98
FSD50K/21560.wav,0.5652575172833948,149
FSD50K/215842.wav,0.5268818438053131,5
FSD50K/215843.wav,0.45074521218027386,7
FSD50K/215845.wav,0.39297324419021606,7
FSD50K/215846.wav,0.37602225691080093,8
FSD50K/215847.wav,0.4852789839108785,6
FSD50K/215969.wav,0.4137706756591797,93
FSD50K/215990.wav,0.5375280493497848,100
FSD50K/216009.wav,0.4968884166549234,85
FSD50K/216090.wav,0.6766725331544876,4
FSD50K/216150.wav,0.5199952580088334,139
FSD50K/216279.wav,0.3539222578207652,3
FSD50K/216282.wav,0.324969869107008,4
FSD50K/216283.wav,0.3325958475470543,4
FSD50K/216286.wav,0.3448839883009593,6
FSD50K/216287.wav,0.3739739457766215,3
FSD50K/216288.wav,0.3745994195342064,4
FSD50K/216289.wav,0.3917607605457306,5
FSD50K/216290.wav,0.3404791255791982,3
FSD50K/216291.wav,0.3505638301372528,5
FSD50K/216292.wav,0.37012749165296555,4
FSD50K/216293.wav,0.3524372220039368,5
FSD50K/216294.wav,0.36848151683807373,4
FSD50K/216296.wav,0.36957352608442307,4
FSD50K/216298.wav,0.35309160500764847,4
FSD50K/216299.wav,0.3237215615808964,4
FSD50K/216312.wav,0.5229838371276856,5
FSD50K/216315.wav,0.5094291985034942,5
FSD50K/216317.wav,0.4876704514026642,6
FSD50K/216318.wav,0.4931875318288803,4
FSD50K/216319.wav,0.49084339290857315,4
FSD50K/216534.wav,0.469571964431355,131
FSD50K/216604.wav,0.365964443099742,49
FSD50K/216748.wav,0.5934315868786403,70
FSD50K/21687.wav,0.5731636694499425,35
FSD50K/217138.wav,0.41589674967176776,34
FSD50K/217172.wav,0.6272981854893217,149
FSD50K/21737.wav,0.5787973287886223,113
FSD50K/217805.wav,0.6061233511337867,13
FSD50K/217806.wav,0.42766919392067315,149
FSD50K/217853.wav,0.6035049876663834,128
FSD50K/217901.wav,0.34008324959061365,11
FSD50K/217947.wav,0.34513014767851147,28
FSD50K/217963.wav,0.3315841734409332,15
FSD50K/217984.wav,0.3399364230307666,11
FSD50K/218055.wav,0.5594241015116374,75
FSD50K/218162.wav,0.508729073625283,149
FSD50K/218178.wav,0.6466447160475783,144
FSD50K/218179.wav,0.6346025934955418,149
FSD50K/218317.wav,0.4236614839597182,66
FSD50K/218480.wav,0.5810317620635033,8
FSD50K/218484.wav,0.609670615196228,5
FSD50K/218487.wav,0.4906165301799774,4
FSD50K/21871.wav,0.4179663979090177,13
FSD50K/218843.wav,0.6411506239520876,76
FSD50K/218984.wav,0.4832500297772257,19
FSD50K/218985.wav,0.48427173282418934,14
FSD50K/218987.wav,0.4758782303995556,18
FSD50K/218988.wav,0.4836302677790324,15
FSD50K/218989.wav,0.40945348342259724,15
FSD50K/218999.wav,0.5834852953085163,149
FSD50K/21917.wav,0.6119144616911075,149
FSD50K/219246.wav,0.3833712935447693,93
FSD50K/21928.wav,0.5955276319580357,137
FSD50K/219355.wav,0.247516432846034,54
FSD50K/219455.wav,0.5359868759458716,11
FSD50K/219457.wav,0.5293032824993134,11
FSD50K/219466.wav,0.5287227233997861,133
FSD50K/219467.wav,0.5102865129940269,129
FSD50K/219468.wav,0.49274012569553594,121
FSD50K/219469.wav,0.5934160090982914,136
FSD50K/219470.wav,0.5384653183546934,132
FSD50K/219471.wav,0.548706872980724,129
FSD50K/219539.wav,0.51557894066437,97
FSD50K/219591.wav,0.6630352467498524,149
FSD50K/219644.wav,0.41003402457179794,83
FSD50K/219647.wav,0.45832868417104083,9
FSD50K/219657.wav,0.47091768275607715,11
FSD50K/219661.wav,0.7117589571896721,17
FSD50K/219663.wav,0.649663032629551,39
FSD50K/219666.wav,0.6221059438857165,22
FSD50K/219668.wav,0.4252939547811236,70
FSD50K/219673.wav,0.4573522048231996,81
FSD50K/219693.wav,0.6073495348294576,18
FSD50K/219724.wav,0.657716101613538,58
FSD50K/219837.wav,0.44435789850023055,18
FSD50K/219838.wav,0.48029419945345986,18
FSD50K/219842.wav,0.5012004263699055,16
FSD50K/219843.wav,0.5131048105264965,19
FSD50K/219844.wav,0.4862228160103162,24
FSD50K/219845.wav,0.4558715741885336,19
FSD50K/219846.wav,0.48010962253267114,22
FSD50K/219847.wav,0.46701886724023256,17
FSD50K/21985.wav,0.3108002853473561,149
FSD50K/219856.wav,0.379322995032583,7
FSD50K/219858.wav,0.6189892722500695,9
FSD50K/21986.wav,0.29863663193057566,68
FSD50K/219867.wav,0.4754136617367084,13
FSD50K/219882.wav,0.587793322170482,17
FSD50K/219940.wav,0.573593399922053,15
FSD50K/220045.wav,0.7578622698783875,24
FSD50K/220130.wav,0.6122508427749077,48
FSD50K/220220.wav,0.500247881116483,149
FSD50K/220291.wav,0.6218536987900734,20
FSD50K/220292.wav,0.550499003380537,16
FSD50K/220293.wav,0.5527369767427445,20
FSD50K/220295.wav,0.5673639973004659,6
FSD50K/220302.wav,0.6389972753822803,16
FSD50K/220307.wav,0.5294814378023147,10
FSD50K/220311.wav,0.6913431187470754,12
FSD50K/220365.wav,0.720678836107254,16
FSD50K/220368.wav,0.6610311486504294,11
FSD50K/220612.wav,0.5549827516078949,4
FSD50K/220613.wav,0.4060436487197876,11
FSD50K/220619.wav,0.6013621352612972,16
FSD50K/220655.wav,0.5978526268154383,16
FSD50K/220657.wav,0.6454427008117948,14
FSD50K/220658.wav,0.4805168390274048,5
FSD50K/220660.wav,0.5603727953774589,7
FSD50K/220663.wav,0.5430647681156794,12
FSD50K/220665.wav,0.5473266797406333,21
FSD50K/220694.wav,0.6185467924390521,21
FSD50K/220815.wav,0.6996949762105942,12
FSD50K/220822.wav,0.7026058634122213,6
FSD50K/220823.wav,0.7846156458059946,6
FSD50K/221085.wav,0.23409529344031685,19
FSD50K/221086.wav,0.18360053979117294,29
FSD50K/221087.wav,0.17361357448429898,29
FSD50K/221150.wav,0.629478104909261,15
FSD50K/221151.wav,0.6527722522616386,20
FSD50K/221152.wav,0.6889784256617228,15
FSD50K/221153.wav,0.6441019508573744,9
FSD50K/221451.wav,0.5569614708423615,10
FSD50K/221455.wav,0.6927954331040382,8
FSD50K/221457.wav,0.6179584364096323,6
FSD50K/221522.wav,0.5934964016636955,107
FSD50K/221531.wav,0.4003397673368454,8
FSD50K/221532.wav,0.4744326074918111,6
FSD50K/221533.wav,0.45300139486789703,4
FSD50K/221548.wav,0.5524001654825712,19
FSD50K/221639.wav,0.5609271074301444,149
FSD50K/221640.wav,0.47986221437652904,24
FSD50K/221644.wav,0.5680202281715085,149
FSD50K/221650.wav,0.4368162969959543,94
FSD50K/221665.wav,0.6151028279544545,147
FSD50K/2217.wav,0.6190478127253684,38
FSD50K/221958.wav,0.6981339183720675,99
FSD50K/222534.wav,0.5806120889527457,14
FSD50K/222535.wav,0.7052888174851736,12
FSD50K/222545.wav,0.6472016781568527,20
FSD50K/222584.wav,0.7560162714549473,42
FSD50K/222586.wav,0.6910230491472327,46
FSD50K/222589.wav,0.6297060728073121,15
FSD50K/222648.wav,0.5572132766246796,18
FSD50K/222671.wav,0.5563180361475263,7
FSD50K/222672.wav,0.6511509248188564,7
FSD50K/222674.wav,0.4904809726609124,9
FSD50K/222991.wav,0.417246869632176,21
FSD50K/223017.wav,0.42766238165938336,23
FSD50K/223154.wav,0.4734535291790962,4
FSD50K/223176.wav,0.5170338634740222,44
FSD50K/223320.wav,0.5669326682885488,96
FSD50K/223521.wav,0.6041659112229492,66
FSD50K/223527.wav,0.6102678450314623,76
FSD50K/223552.wav,0.5491709517581123,14
FSD50K/223671.wav,0.4015965073005013,23
FSD50K/223672.wav,0.41671668205942425,35
FSD50K/223673.wav,0.3508431496827499,23
FSD50K/223745.wav,0.7115455382010516,85
FSD50K/223824.wav,0.3051698541881254,149
FSD50K/22457.wav,0.5453816658141566,51
FSD50K/22459.wav,0.43279174190239617,149
FSD50K/22460.wav,0.43562655820942564,149
FSD50K/22591.wav,0.7103449718264125,149
FSD50K/22615.wav,0.48177595606586276,149
FSD50K/22627.wav,0.3977729268372059,8
FSD50K/22718.wav,0.49435979580057077,145
FSD50K/22719.wav,0.45969532180152484,149
FSD50K/22722.wav,0.47916473271483084,59
FSD50K/22724.wav,0.4543223324659708,148
FSD50K/22732.wav,0.4705888351141396,59
FSD50K/22733.wav,0.45389038016056193,58
FSD50K/228611.wav,0.5679035733143488,6
FSD50K/22877.wav,0.5621928226627759,149
FSD50K/22939.wav,0.49013954721041175,149
FSD50K/231245.wav,0.3941171145439148,100
FSD50K/231247.wav,0.5303601182875086,61
FSD50K/231248.wav,0.40045985808739293,39
FSD50K/231297.wav,0.3411689691765364,43
FSD50K/231765.wav,0.4645075323060155,32
FSD50K/231852.wav,0.5553092874826924,62
FSD50K/231934.wav,0.5478270529361253,89
FSD50K/231936.wav,0.5680948751601013,148
FSD50K/231956.wav,0.616012754291296,80
FSD50K/231959.wav,0.4644164434250663,68
FSD50K/231960.wav,0.5885879788674465,147
FSD50K/231961.wav,0.5098514612515768,75
FSD50K/231963.wav,0.5298285896056577,76
FSD50K/23212.wav,0.5327010736769477,149
FSD50K/232164.wav,0.6003253027896753,149
FSD50K/232176.wav,0.39033815051828114,7
FSD50K/232178.wav,0.604480859194253,148
FSD50K/232210.wav,0.3188179290543,18
FSD50K/232442.wav,0.44915270419681774,85
FSD50K/232443.wav,0.4672168548169889,76
FSD50K/232567.wav,0.41047953597960934,31
FSD50K/232668.wav,0.41129931062459946,44
FSD50K/232784.wav,0.45743122696876526,25
FSD50K/232818.wav,0.414986013639264,82
FSD50K/232824.wav,0.4647470439473788,36
FSD50K/232848.wav,0.509608238735455,149
FSD50K/232868.wav,0.4982016365462487,109
FSD50K/23288.wav,0.3968602332482938,147
FSD50K/232923.wav,0.4354603354071007,122
FSD50K/232961.wav,0.357798595764056,119
FSD50K/232963.wav,0.5266150401698219,27
FSD50K/233016.wav,0.5283778042365344,39
FSD50K/233042.wav,0.5206691870415533,148
FSD50K/233044.wav,0.5683284872962583,62
FSD50K/233062.wav,0.44854308800263837,11
FSD50K/233065.wav,0.5055898146195845,55
FSD50K/233068.wav,0.6218059444987534,149
FSD50K/233261.wav,0.5044170768574031,99
FSD50K/233318.wav,0.6347021698951721,10
FSD50K/233321.wav,0.5772779082710092,22
FSD50K/233322.wav,0.6335972303693945,22
FSD50K/233323.wav,0.6073570169251541,29
FSD50K/233382.wav,0.45885103195905685,52
FSD50K/233383.wav,0.41917162610773456,57
FSD50K/233384.wav,0.45303676496533785,68
FSD50K/233458.wav,0.46230265303798346,46
FSD50K/233486.wav,0.6043618520100912,6
FSD50K/233502.wav,0.584698308860102,31
FSD50K/233582.wav,0.5921840867740196,149
FSD50K/233606.wav,0.528086867597368,9
FSD50K/233645.wav,0.4077350657586892,97
FSD50K/233795.wav,0.298887782356366,147
FSD50K/234034.wav,0.47330187913030386,80
FSD50K/234303.wav,0.5676519958913782,131
FSD50K/234304.wav,0.5801712256489377,99
FSD50K/234305.wav,0.5776205062866211,9
FSD50K/234573.wav,0.4029528944684355,149
FSD50K/234615.wav,0.5091623085917849,33
FSD50K/234616.wav,0.5471518497641493,41
FSD50K/234617.wav,0.5353207878376308,38
FSD50K/234618.wav,0.5227207183837891,35
FSD50K/234619.wav,0.49730778206139803,32
FSD50K/234634.wav,0.6767272317169497,149
FSD50K/234681.wav,0.6198385697539135,93
FSD50K/234860.wav,0.41083439346402884,32
FSD50K/23519.wav,0.6020771618242617,108
FSD50K/235191.wav,0.6503625300622755,62
FSD50K/235363.wav,0.5051665974910869,86
FSD50K/235365.wav,0.5566953094613633,149
FSD50K/235506.wav,0.4390032849528573,55
FSD50K/235514.wav,0.42191766566700406,45
FSD50K/235517.wav,0.4691390581178985,149
FSD50K/235524.wav,0.4375450738838741,14
FSD50K/235595.wav,0.5254543613303791,22
FSD50K/235942.wav,0.47179113658482597,149
FSD50K/235957.wav,0.40753542216832206,149
FSD50K/235962.wav,0.5003100217630466,96
FSD50K/236291.wav,0.49941979701581757,76
FSD50K/23641.wav,0.6886945230620248,70
FSD50K/23710.wav,0.5267911203882911,110
FSD50K/237273.wav,0.7877552691771059,49
FSD50K/237471.wav,0.6112099453906885,149
FSD50K/23750.wav,0.479544449172564,149
FSD50K/237937.wav,0.4273328979810079,6
FSD50K/237974.wav,0.4490757543020524,104
FSD50K/238159.wav,0.5767551213502884,4
FSD50K/238209.wav,0.5392766418636487,93
FSD50K/238241.wav,0.7549742318335033,21
FSD50K/238242.wav,0.7512899851799011,25
FSD50K/238243.wav,0.7343329822315889,17
FSD50K/238244.wav,0.7277011762965809,22
FSD50K/238245.wav,0.7634391146046775,14
FSD50K/238246.wav,0.7657538135846456,15
FSD50K/238247.wav,0.7593427962727017,18
FSD50K/238287.wav,0.5154060353368721,149
FSD50K/238360.wav,0.6504232791753916,65
FSD50K/238390.wav,0.44770227195852896,59
FSD50K/238562.wav,0.4611607715987519,149
FSD50K/238675.wav,0.575600630707211,18
FSD50K/238676.wav,0.5939152682649678,29
FSD50K/238677.wav,0.5569284078147676,36
FSD50K/239030.wav,0.4835923105478287,5
FSD50K/239031.wav,0.5055587328970432,8
FSD50K/239137.wav,0.6396236441591207,68
FSD50K/239138.wav,0.6390701731046041,36
FSD50K/239592.wav,0.5123270663122336,24
FSD50K/239596.wav,0.658619474619627,64
FSD50K/239902.wav,0.5943415384917032,42
FSD50K/240356.wav,0.5818078377667595,51
FSD50K/240377.wav,0.6389009112941808,145
FSD50K/240688.wav,0.5850247096841352,137
FSD50K/241272.wav,0.6239141937870307,149
FSD50K/241591.wav,0.5099127339199185,16
FSD50K/241592.wav,0.5215391643119581,33
FSD50K/241644.wav,0.4043668125356947,7
FSD50K/241721.wav,0.46882742009763645,127
FSD50K/241921.wav,0.6068603878453274,149
FSD50K/242101.wav,0.5684168245643377,96
FSD50K/242184.wav,0.3756411075592041,128
FSD50K/24232.wav,0.5021466797306424,21
FSD50K/24233.wav,0.5206539542005774,57
FSD50K/242494.wav,0.45605091605566245,113
FSD50K/242498.wav,0.618780946971586,149
FSD50K/242846.wav,0.670554389556249,18
FSD50K/242856.wav,0.6253387434408069,16
FSD50K/242951.wav,0.506385188549757,136
FSD50K/24332.wav,0.465172202149524,79
FSD50K/243607.wav,0.28037813888943713,23
FSD50K/243654.wav,0.5909046418714843,149
FSD50K/243786.wav,0.3696327244534212,17
FSD50K/243794.wav,0.5134823332864342,141
FSD50K/244238.wav,0.5603164394696554,15
FSD50K/244500.wav,0.5783126467936918,76
FSD50K/244503.wav,0.399631677833322,146
FSD50K/244931.wav,0.5704164416998024,149
FSD50K/245028.wav,0.48138488938168783,41
FSD50K/245037.wav,0.5722943058720341,27
FSD50K/245167.wav,0.4287634662219456,21
FSD50K/24519.wav,0.48843199326031245,67
FSD50K/245399.wav,0.5357998955167003,144
FSD50K/245400.wav,0.5188641258963832,135
FSD50K/245410.wav,0.47367263298768264,26
FSD50K/245602.wav,0.37152492591868275,115
FSD50K/245692.wav,0.5984335844309963,98
FSD50K/245693.wav,0.5499795646700141,73
FSD50K/245694.wav,0.5603056002746929,55
FSD50K/245794.wav,0.6663332949548759,149
FSD50K/245795.wav,0.6314558774832911,149
FSD50K/245873.wav,0.6395746506750584,112
FSD50K/245888.wav,0.4721590412013671,102
FSD50K/245940.wav,0.39499747059825396,36
FSD50K/245943.wav,0.24513087598449093,59
FSD50K/246273.wav,0.4047975368147728,149
FSD50K/246328.wav,0.49765146440929836,9
FSD50K/246331.wav,0.5758763819732922,149
FSD50K/249146.wav,0.6145529132839795,148
FSD50K/249150.wav,0.4253954847653707,15
FSD50K/249298.wav,0.5623591252423208,109
FSD50K/249303.wav,0.5543663389980793,48
FSD50K/249304.wav,0.6736733017351804,149
FSD50K/249568.wav,0.5444749061693281,149
FSD50K/249679.wav,0.4423769860459654,149
FSD50K/24968.wav,0.5797310569818984,94
FSD50K/249745.wav,0.5324618391416691,54
FSD50K/249807.wav,0.5409049540758133,15
FSD50K/249873.wav,0.6067784905433655,15
FSD50K/249874.wav,0.6075851043065389,15
FSD50K/249920.wav,0.49645612243837955,149
FSD50K/250080.wav,0.43961867358949447,9
FSD50K/250285.wav,0.4310385929027074,71
FSD50K/25032.wav,0.6517395494799865,76
FSD50K/250380.wav,0.36196204392533554,38
FSD50K/250506.wav,0.5761380931444927,113
FSD50K/250539.wav,0.46531503132688323,123
FSD50K/250550.wav,0.5544253195586958,19
FSD50K/250629.wav,0.4466091048717499,50
FSD50K/250654.wav,0.30781577669438864,21
FSD50K/250709.wav,0.499648405238986,16
FSD50K/250724.wav,0.5237112078739672,98
FSD50K/250853.wav,0.6558999307203612,149
FSD50K/251004.wav,0.5601296946406364,8
FSD50K/251008.wav,0.6261170910250756,31
FSD50K/251323.wav,0.578766563514463,147
FSD50K/251325.wav,0.6272442053175635,144
FSD50K/251328.wav,0.5181484883334361,147
FSD50K/251424.wav,0.333788959586874,47
FSD50K/251564.wav,0.49186607595258114,149
FSD50K/251788.wav,0.4566725343465805,4
FSD50K/251958.wav,0.5870172777431923,149
FSD50K/251961.wav,0.5718954890763679,147
FSD50K/251964.wav,0.5858686706363755,149
FSD50K/251965.wav,0.4272176214626857,105
FSD50K/251966.wav,0.5668574607855564,148
FSD50K/251967.wav,0.483301248126382,149
FSD50K/251968.wav,0.45960171930741944,149
FSD50K/251969.wav,0.4850683250488379,78
FSD50K/251974.wav,0.49391115191798884,149
FSD50K/251975.wav,0.4895211010171263,149
FSD50K/251976.wav,0.529797298796225,149
FSD50K/251977.wav,0.5402952578643825,149
FSD50K/25270.wav,0.680754417541043,149
FSD50K/25293.wav,0.6352978128939867,80
FSD50K/25312.wav,0.6307604704927278,149
FSD50K/25328.wav,0.47106131979788857,87
FSD50K/253313.wav,0.51465327847724,149
FSD50K/253314.wav,0.5211309266570431,149
FSD50K/253315.wav,0.5167410125668417,149
FSD50K/253316.wav,0.5185631071561135,149
FSD50K/253438.wav,0.38793109729886055,4
FSD50K/253603.wav,0.5656042975665879,137
FSD50K/253611.wav,0.6428944021463394,12
FSD50K/253719.wav,0.6072029822234866,79
FSD50K/253721.wav,0.6214877678000409,23
FSD50K/253724.wav,0.44797251077871475,126
FSD50K/253734.wav,0.6688923148008493,39
FSD50K/253771.wav,0.6431656650134495,7
FSD50K/2539.wav,0.38936678986800344,76
FSD50K/253982.wav,0.5579246240002769,21
FSD50K/254146.wav,0.375317099395099,111
FSD50K/254336.wav,0.5774492561817169,5
FSD50K/254477.wav,0.43516295225847335,21
FSD50K/254507.wav,0.4695409867730174,143
FSD50K/254678.wav,0.512576681872209,12
FSD50K/254721.wav,0.5954363028208415,30
FSD50K/254772.wav,0.4459983174289976,14
FSD50K/254778.wav,0.6157164719680812,149
FSD50K/254809.wav,0.5713807221992996,129
FSD50K/254901.wav,0.4958578281402588,125
FSD50K/254907.wav,0.5973797608644534,39
FSD50K/254981.wav,0.4083381762375703,37
FSD50K/254993.wav,0.5683791809009783,99
FSD50K/255114.wav,0.5722405016422272,31
FSD50K/255182.wav,0.6322072744369507,17
FSD50K/255194.wav,0.4890337452700693,146
FSD50K/255195.wav,0.514328414687447,144
FSD50K/255216.wav,0.5839812711433128,27
FSD50K/25527.wav,0.46360289466542165,148
FSD50K/255272.wav,0.4149401601018577,145
FSD50K/255699.wav,0.5136424063428028,148
FSD50K/255700.wav,0.43219919069796,148
FSD50K/255706.wav,0.39663416473534857,137
FSD50K/255850.wav,0.5935282431192846,149
FSD50K/255977.wav,0.6014705904378187,149
FSD50K/256316.wav,0.45961985632077157,149
FSD50K/256494.wav,0.6441143518787319,59
FSD50K/256513.wav,0.40567452078912314,41
FSD50K/256635.wav,0.5222714590091332,51
FSD50K/256993.wav,0.5792413512865703,15
FSD50K/257001.wav,0.6024840003565738,38
FSD50K/257002.wav,0.6055495520181293,79
FSD50K/25713.wav,0.6061021064718565,48
FSD50K/257202.wav,0.5261892125291644,53
FSD50K/257364.wav,0.5772368907928467,25
FSD50K/257430.wav,0.47405440206913385,136
FSD50K/257496.wav,0.5004634507771196,29
FSD50K/257579.wav,0.48460397227057095,58
FSD50K/257691.wav,0.4906838223338127,20
FSD50K/257791.wav,0.4877613569205662,53
FSD50K/257815.wav,0.6361676889161268,48
FSD50K/257858.wav,0.4600490267644793,149
FSD50K/257873.wav,0.3980602025985718,12
FSD50K/257874.wav,0.6297673966203418,28
FSD50K/257875.wav,0.34477659894360435,18
FSD50K/257876.wav,0.48759399047669244,34
FSD50K/257963.wav,0.4694748840161732,14
FSD50K/258004.wav,0.5622945157320876,76
FSD50K/258089.wav,0.6223632191356859,19
FSD50K/258140.wav,0.49645706691912245,28
FSD50K/258169.wav,0.4538662670514522,39
FSD50K/258182.wav,0.6694247858636331,149
FSD50K/25824.wav,0.5401609094964491,148
FSD50K/258342.wav,0.4916546882652655,41
FSD50K/25888.wav,0.4771127198018184,147
FSD50K/259181.wav,0.48082642596872416,68
FSD50K/259537.wav,0.5256918116527445,34
FSD50K/259539.wav,0.586428197293446,29
FSD50K/259681.wav,0.6163768129689353,7
FSD50K/259697.wav,0.5793655167764692,67
FSD50K/259758.wav,0.6295827204982439,105
FSD50K/259870.wav,0.5525736636349133,140
FSD50K/26010.wav,0.4527063983536902,84
FSD50K/260224.wav,0.49492719152878073,29
FSD50K/260718.wav,0.3763468186242865,109
FSD50K/260939.wav,0.5963101759552956,28
FSD50K/26096.wav,0.6618769408872464,149
FSD50K/26128.wav,0.6227126513551545,149
FSD50K/26141.wav,0.5149593506103907,39
FSD50K/261593.wav,0.44090866380267674,9
FSD50K/261853.wav,0.5365320160275414,21
FSD50K/261854.wav,0.5488046634197236,25
FSD50K/26211.wav,0.5767814953055158,149
FSD50K/26213.wav,0.5883142284098888,149
FSD50K/26215.wav,0.5828302074598786,149
FSD50K/26217.wav,0.37959280610084534,29
FSD50K/262278.wav,0.4495904417646011,149
FSD50K/26247.wav,0.6541071315606435,90
FSD50K/262640.wav,0.5388439952118976,148
FSD50K/262699.wav,0.5579348229097597,66
FSD50K/262753.wav,0.45121884271502494,120
FSD50K/26285.wav,0.49729411814036784,149
FSD50K/262878.wav,0.3458297210080283,21
FSD50K/262897.wav,0.42991855065612233,85
FSD50K/263042.wav,0.31235554201962196,73
FSD50K/263078.wav,0.37154638867418305,119
FSD50K/263082.wav,0.43833465287179657,66
FSD50K/263395.wav,0.6201626173595884,134
FSD50K/263396.wav,0.6772574050314475,149
FSD50K/263458.wav,0.5853554124163615,148
FSD50K/263522.wav,0.6246850924058394,66
FSD50K/263680.wav,0.6183800225289876,149
FSD50K/26385.wav,0.5910090892403214,27
FSD50K/26386.wav,0.6218873280084739,118
FSD50K/263920.wav,0.6335837297141552,40
FSD50K/263959.wav,0.5281786508318307,69
FSD50K/263960.wav,0.5531155579552358,98
FSD50K/263961.wav,0.5139060742714826,85
FSD50K/263962.wav,0.5316359349573502,99
FSD50K/263963.wav,0.5025916118984637,138
FSD50K/263964.wav,0.5466046798452039,107
FSD50K/264351.wav,0.5210968955862717,122
FSD50K/264470.wav,0.3912296999866764,96
FSD50K/264589.wav,0.38618525927481445,23
FSD50K/264653.wav,0.47241716980934145,5
FSD50K/264773.wav,0.5281640816760319,93
FSD50K/264863.wav,0.5129399539640286,149
FSD50K/264918.wav,0.5567592901958002,74
FSD50K/264993.wav,0.56387758417563,110
FSD50K/265003.wav,0.46771613756815594,6
FSD50K/265017.wav,0.5077065675450652,149
FSD50K/265044.wav,0.4004652827978134,10
FSD50K/265110.wav,0.4248264365726047,63
FSD50K/265644.wav,0.5022228578869388,139
FSD50K/265769.wav,0.5300399442513783,15
FSD50K/265968.wav,0.4216137986916762,26
FSD50K/265977.wav,0.5162731478922069,128
FSD50K/266105.wav,0.647624033689499,10
FSD50K/266184.wav,0.5286977621132896,149
FSD50K/266528.wav,0.3085723106763256,134
FSD50K/266600.wav,0.4761766308829898,21
FSD50K/266824.wav,0.444144625279863,59
FSD50K/266848.wav,0.5250100896165177,148
FSD50K/266924.wav,0.5878601816235757,98
FSD50K/266977.wav,0.5031244874000549,10
FSD50K/26720.wav,0.6156696718398148,123
FSD50K/267341.wav,0.5067380343874296,6
FSD50K/267499.wav,0.43038311707121985,84
FSD50K/267573.wav,0.3502248611626209,149
FSD50K/26781.wav,0.41154625482029383,90
FSD50K/267889.wav,0.5687641288552966,7
FSD50K/267893.wav,0.5435586099823316,12
FSD50K/267900.wav,0.26613621413707733,18
FSD50K/267901.wav,0.24266500819113948,31
FSD50K/267931.wav,0.4019249911243851,37
FSD50K/268015.wav,0.5113014614069333,93
FSD50K/268074.wav,0.14739515431798422,26
FSD50K/268076.wav,0.1432941599111808,19
FSD50K/268103.wav,0.662533587257334,149
FSD50K/268126.wav,0.41098269202091076,135
FSD50K/26839.wav,0.5634916853159666,64
FSD50K/26840.wav,0.574611130386892,99
FSD50K/26841.wav,0.5479670474162468,130
FSD50K/26842.wav,0.5812066413412158,149
FSD50K/26843.wav,0.6031019344278004,92
FSD50K/26845.wav,0.6087849729440429,88
FSD50K/268500.wav,0.5632382882268805,19
FSD50K/268809.wav,0.6545444735222392,144
FSD50K/268823.wav,0.5622468865106977,63
FSD50K/268884.wav,0.44208641096632534,94
FSD50K/269260.wav,0.596973592984049,95
FSD50K/269541.wav,0.5377667240607433,39
FSD50K/269599.wav,0.41253587901592254,70
FSD50K/26960.wav,0.6307295008139177,55
FSD50K/26962.wav,0.6347924735811021,18
FSD50K/26963.wav,0.6881704022420333,149
FSD50K/26964.wav,0.6839079260826111,36
FSD50K/26965.wav,0.695728955015672,113
FSD50K/26971.wav,0.582174908855687,23
FSD50K/269847.wav,0.578945803642273,5
FSD50K/269855.wav,0.5960911214351654,4
FSD50K/269860.wav,0.6403863231341044,6
FSD50K/269864.wav,0.5956380218267441,4
FSD50K/270251.wav,0.515991508084185,34
FSD50K/270257.wav,0.5421514842245314,27
FSD50K/270271.wav,0.6056956673661867,48
FSD50K/270474.wav,0.5919053662906993,11
FSD50K/270515.wav,0.5307773175208192,38
FSD50K/270516.wav,0.3259027591916952,89
FSD50K/270517.wav,0.510644275594402,74
FSD50K/270518.wav,0.4430006466128609,110
FSD50K/270643.wav,0.6016952742053114,92
FSD50K/270811.wav,0.5787304219527122,39
FSD50K/270815.wav,0.49187258834188635,22
FSD50K/270816.wav,0.49724228273738513,33
FSD50K/270883.wav,0.487148349917175,149
FSD50K/271063.wav,0.5106028548206192,83
FSD50K/271110.wav,0.3503439337402195,77
FSD50K/271925.wav,0.5495107657957397,149
FSD50K/272065.wav,0.46895985967583126,18
FSD50K/272380.wav,0.43910758974759473,46
FSD50K/272381.wav,0.4218445890828183,38
FSD50K/272410.wav,0.5398388818970749,28
FSD50K/272489.wav,0.5115217293302218,12
FSD50K/272563.wav,0.44010077847922147,121
FSD50K/273151.wav,0.49705321861035895,33
FSD50K/273153.wav,0.44612416721159415,31
FSD50K/273303.wav,0.37960288845575774,26
FSD50K/273320.wav,0.6687985306618197,149
FSD50K/273384.wav,0.4823656530188234,149
FSD50K/273402.wav,0.462146637004775,148
FSD50K/273421.wav,0.47120900322126863,149
FSD50K/273647.wav,0.3835070458325473,11
FSD50K/273710.wav,0.5012749706177001,47
FSD50K/273719.wav,0.376784558398555,99
FSD50K/273750.wav,0.6463131134102984,123
FSD50K/274559.wav,0.6299859853017897,42
FSD50K/274679.wav,0.489560234049956,6
FSD50K/274814.wav,0.32243525981903076,63
FSD50K/274892.wav,0.5647425714292025,19
FSD50K/274962.wav,0.5864551557390482,149
FSD50K/275042.wav,0.6017726629364247,147
FSD50K/275068.wav,0.4088243700209118,21
FSD50K/275069.wav,0.3844628252766349,22
FSD50K/275070.wav,0.3527678760678269,86
FSD50K/275071.wav,0.4078013272512527,21
FSD50K/275072.wav,0.4054738013517289,21
FSD50K/275088.wav,0.463324154935666,67
FSD50K/275252.wav,0.34146229865459293,52
FSD50K/275443.wav,0.5228149334856328,149
FSD50K/275558.wav,0.6439015058771013,126
FSD50K/275564.wav,0.39476348053325305,22
FSD50K/275565.wav,0.39059199121865357,22
FSD50K/275566.wav,0.39518252218311484,22
FSD50K/275567.wav,0.3951493847099217,22
FSD50K/275568.wav,0.38357495177875867,22
FSD50K/275569.wav,0.38997245647690515,22
FSD50K/275570.wav,0.38713569261811,22
FSD50K/275571.wav,0.3900616920807145,22
FSD50K/275581.wav,0.4124520408610503,24
FSD50K/275588.wav,0.5719671757494817,61
FSD50K/275629.wav,0.368089870132249,29
FSD50K/275910.wav,0.5131229529014001,13
FSD50K/275911.wav,0.4458208054304123,10
FSD50K/275912.wav,0.3904337417334318,16
FSD50K/276291.wav,0.5776319674376784,145
FSD50K/276549.wav,0.5936723903373435,27
FSD50K/276682.wav,0.5431731549349237,94
FSD50K/276938.wav,0.5486531972885131,10
FSD50K/276939.wav,0.5547165708108381,11
FSD50K/276965.wav,0.44663857987948824,42
FSD50K/277011.wav,0.5363910131760545,148
FSD50K/277032.wav,0.4450818542391062,16
FSD50K/277252.wav,0.6159752960715975,70
FSD50K/277330.wav,0.5606572922017123,148
FSD50K/277368.wav,0.6052444765231754,149
FSD50K/277508.wav,0.549316816171196,107
FSD50K/277510.wav,0.42764407036068675,91
FSD50K/277754.wav,0.467472168623201,149
FSD50K/27787.wav,0.5796934006198141,149
FSD50K/278152.wav,0.4550612279597451,34
FSD50K/278176.wav,0.46135654025429845,149
FSD50K/27882.wav,0.566570003827413,6
FSD50K/278885.wav,0.6595627591013908,40
FSD50K/278887.wav,0.5505400780063348,149
FSD50K/27977.wav,0.4964633987795922,31
FSD50K/28085.wav,0.41440418833180476,19
FSD50K/281.wav,0.5946393918757346,102
FSD50K/28132.wav,0.37471123189734135,149
FSD50K/28138.wav,0.599900507286891,149
FSD50K/28165.wav,0.492074411187396,149
FSD50K/28167.wav,0.5756495696986281,149
FSD50K/283.wav,0.6176778142084212,149
FSD50K/28396.wav,0.5009631558552684,149
FSD50K/28451.wav,0.48406857692155264,149
FSD50K/28452.wav,0.5035852635866843,149
FSD50K/28453.wav,0.5086803128255294,149
FSD50K/28777.wav,0.5654332375242597,84
FSD50K/29544.wav,0.48115809591824577,149
FSD50K/29579.wav,0.5214939587468269,149
FSD50K/29712.wav,0.5006107042942728,70
FSD50K/29724.wav,0.544598018581217,11
FSD50K/29726.wav,0.5890673782144275,14
FSD50K/29739.wav,0.43097552317100885,149
FSD50K/30185.wav,0.5174484717158171,52
FSD50K/30203.wav,0.6242314012427079,19
FSD50K/30276.wav,0.5364861144469335,13
FSD50K/30277.wav,0.5238357619805769,11
FSD50K/30303.wav,0.6331389838417104,149
FSD50K/30368.wav,0.5045296236722157,99
FSD50K/30749.wav,0.5505336788685425,92
FSD50K/30934.wav,0.4574507632676293,34
FSD50K/30988.wav,0.5652530730835029,28
FSD50K/31000.wav,0.4226273511137281,35
FSD50K/31133.wav,0.4905257374048233,14
FSD50K/31153.wav,0.4601224854935047,86
FSD50K/31371.wav,0.33754980862140654,40
FSD50K/31447.wav,0.6221812671462962,149
FSD50K/31482.wav,0.5687954807841538,149
FSD50K/315646.wav,0.5854433755079905,15
FSD50K/315647.wav,0.5581554284221247,19
FSD50K/315648.wav,0.5952987175148267,104
FSD50K/315828.wav,0.5772236199939952,17
FSD50K/315858.wav,0.5390829286323144,52
FSD50K/315904.wav,0.6169203247799969,149
FSD50K/315935.wav,0.5505409945141185,22
FSD50K/31626.wav,0.5939731553896962,149
FSD50K/316398.wav,0.6235929472105843,7
FSD50K/316409.wav,0.554675817489624,4
FSD50K/316411.wav,0.5666055262088776,10
FSD50K/316416.wav,0.5575802501510171,17
FSD50K/316616.wav,0.6237224276433855,149
FSD50K/316640.wav,0.6924441782366327,119
FSD50K/316645.wav,0.5580797468622526,12
FSD50K/316648.wav,0.49111534442220417,14
FSD50K/316689.wav,0.5458269465354181,31
FSD50K/316750.wav,0.6310456708511886,136
FSD50K/316977.wav,0.49960959571249347,68
FSD50K/317330.wav,0.3123476325981016,123
FSD50K/317533.wav,0.5199915559395499,138
FSD50K/317552.wav,0.5517033654571379,149
FSD50K/317680.wav,0.4880305944673167,149
FSD50K/31775.wav,0.5400924397938287,67
FSD50K/31777.wav,0.5834845460501293,149
FSD50K/318193.wav,0.37410545349121094,12
FSD50K/3186.wav,0.5707233274143014,149
FSD50K/318614.wav,0.4124519392848015,20
FSD50K/3187.wav,0.5649630569387227,128
FSD50K/3188.wav,0.5768419642533574,112
FSD50K/3189.wav,0.6155743046894969,149
FSD50K/318900.wav,0.4787118429062413,51
FSD50K/318910.wav,0.3207118976196008,126
FSD50K/318945.wav,0.3987389413210062,13
FSD50K/318973.wav,0.5061939006501978,11
FSD50K/3190.wav,0.6148228751550807,101
FSD50K/319008.wav,0.40846200585365294,25
FSD50K/319009.wav,0.3564829372841379,23
FSD50K/319010.wav,0.5098569111691581,36
FSD50K/319041.wav,0.3763214658046591,29
FSD50K/3191.wav,0.5986375976353884,144
FSD50K/319206.wav,0.41657066215639527,23
FSD50K/319399.wav,0.4608796171603664,31
FSD50K/319400.wav,0.4838586633794763,89
FSD50K/319401.wav,0.47022817169244474,52
FSD50K/319751.wav,0.6142474196901258,149
FSD50K/320128.wav,0.5215950036048889,75
FSD50K/320135.wav,0.5229221880435944,16
FSD50K/320136.wav,0.49810297651724383,22
FSD50K/320167.wav,0.5057545785720532,26
FSD50K/320234.wav,0.5797255255231921,149
FSD50K/320512.wav,0.42153539239092075,47
FSD50K/320742.wav,0.622561428465961,81
FSD50K/320767.wav,0.6526120565081602,149
FSD50K/320786.wav,0.4505165561333599,149
FSD50K/321073.wav,0.6779034844899582,59
FSD50K/321139.wav,0.46638059467077253,20
FSD50K/321143.wav,0.46062601180303664,21
FSD50K/321169.wav,0.630220638513565,100
FSD50K/321230.wav,0.6984502519330671,31
FSD50K/321232.wav,0.5111765350614276,28
FSD50K/321456.wav,0.5574720903931049,149
FSD50K/321457.wav,0.5408005645562862,145
FSD50K/321684.wav,0.2656750902533531,4
FSD50K/321753.wav,0.4393496367355321,149
FSD50K/321783.wav,0.39408082003686945,102
FSD50K/321785.wav,0.391564726093669,81
FSD50K/321832.wav,0.5121253762732852,110
FSD50K/321841.wav,0.4304854761470448,33
FSD50K/321847.wav,0.5067560741056999,96
FSD50K/321848.wav,0.4604688830997633,23
FSD50K/321971.wav,0.5387916222766593,27
FSD50K/321980.wav,0.4349359064190476,54
FSD50K/322129.wav,0.5122921200806663,149
FSD50K/322130.wav,0.4858818437371935,28
FSD50K/322179.wav,0.5696700926249226,96
FSD50K/322205.wav,0.5225530985704402,97
FSD50K/322581.wav,0.6074695149124069,149
FSD50K/322582.wav,0.5371298095923942,149
FSD50K/322599.wav,0.47297268132774195,147
FSD50K/322602.wav,0.3784618154168129,4
FSD50K/322603.wav,0.5124827261481967,14
FSD50K/322887.wav,0.438367817819733,97
FSD50K/32296.wav,0.4346780623159101,31
FSD50K/32297.wav,0.4461667856999806,28
FSD50K/32298.wav,0.4548760960178991,31
FSD50K/323016.wav,0.35721462965011597,7
FSD50K/323019.wav,0.22019643230097635,7
FSD50K/323055.wav,0.5269291306902099,149
FSD50K/323056.wav,0.4317180190086365,125
FSD50K/323059.wav,0.5079092901425074,149
FSD50K/323077.wav,0.5154552221298218,5
FSD50K/323079.wav,0.4572350841302138,13
FSD50K/323080.wav,0.508409321308136,16
FSD50K/323081.wav,0.461692088842392,10
FSD50K/323082.wav,0.4632419884204865,15
FSD50K/323122.wav,0.3348624381152066,11
FSD50K/323123.wav,0.27553706169128417,10
FSD50K/323125.wav,0.38876081151621683,14
FSD50K/323129.wav,0.35653341880866457,7
FSD50K/323131.wav,0.3637826442718506,10
FSD50K/323132.wav,0.38925301392426653,89
FSD50K/32320.wav,0.3371867920211751,139
FSD50K/32321.wav,0.3270526848813539,93
FSD50K/323238.wav,0.5305633010076625,112
FSD50K/323481.wav,0.37184438440534806,9
FSD50K/32402.wav,0.5204942294415211,149
FSD50K/324228.wav,0.5793824371875532,149
FSD50K/324230.wav,0.5482533986136418,149
FSD50K/324275.wav,0.42061492728023997,41
FSD50K/324311.wav,0.5979311150192415,149
FSD50K/324318.wav,0.6230586471228764,145
FSD50K/324319.wav,0.5754456199816803,134
FSD50K/324415.wav,0.40645122689169805,37
FSD50K/324567.wav,0.6688787761150591,149
FSD50K/324584.wav,0.45961516267723507,18
FSD50K/324585.wav,0.7704856395721436,4
FSD50K/324586.wav,0.6322437885560488,38
FSD50K/324645.wav,0.5664488534358415,88
FSD50K/32481.wav,0.5614327268312441,149
FSD50K/325157.wav,0.5228538965737378,27
FSD50K/325161.wav,0.6489211072692195,148
FSD50K/325213.wav,0.33619605170355904,9
FSD50K/325228.wav,0.34526693324248,9
FSD50K/325229.wav,0.3723866854395185,7
FSD50K/325679.wav,0.45451710893095826,139
FSD50K/325683.wav,0.4676576000387951,93
FSD50K/325701.wav,0.615483140385391,149
FSD50K/32575.wav,0.35653104943533737,48
FSD50K/325844.wav,0.5531693295790598,104
FSD50K/325845.wav,0.5829811652234737,149
FSD50K/325894.wav,0.48057544603943825,24
FSD50K/326074.wav,0.43093689340491625,129
FSD50K/326353.wav,0.18185116000035229,17
FSD50K/326366.wav,0.7103476208328401,149
FSD50K/326422.wav,0.42536260976510887,17
FSD50K/32653.wav,0.5457780675755607,72
FSD50K/326539.wav,0.4694842731733935,109
FSD50K/326565.wav,0.38483570355015834,37
FSD50K/326645.wav,0.4604797244520116,133
FSD50K/326883.wav,0.43119204154140073,95
FSD50K/326889.wav,0.43684801199567425,109
FSD50K/326922.wav,0.34509454803033307,55
FSD50K/326965.wav,0.5098408779193615,58
FSD50K/327062.wav,0.3809104459797776,149
FSD50K/327381.wav,0.4023499531405313,14
FSD50K/327417.wav,0.43948639929294586,12
FSD50K/327432.wav,0.38833649230725836,33
FSD50K/327538.wav,0.4197934234320228,67
FSD50K/327548.wav,0.4107891954126812,105
FSD50K/327591.wav,0.40399030376883116,34
FSD50K/327677.wav,0.4620903879404068,58
FSD50K/327969.wav,0.6123474852350734,149
FSD50K/327970.wav,0.6132535737752914,125
FSD50K/32799.wav,0.2715954216463225,63
FSD50K/328003.wav,0.47550331845003013,34
FSD50K/328113.wav,0.6876787201270161,149
FSD50K/328114.wav,0.6734747256608618,149
FSD50K/328126.wav,0.2966241900409971,14
FSD50K/32841.wav,0.5022755387154493,22
FSD50K/32842.wav,0.4938019684382847,21
FSD50K/328611.wav,0.42318720556795597,64
FSD50K/328758.wav,0.5045845264556424,149
FSD50K/32880.wav,0.4526006404472434,46
FSD50K/328813.wav,0.5011103848616282,36
FSD50K/328825.wav,0.25301616745335714,28
FSD50K/328842.wav,0.48868552911771485,73
FSD50K/329018.wav,0.36721152638395627,60
FSD50K/329612.wav,0.4868123531341553,8
FSD50K/329616.wav,0.49971903010502755,149
FSD50K/329716.wav,0.48793765689645496,14
FSD50K/32983.wav,0.5459161806301992,122
FSD50K/32984.wav,0.5568187858304406,117
FSD50K/329893.wav,0.5008226576887194,122
FSD50K/329894.wav,0.5717929164204029,109
FSD50K/329911.wav,0.3598942057444499,13
FSD50K/329924.wav,0.4155202124800001,7
FSD50K/329978.wav,0.507435049186617,149
FSD50K/329986.wav,0.6129534448553252,149
FSD50K/330400.wav,0.6003574301799138,90
FSD50K/330660.wav,0.4982986428193598,149
FSD50K/330800.wav,0.5441199668816158,7
FSD50K/330816.wav,0.6055813185720635,149
FSD50K/330856.wav,0.5799013291086469,14
FSD50K/330956.wav,0.27502899289131166,125
FSD50K/331241.wav,0.58240527510643,95
FSD50K/331327.wav,0.579419970112359,149
FSD50K/331540.wav,0.5379886487799306,62
FSD50K/331542.wav,0.5048905307113534,101
FSD50K/331569.wav,0.3399714231491089,24
FSD50K/331680.wav,0.1503477243085702,15
FSD50K/331703.wav,0.40054262181123096,24
FSD50K/331885.wav,0.5594023977302842,144
FSD50K/331895.wav,0.6478594821833429,147
FSD50K/331907.wav,0.42599575873464346,128
FSD50K/332014.wav,0.43698235441898475,145
FSD50K/332015.wav,0.46598796360194683,144
FSD50K/332066.wav,0.4958700943891316,146
FSD50K/332184.wav,0.5057910730774771,149
FSD50K/332415.wav,0.4960421309775154,149
FSD50K/332416.wav,0.5405431817684855,140
FSD50K/332451.wav,0.5825949398179849,24
FSD50K/332479.wav,0.45980712619363046,98
FSD50K/332516.wav,0.4355253581429871,71
FSD50K/332563.wav,0.6013581439470633,39
FSD50K/332858.wav,0.40729170120679414,13
FSD50K/332914.wav,0.5945979243592371,79
FSD50K/333003.wav,0.5015455838417847,149
FSD50K/333006.wav,0.43733080132649493,52
FSD50K/333360.wav,0.6065479777753353,40
FSD50K/333659.wav,0.5143470994706424,53
FSD50K/333821.wav,0.7447790869257667,44
FSD50K/334043.wav,0.44153011322021485,25
FSD50K/334084.wav,0.595089815557003,8
FSD50K/33443.wav,0.6119746754043981,19
FSD50K/334468.wav,0.45395157452023355,109
FSD50K/334618.wav,0.6592356446716521,36
FSD50K/334684.wav,0.5179193528034748,78
FSD50K/334915.wav,0.5774128749966622,20
FSD50K/33497.wav,0.5614770474981089,61
FSD50K/334988.wav,0.3291118485586984,28
FSD50K/335176.wav,0.41629867968351947,69
FSD50K/335181.wav,0.4056783616542816,76
FSD50K/335224.wav,0.4692548575309607,130
FSD50K/335248.wav,0.630403343463104,149
FSD50K/335393.wav,0.4146898361769589,11
FSD50K/33563.wav,0.663950545920266,72
FSD50K/33564.wav,0.6846524240986612,149
FSD50K/335760.wav,0.34710546396672726,36
FSD50K/335988.wav,0.610667590152573,148
FSD50K/33629.wav,0.5351821403754385,19
FSD50K/336332.wav,0.48607912119747937,138
FSD50K/336390.wav,0.45228302614255383,22
FSD50K/336391.wav,0.46703699106971425,24
FSD50K/336392.wav,0.4387061572991885,26
FSD50K/336425.wav,0.49894732747759135,35
FSD50K/33651.wav,0.4435882270336151,38
FSD50K/336537.wav,0.47701169550418854,16
FSD50K/336549.wav,0.5981456988180677,96
FSD50K/33655.wav,0.43328639155342463,42
FSD50K/33656.wav,0.5171464957296849,40
FSD50K/336841.wav,0.49792580253311564,56
FSD50K/33687.wav,0.47752049336066615,52
FSD50K/336877.wav,0.5788112722787281,149
FSD50K/336894.wav,0.11567593738436699,16
FSD50K/336896.wav,0.09472771966829896,16
FSD50K/336897.wav,0.11071898974478245,12
FSD50K/33691.wav,0.4293125182390213,40
FSD50K/33694.wav,0.4920825958251953,50
FSD50K/337102.wav,0.5110746711492539,10
FSD50K/337142.wav,0.7269304954765627,149
FSD50K/337166.wav,0.5789492353796959,20
FSD50K/33724.wav,0.5851465821266174,10
FSD50K/33725.wav,0.5607060452457517,16
FSD50K/337257.wav,0.39100408995593033,27
FSD50K/33726.wav,0.5780146561917805,21
FSD50K/33727.wav,0.5903662397311285,26
FSD50K/33728.wav,0.423626609146595,3
FSD50K/337280.wav,0.6008723807044145,41
FSD50K/337281.wav,0.5883768680302993,46
FSD50K/33729.wav,0.5155178382992744,6
FSD50K/337294.wav,0.60711678981781,75
FSD50K/33731.wav,0.5474216838677725,12
FSD50K/33732.wav,0.5199041408486664,16
FSD50K/33733.wav,0.528221783041954,5
FSD50K/33734.wav,0.5787997305393219,10
FSD50K/33735.wav,0.5546132230665535,16
FSD50K/33737.wav,0.5837895640960107,26
FSD50K/33739.wav,0.5086135268211365,6
FSD50K/33740.wav,0.5363830096191831,9
FSD50K/33742.wav,0.5129618193022907,16
FSD50K/33744.wav,0.5913421183824539,10
FSD50K/33745.wav,0.5666124308481812,16
FSD50K/33746.wav,0.5841174792675745,21
FSD50K/33747.wav,0.5965937215548295,26
FSD50K/33748.wav,0.42911892384290695,3
FSD50K/33749.wav,0.5217541058858236,6
FSD50K/33750.wav,0.5498320129182603,9
FSD50K/33751.wav,0.5537434170643488,12
FSD50K/33752.wav,0.5258225079160184,16
FSD50K/337721.wav,0.6589820305506389,75
FSD50K/337754.wav,0.579632560623453,94
FSD50K/33804.wav,0.5170129562417666,48
FSD50K/338046.wav,0.5612210859694788,62
FSD50K/33806.wav,0.5033787734368268,34
FSD50K/338121.wav,0.5420828481515249,75
FSD50K/338125.wav,0.49783857589337366,67
FSD50K/338126.wav,0.5008336952546748,82
FSD50K/338127.wav,0.5039732403922499,57
FSD50K/338128.wav,0.4905155876152952,71
FSD50K/338168.wav,0.6095100115603349,127
FSD50K/338299.wav,0.4306152898531694,52
FSD50K/338321.wav,0.6142189224829545,148
FSD50K/338324.wav,0.4885144104828706,74
FSD50K/338333.wav,0.6640491429591339,149
FSD50K/338691.wav,0.44438914954662323,4
FSD50K/338692.wav,0.4609716758131981,4
FSD50K/338694.wav,0.4192722514271736,4
FSD50K/338853.wav,0.5927975811064243,64
FSD50K/338936.wav,0.5480004801199987,26
FSD50K/338938.wav,0.5747156170281497,22
FSD50K/338939.wav,0.5561671480536461,18
FSD50K/339141.wav,0.6376208995663842,43
FSD50K/339874.wav,0.49979550546447704,149
FSD50K/339916.wav,0.5091192675440499,89
FSD50K/339927.wav,0.379499939472779,138
FSD50K/339932.wav,0.3381402762872832,140
FSD50K/340061.wav,0.3815485906600952,125
FSD50K/340206.wav,0.3244640864431858,4
FSD50K/340217.wav,0.39605390628178916,15
FSD50K/340224.wav,0.41537286506758797,18
FSD50K/340225.wav,0.3835592476221231,13
FSD50K/340361.wav,0.679075425342908,126
FSD50K/340454.wav,0.6487063293489034,149
FSD50K/340462.wav,0.6385645531878179,98
FSD50K/340463.wav,0.6678978888780479,149
FSD50K/340464.wav,0.685297443562706,149
FSD50K/340466.wav,0.6703335156776761,149
FSD50K/340750.wav,0.37640095903323245,26
FSD50K/340862.wav,0.47215262793861656,113
FSD50K/340889.wav,0.6416207849979401,6
FSD50K/340898.wav,0.47613673976489473,49
FSD50K/340905.wav,0.4842883348464966,6
FSD50K/340942.wav,0.5820731043815612,5
FSD50K/341070.wav,0.4355967442194621,9
FSD50K/341113.wav,0.6557017608776988,149
FSD50K/341197.wav,0.47629969257574817,65
FSD50K/341198.wav,0.45096430962993983,42
FSD50K/341203.wav,0.5098389292016943,141
FSD50K/341328.wav,0.474174061188331,65
FSD50K/341329.wav,0.48961853690906965,113
FSD50K/341395.wav,0.5037957967927792,149
FSD50K/341509.wav,0.6699209977316376,149
FSD50K/341569.wav,0.5820785904890738,149
FSD50K/341905.wav,0.5725382145908143,135
FSD50K/34201.wav,0.5431629949145846,18
FSD50K/34202.wav,0.47687974878970313,68
FSD50K/342184.wav,0.7544392602784293,7
FSD50K/34254.wav,0.4178926021129161,111
FSD50K/342551.wav,0.4622000983128181,13
FSD50K/342552.wav,0.4469752907752991,12
FSD50K/342568.wav,0.5056564252484929,44
FSD50K/34260.wav,0.3402693306698519,34
FSD50K/34261.wav,0.3767439015209675,52
FSD50K/342654.wav,0.5499469890738978,99
FSD50K/342656.wav,0.6024570612425215,89
FSD50K/342663.wav,0.6141258288649905,149
FSD50K/34281.wav,0.61732388819967,14
FSD50K/34283.wav,0.6127314567565918,5
FSD50K/342952.wav,0.6038109064102173,5
FSD50K/343169.wav,0.6798553067318936,47
FSD50K/343367.wav,0.451721507523741,84
FSD50K/343391.wav,0.45237460598731655,78
FSD50K/343680.wav,0.4888813708160744,61
FSD50K/343685.wav,0.5444245291383643,133
FSD50K/343686.wav,0.6900622878928442,148
FSD50K/343689.wav,0.38806680381298064,25
FSD50K/343690.wav,0.5212073696139675,149
FSD50K/343756.wav,0.5258422921742162,62
FSD50K/343771.wav,0.5813407052394955,43
FSD50K/343877.wav,0.5675652708326068,14
FSD50K/343879.wav,0.6549740811189015,15
FSD50K/343887.wav,0.5982499023278555,24
FSD50K/343891.wav,0.6129328825257041,11
FSD50K/343897.wav,0.5409035724070337,36
FSD50K/343915.wav,0.6757954827376774,7
FSD50K/343918.wav,0.652806600174272,83
FSD50K/343930.wav,0.6801023483276367,5
FSD50K/343954.wav,0.6477614293495814,6
FSD50K/343957.wav,0.6233968870206312,11
FSD50K/343960.wav,0.65853151679039,4
FSD50K/343965.wav,0.688813538927781,19
FSD50K/343967.wav,0.6476323306560516,8
FSD50K/343974.wav,0.6548768098537738,13
FSD50K/343985.wav,0.6105178793271383,15
FSD50K/344000.wav,0.634767880042394,66
FSD50K/344028.wav,0.6901404708623886,8
FSD50K/344051.wav,0.6359087228775024,6
FSD50K/344056.wav,0.6666856540573968,9
FSD50K/344057.wav,0.627284574508667,5
FSD50K/344142.wav,0.694542333483696,4
FSD50K/344224.wav,0.5119096756432996,132
FSD50K/344265.wav,0.48815192688595166,11
FSD50K/344266.wav,0.541617891367744,17
FSD50K/344267.wav,0.43441415358992186,17
FSD50K/344268.wav,0.525804587205251,15
FSD50K/344269.wav,0.5068244259147083,17
FSD50K/344270.wav,0.5467411554776705,13
FSD50K/344271.wav,0.48991992798718537,11
FSD50K/344272.wav,0.5506054957707723,21
FSD50K/344602.wav,0.4326675762422383,64
FSD50K/344723.wav,0.484635111669566,149
FSD50K/344769.wav,0.5486917649877483,29
FSD50K/345068.wav,0.42589950328692794,20
FSD50K/34524.wav,0.3703785164961739,63
FSD50K/34525.wav,0.3785837958840763,51
FSD50K/345275.wav,0.5929746573621576,11
FSD50K/345474.wav,0.45455315212408703,48
FSD50K/345599.wav,0.38715637181744433,33
FSD50K/345685.wav,0.34546655726929504,72
FSD50K/345815.wav,0.6155548761057299,43
FSD50K/345844.wav,0.2310229759171324,53
FSD50K/34585.wav,0.45794779621064663,16
FSD50K/345933.wav,0.704916720589002,12
FSD50K/346108.wav,0.6154477582187265,37
FSD50K/346173.wav,0.5186795095602671,18
FSD50K/346370.wav,0.5852434413658606,148
FSD50K/346372.wav,0.5127847158668826,149
FSD50K/346537.wav,0.48649678627649945,18
FSD50K/346572.wav,0.5224602006632706,29
FSD50K/346715.wav,0.36848546961228623,139
FSD50K/346759.wav,0.6626620709019548,136
FSD50K/346814.wav,0.6194097452930042,28
FSD50K/346898.wav,0.5208350457251072,16
FSD50K/346904.wav,0.6478496103575735,33
FSD50K/346905.wav,0.5236281497137887,21
FSD50K/346957.wav,0.6790009755449197,97
FSD50K/347216.wav,0.4866306625306606,40
FSD50K/347217.wav,0.48842187493275374,39
FSD50K/347246.wav,0.5053829741477966,50
FSD50K/34733.wav,0.3688898475546586,95
FSD50K/347400.wav,0.4118938148021698,4
FSD50K/347401.wav,0.41093090549111366,8
FSD50K/347496.wav,0.5856972319835966,88
FSD50K/347585.wav,0.32430961169302464,16
FSD50K/347586.wav,0.47335212007164956,80
FSD50K/347609.wav,0.36727219132276684,13
FSD50K/347647.wav,0.5194343846095236,19
FSD50K/347648.wav,0.4335221844231522,149
FSD50K/347677.wav,0.31449936874783957,52
FSD50K/347709.wav,0.47373494481252243,121
FSD50K/347821.wav,0.6570462784511131,149
FSD50K/347944.wav,0.3616864042622702,7
FSD50K/347964.wav,0.5800518497524646,149
FSD50K/348106.wav,0.5965558934424605,56
FSD50K/348149.wav,0.4944190538469577,149
FSD50K/348310.wav,0.5831412926316262,10
FSD50K/348322.wav,0.2722865318258603,12
FSD50K/348323.wav,0.4199840904482259,149
FSD50K/348324.wav,0.5132889169574584,149
FSD50K/348325.wav,0.4525696173210272,149
FSD50K/34853.wav,0.5351047321506168,69
FSD50K/348551.wav,0.6471743891703202,149
FSD50K/34859.wav,0.5660668359506851,149
FSD50K/34865.wav,0.6331894001887954,131
FSD50K/348663.wav,0.5034309370177132,14
FSD50K/348664.wav,0.5347007550299168,16
FSD50K/348665.wav,0.5735474840590828,19
FSD50K/348666.wav,0.6021885817701166,11
FSD50K/348670.wav,0.6009794148531827,11
FSD50K/348671.wav,0.5974534993821924,11
FSD50K/348752.wav,0.41411130130290985,12
FSD50K/349101.wav,0.5649118920167288,6
FSD50K/349102.wav,0.5662195185820261,6
FSD50K/349103.wav,0.5752612352371216,5
FSD50K/349105.wav,0.5766618748505911,6
FSD50K/349109.wav,0.5826022426287333,6
FSD50K/349136.wav,0.5121328935027123,140
FSD50K/349137.wav,0.4791768262482653,99
FSD50K/349138.wav,0.5755376162236197,114
FSD50K/349139.wav,0.5298803559569425,43
FSD50K/349140.wav,0.4454597668214278,44
FSD50K/349141.wav,0.4140114254915892,67
FSD50K/349152.wav,0.4818351774807744,149
FSD50K/349217.wav,0.5475115403532982,8
FSD50K/349240.wav,0.5627572447061538,10
FSD50K/349242.wav,0.35029710829257965,6
FSD50K/349243.wav,0.4124607938528061,25
FSD50K/349244.wav,0.4150659330189228,8
FSD50K/349245.wav,0.450659829709265,9
FSD50K/349284.wav,0.5561633322920118,14
FSD50K/349285.wav,0.5168494121594862,11
FSD50K/349286.wav,0.5131098719743582,13
FSD50K/349287.wav,0.5073691248893738,15
FSD50K/349288.wav,0.5043125358911661,13
FSD50K/349289.wav,0.5037781476974488,10
FSD50K/349290.wav,0.5566389454262597,14
FSD50K/349291.wav,0.49838054180145264,10
FSD50K/349292.wav,0.5419954901391809,11
FSD50K/349293.wav,0.5242335796356201,8
FSD50K/349294.wav,0.5402169227600098,22
FSD50K/349295.wav,0.5683255434036255,10
FSD50K/349296.wav,0.49712318181991577,14
FSD50K/349297.wav,0.4991120994091034,10
FSD50K/349298.wav,0.5365829521959479,11
FSD50K/349299.wav,0.5712696286765012,11
FSD50K/349301.wav,0.5359983623027802,15
FSD50K/349302.wav,0.5784397516832795,43
FSD50K/349303.wav,0.5296781212091446,12
FSD50K/349304.wav,0.5417740267256032,23
FSD50K/349305.wav,0.5656141096895392,22
FSD50K/349306.wav,0.5973396391972251,23
FSD50K/349307.wav,0.5350116726599241,19
FSD50K/349308.wav,0.5120689769585928,12
FSD50K/349309.wav,0.548045070043632,28
FSD50K/349310.wav,0.5302584862167184,22
FSD50K/349391.wav,0.6439977080102951,63
FSD50K/349714.wav,0.5328542757034301,75
FSD50K/34979.wav,0.5945367646999047,61
FSD50K/349905.wav,0.5624439129906316,31
FSD50K/349922.wav,0.48857930302619934,31
FSD50K/350264.wav,0.5490778429167611,7
FSD50K/350283.wav,0.6060585871638867,149
FSD50K/350438.wav,0.5997568525766072,19
FSD50K/350439.wav,0.6314436463933242,19
FSD50K/350446.wav,0.5846239229043325,15
FSD50K/350448.wav,0.6014442642529806,21
FSD50K/350451.wav,0.5929506511791892,23
FSD50K/35058.wav,0.6380098454104174,149
FSD50K/350605.wav,0.5111858344847157,31
FSD50K/350642.wav,0.5717369450463189,54
FSD50K/350714.wav,0.6648453758066932,149
FSD50K/350745.wav,0.4356102115355882,149
FSD50K/350773.wav,0.6900342546758198,42
FSD50K/351144.wav,0.3697619763287631,11
FSD50K/351183.wav,0.5425910886297834,141
FSD50K/351257.wav,0.562200726659009,66
FSD50K/351337.wav,0.4652201859723954,42
FSD50K/351339.wav,0.45457742420526653,52
FSD50K/351483.wav,0.5476775573404044,149
FSD50K/351598.wav,0.5891472779214382,80
FSD50K/351627.wav,0.45738635361194613,30
FSD50K/351628.wav,0.4285300923511386,32
FSD50K/351630.wav,0.46809348662694295,15
FSD50K/351631.wav,0.44051671743392945,25
FSD50K/351634.wav,0.4521723101215978,31
FSD50K/351777.wav,0.5521028149459097,36
FSD50K/351778.wav,0.5710771118423769,112
FSD50K/351785.wav,0.6592746455418436,38
FSD50K/352134.wav,0.5220653961444723,145
FSD50K/35220.wav,0.361781942973034,139
FSD50K/352331.wav,0.5214872944813508,26
FSD50K/352360.wav,0.49760450908671255,46
FSD50K/352374.wav,0.6104426065675256,147
FSD50K/352418.wav,0.5057218318452706,148
FSD50K/35252.wav,0.5437290996313096,80
FSD50K/352631.wav,0.6493829378714928,130
FSD50K/352673.wav,0.35979905327161155,15
FSD50K/352746.wav,0.5432066257510867,14
FSD50K/352813.wav,0.6248290218762903,149
FSD50K/352905.wav,0.5452107489109039,69
FSD50K/353036.wav,0.4622335883093552,71
FSD50K/353086.wav,0.6410703990194533,27
FSD50K/353093.wav,0.54904110139271,53
FSD50K/353103.wav,0.6025652289390564,5
FSD50K/353104.wav,0.5528293401002884,16
FSD50K/353265.wav,0.5455055540840098,149
FSD50K/353285.wav,0.447196767727534,15
FSD50K/353287.wav,0.5662193979535785,7
FSD50K/353288.wav,0.506640836596489,18
FSD50K/353291.wav,0.5560019175211589,15
FSD50K/353294.wav,0.5145027309656143,10
FSD50K/353295.wav,0.50151816672749,9
FSD50K/353538.wav,0.4186532497406006,29
FSD50K/353615.wav,0.3945042066849195,52
FSD50K/353626.wav,0.5641606261855677,19
FSD50K/353635.wav,0.493886866739818,28
FSD50K/353665.wav,0.4777003373356833,138
FSD50K/353771.wav,0.4010199292394139,149
FSD50K/353799.wav,0.42647678032517433,36
FSD50K/35384.wav,0.5424660478262293,149
FSD50K/353881.wav,0.45795534681153777,149
FSD50K/353928.wav,0.5534804069389732,59
FSD50K/353956.wav,0.5590625518077129,148
FSD50K/353977.wav,0.6310975035565012,149
FSD50K/353978.wav,0.6641625733826104,127
FSD50K/353979.wav,0.5539832153176302,149
FSD50K/353980.wav,0.6055090916018153,86
FSD50K/354061.wav,0.5351731680009676,92
FSD50K/35433.wav,0.34366144049887687,149
FSD50K/35436.wav,0.6972305472795065,77
FSD50K/35437.wav,0.5803413901153027,149
FSD50K/35439.wav,0.6236384170395988,77
FSD50K/35498.wav,0.6405042405896539,149
FSD50K/355057.wav,0.6060377423395247,149
FSD50K/355063.wav,0.4925355733215035,77
FSD50K/35534.wav,0.41911139859948104,93
FSD50K/355340.wav,0.4544417026970122,45
FSD50K/356312.wav,0.5126390938575451,26
FSD50K/359126.wav,0.4054028154947819,39
FSD50K/360410.wav,0.4765105208624964,46
FSD50K/360465.wav,0.5069879442453384,8
FSD50K/360481.wav,0.3243711969897717,79
FSD50K/36052.wav,0.485078610231479,120
FSD50K/360692.wav,0.26321931396211895,7
FSD50K/360727.wav,0.372274120437338,141
FSD50K/360728.wav,0.4543935680549417,149
FSD50K/360842.wav,0.23179631754755975,100
FSD50K/361116.wav,0.41613482345234265,11
FSD50K/361136.wav,0.6292575744048852,82
FSD50K/361172.wav,0.48985481375739687,105
FSD50K/361341.wav,0.5081277616322041,40
FSD50K/361400.wav,0.48262583116690316,90
FSD50K/361403.wav,0.4160757160758319,146
FSD50K/361404.wav,0.47367455198512814,123
FSD50K/361406.wav,0.49654585852039806,139
FSD50K/361498.wav,0.6453903679535767,107
FSD50K/361537.wav,0.6624730370812497,59
FSD50K/361564.wav,0.3883249986430873,23
FSD50K/361856.wav,0.48021300947106127,149
FSD50K/362234.wav,0.6779006831347942,32
FSD50K/362235.wav,0.6643654306729635,39
FSD50K/362238.wav,0.5866377280682934,49
FSD50K/362249.wav,0.3831664976619539,84
FSD50K/362310.wav,0.5437311742986951,28
FSD50K/362357.wav,0.5385681341091791,138
FSD50K/362471.wav,0.6560586169362068,8
FSD50K/362486.wav,0.5086090415716171,6
FSD50K/362487.wav,0.5797491148114204,8
FSD50K/362633.wav,0.48684520125389097,25
FSD50K/362665.wav,0.44673683938353953,99
FSD50K/362666.wav,0.5079135433667236,90
FSD50K/362799.wav,0.5692477989941835,80
FSD50K/362918.wav,0.6146242036515435,149
FSD50K/36362.wav,0.45088479704544193,122
FSD50K/363874.wav,0.3808029757605659,9
FSD50K/364235.wav,0.28090543746948243,5
FSD50K/364244.wav,0.30875642145318644,28
FSD50K/364270.wav,0.3730927288532257,40
FSD50K/364271.wav,0.5664807519032842,84
FSD50K/364443.wav,0.3387084687533586,46
FSD50K/364458.wav,0.30503018617630007,25
FSD50K/364678.wav,0.5343556539578871,11
FSD50K/364680.wav,0.6164991819858551,25
FSD50K/364702.wav,0.531736940583762,68
FSD50K/364806.wav,0.45287203030152756,110
FSD50K/364835.wav,0.5250444497380938,7
FSD50K/364839.wav,0.3655588775873184,2
FSD50K/364863.wav,0.5863642208528199,149
FSD50K/364876.wav,0.5257004946470261,48
FSD50K/364897.wav,0.6092026493693358,149
FSD50K/364911.wav,0.3120351113000159,59
FSD50K/364976.wav,0.6629152380757861,18
FSD50K/365011.wav,0.28958291620016097,50
FSD50K/365220.wav,0.3914939278493757,92
FSD50K/365509.wav,0.5428726205299067,86
FSD50K/365544.wav,0.556534083796219,71
FSD50K/365575.wav,0.1728228577412665,32
FSD50K/365620.wav,0.5275817788266516,77
FSD50K/365666.wav,0.3135741698741913,25
FSD50K/365667.wav,0.4892660065189652,92
FSD50K/365902.wav,0.48693976551294327,12
FSD50K/365903.wav,0.44854256629943845,25
FSD50K/365905.wav,0.570178103797576,17
FSD50K/365907.wav,0.4434568721150595,126
FSD50K/365908.wav,0.5714620224067143,14
FSD50K/365916.wav,0.5830533542489046,149
FSD50K/365917.wav,0.5997222745978592,149
FSD50K/366111.wav,0.31542451977729796,20
FSD50K/366179.wav,0.36806095639864606,12
FSD50K/366236.wav,0.4452858741084735,36
FSD50K/366329.wav,0.35744669005788604,58
FSD50K/366346.wav,0.4496014104333035,86
FSD50K/366440.wav,0.6303805653695707,54
FSD50K/366595.wav,0.4324131491391555,23
FSD50K/366706.wav,0.5229134667639764,149
FSD50K/366738.wav,0.23463539896826996,38
FSD50K/366766.wav,0.468481633021976,132
FSD50K/366878.wav,0.37771861255168915,2
FSD50K/367129.wav,0.45229776466594024,85
FSD50K/367178.wav,0.5140590287891089,51
FSD50K/367307.wav,0.5106337040662765,10
FSD50K/367437.wav,0.4910878368786403,14
FSD50K/367438.wav,0.6577619829525551,48
FSD50K/367441.wav,0.5536481150265398,145
FSD50K/367448.wav,0.5583442082238752,43
FSD50K/367624.wav,0.7142885544083335,11
FSD50K/367744.wav,0.31764006813367207,75
FSD50K/367770.wav,0.6437877912649372,149
FSD50K/367811.wav,0.5724047765739866,148
FSD50K/367839.wav,0.6757379247818465,81
FSD50K/36815.wav,0.49946227279447375,84
FSD50K/368206.wav,0.5691586998177738,82
FSD50K/368207.wav,0.6283747642128555,81
FSD50K/368208.wav,0.574774902779609,128
FSD50K/368209.wav,0.6345615095148484,96
FSD50K/368210.wav,0.5844920152112058,19
FSD50K/368211.wav,0.5487060504871727,149
FSD50K/368212.wav,0.6558289657468381,69
FSD50K/368213.wav,0.6363412487334099,69
FSD50K/368214.wav,0.595535334199667,96
FSD50K/368215.wav,0.5890679067962772,91
FSD50K/368269.wav,0.45763004819552106,9
FSD50K/368270.wav,0.4012453729907672,24
FSD50K/368276.wav,0.5882191359996796,12
FSD50K/368283.wav,0.3924512761560353,22
FSD50K/368324.wav,0.5861203074455261,4
FSD50K/368331.wav,0.5122812315821648,4
FSD50K/368334.wav,0.49171282351017,6
FSD50K/368335.wav,0.5519211739301682,4
FSD50K/368338.wav,0.5111215636134148,4
FSD50K/368341.wav,0.4999121477206548,6
FSD50K/368342.wav,0.4165247806480953,7
FSD50K/368343.wav,0.5599958035680983,9
FSD50K/368352.wav,0.4596949964761734,4
FSD50K/368456.wav,0.4314702869261671,149
FSD50K/368471.wav,0.4690701208616558,38
FSD50K/368525.wav,0.5368526508546856,73
FSD50K/368563.wav,0.3907944649700227,123
FSD50K/368736.wav,0.6069385459025701,6
FSD50K/368805.wav,0.5270420187903989,31
FSD50K/368824.wav,0.5839925408363342,7
FSD50K/368841.wav,0.5226572516063849,84
FSD50K/368905.wav,0.43176843979201474,91
FSD50K/368944.wav,0.45778541419750607,78
FSD50K/36898.wav,0.5792327523231506,113
FSD50K/36899.wav,0.5986553110903309,124
FSD50K/36900.wav,0.5661968192854128,143
FSD50K/369070.wav,0.6255200599369249,19
FSD50K/369124.wav,0.5369795113801956,6
FSD50K/369126.wav,0.563181608915329,5
FSD50K/369202.wav,0.4788632408568734,38
FSD50K/369395.wav,0.4451888545944884,37
FSD50K/369482.wav,0.5818033302390335,149
FSD50K/369530.wav,0.5606673788279295,16
FSD50K/369710.wav,0.33134543895721436,4
FSD50K/369781.wav,0.5813629329204559,5
FSD50K/369782.wav,0.5735993876176722,17
FSD50K/369818.wav,0.6244320174058279,6
FSD50K/369879.wav,0.3742007181669275,96
FSD50K/370219.wav,0.5538440828139966,26
FSD50K/370220.wav,0.5800586044788361,12
FSD50K/370304.wav,0.5487214758992195,20
FSD50K/370340.wav,0.5905428938567638,64
FSD50K/370899.wav,0.4309077858924866,14
FSD50K/370913.wav,0.5176476165652275,8
FSD50K/370916.wav,0.488144946595033,12
FSD50K/370919.wav,0.3268889605998993,10
FSD50K/370920.wav,0.4095127731561661,6
FSD50K/370931.wav,0.4321431587139765,30
FSD50K/370998.wav,0.7266255021095276,4
FSD50K/371001.wav,0.6797023680475023,9
FSD50K/371002.wav,0.679105567932129,5
FSD50K/371004.wav,0.6669745530400958,7
FSD50K/371015.wav,0.2870504990929649,21
FSD50K/371017.wav,0.290448254772595,42
FSD50K/371041.wav,0.5647863373160362,8
FSD50K/371091.wav,0.5326029151678086,10
FSD50K/371092.wav,0.5732082389295101,8
FSD50K/371093.wav,0.556635981798172,10
FSD50K/371158.wav,0.557883416612943,12
FSD50K/371177.wav,0.7015902068879869,9
FSD50K/371440.wav,0.5949065131800515,7
FSD50K/371450.wav,0.6075181545567339,137
FSD50K/371548.wav,0.6639276047547659,6
FSD50K/371575.wav,0.6424882156508309,7
FSD50K/371602.wav,0.6308430442304322,66
FSD50K/371661.wav,0.3640329897403717,20
FSD50K/371782.wav,0.41012305872780935,21
FSD50K/371786.wav,0.54476775765419,25
FSD50K/371833.wav,0.4848140042561751,13
FSD50K/371836.wav,0.6518114020949916,76
FSD50K/371853.wav,0.546778863873975,29
FSD50K/372002.wav,0.4176366713914004,110
FSD50K/372087.wav,0.17397529549068874,18
FSD50K/372230.wav,0.5043608986196064,21
FSD50K/372231.wav,0.5020870119333267,16
FSD50K/372232.wav,0.49763418634732565,15
FSD50K/372251.wav,0.6481095627893375,79
FSD50K/37237.wav,0.5346833837754799,33
FSD50K/372573.wav,0.34270456060767174,16
FSD50K/372871.wav,0.5985462185520454,149
FSD50K/372917.wav,0.3442718046052115,70
FSD50K/372919.wav,0.42542768783972296,71
FSD50K/376197.wav,0.5176776705624221,77
FSD50K/376374.wav,0.6792700650668381,101
FSD50K/376462.wav,0.3758063774842482,13
FSD50K/376638.wav,0.5884202487640462,59
FSD50K/376697.wav,0.6044199056673369,149
FSD50K/376698.wav,0.6048679451814434,149
FSD50K/376699.wav,0.6004583087182582,133
FSD50K/377125.wav,0.6314583032723241,149
FSD50K/377239.wav,0.6050536170501837,149
FSD50K/377245.wav,0.6674548888206482,25
FSD50K/377300.wav,0.5373539378245672,12
FSD50K/377302.wav,0.5386764786460183,11
FSD50K/377491.wav,0.43380061388015745,85
FSD50K/377496.wav,0.495414283637907,51
FSD50K/377500.wav,0.360753533244133,10
FSD50K/377547.wav,0.4919351121457685,119
FSD50K/377590.wav,0.4194628939484105,33
FSD50K/37789.wav,0.6354522786888421,51
FSD50K/378204.wav,0.5488372445106506,12
FSD50K/378252.wav,0.47031914281845094,125
FSD50K/378257.wav,0.5333207421474628,111
FSD50K/378285.wav,0.4632301777601242,14
FSD50K/378289.wav,0.42428823312123615,9
FSD50K/378321.wav,0.4312183765264658,52
FSD50K/378335.wav,0.5072386098788089,149
FSD50K/378338.wav,0.5687744241494399,65
FSD50K/378339.wav,0.4851880234640998,74
FSD50K/378340.wav,0.5660683246666953,149
FSD50K/378341.wav,0.5132348016897837,75
FSD50K/378347.wav,0.5529309764821478,94
FSD50K/378398.wav,0.38118739380286293,65
FSD50K/378563.wav,0.5770337991416454,8
FSD50K/378568.wav,0.3861456513404846,16
FSD50K/378584.wav,0.6396156559910691,57
FSD50K/378586.wav,0.6118260358655175,43
FSD50K/378740.wav,0.3468065248595344,90
FSD50K/378742.wav,0.3633502210086247,106
FSD50K/378908.wav,0.5140164286541424,139
FSD50K/378911.wav,0.3018123087210533,39
FSD50K/378912.wav,0.34401284254366354,62
FSD50K/379015.wav,0.42506002203414317,57
FSD50K/379019.wav,0.48567936456564703,33
FSD50K/379034.wav,0.3159313127398491,30
FSD50K/37908.wav,0.6035098253294479,129
FSD50K/379093.wav,0.5916733445737186,149
FSD50K/379121.wav,0.6363834789339101,106
FSD50K/37915.wav,0.6195687768252,46
FSD50K/379175.wav,0.5413890809155582,89
FSD50K/379207.wav,0.45779143596432875,97
FSD50K/379212.wav,0.5085005783845508,63
FSD50K/37928.wav,0.6028768820250594,149
FSD50K/379288.wav,0.6291481632935373,76
FSD50K/379297.wav,0.5642182959006137,149
FSD50K/379360.wav,0.5178661214750867,43
FSD50K/379375.wav,0.5482173893186781,9
FSD50K/379387.wav,0.27409707416187634,33
FSD50K/379388.wav,0.2530239701271057,30
FSD50K/379754.wav,0.4480990906701471,137
FSD50K/379756.wav,0.3939426143297413,149
FSD50K/379915.wav,0.6358155372158792,149
FSD50K/379916.wav,0.45538528116194754,91
FSD50K/379969.wav,0.5266993102189657,74
FSD50K/379994.wav,0.6208079049251224,149
FSD50K/380349.wav,0.654733052819359,98
FSD50K/380398.wav,0.5938288252632897,111
FSD50K/380400.wav,0.5977784301105299,95
FSD50K/380667.wav,0.6374771237373352,85
FSD50K/380670.wav,0.43385933410553706,105
FSD50K/380676.wav,0.46930642902851105,100
FSD50K/380679.wav,0.47788688998955947,143
FSD50K/380680.wav,0.4563191842149805,135
FSD50K/380681.wav,0.49063879327248716,118
FSD50K/380682.wav,0.45475909533324066,135
FSD50K/380685.wav,0.5030445843680292,117
FSD50K/380686.wav,0.5035567217859729,145
FSD50K/380772.wav,0.5575994345165739,149
FSD50K/380811.wav,0.5430276791254679,33
FSD50K/380812.wav,0.46933305034270656,65
FSD50K/380840.wav,0.39730358291208073,89
FSD50K/380886.wav,0.6905305564403534,10
FSD50K/381194.wav,0.5420205853879452,104
FSD50K/381382.wav,0.6301229317982991,15
FSD50K/381397.wav,0.429305852913275,82
FSD50K/381526.wav,0.6287660151720047,8
FSD50K/381535.wav,0.5569564871490001,40
FSD50K/381569.wav,0.46241074800491333,3
FSD50K/381702.wav,0.4873505639798433,103
FSD50K/381712.wav,0.41637092448720997,149
FSD50K/381774.wav,0.5827380674225944,7
FSD50K/381775.wav,0.4589385353028774,16
FSD50K/381801.wav,0.6543496449788412,6
FSD50K/381802.wav,0.6374653875827789,4
FSD50K/381894.wav,0.5608108883554285,22
FSD50K/381895.wav,0.585044435092381,49
FSD50K/381943.wav,0.6545791551470757,8
FSD50K/381951.wav,0.41587571246283395,35
FSD50K/381957.wav,0.5721158807671914,127
FSD50K/382016.wav,0.40364512565888855,38
FSD50K/382236.wav,0.4578309997216167,149
FSD50K/382275.wav,0.44008071685121175,84
FSD50K/382302.wav,0.3782036590576172,125
FSD50K/382572.wav,0.6076223290206602,149
FSD50K/382579.wav,0.6704045474129235,149
FSD50K/382586.wav,0.6245795047446473,73
FSD50K/382589.wav,0.5590591881956373,105
FSD50K/382614.wav,0.6202837405156116,98
FSD50K/382620.wav,0.6653874933719635,30
FSD50K/382732.wav,0.5503083411604166,16
FSD50K/382735.wav,0.5886143114831712,9
FSD50K/382989.wav,0.5178606428883292,11
FSD50K/382991.wav,0.5453705925207871,13
FSD50K/383021.wav,0.5050879313757545,95
FSD50K/383594.wav,0.2621358800679445,16
FSD50K/383595.wav,0.26699122693389654,16
FSD50K/383596.wav,0.2772183455526829,16
FSD50K/383597.wav,0.3182726452747981,18
FSD50K/383598.wav,0.3125124065713449,22
FSD50K/383599.wav,0.299137802918752,15
FSD50K/383624.wav,0.2976870582653926,13
FSD50K/383626.wav,0.3073685275656836,14
FSD50K/383627.wav,0.26988598828514415,12
FSD50K/383628.wav,0.29145733614762626,15
FSD50K/383630.wav,0.2878630831837654,12
FSD50K/383761.wav,0.37087446696137727,73
FSD50K/383796.wav,0.6740087966124216,66
FSD50K/383976.wav,0.46695108099501265,129
FSD50K/383978.wav,0.5144959539175034,6
FSD50K/384100.wav,0.4546552174366437,52
FSD50K/384213.wav,0.5026095739499791,127
FSD50K/385821.wav,0.6119245082613022,63
FSD50K/385946.wav,0.5850693054466707,122
FSD50K/386006.wav,0.6660877572277845,118
FSD50K/386055.wav,0.5371047329334986,21
FSD50K/386140.wav,0.54724330737673,29
FSD50K/386553.wav,0.3616110024892766,92
FSD50K/386695.wav,0.28165820240974426,8
FSD50K/386733.wav,0.3284589929971844,64
FSD50K/386734.wav,0.4110649824142456,31
FSD50K/386780.wav,0.4869839172614248,19
FSD50K/386842.wav,0.5437571434747606,21
FSD50K/386845.wav,0.6305192887783051,5
FSD50K/386879.wav,0.38687124848365784,3
FSD50K/386906.wav,0.5338424682617188,5
FSD50K/387177.wav,0.45841325768109026,29
FSD50K/387336.wav,0.5883625911341773,9
FSD50K/387337.wav,0.6378296443394252,7
FSD50K/387349.wav,0.5360655872260823,17
FSD50K/387477.wav,0.4493140745908022,16
FSD50K/387537.wav,0.5638332813978195,6
FSD50K/387829.wav,0.4511405048163041,23
FSD50K/388054.wav,0.5591618575547871,19
FSD50K/388080.wav,0.6446195160782577,149
FSD50K/388270.wav,0.47470951080322266,7
FSD50K/388273.wav,0.5636484090770993,14
FSD50K/388504.wav,0.2973536304358778,29
FSD50K/388518.wav,0.32866521642125884,29
FSD50K/388526.wav,0.6710354767808127,109
FSD50K/388528.wav,0.5415551472326805,58
FSD50K/388565.wav,0.6209590797838958,46
FSD50K/388568.wav,0.5961959494484795,36
FSD50K/388569.wav,0.5254827689804487,149
FSD50K/388579.wav,0.48623877001363175,86
FSD50K/388615.wav,0.40817443146763077,83
FSD50K/388709.wav,0.42670309103575327,149
FSD50K/388824.wav,0.5010432268719416,74
FSD50K/389295.wav,0.4280065814654032,15
FSD50K/389300.wav,0.37604257521721035,13
FSD50K/389518.wav,0.3233056863149007,57
FSD50K/389775.wav,0.4502543828597194,76
FSD50K/389793.wav,0.4897055484746632,19
FSD50K/389798.wav,0.5267556756734848,6
FSD50K/389804.wav,0.5043262276384566,9
FSD50K/390119.wav,0.4905096804535629,149
FSD50K/390242.wav,0.3922806289689294,58
FSD50K/390278.wav,0.5570676386356354,60
FSD50K/390302.wav,0.628781134246761,117
FSD50K/390583.wav,0.480451799929142,8
FSD50K/39065.wav,0.6104519260235322,39
FSD50K/39066.wav,0.6876216513769967,35
FSD50K/390663.wav,0.5014711618423462,16
FSD50K/39070.wav,0.6489378603605124,13
FSD50K/390700.wav,0.5851926028728485,10
FSD50K/390701.wav,0.5908032564016489,13
FSD50K/390702.wav,0.5922684325621679,13
FSD50K/390703.wav,0.5494610622525216,20
FSD50K/390704.wav,0.5105868748256138,7
FSD50K/390705.wav,0.5459371556838354,6
FSD50K/390706.wav,0.6085215168339866,14
FSD50K/390707.wav,0.5797162801027298,14
FSD50K/390708.wav,0.596088337401549,12
FSD50K/390709.wav,0.6341545258959135,12
FSD50K/39071.wav,0.6195901092141867,8
FSD50K/390714.wav,0.6006926481540387,13
FSD50K/390715.wav,0.6038113286097845,12
FSD50K/390716.wav,0.5947470802527207,13
FSD50K/390718.wav,0.6079859550182636,13
FSD50K/390719.wav,0.5488050196852002,7
FSD50K/390720.wav,0.6341926723718643,10
FSD50K/390721.wav,0.5219588279724121,19
FSD50K/390722.wav,0.5941086610158285,12
FSD50K/390723.wav,0.6216731667518616,9
FSD50K/390725.wav,0.5783918981368725,13
FSD50K/390726.wav,0.5913792827299663,14
FSD50K/390727.wav,0.5899723722384527,13
FSD50K/390728.wav,0.532539765624439,17
FSD50K/390729.wav,0.5261440101791831,17
FSD50K/391180.wav,0.4999420493841171,12
FSD50K/391293.wav,0.3677121911730085,28
FSD50K/391327.wav,0.4724367082118988,10
FSD50K/391328.wav,0.5175363355212741,9
FSD50K/391358.wav,0.4721906539052725,32
FSD50K/391362.wav,0.5146592194214463,32
FSD50K/391436.wav,0.613408580146454,108
FSD50K/391515.wav,0.5950699252570235,149
FSD50K/391516.wav,0.6482100718773451,149
FSD50K/391747.wav,0.5981967000617194,97
FSD50K/391748.wav,0.6752775294913186,36
FSD50K/391893.wav,0.5737748851581496,49
FSD50K/391920.wav,0.3900608341483509,34
FSD50K/392226.wav,0.5791378200054169,15
FSD50K/392229.wav,0.5658997161821886,11
FSD50K/392257.wav,0.608194635078615,147
FSD50K/392303.wav,0.34316868148744106,32
FSD50K/392319.wav,0.5494392116864523,6
FSD50K/392324.wav,0.37146011113174376,126
FSD50K/392721.wav,0.4974625025476728,28
FSD50K/392743.wav,0.44394683341185254,24
FSD50K/392801.wav,0.5720055300904356,92
FSD50K/392839.wav,0.4374082125723362,136
FSD50K/393179.wav,0.5318371793803047,34
FSD50K/393333.wav,0.3878067865663645,49
FSD50K/393651.wav,0.5701624814953122,28
FSD50K/393662.wav,0.5823961800219966,51
FSD50K/393665.wav,0.5595428739618135,149
FSD50K/393667.wav,0.5496467779946808,149
FSD50K/393671.wav,0.6124614687526927,17
FSD50K/393780.wav,0.6619845254421234,125
FSD50K/393918.wav,0.5789361016930274,53
FSD50K/39413.wav,0.675736500016341,141
FSD50K/394162.wav,0.3668762799622356,69
FSD50K/394221.wav,0.5515884819530672,62
FSD50K/394282.wav,0.579171064598807,29
FSD50K/394608.wav,0.44684676217789554,98
FSD50K/394655.wav,0.5794233552047184,7
FSD50K/395095.wav,0.3210001179465541,108
FSD50K/395124.wav,0.6955477804751009,148
FSD50K/39514.wav,0.615539782104038,42
FSD50K/39518.wav,0.47666964928309125,45
FSD50K/39520.wav,0.4983524539560642,53
FSD50K/395213.wav,0.11994086652994156,5
FSD50K/395282.wav,0.45288924331014807,22
FSD50K/395626.wav,0.5884209303247848,149
FSD50K/395736.wav,0.5640314027019169,23
FSD50K/395789.wav,0.5338488556444645,16
FSD50K/395810.wav,0.5411743017343374,26
FSD50K/395828.wav,0.5513734817504883,7
FSD50K/396137.wav,0.34049388269583386,6
FSD50K/396270.wav,0.5832567518217522,57
FSD50K/396271.wav,0.5382236449085936,49
FSD50K/396274.wav,0.42555421888828276,20
FSD50K/396276.wav,0.5899623897340562,9
FSD50K/396280.wav,0.542865256468455,9
FSD50K/396316.wav,0.50566708615848,7
FSD50K/396982.wav,0.6818098835198276,83
FSD50K/396983.wav,0.6808221708325779,102
FSD50K/396984.wav,0.5396697673221562,149
FSD50K/396985.wav,0.6128625273704529,134
FSD50K/396992.wav,0.5679316902771975,78
FSD50K/397010.wav,0.6415423193535248,77
FSD50K/397164.wav,0.6514106352857295,149
FSD50K/397165.wav,0.5366748277372961,149
FSD50K/397299.wav,0.5432785451412201,24
FSD50K/397313.wav,0.6078619435429573,20
FSD50K/397317.wav,0.5134479250663366,39
FSD50K/397368.wav,0.5123502555527265,79
FSD50K/397409.wav,0.561514118150489,146
FSD50K/397621.wav,0.34491124573875875,34
FSD50K/397657.wav,0.5859165873378516,80
FSD50K/397919.wav,0.4015209150314331,25
FSD50K/397986.wav,0.3952714850505193,6
FSD50K/398004.wav,0.5098848527845214,85
FSD50K/398121.wav,0.47654993322071615,149
FSD50K/398123.wav,0.5973593211836286,36
FSD50K/398415.wav,0.5117335307598114,50
FSD50K/398461.wav,0.6130013016554026,65
FSD50K/398485.wav,0.6111423147204739,149
FSD50K/39855.wav,0.7632766161989045,149
FSD50K/398597.wav,0.49215167760849,10
FSD50K/39865.wav,0.6591815118278775,28
FSD50K/398683.wav,0.5462340276513323,149
FSD50K/398778.wav,0.47070780396461487,85
FSD50K/398873.wav,0.5763720397981221,149
FSD50K/399065.wav,0.4996471063392918,41
FSD50K/399092.wav,0.5073157609143155,47
FSD50K/399205.wav,0.4697630816492541,29
FSD50K/399254.wav,0.4275723497072856,9
FSD50K/399266.wav,0.5253824055194855,5
FSD50K/399536.wav,0.6501847897600007,149
FSD50K/399663.wav,0.45111547681418335,22
FSD50K/399664.wav,0.4627166454281126,28
FSD50K/399665.wav,0.46029784327203577,22
FSD50K/399675.wav,0.4975951605222442,22
FSD50K/399811.wav,0.5702980367910294,105
FSD50K/399825.wav,0.5320555385859573,51
FSD50K/399826.wav,0.5463701110996612,73
FSD50K/399828.wav,0.5332378516946219,113
FSD50K/39983.wav,0.6213422013609201,149
FSD50K/39984.wav,0.49089413703377566,134
FSD50K/39985.wav,0.5319033509132846,149
FSD50K/400075.wav,0.5800775147524456,149
FSD50K/400093.wav,0.7491817398359312,149
FSD50K/400182.wav,0.5469795495271683,20
FSD50K/400356.wav,0.6407515840096907,11
FSD50K/400586.wav,0.5969732424167737,73
FSD50K/400587.wav,0.5819574072957039,56
FSD50K/400590.wav,0.5383984153920954,55
FSD50K/400695.wav,0.27410620674490926,20
FSD50K/400894.wav,0.6408045931408802,96
FSD50K/401255.wav,0.47983946664291516,57
FSD50K/401619.wav,0.3062989609806161,19
FSD50K/402010.wav,0.5161077156662941,4
FSD50K/402074.wav,0.6739281256284032,56
FSD50K/402443.wav,0.39143207017332315,32
FSD50K/402452.wav,0.4474870637059212,88
FSD50K/402612.wav,0.551470187664032,125
FSD50K/402614.wav,0.5918650189077997,83
FSD50K/402642.wav,0.5474243674959455,21
FSD50K/402643.wav,0.5340179863075415,12
FSD50K/402861.wav,0.5583592440400805,14
FSD50K/402958.wav,0.5393750705574983,149
FSD50K/403057.wav,0.6205733507871628,40
FSD50K/403164.wav,0.3847633245731554,62
FSD50K/403167.wav,0.28840228960369574,66
FSD50K/403213.wav,0.4808312187669799,128
FSD50K/403316.wav,0.5192766251580027,149
FSD50K/403430.wav,0.5459711747925456,41
FSD50K/403439.wav,0.5508125603199006,10
FSD50K/403449.wav,0.40296074996391934,48
FSD50K/403455.wav,0.5274322405457497,4
FSD50K/403457.wav,0.5160587387425559,7
FSD50K/403471.wav,0.7148392661051317,22
FSD50K/403474.wav,0.6608842473763686,13
FSD50K/403575.wav,0.3983290191464776,149
FSD50K/403600.wav,0.4079200691920667,121
FSD50K/403691.wav,0.40937926939555574,28
FSD50K/403889.wav,0.46730773360937233,149
FSD50K/403890.wav,0.4701897519946898,149
FSD50K/403931.wav,0.4274083993783811,82
FSD50K/403980.wav,0.5759486074631031,13
FSD50K/403981.wav,0.6536759970516994,29
FSD50K/404098.wav,0.4451285455423065,79
FSD50K/404099.wav,0.3695692718029022,25
FSD50K/404159.wav,0.43482497905163053,94
FSD50K/404163.wav,0.48309364133193844,122
FSD50K/404334.wav,0.6102223508309998,149
FSD50K/404456.wav,0.5579782879449487,123
FSD50K/404472.wav,0.5807829907962254,70
FSD50K/404561.wav,0.5020102377121265,13
FSD50K/404562.wav,0.49580348225740284,13
FSD50K/404816.wav,0.45400914880964494,27
FSD50K/404923.wav,0.4911423379724676,22
FSD50K/404993.wav,0.5995990057919649,149
FSD50K/404994.wav,0.5748500867978038,149
FSD50K/405019.wav,0.44446094837977734,139
FSD50K/405020.wav,0.5373436010652973,124
FSD50K/405112.wav,0.31949254780493935,29
FSD50K/405114.wav,0.29424428610752024,15
FSD50K/405343.wav,0.497232586145401,149
FSD50K/405358.wav,0.4488219461942974,19
FSD50K/405504.wav,0.5214964104326147,19
FSD50K/405572.wav,0.28674545583705746,124
FSD50K/405573.wav,0.52486823286329,56
FSD50K/405590.wav,0.462675402072114,142
FSD50K/405592.wav,0.4357550225686282,128
FSD50K/405627.wav,0.2902022122095029,48
FSD50K/405632.wav,0.4915589458412594,18
FSD50K/405633.wav,0.5167633912393025,14
FSD50K/405634.wav,0.4739220092693965,6
FSD50K/406112.wav,0.49080150173260617,26
FSD50K/406256.wav,0.5269743899504343,9
FSD50K/406257.wav,0.5274671514829,9
FSD50K/406386.wav,0.6139597703770894,123
FSD50K/406387.wav,0.5816081480462422,129
FSD50K/406504.wav,0.708011069007822,74
FSD50K/406674.wav,0.41005805507302284,56
FSD50K/406678.wav,0.37970610401209665,17
FSD50K/407191.wav,0.3366805911064148,36
FSD50K/407349.wav,0.4954963157761772,53
FSD50K/407363.wav,0.3389167928695679,25
FSD50K/407394.wav,0.5128361683142812,95
FSD50K/407431.wav,0.6535780280828476,4
FSD50K/407450.wav,0.4162287984118366,149
FSD50K/40751.wav,0.3994333269921216,11
FSD50K/407589.wav,0.45470888415972394,12
FSD50K/407604.wav,0.32516147531904616,111
FSD50K/407637.wav,0.5275250005145227,62
FSD50K/407655.wav,0.4250063572153949,149
FSD50K/408099.wav,0.5054883348941803,25
FSD50K/408218.wav,0.354033999145031,4
FSD50K/408417.wav,0.4239761339338034,149
FSD50K/408590.wav,0.29494267143309116,8
FSD50K/408623.wav,0.6569852029022417,38
FSD50K/408624.wav,0.7162179654294795,55
FSD50K/408709.wav,0.4329763264098066,141
FSD50K/408788.wav,0.4839833229780197,44
FSD50K/408863.wav,0.4722758722439241,89
FSD50K/408967.wav,0.4783195708042536,39
FSD50K/409297.wav,0.3995985786120097,6
FSD50K/40966.wav,0.4983583355420514,76
FSD50K/40971.wav,0.5396559422064309,99
FSD50K/409802.wav,0.2830978681643804,24
FSD50K/41004.wav,0.6048425801661836,119
FSD50K/410241.wav,0.3473881274074703,77
FSD50K/410260.wav,0.47276991470293567,22
FSD50K/410261.wav,0.44235661268234255,25
FSD50K/410262.wav,0.47418056622795435,23
FSD50K/410294.wav,0.48265429191729603,68
FSD50K/410384.wav,0.5129315541549162,22
FSD50K/410464.wav,0.47115429092285244,86
FSD50K/410483.wav,0.5018494993248241,149
FSD50K/410738.wav,0.6012636543120313,149
FSD50K/410763.wav,0.47330156282374736,57
FSD50K/410814.wav,0.3019367713067267,9
FSD50K/410827.wav,0.45948840053672463,117
FSD50K/410851.wav,0.36371240738247124,14
FSD50K/410868.wav,0.6248843336806578,34
FSD50K/411014.wav,0.5180263076509748,35
FSD50K/411030.wav,0.5132975305541086,59
FSD50K/411070.wav,0.6321939920506826,82
FSD50K/411451.wav,0.5953779804626568,149
FSD50K/411515.wav,0.49718577621711624,72
FSD50K/411517.wav,0.48124374793126035,39
FSD50K/411519.wav,0.5208260412327945,64
FSD50K/411521.wav,0.5362780489351439,46
FSD50K/411540.wav,0.5867388304713723,143
FSD50K/412054.wav,0.714002908476247,149
FSD50K/412375.wav,0.4285162538290024,12
FSD50K/412376.wav,0.4387296557426453,5
FSD50K/412381.wav,0.3898788636380976,11
FSD50K/412431.wav,0.5015118645945775,97
FSD50K/412432.wav,0.5509335964718121,149
FSD50K/412433.wav,0.5616038105375057,148
FSD50K/412434.wav,0.5166061684690617,148
FSD50K/412435.wav,0.5299219534448956,92
FSD50K/412436.wav,0.5291423620404424,148
FSD50K/412437.wav,0.48471810823088296,111
FSD50K/412785.wav,0.3670513812038634,27
FSD50K/412855.wav,0.4594037127163675,36
FSD50K/412856.wav,0.45787166788222944,47
FSD50K/412857.wav,0.5114972060141356,46
FSD50K/412858.wav,0.45153459906578064,34
FSD50K/413036.wav,0.37314458853668636,27
FSD50K/413105.wav,0.6393378227949142,4
FSD50K/413106.wav,0.6097995042800903,4
FSD50K/413117.wav,0.636972576379776,4
FSD50K/413120.wav,0.5888404250144958,4
FSD50K/413122.wav,0.5695550262928009,5
FSD50K/413270.wav,0.35301642758505686,14
FSD50K/413271.wav,0.37942344812970413,19
FSD50K/41328.wav,0.5535328564899308,140
FSD50K/413391.wav,0.4842848453745746,149
FSD50K/41348.wav,0.5074495938089159,9
FSD50K/413657.wav,0.6517407723835537,42
FSD50K/413742.wav,0.39033836498856544,8
FSD50K/414023.wav,0.5142696008488938,37
FSD50K/414047.wav,0.5984180727425743,17
FSD50K/414263.wav,0.6543637294097234,149
FSD50K/414292.wav,0.575893486906218,149
FSD50K/414366.wav,0.4455752584758221,149
FSD50K/414494.wav,0.6748726175677392,31
FSD50K/414827.wav,0.5009934346784245,22
FSD50K/414942.wav,0.5073359255727968,38
FSD50K/414976.wav,0.519084858814342,149
FSD50K/414985.wav,0.6208670109998985,122
FSD50K/415026.wav,0.5016760510086213,149
FSD50K/415160.wav,0.652553884261245,109
FSD50K/415164.wav,0.5320593814055125,33
FSD50K/415298.wav,0.48647223015626273,30
FSD50K/415352.wav,0.4937844450803513,47
FSD50K/415353.wav,0.5654074668884277,15
FSD50K/415508.wav,0.5685135844426278,117
FSD50K/416117.wav,0.40607573304857525,14
FSD50K/41629.wav,0.44166192237068624,34
FSD50K/416418.wav,0.644310185095159,123
FSD50K/416507.wav,0.5216019228100777,12
FSD50K/416537.wav,0.5456089049577713,10
FSD50K/416538.wav,0.5232309937477112,5
FSD50K/416545.wav,0.5616307490401797,9
FSD50K/416840.wav,0.6555342541800605,9
FSD50K/417608.wav,0.44452684257654534,149
FSD50K/417657.wav,0.5961181389405423,149
FSD50K/417658.wav,0.6217775114830708,149
FSD50K/417660.wav,0.6135265696467015,114
FSD50K/417686.wav,0.5694175654131434,46
FSD50K/417688.wav,0.5508478916272884,82
FSD50K/417689.wav,0.5377599661323157,22
FSD50K/417768.wav,0.6572933541048294,149
FSD50K/417858.wav,0.4954117188851039,96
FSD50K/418074.wav,0.4838216323552169,127
FSD50K/418199.wav,0.6126305820806971,106
FSD50K/418200.wav,0.6156034417012158,102
FSD50K/418239.wav,0.4754774658118977,68
FSD50K/418296.wav,0.6113046301672092,104
FSD50K/418385.wav,0.5515418680722282,149
FSD50K/41862.wav,0.4067765942641667,14
FSD50K/418705.wav,0.5720614203148418,36
FSD50K/418706.wav,0.62181156873703,23
FSD50K/418786.wav,0.42744488601047215,101
FSD50K/418867.wav,0.4957701849440734,48
FSD50K/418898.wav,0.420166230221328,38
FSD50K/419086.wav,0.6917825744998071,31
FSD50K/419089.wav,0.3626408747264317,7
FSD50K/419091.wav,0.617874600533126,69
FSD50K/419447.wav,0.43174506425857545,5
FSD50K/419695.wav,0.6625948150952657,6
FSD50K/419698.wav,0.5507549593846003,6
FSD50K/419931.wav,0.5119740241207182,64
FSD50K/419932.wav,0.5241133674679187,149
FSD50K/420015.wav,0.4125932258994956,19
FSD50K/420018.wav,0.48009531278359263,19
FSD50K/420356.wav,0.55091050692967,21
FSD50K/420442.wav,0.5978388605695782,66
FSD50K/420464.wav,0.498849407338456,149
FSD50K/420552.wav,0.4063930470082495,36
FSD50K/420560.wav,0.6226216506637983,149
FSD50K/420655.wav,0.5159639130238773,147
FSD50K/420661.wav,0.5450175797238069,85
FSD50K/420735.wav,0.5392118409276009,20
FSD50K/420763.wav,0.6000564634399926,149
FSD50K/420830.wav,0.5867566235106567,116
FSD50K/420931.wav,0.2175896322975556,24
FSD50K/420937.wav,0.28913345490838144,91
FSD50K/421017.wav,0.5793610352034472,147
FSD50K/421141.wav,0.4846792072057724,12
FSD50K/421791.wav,0.4732218690608677,76
FSD50K/421872.wav,0.5437137186527252,13
FSD50K/421873.wav,0.5218067999397006,14
FSD50K/421874.wav,0.5363729561076445,17
FSD50K/422144.wav,0.4392260623098624,99
FSD50K/422145.wav,0.4484144182967358,122
FSD50K/422158.wav,0.5628730808154191,101
FSD50K/422161.wav,0.5334023019211405,149
FSD50K/422240.wav,0.47536822104895554,54
FSD50K/422630.wav,0.4931698640187581,75
FSD50K/422633.wav,0.48987271956035067,7
FSD50K/422639.wav,0.4941393456288746,14
FSD50K/422640.wav,0.42085860297083855,8
FSD50K/422668.wav,0.5313862886117853,23
FSD50K/422687.wav,0.4759666701157888,15
FSD50K/422724.wav,0.49903835852940875,6
FSD50K/422739.wav,0.4427185853322347,12
FSD50K/422743.wav,0.4455658793449402,7
FSD50K/422745.wav,0.43096625142627293,9
FSD50K/422747.wav,0.4226667620241642,8
FSD50K/422751.wav,0.5387781485915184,4
FSD50K/422756.wav,0.39178164800008136,3
FSD50K/422758.wav,0.4565296206209395,9
FSD50K/422854.wav,0.3273449327264513,7
FSD50K/422856.wav,0.31589576850334805,6
FSD50K/423108.wav,0.5882759737341028,19
FSD50K/423109.wav,0.5731202526526018,11
FSD50K/423114.wav,0.6009467627320971,7
FSD50K/423115.wav,0.6667701204617819,9
FSD50K/423141.wav,0.5610202567444907,18
FSD50K/423217.wav,0.6362060308456421,8
FSD50K/423355.wav,0.5445994828876696,19
FSD50K/423356.wav,0.5728193694039395,19
FSD50K/423357.wav,0.4485770683539541,19
FSD50K/423358.wav,0.46076154395153646,19
FSD50K/423710.wav,0.4475585122903188,48
FSD50K/423906.wav,0.6366583960396903,98
FSD50K/423929.wav,0.619661721918318,54
FSD50K/423990.wav,0.5086249510447184,6
FSD50K/424295.wav,0.696965173586903,149
FSD50K/424592.wav,0.619686192714128,149
FSD50K/424600.wav,0.4154158395528793,50
FSD50K/424601.wav,0.5113509269861075,130
FSD50K/424603.wav,0.5335160481929779,75
FSD50K/424604.wav,0.5207271218299866,75
FSD50K/424616.wav,0.46222377203454906,149
FSD50K/424619.wav,0.4490433236470028,147
FSD50K/424739.wav,0.43158183685720786,146
FSD50K/425076.wav,0.4739876762032509,60
FSD50K/425170.wav,0.6077650681438062,149
FSD50K/425268.wav,0.5803715069609953,83
FSD50K/425496.wav,0.4602268465927669,14
FSD50K/425672.wav,0.48070967453782276,93
FSD50K/425683.wav,0.4638925717686707,53
FSD50K/425848.wav,0.504757925592087,54
FSD50K/426019.wav,0.2846324215332667,75
FSD50K/426195.wav,0.5931314542889595,20
FSD50K/426204.wav,0.5546301657503302,11
FSD50K/426205.wav,0.5327371637026469,15
FSD50K/426372.wav,0.42457519930142623,52
FSD50K/426559.wav,0.4442250470117647,98
FSD50K/426736.wav,0.41469626986619196,33
FSD50K/427111.wav,0.3728560467561086,45
FSD50K/427116.wav,0.30718704279173503,44
FSD50K/427419.wav,0.5647615982314288,59
FSD50K/427592.wav,0.5760200719038645,15
FSD50K/427598.wav,0.5355390161275864,8
FSD50K/427613.wav,0.4201163649559021,4
FSD50K/427619.wav,0.4954952597618103,5
FSD50K/427650.wav,0.4154980310371944,14
FSD50K/427683.wav,0.41417971826516664,78
FSD50K/427684.wav,0.3550191620985667,69
FSD50K/427812.wav,0.44965765856895124,119
FSD50K/428144.wav,0.44833686287771135,149
FSD50K/428164.wav,0.2822216272354126,5
FSD50K/428365.wav,0.35977545223738017,38
FSD50K/428484.wav,0.500736552476883,55
FSD50K/42849.wav,0.5822966369085534,43
FSD50K/428506.wav,0.4044256131899984,19
FSD50K/428513.wav,0.43064663765278266,47
FSD50K/428981.wav,0.42791731849960657,23
FSD50K/42900.wav,0.43151827653249103,6
FSD50K/42901.wav,0.5502270380655925,15
FSD50K/42902.wav,0.5127432346343994,5
FSD50K/42903.wav,0.5848711848258972,10
FSD50K/42904.wav,0.5982114242182838,9
FSD50K/42906.wav,0.5407821025167193,14
FSD50K/42907.wav,0.5513131873948234,14
FSD50K/429149.wav,0.6110638093948364,100
FSD50K/429248.wav,0.3852945069471995,24
FSD50K/429310.wav,0.34177365253369013,60
FSD50K/429312.wav,0.42367279496457844,45
FSD50K/429322.wav,0.3166245750617236,64
FSD50K/429370.wav,0.3221410259113207,91
FSD50K/429371.wav,0.3341368098913784,71
FSD50K/429491.wav,0.4542546261820877,57
FSD50K/429802.wav,0.5244349282234907,80
FSD50K/429964.wav,0.2611903050228169,38
FSD50K/430046.wav,0.5680078484067981,149
FSD50K/430173.wav,0.3837842243473704,41
FSD50K/430212.wav,0.35150064818270793,77
FSD50K/430213.wav,0.29847085346346314,46
FSD50K/430214.wav,0.3898640328219959,28
FSD50K/430221.wav,0.39085989382307407,59
FSD50K/430702.wav,0.46830657720565794,20
FSD50K/430844.wav,0.3615380103699863,20
FSD50K/430993.wav,0.47902679975543705,56
FSD50K/431206.wav,0.569079396314919,148
FSD50K/43122.wav,0.5837883381235519,149
FSD50K/431320.wav,0.10264403861144493,29
FSD50K/431396.wav,0.4564712832753475,26
FSD50K/431473.wav,0.6827054544426929,87
FSD50K/431651.wav,0.5327860653400421,35
FSD50K/431745.wav,0.35476680447657905,30
FSD50K/431822.wav,0.46629595214670355,11
FSD50K/431825.wav,0.517804129557176,11
FSD50K/431827.wav,0.5247905424662999,21
FSD50K/431828.wav,0.49933286383748055,40
FSD50K/431831.wav,0.42850376904010773,50
FSD50K/431837.wav,0.473461389541626,5
FSD50K/431841.wav,0.384841711748214,42
FSD50K/431893.wav,0.4007319690925734,56
FSD50K/431902.wav,0.3396142996274508,13
FSD50K/432063.wav,0.5764870556084426,143
FSD50K/432304.wav,0.4367008183924657,106
FSD50K/432366.wav,0.5984964858401906,11
FSD50K/432372.wav,0.5581031684433261,124
FSD50K/432464.wav,0.5252206939917344,65
FSD50K/432465.wav,0.5312951152974908,66
FSD50K/432467.wav,0.5386077400409814,66
FSD50K/432641.wav,0.5073170810937881,14
FSD50K/432804.wav,0.5803582478076854,47
FSD50K/433537.wav,0.48753782085009983,35
FSD50K/433578.wav,0.5192857765489154,18
FSD50K/43361.wav,0.45978422164916993,5
FSD50K/433725.wav,0.41526985388474175,149
FSD50K/434437.wav,0.48150596460875345,34
FSD50K/434438.wav,0.4513504120611375,31
FSD50K/434439.wav,0.41143749015671865,28
FSD50K/434440.wav,0.4094627709002108,37
FSD50K/434441.wav,0.4321860060095787,40
FSD50K/434442.wav,0.4506249527136485,42
FSD50K/434443.wav,0.45796968919389386,34
FSD50K/434444.wav,0.45752812709127155,35
FSD50K/434446.wav,0.42600311040878297,50
FSD50K/434447.wav,0.4331740210453669,30
FSD50K/434448.wav,0.43622023488084477,24
FSD50K/434449.wav,0.4437938844785094,32
FSD50K/434450.wav,0.4658415863911311,48
FSD50K/434451.wav,0.4078729674220085,20
FSD50K/434634.wav,0.6919673921277859,149
FSD50K/434714.wav,0.605148443499127,148
FSD50K/434818.wav,0.39920029137283564,16
FSD50K/43945.wav,0.66659440690239,149
FSD50K/44261.wav,0.540524136275053,8
FSD50K/44742.wav,0.6967200415475028,105
FSD50K/44791.wav,0.5775433794764064,149
FSD50K/44814.wav,0.5828304742773374,120
FSD50K/45359.wav,0.6785609224098641,149
FSD50K/45360.wav,0.7130144624502067,149
FSD50K/45603.wav,0.6225545257329941,4
FSD50K/46063.wav,0.3727739428480466,24
FSD50K/46136.wav,0.3864731639623642,4
FSD50K/46263.wav,0.5844412565231323,10
FSD50K/46731.wav,0.6270648565068341,149
FSD50K/47012.wav,0.5644595242986743,149
FSD50K/47013.wav,0.55728503730562,135
FSD50K/47275.wav,0.5909886547299319,43
FSD50K/47276.wav,0.5263283611447723,54
FSD50K/47395.wav,0.5881858583419554,62
FSD50K/47519.wav,0.5773414631388081,134
FSD50K/47521.wav,0.5605572927607237,137
FSD50K/47522.wav,0.5605560641219146,137
FSD50K/47523.wav,0.6421940160446427,147
FSD50K/47524.wav,0.6352874898427242,148
FSD50K/47525.wav,0.50119637141765,142
FSD50K/47529.wav,0.6161573927317346,140
FSD50K/47531.wav,0.5776000460544666,143
FSD50K/47829.wav,0.48459908643434213,43
FSD50K/48212.wav,0.35623149275779725,5
FSD50K/48248.wav,0.4366861500523307,55
FSD50K/48402.wav,0.4688733936624324,141
FSD50K/48935.wav,0.6185754261560888,149
FSD50K/49310.wav,0.7584934786838644,136
FSD50K/49326.wav,0.5038747767474028,149
FSD50K/49327.wav,0.5251499002411861,149
FSD50K/49328.wav,0.42264788779686757,127
FSD50K/49329.wav,0.44166676108799285,126
FSD50K/49481.wav,0.5659724085923009,149
FSD50K/49482.wav,0.6046166676002861,149
FSD50K/49512.wav,0.5312160582027652,88
FSD50K/49513.wav,0.5671691751998403,23
FSD50K/49777.wav,0.5818026972185705,97
FSD50K/49781.wav,0.6329631415697244,13
FSD50K/50156.wav,0.5455981261200376,36
FSD50K/50178.wav,0.5371679129699866,24
FSD50K/50179.wav,0.5350418364008268,24
FSD50K/50180.wav,0.5089146424742306,17
FSD50K/50181.wav,0.5150189439455668,15
FSD50K/50724.wav,0.4799891263246536,54
FSD50K/50776.wav,0.5134611693413361,46
FSD50K/50816.wav,0.6022108882462898,147
FSD50K/51055.wav,0.7398601276005885,129
FSD50K/51227.wav,0.5600130363998798,149
FSD50K/51228.wav,0.6112747784428949,149
FSD50K/51470.wav,0.6155956387519836,7
FSD50K/51490.wav,0.5735189242650999,149
FSD50K/51491.wav,0.5585270285606384,120
FSD50K/51723.wav,0.5418525818855532,31
FSD50K/51734.wav,0.40391278708422623,27
FSD50K/51741.wav,0.5660423344754159,47
FSD50K/51747.wav,0.5203044784069061,25
FSD50K/51889.wav,0.5862550915790206,119
FSD50K/52004.wav,0.5049275186035659,91
FSD50K/52285.wav,0.3519181979613172,72
FSD50K/52322.wav,0.4966471334298452,45
FSD50K/52593.wav,0.5096664436553654,19
FSD50K/53268.wav,0.5212870717048645,10
FSD50K/53379.wav,0.5468944758176804,32
FSD50K/53383.wav,0.5697791010141373,120
FSD50K/53442.wav,0.5019143124421438,9
FSD50K/54193.wav,0.6187004731145016,86
FSD50K/54271.wav,0.5576050027835467,121
FSD50K/54404.wav,0.49192083644312484,86
FSD50K/54512.wav,0.6601289915187019,14
FSD50K/55003.wav,0.5028670958497308,44
FSD50K/55031.wav,0.4417579821387275,122
FSD50K/55057.wav,0.5411851940055689,144
FSD50K/55064.wav,0.4921094567486734,33
FSD50K/55214.wav,0.5383860367340046,91
FSD50K/55245.wav,0.5498197980775129,149
FSD50K/55348.wav,0.47362846913545026,69
FSD50K/55377.wav,0.49428609380687494,138
FSD50K/55380.wav,0.45114373618906195,77
FSD50K/55842.wav,0.6481530293822289,8
FSD50K/55851.wav,0.5086293684111701,9
FSD50K/5635.wav,0.5079279894361625,148
FSD50K/56579.wav,0.4785835794173181,64
FSD50K/56652.wav,0.4512210670092427,141
FSD50K/56671.wav,0.46929571692575545,149
FSD50K/56673.wav,0.4386707369623513,58
FSD50K/56899.wav,0.559034546216329,6
FSD50K/56900.wav,0.6650710752312566,71
FSD50K/56901.wav,0.642167866230011,8
FSD50K/57181.wav,0.627184896897047,39
FSD50K/57193.wav,0.542726676736102,149
FSD50K/57194.wav,0.4997134776723465,149
FSD50K/57196.wav,0.49835623751084007,60
FSD50K/57325.wav,0.5636192776212756,149
FSD50K/57559.wav,0.49002892443457163,148
FSD50K/57587.wav,0.687587250742996,57
FSD50K/57770.wav,0.6511779241263866,16
FSD50K/57771.wav,0.651256863027811,48
FSD50K/57786.wav,0.628968040700312,108
FSD50K/57787.wav,0.7186679288044872,149
FSD50K/57801.wav,0.5873603748937025,141
FSD50K/57809.wav,0.5216718507664544,7
FSD50K/58015.wav,0.41865813264659807,51
FSD50K/58325.wav,0.5594299543987621,55
FSD50K/58369.wav,0.49684642449669214,23
FSD50K/58371.wav,0.48801933093504474,33
FSD50K/58388.wav,0.504921904746318,149
FSD50K/58454.wav,0.5041353726547037,149
FSD50K/58904.wav,0.5800744369626045,12
FSD50K/58905.wav,0.5902318358421326,12
FSD50K/58906.wav,0.5360031227270762,18
FSD50K/59163.wav,0.7282047349473705,46
FSD50K/59263.wav,0.5855568159243156,29
FSD50K/59277.wav,0.6737013891239294,149
FSD50K/59440.wav,0.5720166867062196,59
FSD50K/59441.wav,0.524763942193642,139
FSD50K/59442.wav,0.5254448399399266,99
FSD50K/59512.wav,0.5504241506968226,140
FSD50K/59586.wav,0.6458637470366971,149
FSD50K/59587.wav,0.6472604038731363,149
FSD50K/59599.wav,0.5866693535755421,29
FSD50K/59666.wav,0.6162371111638618,99
FSD50K/59667.wav,0.5739336847858941,149
FSD50K/59668.wav,0.6778361148472074,79
FSD50K/59782.wav,0.6421978394190471,135
FSD50K/60163.wav,0.6074654263938033,149
FSD50K/60446.wav,0.6094399719941811,61
FSD50K/60457.wav,0.5824920535087585,42
FSD50K/60748.wav,0.6259788197278976,50
FSD50K/60930.wav,0.46294273666087415,149
FSD50K/61503.wav,0.5234171556146353,149
FSD50K/61504.wav,0.5215056666591823,149
FSD50K/62025.wav,0.40613845512814767,137
FSD50K/62058.wav,0.5652954147921668,54
FSD50K/62222.wav,0.5388106065708519,149
FSD50K/62303.wav,0.48957412385127763,88
FSD50K/62446.wav,0.5161575514130887,113
FSD50K/62463.wav,0.48816580940412996,149
FSD50K/62468.wav,0.4842026432355245,42
FSD50K/62475.wav,0.4619258546189174,149
FSD50K/62476.wav,0.4444713402301707,47
FSD50K/62477.wav,0.3963442766826425,149
FSD50K/62502.wav,0.42547584121877496,11
FSD50K/62516.wav,0.3368771334489187,30
FSD50K/62591.wav,0.4260333666465426,149
FSD50K/62600.wav,0.43189904173748606,149
FSD50K/63276.wav,0.6633275262602083,91
FSD50K/63342.wav,0.6401922902804893,149
FSD50K/63632.wav,0.6873039722442627,10
FSD50K/63641.wav,0.6037633776664734,5
FSD50K/63708.wav,0.4876449835651061,136
FSD50K/63754.wav,0.5974060450830767,31
FSD50K/63805.wav,0.5666796991953978,74
FSD50K/64003.wav,0.4634134645972933,140
FSD50K/64369.wav,0.5338718911145357,149
FSD50K/64940.wav,0.6417950310490348,11
FSD50K/65290.wav,0.5472212571825757,149
FSD50K/65752.wav,0.45899115800857543,15
FSD50K/65902.wav,0.43996175229549406,10
FSD50K/65918.wav,0.4513002634048462,5
FSD50K/65923.wav,0.626446271302716,149
FSD50K/65925.wav,0.3243353236466646,24
FSD50K/65987.wav,0.6197241596349581,127
FSD50K/66099.wav,0.6025074776387055,149
FSD50K/66397.wav,0.4725097169478734,6
FSD50K/66519.wav,0.5138305102785429,12
FSD50K/66520.wav,0.4900857448577881,20
FSD50K/66585.wav,0.49617010625925934,11
FSD50K/66586.wav,0.4636394853393237,12
FSD50K/66664.wav,0.5699900561763395,62
FSD50K/66756.wav,0.5600387730460236,69
FSD50K/66949.wav,0.5144903610150019,12
FSD50K/66973.wav,0.5567061471384626,86
FSD50K/66974.wav,0.5806905460768732,145
FSD50K/67010.wav,0.5964816533312013,79
FSD50K/67020.wav,0.6714686155319214,4
FSD50K/67048.wav,0.3623789333282633,47
FSD50K/67114.wav,0.5685958199355067,147
FSD50K/67145.wav,0.42025996521115305,80
FSD50K/67254.wav,0.5729906780379159,70
FSD50K/67304.wav,0.4503356080615159,132
FSD50K/67330.wav,0.46014086578203284,46
FSD50K/67332.wav,0.44282502132026774,38
FSD50K/67333.wav,0.4486439914204354,43
FSD50K/67334.wav,0.4399374923245473,44
FSD50K/67335.wav,0.4401304704802377,35
FSD50K/67336.wav,0.49375356634457906,45
FSD50K/67339.wav,0.47367122837088327,44
FSD50K/67340.wav,0.4467378354498318,42
FSD50K/67341.wav,0.45632269349363114,45
FSD50K/67345.wav,0.43531565400569333,46
FSD50K/67358.wav,0.523144100987634,43
FSD50K/67359.wav,0.5637491289959398,43
FSD50K/67556.wav,0.6370265310810458,31
FSD50K/67557.wav,0.690436024750982,28
FSD50K/67560.wav,0.6449386477470398,15
FSD50K/67561.wav,0.6226305928495195,18
FSD50K/67562.wav,0.6383452183670468,18
FSD50K/67563.wav,0.6148538225226932,18
FSD50K/67564.wav,0.7453639422144208,7
FSD50K/67573.wav,0.687587171792984,4
FSD50K/67575.wav,0.6865715831518173,4
FSD50K/67577.wav,0.6824467182159424,4
FSD50K/67578.wav,0.7981587052345276,15
FSD50K/67580.wav,0.7453955877572298,32
FSD50K/67581.wav,0.7400066767420087,35
FSD50K/67582.wav,0.7198807994524637,6
FSD50K/67593.wav,0.7220653659767575,54
FSD50K/67616.wav,0.6479591634766809,58
FSD50K/68036.wav,0.6744184624403715,48
FSD50K/68038.wav,0.6751842722296715,24
FSD50K/68058.wav,0.6657292894695116,23
FSD50K/68272.wav,0.6793865689495265,149
FSD50K/68449.wav,0.4867691919207573,12
FSD50K/68654.wav,0.43455591797828674,19
FSD50K/68685.wav,0.5820580546061198,75
FSD50K/68687.wav,0.5405645796230861,84
FSD50K/68688.wav,0.44076861708592147,78
FSD50K/68690.wav,0.591454301382366,95
FSD50K/68702.wav,0.4497264867479151,11
FSD50K/68708.wav,0.5260236029883465,83
FSD50K/68709.wav,0.6069739029325288,87
FSD50K/68710.wav,0.5694571444764733,128
FSD50K/68739.wav,0.46973410796845094,87
FSD50K/68740.wav,0.46954102213702986,67
FSD50K/68999.wav,0.4752276096402145,41
FSD50K/69181.wav,0.47690924629569054,16
FSD50K/69182.wav,0.4956001341342926,19
FSD50K/69184.wav,0.43472833539310257,57
FSD50K/69185.wav,0.5653816351184139,27
FSD50K/69202.wav,0.5453810806457813,78
FSD50K/69298.wav,0.3794803428788518,86
FSD50K/69384.wav,0.4163939141949942,43
FSD50K/69385.wav,0.38731674735362714,91
FSD50K/69386.wav,0.2933140534621019,39
FSD50K/69390.wav,0.637156790953416,65
FSD50K/69494.wav,0.6074285079168793,149
FSD50K/69496.wav,0.6044510438938269,149
FSD50K/69552.wav,0.39967531906931025,57
FSD50K/69607.wav,0.6788682493296536,55
FSD50K/69608.wav,0.6854745947397672,65
FSD50K/69609.wav,0.7019132355848948,60
FSD50K/69646.wav,0.6037581220969258,149
FSD50K/69663.wav,0.5132449178783982,135
FSD50K/70052.wav,0.6280605233076847,99
FSD50K/70102.wav,0.3486094491167383,91
FSD50K/70289.wav,0.5226219415664672,115
FSD50K/70292.wav,0.5166337535931513,91
FSD50K/70305.wav,0.6915518320523776,117
FSD50K/70938.wav,0.530178617905168,34
FSD50K/70939.wav,0.5563193467639437,149
FSD50K/70954.wav,0.5447723626187353,132
FSD50K/71053.wav,0.5831515634882039,58
FSD50K/71121.wav,0.4964156576565334,147
FSD50K/71136.wav,0.39835553065590235,46
FSD50K/71242.wav,0.6085371205681249,95
FSD50K/71299.wav,0.6057129396633668,110
FSD50K/71300.wav,0.6080789929997604,113
FSD50K/71686.wav,0.5289507397898922,27
FSD50K/71698.wav,0.4094270388285319,45
FSD50K/71778.wav,0.5535563211287221,31
FSD50K/71897.wav,0.5308756977319717,20
FSD50K/71925.wav,0.4556925808879691,71
FSD50K/71947.wav,0.48741560322897776,7
FSD50K/72030.wav,0.383749732375145,110
FSD50K/72125.wav,0.46594842997464264,11
FSD50K/72126.wav,0.4690546076744795,8
FSD50K/72127.wav,0.4512912134329478,9
FSD50K/72128.wav,0.39690067172050475,10
FSD50K/72129.wav,0.4423687032290867,14
FSD50K/72240.wav,0.5994409422079722,36
FSD50K/72531.wav,0.5311922298981839,149
FSD50K/72737.wav,0.4667083936579087,34
FSD50K/72836.wav,0.6284567345865071,64
FSD50K/72837.wav,0.6195916605406794,58
FSD50K/72838.wav,0.6329177795229731,74
FSD50K/72840.wav,0.6209187514641705,85
FSD50K/72846.wav,0.6306711353361607,80
FSD50K/72950.wav,0.5253727324306965,8
FSD50K/73095.wav,0.5310749815569984,45
FSD50K/73288.wav,0.5624394778837294,149
FSD50K/73289.wav,0.5641691098677232,149
FSD50K/73290.wav,0.5467549634459835,149
FSD50K/73292.wav,0.6233636608859837,149
FSD50K/73297.wav,0.4661853701476283,149
FSD50K/73369.wav,0.45609544087576387,149
FSD50K/74382.wav,0.3946421047798673,133
FSD50K/74384.wav,0.4268469255749542,101
FSD50K/74471.wav,0.48954929616473136,109
FSD50K/74924.wav,0.42227182915245276,69
FSD50K/75270.wav,0.4230017944386131,76
FSD50K/76095.wav,0.4980101940924661,57
FSD50K/76220.wav,0.5537412583827972,140
FSD50K/76325.wav,0.44474047100221786,148
FSD50K/76522.wav,0.6296749139418367,61
FSD50K/76644.wav,0.6236334961393605,23
FSD50K/76662.wav,0.5925626397132874,30
FSD50K/76732.wav,0.47443675324320794,40
FSD50K/76736.wav,0.4693756235970391,18
FSD50K/76813.wav,0.4304155909589359,14
FSD50K/76925.wav,0.3467345396677653,45
FSD50K/77056.wav,0.5043914303597477,144
FSD50K/77113.wav,0.5020062811422668,149
FSD50K/77148.wav,0.7138605573598076,17
FSD50K/77165.wav,0.4687639769543423,89
FSD50K/7722.wav,0.6635809118549029,120
FSD50K/77528.wav,0.42893149703741074,4
FSD50K/77529.wav,0.4413546621799469,2
FSD50K/77530.wav,0.4959235042333603,2
FSD50K/77531.wav,0.41907849162817,4
FSD50K/77533.wav,0.39779954722949434,7
FSD50K/77534.wav,0.44268620759248734,4
FSD50K/77598.wav,0.45769730544820125,98
FSD50K/77599.wav,0.5082535886601226,73
FSD50K/77601.wav,0.5287034035618625,67
FSD50K/77603.wav,0.5028581362346123,58
FSD50K/77892.wav,0.41943227092050156,106
FSD50K/7790.wav,0.5966349858165587,149
FSD50K/78369.wav,0.5381978887251053,87
FSD50K/78396.wav,0.6558187911974503,149
FSD50K/78417.wav,0.47571456667624024,38
FSD50K/78483.wav,0.47294740785251965,55
FSD50K/78484.wav,0.6816002447967944,46
FSD50K/78490.wav,0.632803191457476,35
FSD50K/78880.wav,0.580390682008779,107
FSD50K/78948.wav,0.3100415283725375,63
FSD50K/78957.wav,0.3397444953857842,118
FSD50K/78958.wav,0.36500840867408596,99
FSD50K/78968.wav,0.31788564579827444,7
FSD50K/78970.wav,0.29433631896972656,6
FSD50K/78984.wav,0.3284785776253206,83
FSD50K/78991.wav,0.37234611716121435,32
FSD50K/7917.wav,0.5449914067256741,123
FSD50K/79180.wav,0.3893754766430966,43
FSD50K/79356.wav,0.4295402442415555,54
FSD50K/79874.wav,0.34948092299638334,97
FSD50K/80372.wav,0.570739082681636,96
FSD50K/80373.wav,0.6532255490620931,60
FSD50K/80374.wav,0.5900792337504009,149
FSD50K/80558.wav,0.6208310217265315,149
FSD50K/80590.wav,0.6807817608718104,149
FSD50K/81065.wav,0.4881324983033978,61
FSD50K/81072.wav,0.3784805023494889,34
FSD50K/81085.wav,0.27291328087449074,8
FSD50K/81086.wav,0.2695358544588089,13
FSD50K/81163.wav,0.5181631300507522,41
FSD50K/81166.wav,0.3588169880451695,31
FSD50K/81207.wav,0.5529947037644246,136
FSD50K/8135.wav,0.57270409796862,149
FSD50K/81432.wav,0.5886626011795468,72
FSD50K/81554.wav,0.5956755093306549,121
FSD50K/81555.wav,0.5914660950876632,53
FSD50K/81875.wav,0.34425749629735947,16
FSD50K/82083.wav,0.494331713090807,149
FSD50K/82228.wav,0.579831451177597,30
FSD50K/82418.wav,0.45672994013875723,16
FSD50K/82421.wav,0.40829088454005086,79
FSD50K/82797.wav,0.5348215773201629,149
FSD50K/83136.wav,0.34266292934234327,65
FSD50K/83241.wav,0.4784291632035199,17
FSD50K/83280.wav,0.5668528766571721,79
FSD50K/83296.wav,0.5551900265600858,149
FSD50K/83298.wav,0.4131268968387526,49
FSD50K/83299.wav,0.36301890512307483,63
FSD50K/83479.wav,0.3282121755182743,8
FSD50K/83486.wav,0.6721089589595795,50
FSD50K/83640.wav,0.2954099464416504,25
FSD50K/83790.wav,0.6343853657062237,13
FSD50K/8380.wav,0.5305332964466464,124
FSD50K/83910.wav,0.452508307993412,28
FSD50K/83914.wav,0.5999687334035066,149
FSD50K/84359.wav,0.5425381624458621,149
FSD50K/84387.wav,0.552541663491629,123
FSD50K/84423.wav,0.30903156587611075,46
FSD50K/84702.wav,0.5207627025934366,13
FSD50K/85016.wav,0.5631514564156532,20
FSD50K/85087.wav,0.5143580218156178,15
FSD50K/85107.wav,0.49451331628693473,9
FSD50K/85110.wav,0.43198999100261265,45
FSD50K/85132.wav,0.41445069367948334,76
FSD50K/85253.wav,0.42879824252689586,17
FSD50K/85365.wav,0.5859983311403518,149
FSD50K/85550.wav,0.45599656105041503,10
FSD50K/85554.wav,0.6210440941478895,23
FSD50K/85602.wav,0.4424596504837859,51
FSD50K/85603.wav,0.45338430210035674,49
FSD50K/85604.wav,0.43110858897368115,6
FSD50K/85655.wav,0.31283318227337253,31
FSD50K/85731.wav,0.4073510029249721,72
FSD50K/85919.wav,0.4121046870946884,10
FSD50K/86014.wav,0.4168194408218066,12
FSD50K/86036.wav,0.38509543736775714,15
FSD50K/86040.wav,0.37125582044774835,44
FSD50K/86047.wav,0.6385531291879457,29
FSD50K/86324.wav,0.5162696633965541,117
FSD50K/86346.wav,0.5335356719141838,149
FSD50K/86568.wav,0.5205041462142995,149
FSD50K/86753.wav,0.5445781684161832,149
FSD50K/87151.wav,0.4332013291120529,25
FSD50K/87315.wav,0.5851386789507513,149
FSD50K/87316.wav,0.6176595178089643,76
FSD50K/87376.wav,0.583447634689207,123
FSD50K/87393.wav,0.575691698175488,33
FSD50K/87457.wav,0.6389528959989548,4
FSD50K/87518.wav,0.6191670273391294,71
FSD50K/88445.wav,0.4608518333773907,73
FSD50K/88447.wav,0.628755079375373,18
FSD50K/88467.wav,0.5743466734886169,5
FSD50K/88528.wav,0.3343439636671025,46
FSD50K/88771.wav,0.6868970669232882,39
FSD50K/88787.wav,0.5153440705081761,149
FSD50K/88800.wav,0.32284116744995117,7
FSD50K/88808.wav,0.39174291491508484,7
FSD50K/88809.wav,0.3741225202878316,3
FSD50K/88917.wav,0.38763055205345154,1
FSD50K/88920.wav,0.39735859632492065,1
FSD50K/88921.wav,0.38782569766044617,1
FSD50K/88922.wav,0.3571319580078125,1
FSD50K/88924.wav,0.378723680973053,1
FSD50K/88925.wav,0.38528141379356384,1
FSD50K/88926.wav,0.3641692101955414,2
FSD50K/88927.wav,0.40492767095565796,1
FSD50K/88931.wav,0.44213229417800903,1
FSD50K/88932.wav,0.3957973122596741,1
FSD50K/88933.wav,0.38943731784820557,2
FSD50K/88935.wav,0.35252898931503296,1
FSD50K/88936.wav,0.34719210863113403,2
FSD50K/88937.wav,0.34193482001622516,3
FSD50K/88941.wav,0.3981502950191498,1
FSD50K/88942.wav,0.3636035621166229,1
FSD50K/88944.wav,0.43923354148864746,1
FSD50K/88945.wav,0.39008384943008423,1
FSD50K/88948.wav,0.36797744035720825,1
FSD50K/88949.wav,0.38678282499313354,1
FSD50K/88950.wav,0.37504854798316956,4
FSD50K/89147.wav,0.6275999695062637,18
FSD50K/89290.wav,0.569517823586981,83
FSD50K/89362.wav,0.6410659290850163,12
FSD50K/89589.wav,0.5414797033639562,149
FSD50K/89680.wav,0.6901849476914657,57
FSD50K/89682.wav,0.638104099723009,130
FSD50K/89887.wav,0.32642146944999695,1
FSD50K/89888.wav,0.3411809802055359,1
FSD50K/89889.wav,0.31211572885513306,1
FSD50K/89890.wav,0.36419686675071716,1
FSD50K/89894.wav,0.3412419259548187,1
FSD50K/89895.wav,0.336189329624176,1
FSD50K/89900.wav,0.3507077693939209,1
FSD50K/89901.wav,0.424349308013916,1
FSD50K/89902.wav,0.2765508343776067,3
FSD50K/89903.wav,0.3361611068248749,1
FSD50K/89904.wav,0.327618807554245,2
FSD50K/89905.wav,0.2991773188114166,1
FSD50K/90336.wav,0.4814150761212072,62
FSD50K/90344.wav,0.6658242348856573,149
FSD50K/90386.wav,0.557245080669721,6
FSD50K/90418.wav,0.6132808737456799,16
FSD50K/90756.wav,0.4773862028251524,92
FSD50K/9077.wav,0.5714050016619943,22
FSD50K/90787.wav,0.5742870751692324,98
FSD50K/91038.wav,0.36045870735593466,46
FSD50K/91083.wav,0.5469905351524922,67
FSD50K/91294.wav,0.5889770144766028,22
FSD50K/91366.wav,0.7583856040781195,11
FSD50K/91557.wav,0.5649006866768702,149
FSD50K/91558.wav,0.47269573211669924,25
FSD50K/91559.wav,0.5882435901598497,110
FSD50K/91571.wav,0.5992703687824659,149
FSD50K/91777.wav,0.5099884184698263,24
FSD50K/9197.wav,0.6211555464155722,149
FSD50K/9199.wav,0.5113557747146428,149
FSD50K/92019.wav,0.5478542948077465,58
FSD50K/9218.wav,0.4125191532075405,32
FSD50K/92642.wav,0.5081465542316437,6
FSD50K/92643.wav,0.4681465035038335,28
FSD50K/92644.wav,0.43997986683478724,65
FSD50K/92887.wav,0.6908249583020306,149
FSD50K/92992.wav,0.6626946706099798,149
FSD50K/92999.wav,0.5894143389117333,31
FSD50K/93020.wav,0.6508108377456665,11
FSD50K/93076.wav,0.5141843194053286,105
FSD50K/93299.wav,0.43887776136398315,17
FSD50K/93449.wav,0.517015418585609,17
FSD50K/93639.wav,0.38303282696928753,149
FSD50K/93643.wav,0.2887710692898539,149
FSD50K/93646.wav,0.19117442518472672,20
FSD50K/93676.wav,0.2582784496805295,147
FSD50K/93964.wav,0.4080513581909515,54
FSD50K/9432.wav,0.632655676334135,31
FSD50K/94322.wav,0.545988982155819,149
FSD50K/9433.wav,0.5354450664349965,14
FSD50K/94348.wav,0.4485052857886661,44
FSD50K/9435.wav,0.5281050735049777,63
FSD50K/94367.wav,0.5955936498539423,93
FSD50K/94370.wav,0.47205140151475605,95
FSD50K/94633.wav,0.6552399116403916,102
FSD50K/94735.wav,0.43266255625834066,96
FSD50K/94773.wav,0.377105289562182,44
FSD50K/94789.wav,0.4191953476885675,71
FSD50K/94867.wav,0.47657876186722875,149
FSD50K/95067.wav,0.6818837747477845,149
FSD50K/95078.wav,0.5471359777909058,52
FSD50K/95864.wav,0.6905998411594622,149
FSD50K/96210.wav,0.5942924212718356,69
FSD50K/96376.wav,0.6557935355825627,47
FSD50K/96630.wav,0.45572297771771747,9
FSD50K/96635.wav,0.5370118916034698,9
FSD50K/96636.wav,0.5452575385570526,9
FSD50K/96832.wav,0.5601037228479981,64
FSD50K/96838.wav,0.5402756992676486,146
FSD50K/96890.wav,0.3911329431459308,40
FSD50K/96973.wav,0.6092078019272197,110
FSD50K/9704.wav,0.6421019179480416,7
FSD50K/9706.wav,0.5291661520799001,6
FSD50K/97194.wav,0.5915847046663297,149
FSD50K/97669.wav,0.43788061870468986,18
FSD50K/97758.wav,0.538514378524962,147
FSD50K/978.wav,0.40811732908089954,6
FSD50K/979.wav,0.42426595091819763,4
FSD50K/980.wav,0.35655953486760456,3
FSD50K/98054.wav,0.4253055772611073,14
FSD50K/98055.wav,0.4316407386213541,16
FSD50K/981.wav,0.37732159429126316,9
FSD50K/98247.wav,0.5522749735056048,137
FSD50K/98378.wav,0.4264477491378784,8
FSD50K/98538.wav,0.5566566654791435,144
FSD50K/98650.wav,0.42774190786092176,46
FSD50K/98685.wav,0.611812486744567,149
FSD50K/98748.wav,0.6705351136196619,87
FSD50K/98851.wav,0.3906863010846652,26
FSD50K/98853.wav,0.5025659000896143,66
FSD50K/98943.wav,0.55307561019123,149
FSD50K/9913.wav,0.557200413942337,5
FSD50K/9922.wav,0.5567014808838184,65
FSD50K/9923.wav,0.393471620280108,139
FSD50K/99282.wav,0.6377198302227518,115
FSD50K/99579.wav,0.6103983188188205,93
FSD50K/99633.wav,0.6450233982533825,49
FSD50K/99634.wav,0.6625392254855897,36
FSD50K/99966.wav,0.633996933298623,149
UrbanSound8K/100648-1-0-0.wav,0.5973206400871277,5
UrbanSound8K/100648-1-1-0.wav,0.5922484464115567,9
UrbanSound8K/100648-1-3-0.wav,0.5886027971903484,15
UrbanSound8K/100648-1-4-0.wav,0.6409280510509715,17
UrbanSound8K/100652-3-0-0.wav,0.5389493054304367,39
UrbanSound8K/100652-3-0-1.wav,0.5247603884110084,39
UrbanSound8K/100652-3-0-2.wav,0.5191233899348822,39
UrbanSound8K/100652-3-0-3.wav,0.5207553796279125,39
UrbanSound8K/100795-3-0-0.wav,0.49592751570236987,39
UrbanSound8K/100795-3-1-0.wav,0.4934555704777057,39
UrbanSound8K/100795-3-1-1.wav,0.4847696316547883,39
UrbanSound8K/100795-3-1-2.wav,0.4932078772630447,39
UrbanSound8K/101281-3-0-0.wav,0.5896393259366354,39
UrbanSound8K/101281-3-0-14.wav,0.6672928195733291,39
UrbanSound8K/101281-3-0-5.wav,0.6192389848904732,39
UrbanSound8K/101415-3-0-2.wav,0.4646444606781006,25
UrbanSound8K/101415-3-0-3.wav,0.4684217635429267,33
UrbanSound8K/101415-3-0-8.wav,0.45249171200252714,21
UrbanSound8K/102102-3-0-0.wav,0.5270964071668428,29
UrbanSound8K/102103-3-0-0.wav,0.5428747236728668,4
UrbanSound8K/102104-3-0-0.wav,0.5509359836578369,7
UrbanSound8K/102105-3-0-0.wav,0.5523964502872565,39
UrbanSound8K/102106-3-0-0.wav,0.54678715467453,15
UrbanSound8K/102305-6-0-0.wav,0.4589920508861542,25
UrbanSound8K/102547-3-0-2.wav,0.4269634708762169,16
UrbanSound8K/102547-3-0-7.wav,0.4244699627161026,12
UrbanSound8K/102547-3-0-8.wav,0.4572719782590866,24
UrbanSound8K/102842-3-0-1.wav,0.45190693552677447,39
UrbanSound8K/102842-3-1-0.wav,0.4653786153365404,39
UrbanSound8K/102842-3-1-5.wav,0.45192650189766514,39
UrbanSound8K/102842-3-1-6.wav,0.4483935955243233,39
UrbanSound8K/102853-8-0-0.wav,0.5823396856968219,39
UrbanSound8K/102853-8-0-1.wav,0.5839281953298129,39
UrbanSound8K/102853-8-0-2.wav,0.5795615697518374,39
UrbanSound8K/102853-8-0-3.wav,0.5736061212344047,39
UrbanSound8K/102853-8-0-4.wav,0.5775994719603122,39
UrbanSound8K/102853-8-0-5.wav,0.5856180680103791,39
UrbanSound8K/102853-8-0-6.wav,0.5913707308280163,39
UrbanSound8K/102853-8-1-0.wav,0.587058750482706,39
UrbanSound8K/102857-5-0-0.wav,0.6155357024608514,39
UrbanSound8K/102857-5-0-1.wav,0.6148377320705316,39
UrbanSound8K/102857-5-0-10.wav,0.6156694323588641,39
UrbanSound8K/102857-5-0-11.wav,0.6161431654905661,39
UrbanSound8K/102857-5-0-12.wav,0.6155993739763895,39
UrbanSound8K/102857-5-0-13.wav,0.6145652578427241,39
UrbanSound8K/102857-5-0-14.wav,0.6141533897473261,39
UrbanSound8K/102857-5-0-15.wav,0.6139093729165884,39
UrbanSound8K/102857-5-0-16.wav,0.6136353153448838,39
UrbanSound8K/102857-5-0-17.wav,0.6143411550766382,39
UrbanSound8K/102857-5-0-18.wav,0.6158386606436509,39
UrbanSound8K/102857-5-0-19.wav,0.6164024365253937,39
UrbanSound8K/102857-5-0-2.wav,0.6153242190678915,39
UrbanSound8K/102857-5-0-20.wav,0.6158844370108384,39
UrbanSound8K/102857-5-0-21.wav,0.6157196164131165,39
UrbanSound8K/102857-5-0-22.wav,0.6154080338967152,39
UrbanSound8K/102857-5-0-23.wav,0.6164714892705282,39
UrbanSound8K/102857-5-0-24.wav,0.6165034832098545,39
UrbanSound8K/102857-5-0-25.wav,0.6150873456245813,39
UrbanSound8K/102857-5-0-26.wav,0.6155261259812576,39
UrbanSound8K/102857-5-0-27.wav,0.6166508885530325,39
UrbanSound8K/102857-5-0-28.wav,0.616919702444321,39
UrbanSound8K/102857-5-0-29.wav,0.615776960666363,39
UrbanSound8K/102857-5-0-3.wav,0.6158130703828274,39
UrbanSound8K/102857-5-0-30.wav,0.6158739786881667,39
UrbanSound8K/102857-5-0-4.wav,0.6157170625833365,39
UrbanSound8K/102857-5-0-5.wav,0.615537655659211,39
UrbanSound8K/102857-5-0-6.wav,0.615647079088749,39
UrbanSound8K/102857-5-0-7.wav,0.616722747301444,39
UrbanSound8K/102857-5-0-8.wav,0.6171795206192212,39
UrbanSound8K/102857-5-0-9.wav,0.6162227101815052,39
UrbanSound8K/102858-5-0-0.wav,0.6214244457391592,39
UrbanSound8K/102858-5-0-1.wav,0.6226927515787956,39
UrbanSound8K/102871-8-0-0.wav,0.6125611418332809,39
UrbanSound8K/102871-8-0-1.wav,0.6150190616265322,39
UrbanSound8K/102871-8-0-10.wav,0.5667787744448736,39
UrbanSound8K/102871-8-0-11.wav,0.5581899239466741,39
UrbanSound8K/102871-8-0-12.wav,0.5511556420570765,39
UrbanSound8K/102871-8-0-13.wav,0.5418755381535261,39
UrbanSound8K/102871-8-0-14.wav,0.5317734357638236,39
UrbanSound8K/102871-8-0-15.wav,0.5245572145168598,39
UrbanSound8K/102871-8-0-2.wav,0.6126626454866849,39
UrbanSound8K/102871-8-0-3.wav,0.616236272530678,39
UrbanSound8K/102871-8-0-4.wav,0.6159463478968694,39
UrbanSound8K/102871-8-0-5.wav,0.6029938169014759,39
UrbanSound8K/102871-8-0-6.wav,0.5974006866797422,39
UrbanSound8K/102871-8-0-7.wav,0.6007335659785148,39
UrbanSound8K/102871-8-0-8.wav,0.5953932801882426,39
UrbanSound8K/102871-8-0-9.wav,0.5807309899574671,39
UrbanSound8K/103074-7-0-0.wav,0.6165180236865313,39
UrbanSound8K/103074-7-0-1.wav,0.6115839542486728,39
UrbanSound8K/103074-7-0-2.wav,0.6125139013314859,39
UrbanSound8K/103074-7-1-0.wav,0.6093665284988208,39
UrbanSound8K/103074-7-1-1.wav,0.6096217341912098,39
UrbanSound8K/103074-7-1-2.wav,0.6172613165317438,39
UrbanSound8K/103074-7-1-3.wav,0.6177931901736137,39
UrbanSound8K/103074-7-1-4.wav,0.6141889783052298,39
UrbanSound8K/103074-7-1-5.wav,0.6014527632639959,39
UrbanSound8K/103074-7-1-6.wav,0.5818235522661453,39
UrbanSound8K/103074-7-2-0.wav,0.6155174424250921,12
UrbanSound8K/103074-7-3-0.wav,0.6217935207562569,39
UrbanSound8K/103074-7-3-1.wav,0.6149715139315679,39
UrbanSound8K/103074-7-3-2.wav,0.6142360827861688,39
UrbanSound8K/103074-7-3-3.wav,0.6048423021267622,39
UrbanSound8K/103074-7-4-0.wav,0.6174996403547434,39
UrbanSound8K/103074-7-4-1.wav,0.6200513595189804,39
UrbanSound8K/103074-7-4-2.wav,0.6227636963893206,39
UrbanSound8K/103074-7-4-3.wav,0.6107579958744538,39
UrbanSound8K/103074-7-4-4.wav,0.6032925905325474,39
UrbanSound8K/103074-7-4-5.wav,0.6071008489682124,39
UrbanSound8K/103074-7-4-6.wav,0.606888473033905,39
UrbanSound8K/103076-3-0-0.wav,0.4447989563147227,12
UrbanSound8K/103076-3-1-0.wav,0.43581970036029816,8
UrbanSound8K/103199-4-0-0.wav,0.6572184065977732,39
UrbanSound8K/103199-4-0-3.wav,0.6950566080900339,39
UrbanSound8K/103199-4-0-4.wav,0.6994808300947531,39
UrbanSound8K/103199-4-0-5.wav,0.7012281173314804,39
UrbanSound8K/103199-4-0-6.wav,0.7002465770794795,39
UrbanSound8K/103199-4-1-0.wav,0.6688500089304787,14
UrbanSound8K/103199-4-2-0.wav,0.6855487456688514,39
UrbanSound8K/103199-4-2-1.wav,0.6910360638911908,39
UrbanSound8K/103199-4-2-10.wav,0.6753556101750104,39
UrbanSound8K/103199-4-2-11.wav,0.6731842221357883,39
UrbanSound8K/103199-4-2-2.wav,0.6931091745694479,39
UrbanSound8K/103199-4-2-3.wav,0.6933500873736846,39
UrbanSound8K/103199-4-2-4.wav,0.6945313047140073,39
UrbanSound8K/103199-4-2-5.wav,0.6967664972329751,39
UrbanSound8K/103199-4-2-6.wav,0.6950756892179831,39
UrbanSound8K/103199-4-2-7.wav,0.6840461584237906,39
UrbanSound8K/103199-4-2-8.wav,0.6789848819757119,39
UrbanSound8K/103199-4-2-9.wav,0.6806918718875983,39
UrbanSound8K/103199-4-4-0.wav,0.671237808962663,24
UrbanSound8K/103199-4-6-0.wav,0.6866029699643453,12
UrbanSound8K/103199-4-7-2.wav,0.6671391542141254,39
UrbanSound8K/103249-5-0-0.wav,0.4982440227117294,39
UrbanSound8K/103249-5-0-1.wav,0.49815089045426786,39
UrbanSound8K/103249-5-0-10.wav,0.4980243138777904,39
UrbanSound8K/103249-5-0-11.wav,0.49873186304019046,39
UrbanSound8K/103249-5-0-12.wav,0.5000384006744776,39
UrbanSound8K/103249-5-0-13.wav,0.49956464079710156,39
UrbanSound8K/103249-5-0-14.wav,0.49860607431485104,39
UrbanSound8K/103249-5-0-15.wav,0.5007958794251467,39
UrbanSound8K/103249-5-0-16.wav,0.5045248743815299,39
UrbanSound8K/103249-5-0-17.wav,0.5052914260289608,39
UrbanSound8K/103249-5-0-18.wav,0.5057446956634521,39
UrbanSound8K/103249-5-0-19.wav,0.5065487821896871,39
UrbanSound8K/103249-5-0-2.wav,0.49398821210249877,39
UrbanSound8K/103249-5-0-3.wav,0.49179989710832256,39
UrbanSound8K/103249-5-0-4.wav,0.4950529306362837,39
UrbanSound8K/103249-5-0-5.wav,0.49633082365378356,39
UrbanSound8K/103249-5-0-6.wav,0.5018800130257239,39
UrbanSound8K/103249-5-0-7.wav,0.5049991179735233,39
UrbanSound8K/103249-5-0-8.wav,0.5015311157092069,39
UrbanSound8K/103249-5-0-9.wav,0.4995795006935413,39
UrbanSound8K/103258-5-0-0.wav,0.4434178761946849,39
UrbanSound8K/103258-5-0-1.wav,0.4447634273614639,39
UrbanSound8K/103258-5-0-10.wav,0.44550936497174776,39
UrbanSound8K/103258-5-0-11.wav,0.4461049659129901,39
UrbanSound8K/103258-5-0-12.wav,0.4480335032328581,39
UrbanSound8K/103258-5-0-13.wav,0.4476970999668806,39
UrbanSound8K/103258-5-0-14.wav,0.44698442404086774,39
UrbanSound8K/103258-5-0-15.wav,0.44957430011186844,39
UrbanSound8K/103258-5-0-16.wav,0.45413858462602663,39
UrbanSound8K/103258-5-0-17.wav,0.4555691243746342,39
UrbanSound8K/103258-5-0-18.wav,0.45608553825280607,39
UrbanSound8K/103258-5-0-19.wav,0.4566998527600215,39
UrbanSound8K/103258-5-0-2.wav,0.4465449414192102,39
UrbanSound8K/103258-5-0-3.wav,0.4485626824391194,39
UrbanSound8K/103258-5-0-4.wav,0.4522978984392606,39
UrbanSound8K/103258-5-0-5.wav,0.45125927604161775,39
UrbanSound8K/103258-5-0-6.wav,0.45510564782680607,39
UrbanSound8K/103258-5-0-7.wav,0.45845997180694187,39
UrbanSound8K/103258-5-0-8.wav,0.4542767588908856,39
UrbanSound8K/103258-5-0-9.wav,0.4497872996024596,39
UrbanSound8K/103357-4-0-0.wav,0.6658510244809664,39
UrbanSound8K/103357-4-0-1.wav,0.6758966522339063,39
UrbanSound8K/103438-5-0-0.wav,0.5946376751630734,39
UrbanSound8K/103438-5-0-1.wav,0.5911431648792365,39
UrbanSound8K/103438-5-0-2.wav,0.5909953438318692,39
UrbanSound8K/104625-4-0-15.wav,0.655390297755217,39
UrbanSound8K/104625-4-0-21.wav,0.6514776945114136,39
UrbanSound8K/104625-4-0-27.wav,0.6463542213806739,39
UrbanSound8K/104625-4-0-29.wav,0.6574974136474805,39
UrbanSound8K/104625-4-0-3.wav,0.6440707139479809,39
UrbanSound8K/104625-4-0-35.wav,0.6594507801227081,39
UrbanSound8K/104625-4-0-40.wav,0.6533131477160331,39
UrbanSound8K/104625-4-0-41.wav,0.649884392053653,39
UrbanSound8K/104625-4-0-45.wav,0.6551425609833155,39
UrbanSound8K/104625-4-0-48.wav,0.6535457953428611,39
UrbanSound8K/104625-4-0-51.wav,0.6508143207965753,39
UrbanSound8K/104625-4-0-52.wav,0.6526512304941813,39
UrbanSound8K/104625-4-0-53.wav,0.652367733992063,39
UrbanSound8K/104625-4-0-55.wav,0.6621416853024409,39
UrbanSound8K/104625-4-0-57.wav,0.65420318261171,39
UrbanSound8K/104625-4-0-66.wav,0.6592681851142492,39
UrbanSound8K/104625-4-1-20.wav,0.6379868510441903,39
UrbanSound8K/104625-4-1-8.wav,0.6677653208757058,39
UrbanSound8K/104817-4-0-0.wav,0.6236160672627963,39
UrbanSound8K/104817-4-0-1.wav,0.6374135552308499,39
UrbanSound8K/104817-4-0-10.wav,0.6256051537318107,39
UrbanSound8K/104817-4-0-11.wav,0.5875157897288983,39
UrbanSound8K/104817-4-0-2.wav,0.6372306025945224,39
UrbanSound8K/104817-4-0-3.wav,0.6371854604818882,39
UrbanSound8K/104817-4-0-4.wav,0.6336706983737457,39
UrbanSound8K/104817-4-0-5.wav,0.6318063705395429,39
UrbanSound8K/104817-4-0-6.wav,0.6326521711471753,39
UrbanSound8K/104817-4-0-7.wav,0.6320413641440563,39
UrbanSound8K/104817-4-0-8.wav,0.6253136946604803,39
UrbanSound8K/104817-4-0-9.wav,0.6271445002311316,39
UrbanSound8K/104998-7-0-5.wav,0.6019890644611456,39
UrbanSound8K/104998-7-10-1.wav,0.6260931904499347,39
UrbanSound8K/104998-7-10-10.wav,0.6244265360709949,39
UrbanSound8K/104998-7-10-13.wav,0.6292503491426126,39
UrbanSound8K/104998-7-10-15.wav,0.632282724747291,39
UrbanSound8K/104998-7-10-8.wav,0.6282883882522583,39
UrbanSound8K/104998-7-10-9.wav,0.6283791691828997,39
UrbanSound8K/104998-7-11-0.wav,0.6260638282849238,39
UrbanSound8K/104998-7-11-2.wav,0.6287469726342422,39
UrbanSound8K/104998-7-12-2.wav,0.6034869842040234,39
UrbanSound8K/104998-7-14-1.wav,0.600364408431909,39
UrbanSound8K/104998-7-14-5.wav,0.6064543769909785,39
UrbanSound8K/104998-7-14-6.wav,0.6065761141287975,39
UrbanSound8K/104998-7-15-1.wav,0.6065270243546902,39
UrbanSound8K/104998-7-15-3.wav,0.5883433222770691,39
UrbanSound8K/104998-7-15-5.wav,0.5954858538431999,39
UrbanSound8K/104998-7-15-9.wav,0.5866512442246462,39
UrbanSound8K/104998-7-16-0.wav,0.6244727342556684,39
UrbanSound8K/104998-7-16-10.wav,0.6267184508152497,39
UrbanSound8K/104998-7-16-11.wav,0.6283556956511277,39
UrbanSound8K/104998-7-16-5.wav,0.6292514617626483,39
UrbanSound8K/104998-7-16-6.wav,0.6290384454604907,39
UrbanSound8K/104998-7-16-7.wav,0.6306515611135043,39
UrbanSound8K/104998-7-17-0.wav,0.6172119401968442,39
UrbanSound8K/104998-7-17-1.wav,0.6289925498840137,39
UrbanSound8K/104998-7-17-12.wav,0.6096676022578509,39
UrbanSound8K/104998-7-17-14.wav,0.6032963234644669,39
UrbanSound8K/104998-7-17-4.wav,0.612156215386513,39
UrbanSound8K/104998-7-17-7.wav,0.6102743102953985,39
UrbanSound8K/104998-7-17-8.wav,0.6075755907939031,39
UrbanSound8K/104998-7-18-12.wav,0.610937217871348,39
UrbanSound8K/104998-7-18-13.wav,0.6087917532676306,39
UrbanSound8K/104998-7-18-3.wav,0.6160325178733239,39
UrbanSound8K/104998-7-18-9.wav,0.6163750000489063,39
UrbanSound8K/104998-7-19-0.wav,0.6136620044708252,39
UrbanSound8K/104998-7-19-3.wav,0.6224478223384955,39
UrbanSound8K/104998-7-19-6.wav,0.6214763629130828,39
UrbanSound8K/104998-7-19-7.wav,0.6214223244251349,39
UrbanSound8K/104998-7-19-8.wav,0.6187845927018386,39
UrbanSound8K/104998-7-19-9.wav,0.6153591764278901,39
UrbanSound8K/104998-7-2-4.wav,0.610437613267165,39
UrbanSound8K/104998-7-2-5.wav,0.6137846830563668,39
UrbanSound8K/104998-7-2-6.wav,0.6147068311006595,39
UrbanSound8K/104998-7-3-1.wav,0.6205672438328083,39
UrbanSound8K/104998-7-7-0.wav,0.6012563736010821,39
UrbanSound8K/104998-7-7-1.wav,0.6026842150932703,39
UrbanSound8K/104998-7-7-4.wav,0.6088168101432996,39
UrbanSound8K/104998-7-7-7.wav,0.5982759060003818,39
UrbanSound8K/104998-7-7-9.wav,0.5965706385098971,39
UrbanSound8K/104998-7-8-13.wav,0.5959791969030331,39
UrbanSound8K/104998-7-8-14.wav,0.5963546893535516,39
UrbanSound8K/104998-7-8-15.wav,0.5981903397119962,39
UrbanSound8K/104998-7-8-17.wav,0.6056828116759275,39
UrbanSound8K/104998-7-8-4.wav,0.6100815183077103,39
UrbanSound8K/104998-7-8-6.wav,0.610075192573743,39
UrbanSound8K/104998-7-8-7.wav,0.6087576502408737,39
UrbanSound8K/104998-7-9-0.wav,0.6236578119106782,39
UrbanSound8K/104998-7-9-13.wav,0.6303770801959894,39
UrbanSound8K/104998-7-9-9.wav,0.6268037328353295,39
UrbanSound8K/105029-7-0-0.wav,0.5989362650956863,39
UrbanSound8K/105029-7-0-1.wav,0.6022374003361433,39
UrbanSound8K/105029-7-0-2.wav,0.6043978944802896,39
UrbanSound8K/105029-7-0-3.wav,0.6067019120240823,39
UrbanSound8K/105029-7-0-4.wav,0.607690841723711,39
UrbanSound8K/105029-7-0-5.wav,0.6083944424604758,39
UrbanSound8K/105029-7-0-6.wav,0.5966528631173648,39
UrbanSound8K/105029-7-1-0.wav,0.6250094694968982,39
UrbanSound8K/105029-7-1-1.wav,0.6376438033886445,39
UrbanSound8K/105029-7-1-10.wav,0.6321796331650171,39
UrbanSound8K/105029-7-1-11.wav,0.6337267695329128,39
UrbanSound8K/105029-7-1-12.wav,0.6365269468380854,39
UrbanSound8K/105029-7-1-13.wav,0.6368160813282697,39
UrbanSound8K/105029-7-1-2.wav,0.6422099623924646,39
UrbanSound8K/105029-7-1-3.wav,0.6429112721712161,39
UrbanSound8K/105029-7-1-4.wav,0.6418163272050711,39
UrbanSound8K/105029-7-1-5.wav,0.6402264069288205,39
UrbanSound8K/105029-7-1-6.wav,0.6377068070264963,39
UrbanSound8K/105029-7-1-7.wav,0.6366871518966479,39
UrbanSound8K/105029-7-1-8.wav,0.6355226605366437,39
UrbanSound8K/105029-7-1-9.wav,0.6333051614272289,39
UrbanSound8K/105029-7-2-0.wav,0.6303585400948157,39
UrbanSound8K/105029-7-2-1.wav,0.6323909958203634,39
UrbanSound8K/105029-7-2-10.wav,0.6313817180120028,39
UrbanSound8K/105029-7-2-11.wav,0.6285623189730521,39
UrbanSound8K/105029-7-2-12.wav,0.6341293607002649,39
UrbanSound8K/105029-7-2-13.wav,0.6360103426835476,39
UrbanSound8K/105029-7-2-14.wav,0.6357797766343142,39
UrbanSound8K/105029-7-2-15.wav,0.6387723332796341,39
UrbanSound8K/105029-7-2-16.wav,0.6369467133130783,39
UrbanSound8K/105029-7-2-2.wav,0.631315807501475,39
UrbanSound8K/105029-7-2-3.wav,0.6275273546194419,39
UrbanSound8K/105029-7-2-4.wav,0.6259469114817106,39
UrbanSound8K/105029-7-2-5.wav,0.63314644801311,39
UrbanSound8K/105029-7-2-6.wav,0.6379369909946735,39
UrbanSound8K/105029-7-2-7.wav,0.637249978689047,39
UrbanSound8K/105029-7-2-8.wav,0.634978561829298,39
UrbanSound8K/105029-7-2-9.wav,0.6348009843092698,39
UrbanSound8K/105029-7-3-0.wav,0.631526143122942,39
UrbanSound8K/105029-7-3-1.wav,0.6359074925765013,39
UrbanSound8K/105029-7-3-2.wav,0.635846170095297,39
UrbanSound8K/105029-7-3-3.wav,0.634550576026623,39
UrbanSound8K/105029-7-3-4.wav,0.6356858840355506,39
UrbanSound8K/105029-7-3-5.wav,0.6363925246091989,39
UrbanSound8K/105029-7-3-6.wav,0.6354803855602558,39
UrbanSound8K/105029-7-3-7.wav,0.6354337747280414,39
UrbanSound8K/105029-7-4-0.wav,0.6209666117643698,39
UrbanSound8K/105029-7-4-1.wav,0.6147083044052124,39
UrbanSound8K/105029-7-4-2.wav,0.6100643445283939,39
UrbanSound8K/105029-7-4-3.wav,0.6091255515049665,39
UrbanSound8K/105088-3-0-10.wav,0.45167352897780283,21
UrbanSound8K/105088-3-0-11.wav,0.44645733724940906,11
UrbanSound8K/105088-3-0-19.wav,0.4113403707742691,24
UrbanSound8K/105088-3-0-8.wav,0.42718857683633504,19
UrbanSound8K/105289-8-0-0.wav,0.45291310472366136,39
UrbanSound8K/105289-8-0-1.wav,0.4480556891514705,39
UrbanSound8K/105289-8-0-2.wav,0.446461252677135,39
UrbanSound8K/105289-8-0-3.wav,0.43910420934359234,39
UrbanSound8K/105289-8-0-4.wav,0.43732386368971604,39
UrbanSound8K/105289-8-0-5.wav,0.4462154530561887,39
UrbanSound8K/105289-8-1-0.wav,0.4960349454329564,39
UrbanSound8K/105289-8-1-1.wav,0.5555841640020028,39
UrbanSound8K/105289-8-1-2.wav,0.5952426531375983,39
UrbanSound8K/105289-8-1-3.wav,0.5828159482051165,39
UrbanSound8K/105289-8-1-4.wav,0.5966454041309845,39
UrbanSound8K/105289-8-2-0.wav,0.48530593055945176,39
UrbanSound8K/105289-8-2-1.wav,0.47223533422519,39
UrbanSound8K/105289-8-2-2.wav,0.47304323468452847,39
UrbanSound8K/105289-8-2-3.wav,0.4817182475175613,39
UrbanSound8K/105289-8-2-4.wav,0.5016629359661005,39
UrbanSound8K/105289-8-2-5.wav,0.5138423435198956,39
UrbanSound8K/105289-8-2-6.wav,0.4852161460962051,39
UrbanSound8K/105289-8-2-7.wav,0.4555298823576707,39
UrbanSound8K/105319-3-0-22.wav,0.38877061849985367,39
UrbanSound8K/105319-3-0-29.wav,0.39649537740609586,39
UrbanSound8K/105319-3-0-39.wav,0.3834872658436115,39
UrbanSound8K/106014-5-0-0.wav,0.6133192884616363,39
UrbanSound8K/106014-5-0-1.wav,0.6139802993872226,39
UrbanSound8K/106014-5-0-2.wav,0.6160598366688459,39
UrbanSound8K/106014-5-0-3.wav,0.6168660169992691,39
UrbanSound8K/106014-5-0-4.wav,0.6159686461473123,39
UrbanSound8K/106015-5-0-0.wav,0.5913094282150269,39
UrbanSound8K/106015-5-0-1.wav,0.5908261705667545,39
UrbanSound8K/106015-5-0-10.wav,0.5829660785503876,39
UrbanSound8K/106015-5-0-11.wav,0.5829804035333487,39
UrbanSound8K/106015-5-0-12.wav,0.5844221466626877,39
UrbanSound8K/106015-5-0-13.wav,0.5853102910212982,39
UrbanSound8K/106015-5-0-14.wav,0.5857399839621323,39
UrbanSound8K/106015-5-0-15.wav,0.5867459116837918,39
UrbanSound8K/106015-5-0-16.wav,0.5869537576650962,39
UrbanSound8K/106015-5-0-17.wav,0.5875437504205948,39
UrbanSound8K/106015-5-0-18.wav,0.586483726134667,39
UrbanSound8K/106015-5-0-19.wav,0.586344396456694,39
UrbanSound8K/106015-5-0-2.wav,0.5883970016088241,39
UrbanSound8K/106015-5-0-20.wav,0.5875173409779867,39
UrbanSound8K/106015-5-0-3.wav,0.5859080614187778,39
UrbanSound8K/106015-5-0-4.wav,0.5837337267704499,39
UrbanSound8K/106015-5-0-5.wav,0.5828258196512858,39
UrbanSound8K/106015-5-0-6.wav,0.5827814600406549,39
UrbanSound8K/106015-5-0-7.wav,0.5823057171625968,39
UrbanSound8K/106015-5-0-8.wav,0.5820581057132819,39
UrbanSound8K/106015-5-0-9.wav,0.5824133937175457,39
UrbanSound8K/106486-5-0-0.wav,0.5276330373226068,39
UrbanSound8K/106486-5-0-1.wav,0.5273924454664572,39
UrbanSound8K/106486-5-0-2.wav,0.5288527730183724,39
UrbanSound8K/106487-5-0-0.wav,0.5629108303632492,39
UrbanSound8K/106487-5-0-1.wav,0.5620683202376733,39
UrbanSound8K/106487-5-0-2.wav,0.5613928742897816,39
UrbanSound8K/106905-5-0-0.wav,0.6510884349162762,39
UrbanSound8K/106905-5-0-1.wav,0.6540142389444205,39
UrbanSound8K/106905-5-0-2.wav,0.6541092838996496,39
UrbanSound8K/106905-8-0-0.wav,0.6865794352996044,39
UrbanSound8K/106905-8-0-1.wav,0.6773610222033966,39
UrbanSound8K/106905-8-0-2.wav,0.6622105210255353,39
UrbanSound8K/106905-8-0-3.wav,0.6513997606742077,39
UrbanSound8K/106955-6-0-0.wav,0.6273299157619476,10
UrbanSound8K/107090-1-0-0.wav,0.6098127365112305,4
UrbanSound8K/107090-1-1-0.wav,0.6082876750401088,7
UrbanSound8K/107190-3-0-0.wav,0.5647807518641154,6
UrbanSound8K/107228-5-0-0.wav,0.5856649294877664,39
UrbanSound8K/107228-5-0-1.wav,0.5930279355782729,39
UrbanSound8K/107228-5-0-2.wav,0.5912179549535116,39
UrbanSound8K/107228-5-0-3.wav,0.5929099734012897,39
UrbanSound8K/107228-5-0-4.wav,0.5893257764669565,39
UrbanSound8K/107228-5-0-5.wav,0.5630891506488507,39
UrbanSound8K/107228-5-0-6.wav,0.540027766655653,39
UrbanSound8K/107228-5-0-7.wav,0.5378551590136993,39
UrbanSound8K/107357-8-0-0.wav,0.5266417983250741,39
UrbanSound8K/107357-8-0-1.wav,0.5563159967080141,39
UrbanSound8K/107357-8-0-2.wav,0.5486306838500195,39
UrbanSound8K/107357-8-0-3.wav,0.550700632425455,39
UrbanSound8K/107357-8-0-4.wav,0.5711724238517957,39
UrbanSound8K/107357-8-0-5.wav,0.5947422538048182,39
UrbanSound8K/107357-8-0-6.wav,0.5878039338649848,39
UrbanSound8K/107357-8-0-7.wav,0.5539939632782569,39
UrbanSound8K/107357-8-0-8.wav,0.5270727750582572,39
UrbanSound8K/107357-8-1-0.wav,0.5481449059951,39
UrbanSound8K/107357-8-1-1.wav,0.5506360209905184,39
UrbanSound8K/107357-8-1-10.wav,0.5442045300434797,39
UrbanSound8K/107357-8-1-11.wav,0.5440401404331892,39
UrbanSound8K/107357-8-1-12.wav,0.5513683465810922,39
UrbanSound8K/107357-8-1-13.wav,0.5704905574138348,39
UrbanSound8K/107357-8-1-14.wav,0.5856317969468924,39
UrbanSound8K/107357-8-1-15.wav,0.6014170661950723,39
UrbanSound8K/107357-8-1-16.wav,0.6037324514144506,39
UrbanSound8K/107357-8-1-17.wav,0.5975164083334116,39
UrbanSound8K/107357-8-1-18.wav,0.5897359863305703,39
UrbanSound8K/107357-8-1-2.wav,0.5454532504081726,39
UrbanSound8K/107357-8-1-3.wav,0.5532577374042609,39
UrbanSound8K/107357-8-1-4.wav,0.5702813252424582,39
UrbanSound8K/107357-8-1-5.wav,0.5759439086302732,39
UrbanSound8K/107357-8-1-6.wav,0.572283637829316,39
UrbanSound8K/107357-8-1-7.wav,0.571030835310618,39
UrbanSound8K/107357-8-1-8.wav,0.5669500140043405,39
UrbanSound8K/107357-8-1-9.wav,0.5549659041258005,39
UrbanSound8K/107842-4-0-0.wav,0.6920376190772424,39
UrbanSound8K/107842-4-0-1.wav,0.6863414905010126,39
UrbanSound8K/107842-4-0-2.wav,0.6794427572152554,39
UrbanSound8K/107842-4-1-0.wav,0.47545366920530796,16
UrbanSound8K/107842-4-2-0.wav,0.6861019440186329,39
UrbanSound8K/107842-4-2-1.wav,0.6949574855657724,39
UrbanSound8K/107842-4-2-2.wav,0.6867455824827536,39
UrbanSound8K/107842-4-2-3.wav,0.6831941650463984,39
UrbanSound8K/107842-4-2-4.wav,0.6318773864171444,39
UrbanSound8K/107842-4-3-0.wav,0.5055214663346609,6
UrbanSound8K/108187-3-3-0.wav,0.5120051370726691,9
UrbanSound8K/108187-3-4-0.wav,0.517681489388148,12
UrbanSound8K/108187-3-6-0.wav,0.5085211656987667,16
UrbanSound8K/109233-3-0-3.wav,0.5006234088005164,39
UrbanSound8K/109233-3-0-4.wav,0.5048944193583268,39
UrbanSound8K/109233-3-0-5.wav,0.5009552760001941,39
UrbanSound8K/109233-3-0-6.wav,0.5171463986237844,39
UrbanSound8K/109711-3-1-0.wav,0.504973594437946,22
UrbanSound8K/109711-3-2-4.wav,0.49267684649198484,39
UrbanSound8K/109711-3-2-6.wav,0.4824506816191551,39
UrbanSound8K/110134-3-0-0.wav,0.5439503818750382,10
UrbanSound8K/110371-3-0-1.wav,0.46779713340294665,39
UrbanSound8K/110371-3-1-0.wav,0.4622729114997081,39
UrbanSound8K/110371-3-1-1.wav,0.4560497364936731,39
UrbanSound8K/110389-3-0-0.wav,0.4551868885755539,4
UrbanSound8K/110621-7-0-0.wav,0.6810814967522254,39
UrbanSound8K/110621-7-0-1.wav,0.682820662474021,39
UrbanSound8K/110621-7-0-2.wav,0.6778645316759745,39
UrbanSound8K/110621-7-0-3.wav,0.66395675830352,39
UrbanSound8K/110622-6-0-0.wav,0.5764671457665307,14
UrbanSound8K/110688-3-0-11.wav,0.5017498830954233,39
UrbanSound8K/110688-3-0-17.wav,0.4908809172801482,39
UrbanSound8K/110688-3-0-2.wav,0.45281537679525524,39
UrbanSound8K/110688-3-0-32.wav,0.5265134679965484,39
UrbanSound8K/110918-3-0-1.wav,0.4574216787631695,39
UrbanSound8K/110918-3-0-26.wav,0.5248883618758275,39
UrbanSound8K/110918-3-0-40.wav,0.5120846247061704,39
UrbanSound8K/110918-3-0-9.wav,0.5169857136714153,39
UrbanSound8K/111048-6-0-0.wav,0.5045169641574224,12
UrbanSound8K/111386-5-0-0.wav,0.6298063137592413,39
UrbanSound8K/111386-5-0-1.wav,0.6295997194754772,39
UrbanSound8K/111386-5-0-2.wav,0.6295440517939054,39
UrbanSound8K/111386-5-0-3.wav,0.6277918662780371,39
UrbanSound8K/111386-5-0-4.wav,0.6242696810991336,39
UrbanSound8K/111386-5-0-5.wav,0.6209220870947226,39
UrbanSound8K/111386-5-0-6.wav,0.6204533882630177,39
UrbanSound8K/111386-5-0-7.wav,0.622222886635707,39
UrbanSound8K/111386-5-1-0.wav,0.6308463460359818,39
UrbanSound8K/111386-5-1-1.wav,0.6324734045909002,39
UrbanSound8K/111386-5-1-10.wav,0.6681927503683628,39
UrbanSound8K/111386-5-1-11.wav,0.660280690743373,39
UrbanSound8K/111386-5-1-12.wav,0.6647281493896093,39
UrbanSound8K/111386-5-1-13.wav,0.674332612600082,39
UrbanSound8K/111386-5-1-14.wav,0.673488668906383,39
UrbanSound8K/111386-5-1-2.wav,0.6288983638469989,39
UrbanSound8K/111386-5-1-3.wav,0.6264085723803594,39
UrbanSound8K/111386-5-1-4.wav,0.6251496596214099,39
UrbanSound8K/111386-5-1-5.wav,0.6328583176319416,39
UrbanSound8K/111386-5-1-6.wav,0.6523929161903186,39
UrbanSound8K/111386-5-1-7.wav,0.6686161725949018,39
UrbanSound8K/111386-5-1-8.wav,0.6727294677343124,39
UrbanSound8K/111386-5-1-9.wav,0.6718300718527573,39
UrbanSound8K/111671-8-0-0.wav,0.4417495131492615,39
UrbanSound8K/111671-8-0-1.wav,0.4249562559983669,39
UrbanSound8K/111671-8-0-10.wav,0.5236842433611552,39
UrbanSound8K/111671-8-0-11.wav,0.5129167445195026,39
UrbanSound8K/111671-8-0-12.wav,0.4663977905725821,39
UrbanSound8K/111671-8-0-13.wav,0.4348681966463725,39
UrbanSound8K/111671-8-0-14.wav,0.48340970965532154,39
UrbanSound8K/111671-8-0-15.wav,0.522816688586504,39
UrbanSound8K/111671-8-0-16.wav,0.5204441646734873,39
UrbanSound8K/111671-8-0-17.wav,0.4852518645616678,39
UrbanSound8K/111671-8-0-18.wav,0.4396386520984845,39
UrbanSound8K/111671-8-0-19.wav,0.4538221366894551,39
UrbanSound8K/111671-8-0-2.wav,0.41909110851776904,39
UrbanSound8K/111671-8-0-20.wav,0.5017388592927884,39
UrbanSound8K/111671-8-0-21.wav,0.5223714311917623,39
UrbanSound8K/111671-8-0-22.wav,0.5145982137093177,39
UrbanSound8K/111671-8-0-3.wav,0.46608281441223925,39
UrbanSound8K/111671-8-0-4.wav,0.5130808911262414,39
UrbanSound8K/111671-8-0-5.wav,0.5230765098180526,39
UrbanSound8K/111671-8-0-6.wav,0.5115576348243616,39
UrbanSound8K/111671-8-0-7.wav,0.45628870985446834,39
UrbanSound8K/111671-8-0-8.wav,0.4441030659736731,39
UrbanSound8K/111671-8-0-9.wav,0.5000800413963122,39
UrbanSound8K/112075-5-0-0.wav,0.7215206332695789,39
UrbanSound8K/112075-5-0-1.wav,0.7170857512033902,39
UrbanSound8K/112075-5-0-2.wav,0.7106339350724832,39
UrbanSound8K/112195-3-0-38.wav,0.575922565582471,39
UrbanSound8K/112195-3-0-48.wav,0.5830964537767264,39
UrbanSound8K/112195-3-0-57.wav,0.5522238123111236,39
UrbanSound8K/112195-3-0-80.wav,0.5858472432845678,39
UrbanSound8K/113160-8-0-0.wav,0.5429561947073255,7
UrbanSound8K/113201-5-0-0.wav,0.6011777245081388,39
UrbanSound8K/113201-5-0-1.wav,0.6010884229953473,39
UrbanSound8K/113201-5-0-2.wav,0.6018699942490994,39
UrbanSound8K/113201-5-0-3.wav,0.6012834371664585,39
UrbanSound8K/113201-5-0-4.wav,0.6011448410841135,39
UrbanSound8K/113201-5-0-5.wav,0.6018089162997711,39
UrbanSound8K/113201-5-0-6.wav,0.6013861634792426,39
UrbanSound8K/113201-5-0-7.wav,0.6011034724039909,39
UrbanSound8K/113202-5-0-0.wav,0.5182444285123776,39
UrbanSound8K/113202-5-0-1.wav,0.5184288559815823,39
UrbanSound8K/113202-5-0-10.wav,0.5191297622827383,39
UrbanSound8K/113202-5-0-11.wav,0.5189933379491171,39
UrbanSound8K/113202-5-0-12.wav,0.5187796140328432,39
UrbanSound8K/113202-5-0-13.wav,0.51877034168977,39
UrbanSound8K/113202-5-0-14.wav,0.518568231509282,39
UrbanSound8K/113202-5-0-15.wav,0.5182393391927084,39
UrbanSound8K/113202-5-0-16.wav,0.518225663747543,39
UrbanSound8K/113202-5-0-17.wav,0.5181319102262839,39
UrbanSound8K/113202-5-0-18.wav,0.5179159243901571,39
UrbanSound8K/113202-5-0-19.wav,0.518068226484152,39
UrbanSound8K/113202-5-0-2.wav,0.5183526369241568,39
UrbanSound8K/113202-5-0-20.wav,0.5181280894157214,39
UrbanSound8K/113202-5-0-21.wav,0.5181300976337531,39
UrbanSound8K/113202-5-0-22.wav,0.5184473013266538,39
UrbanSound8K/113202-5-0-23.wav,0.5186030421501551,39
UrbanSound8K/113202-5-0-24.wav,0.5187455751957037,39
UrbanSound8K/113202-5-0-25.wav,0.5190723202167413,39
UrbanSound8K/113202-5-0-26.wav,0.5191751351723304,39
UrbanSound8K/113202-5-0-27.wav,0.5191811751096677,39
UrbanSound8K/113202-5-0-28.wav,0.5193028939075959,39
UrbanSound8K/113202-5-0-3.wav,0.5181837677955627,39
UrbanSound8K/113202-5-0-4.wav,0.5185149266169622,39
UrbanSound8K/113202-5-0-5.wav,0.5185381204654009,39
UrbanSound8K/113202-5-0-6.wav,0.5185529024173052,39
UrbanSound8K/113202-5-0-7.wav,0.5189180251879569,39
UrbanSound8K/113202-5-0-8.wav,0.5189248109475161,39
UrbanSound8K/113202-5-0-9.wav,0.5189287005326687,39
UrbanSound8K/113203-5-0-0.wav,0.47787039402203685,39
UrbanSound8K/113203-5-0-1.wav,0.4807310027953906,39
UrbanSound8K/113203-5-0-2.wav,0.4840118082670065,39
UrbanSound8K/113203-5-0-3.wav,0.4849444643045083,39
UrbanSound8K/113203-5-0-4.wav,0.48187929544693386,39
UrbanSound8K/113203-5-0-5.wav,0.47820900953733003,39
UrbanSound8K/113203-5-0-6.wav,0.47877970032202893,39
UrbanSound8K/113203-5-0-7.wav,0.48638233083945054,39
UrbanSound8K/113203-5-0-8.wav,0.5049494566061558,39
UrbanSound8K/113203-5-1-0.wav,0.49622199397820693,39
UrbanSound8K/113203-5-1-1.wav,0.4923305702515138,39
UrbanSound8K/113203-5-1-2.wav,0.47895792279488003,39
UrbanSound8K/113203-5-2-0.wav,0.46758496885498363,24
UrbanSound8K/113203-5-3-0.wav,0.4805641793287717,39
UrbanSound8K/113203-5-3-1.wav,0.47415946080134463,39
UrbanSound8K/113203-5-4-0.wav,0.47943256833614445,39
UrbanSound8K/113203-5-5-0.wav,0.49846587930956193,31
UrbanSound8K/113203-5-6-0.wav,0.49038239549367857,39
UrbanSound8K/113203-5-7-0.wav,0.4850516418615977,9
UrbanSound8K/113203-5-8-0.wav,0.46962160244584084,8
UrbanSound8K/113205-5-0-0.wav,0.4568557758485117,31
UrbanSound8K/113205-5-1-0.wav,0.4539612707419273,39
UrbanSound8K/113205-5-1-1.wav,0.44699464852993304,39
UrbanSound8K/113205-5-1-2.wav,0.44835058618814516,39
UrbanSound8K/113205-5-1-3.wav,0.4493984022201636,39
UrbanSound8K/113205-5-1-4.wav,0.4501432738243005,39
UrbanSound8K/113205-5-1-5.wav,0.44743696848551434,39
UrbanSound8K/113205-5-1-6.wav,0.44458976540810025,39
UrbanSound8K/113205-5-1-7.wav,0.4449711953982329,39
UrbanSound8K/113205-5-1-8.wav,0.4448388662093725,39
UrbanSound8K/113205-5-1-9.wav,0.44576045106618833,39
UrbanSound8K/113216-5-0-0.wav,0.6709861388573279,39
UrbanSound8K/113216-5-0-1.wav,0.6700574908501062,39
UrbanSound8K/113216-5-0-2.wav,0.6687402236155975,39
UrbanSound8K/113216-5-0-3.wav,0.667139715109116,39
UrbanSound8K/113216-5-0-4.wav,0.6654177949978755,39
UrbanSound8K/113785-3-1-0.wav,0.6187341809272766,5
UrbanSound8K/114280-3-0-0.wav,0.43355495969836527,26
UrbanSound8K/114280-3-0-1.wav,0.3966181588669618,30
UrbanSound8K/114587-3-0-2.wav,0.4649560570716858,35
UrbanSound8K/114587-3-0-4.wav,0.5378849529303037,39
UrbanSound8K/114587-3-0-5.wav,0.5167131767823145,39
UrbanSound8K/114587-3-0-7.wav,0.4734183955523703,36
UrbanSound8K/115411-3-0-0.wav,0.5554807053671943,9
UrbanSound8K/115411-3-2-0.wav,0.5614783542496817,35
UrbanSound8K/115411-3-3-0.wav,0.5609130828808515,39
UrbanSound8K/115536-3-0-0.wav,0.5536818781069347,28
UrbanSound8K/115537-3-0-0.wav,0.628735625743866,5
UrbanSound8K/116163-3-2-0.wav,0.7361218214035035,10
UrbanSound8K/116400-3-0-2.wav,0.4252564815374521,39
UrbanSound8K/116400-3-1-0.wav,0.436010432549012,39
UrbanSound8K/116400-3-1-1.wav,0.40679412392469555,39
UrbanSound8K/116400-3-1-2.wav,0.4092876383891472,39
UrbanSound8K/116483-3-0-1.wav,0.3955356979217285,39
UrbanSound8K/116483-3-0-2.wav,0.4239265479338475,39
UrbanSound8K/116483-3-1-0.wav,0.4483182469480916,38
UrbanSound8K/116483-3-1-2.wav,0.3859315997723377,33
UrbanSound8K/116484-3-0-12.wav,0.4597047199221218,17
UrbanSound8K/116484-3-0-16.wav,0.46099332916109187,19
UrbanSound8K/116484-3-0-6.wav,0.44904932379722595,11
UrbanSound8K/116484-3-0-8.wav,0.4279908852444755,18
UrbanSound8K/116485-3-0-4.wav,0.4517979605330361,18
UrbanSound8K/116485-3-0-6.wav,0.432480259736379,15
UrbanSound8K/116485-3-2-0.wav,0.4711975969117263,29
UrbanSound8K/116485-3-2-4.wav,0.42487453752093846,18
UrbanSound8K/117048-3-0-17.wav,0.5197218526632358,39
UrbanSound8K/117048-3-0-23.wav,0.4750202764303256,39
UrbanSound8K/117048-3-0-25.wav,0.4899719219941359,39
UrbanSound8K/117048-3-0-35.wav,0.48390238789411694,39
UrbanSound8K/117072-3-0-11.wav,0.6320120463004479,39
UrbanSound8K/117072-3-0-14.wav,0.691343503120618,39
UrbanSound8K/117072-3-0-19.wav,0.6492878320889596,39
UrbanSound8K/117072-3-0-8.wav,0.5656369848129077,39
UrbanSound8K/117181-8-0-0.wav,0.6361345587632595,39
UrbanSound8K/117181-8-0-1.wav,0.6250302012150104,39
UrbanSound8K/117181-8-0-10.wav,0.5768476143861428,39
UrbanSound8K/117181-8-0-11.wav,0.5725816534115717,39
UrbanSound8K/117181-8-0-12.wav,0.547157347202301,39
UrbanSound8K/117181-8-0-2.wav,0.6185328318522527,39
UrbanSound8K/117181-8-0-3.wav,0.6169024919852232,39
UrbanSound8K/117181-8-0-4.wav,0.5946054275219257,39
UrbanSound8K/117181-8-0-5.wav,0.5750822363755642,39
UrbanSound8K/117181-8-0-6.wav,0.5760696637324798,39
UrbanSound8K/117181-8-0-7.wav,0.582096000512441,39
UrbanSound8K/117181-8-0-8.wav,0.5973799885847629,39
UrbanSound8K/117181-8-0-9.wav,0.5942593537844144,39
UrbanSound8K/11722-3-0-0.wav,0.2768543078140779,11
UrbanSound8K/117271-3-0-0.wav,0.5686389467655084,39
UrbanSound8K/117271-3-0-1.wav,0.6085614118820581,39
UrbanSound8K/117271-3-0-2.wav,0.6312241447277558,39
UrbanSound8K/117271-3-0-3.wav,0.6181454100669959,39
UrbanSound8K/117536-1-0-0.wav,0.5624066144227982,4
UrbanSound8K/118072-3-0-0.wav,0.47942449649175006,9
UrbanSound8K/118101-3-0-0.wav,0.45116085841737946,29
UrbanSound8K/118101-3-0-3.wav,0.4094661038655501,13
UrbanSound8K/118101-3-0-4.wav,0.4177592138449351,15
UrbanSound8K/118101-3-0-6.wav,0.35471898689866066,8
UrbanSound8K/118278-4-0-0.wav,0.5308015743891398,39
UrbanSound8K/118278-4-0-1.wav,0.5417685814392872,39
UrbanSound8K/118278-4-0-10.wav,0.5084372537258344,39
UrbanSound8K/118278-4-0-11.wav,0.510490174476917,39
UrbanSound8K/118278-4-0-12.wav,0.5122815890189929,39
UrbanSound8K/118278-4-0-13.wav,0.5114418176504282,39
UrbanSound8K/118278-4-0-2.wav,0.5468452435273391,39
UrbanSound8K/118278-4-0-3.wav,0.5344927922273294,39
UrbanSound8K/118278-4-0-4.wav,0.5290980644715138,39
UrbanSound8K/118278-4-0-5.wav,0.5225405341539627,39
UrbanSound8K/118278-4-0-6.wav,0.5169212130399851,39
UrbanSound8K/118278-4-0-7.wav,0.5158687493739984,39
UrbanSound8K/118278-4-0-8.wav,0.5145669610072405,39
UrbanSound8K/118278-4-0-9.wav,0.51082776983579,39
UrbanSound8K/118279-8-0-0.wav,0.4733394797031696,39
UrbanSound8K/118279-8-0-1.wav,0.47332188410636705,39
UrbanSound8K/118279-8-0-10.wav,0.4729517621871753,39
UrbanSound8K/118279-8-0-11.wav,0.46944521405758,39
UrbanSound8K/118279-8-0-12.wav,0.4693012971144456,39
UrbanSound8K/118279-8-0-13.wav,0.4647559508299216,39
UrbanSound8K/118279-8-0-14.wav,0.4622581570576399,39
UrbanSound8K/118279-8-0-2.wav,0.4776579760588132,39
UrbanSound8K/118279-8-0-3.wav,0.5073678233684638,39
UrbanSound8K/118279-8-0-4.wav,0.5366129852258242,39
UrbanSound8K/118279-8-0-5.wav,0.5352948789413159,39
UrbanSound8K/118279-8-0-6.wav,0.5049833815831405,39
UrbanSound8K/118279-8-0-7.wav,0.4787580997515947,39
UrbanSound8K/118279-8-0-8.wav,0.4769429426926833,39
UrbanSound8K/118279-8-0-9.wav,0.47742056999451077,39
UrbanSound8K/118440-4-0-0.wav,0.6238130927085876,5
UrbanSound8K/118440-4-1-0.wav,0.6155329176357814,7
UrbanSound8K/118440-4-2-0.wav,0.6289552946885427,6
UrbanSound8K/118440-4-3-0.wav,0.6071263328194618,8
UrbanSound8K/118440-4-4-0.wav,0.6227802261710167,8
UrbanSound8K/118440-4-5-0.wav,0.6138932704925537,7
UrbanSound8K/118440-4-6-0.wav,0.623907378741673,7
UrbanSound8K/118558-5-0-0.wav,0.5574555091368847,39
UrbanSound8K/118558-5-0-1.wav,0.5619826561365372,39
UrbanSound8K/118558-5-0-2.wav,0.5710932108072134,39
UrbanSound8K/118558-5-1-0.wav,0.5724589106364127,39
UrbanSound8K/118558-5-1-1.wav,0.5726084281236697,39
UrbanSound8K/118558-5-1-2.wav,0.5732437647306002,39
UrbanSound8K/118558-5-2-0.wav,0.5500918091871799,39
UrbanSound8K/118558-5-2-1.wav,0.5447925604306735,39
UrbanSound8K/118558-5-2-2.wav,0.5468071775558667,39
UrbanSound8K/118558-5-2-3.wav,0.5468033047822806,39
UrbanSound8K/118587-3-0-2.wav,0.3920222504271401,36
UrbanSound8K/118587-3-0-21.wav,0.3905473504747663,35
UrbanSound8K/118587-3-0-6.wav,0.3653670796326229,35
UrbanSound8K/118723-4-0-0.wav,0.6991497731208801,25
UrbanSound8K/118961-3-0-0.wav,0.6414711574713389,6
UrbanSound8K/118962-3-0-0.wav,0.6587601393461228,20
UrbanSound8K/118963-3-0-0.wav,0.5660343989729881,4
UrbanSound8K/118964-3-0-0.wav,0.6863240659236908,10
UrbanSound8K/119420-3-0-0.wav,0.4507268326623099,28
UrbanSound8K/119420-3-1-0.wav,0.4561716966769275,17
UrbanSound8K/119449-5-0-0.wav,0.49138911565144855,39
UrbanSound8K/119449-5-0-1.wav,0.4922229808110457,39
UrbanSound8K/119449-5-0-2.wav,0.4921210545759935,39
UrbanSound8K/119449-5-0-3.wav,0.4924429471676166,39
UrbanSound8K/119449-5-0-4.wav,0.4928008508987916,39
UrbanSound8K/119449-5-0-5.wav,0.49256594975789386,39
UrbanSound8K/119449-5-0-6.wav,0.4927120063549433,39
UrbanSound8K/119455-5-0-0.wav,0.6022709699777457,39
UrbanSound8K/119455-5-0-1.wav,0.6044942751908914,39
UrbanSound8K/119455-5-0-2.wav,0.6056508834545429,39
UrbanSound8K/119455-5-0-3.wav,0.6068402100832034,39
UrbanSound8K/119455-5-0-4.wav,0.6051836029077188,39
UrbanSound8K/119455-5-0-5.wav,0.6063735546209873,39
UrbanSound8K/119455-5-0-6.wav,0.6093940505614648,39
UrbanSound8K/119455-5-0-7.wav,0.6080828614723988,39
UrbanSound8K/119809-7-0-0.wav,0.5844475412980105,39
UrbanSound8K/119809-7-0-1.wav,0.5921102869204986,39
UrbanSound8K/119809-7-0-2.wav,0.5994878457142756,39
UrbanSound8K/119809-7-0-3.wav,0.6008715629577637,39
UrbanSound8K/119809-7-0-4.wav,0.5991977132283725,39
UrbanSound8K/119809-7-0-5.wav,0.5902757736352774,39
UrbanSound8K/119809-7-0-6.wav,0.5783816239772699,39
UrbanSound8K/121299-1-0-0.wav,0.551671850681305,5
UrbanSound8K/121528-8-1-0.wav,0.5748137908104138,39
UrbanSound8K/121528-8-1-1.wav,0.5742690975849445,39
UrbanSound8K/121888-3-0-0.wav,0.4297674298286438,6
UrbanSound8K/122199-3-1-1.wav,0.5383261457467691,39
UrbanSound8K/122199-3-1-2.wav,0.5375772989713229,39
UrbanSound8K/122199-3-1-3.wav,0.5361883716705518,39
UrbanSound8K/122199-3-1-6.wav,0.5419206573412969,39
UrbanSound8K/122690-6-0-0.wav,0.573819762468338,30
UrbanSound8K/123685-5-0-0.wav,0.5951996598488245,39
UrbanSound8K/123685-5-0-1.wav,0.5961823662122091,39
UrbanSound8K/123685-5-0-2.wav,0.5821482218228854,39
UrbanSound8K/123685-5-0-3.wav,0.5725025825011425,39
UrbanSound8K/123685-5-0-4.wav,0.5746945677659451,39
UrbanSound8K/123685-5-0-5.wav,0.5760667324066162,39
UrbanSound8K/123685-5-0-6.wav,0.5792044294186127,39
UrbanSound8K/123685-5-0-7.wav,0.5778115391731262,39
UrbanSound8K/123685-5-0-8.wav,0.5764491955439249,39
UrbanSound8K/123688-8-0-0.wav,0.48791069098007983,39
UrbanSound8K/123688-8-0-1.wav,0.4922500084608029,39
UrbanSound8K/123688-8-0-10.wav,0.5014420793606684,39
UrbanSound8K/123688-8-0-11.wav,0.4952475566130418,39
UrbanSound8K/123688-8-0-12.wav,0.5103273743238205,39
UrbanSound8K/123688-8-0-13.wav,0.5328291899118668,39
UrbanSound8K/123688-8-0-14.wav,0.5250545931168091,39
UrbanSound8K/123688-8-0-15.wav,0.5157671425587091,39
UrbanSound8K/123688-8-0-16.wav,0.521637941018129,39
UrbanSound8K/123688-8-0-17.wav,0.5142380503507761,39
UrbanSound8K/123688-8-0-18.wav,0.5171292806283022,39
UrbanSound8K/123688-8-0-2.wav,0.4964211277472667,39
UrbanSound8K/123688-8-0-3.wav,0.4947703602986458,39
UrbanSound8K/123688-8-0-4.wav,0.49845873851042527,39
UrbanSound8K/123688-8-0-5.wav,0.5048204912589147,39
UrbanSound8K/123688-8-0-6.wav,0.5035661046321576,39
UrbanSound8K/123688-8-0-7.wav,0.4979848632445702,39
UrbanSound8K/123688-8-0-8.wav,0.4948914975692064,39
UrbanSound8K/123688-8-0-9.wav,0.5026147824067336,39
UrbanSound8K/123688-8-1-0.wav,0.5508740269220792,39
UrbanSound8K/123688-8-1-1.wav,0.5772393773763608,39
UrbanSound8K/123688-8-1-2.wav,0.6047933132220538,39
UrbanSound8K/123688-8-1-3.wav,0.5878143952443049,39
UrbanSound8K/123688-8-1-4.wav,0.5583397394571549,39
UrbanSound8K/123688-8-1-5.wav,0.5476990143458048,39
UrbanSound8K/123688-8-2-0.wav,0.518404558683053,39
UrbanSound8K/123688-8-2-1.wav,0.510723889638216,39
UrbanSound8K/123688-8-2-2.wav,0.5064495320503528,39
UrbanSound8K/123688-8-2-3.wav,0.5000109924719884,39
UrbanSound8K/123688-8-2-4.wav,0.49439714275873625,39
UrbanSound8K/124389-8-1-0.wav,0.6318587263425192,39
UrbanSound8K/124389-8-1-1.wav,0.6462470583426647,39
UrbanSound8K/124389-8-1-10.wav,0.6577874834720905,39
UrbanSound8K/124389-8-1-11.wav,0.6556109770750388,39
UrbanSound8K/124389-8-1-12.wav,0.6550776989032061,39
UrbanSound8K/124389-8-1-13.wav,0.6546729634969662,39
UrbanSound8K/124389-8-1-14.wav,0.6480738795720614,39
UrbanSound8K/124389-8-1-15.wav,0.638894701615358,39
UrbanSound8K/124389-8-1-16.wav,0.6320886046458514,39
UrbanSound8K/124389-8-1-17.wav,0.6262081525264642,39
UrbanSound8K/124389-8-1-18.wav,0.6195748494221613,39
UrbanSound8K/124389-8-1-2.wav,0.6697832086147406,39
UrbanSound8K/124389-8-1-3.wav,0.6761411000520755,39
UrbanSound8K/124389-8-1-4.wav,0.6535488901994168,39
UrbanSound8K/124389-8-1-5.wav,0.644766628742218,39
UrbanSound8K/124389-8-1-6.wav,0.6471920930422269,39
UrbanSound8K/124389-8-1-7.wav,0.6470742684144241,39
UrbanSound8K/124389-8-1-8.wav,0.6499125697673895,39
UrbanSound8K/124389-8-1-9.wav,0.6538066191551013,39
UrbanSound8K/125520-1-0-0.wav,0.5382575818470546,7
UrbanSound8K/125520-1-1-0.wav,0.5343202859163284,20
UrbanSound8K/125520-1-2-0.wav,0.5052722437041146,7
UrbanSound8K/125520-1-3-0.wav,0.5343713249479022,7
UrbanSound8K/125520-1-4-0.wav,0.5392981320619583,4
UrbanSound8K/125523-3-0-1.wav,0.40165018166104954,24
UrbanSound8K/125523-3-0-11.wav,0.4290876475473245,24
UrbanSound8K/125523-3-0-3.wav,0.4024701633236625,22
UrbanSound8K/125554-3-0-0.wav,0.5077126979827881,15
UrbanSound8K/125574-3-0-0.wav,0.49023412053401655,13
UrbanSound8K/125678-7-0-0.wav,0.6644178797037174,39
UrbanSound8K/125678-7-0-1.wav,0.6609041767242627,39
UrbanSound8K/125678-7-0-2.wav,0.6603218821378855,39
UrbanSound8K/125678-7-0-3.wav,0.6636215341396821,39
UrbanSound8K/125678-7-0-4.wav,0.6669941131885235,39
UrbanSound8K/125678-7-0-5.wav,0.6649940839180579,39
UrbanSound8K/125678-7-0-6.wav,0.6594318457138844,39
UrbanSound8K/125678-7-0-7.wav,0.6513507457879874,39
UrbanSound8K/125678-7-0-8.wav,0.6519897671846243,39
UrbanSound8K/125678-7-0-9.wav,0.6548356245725583,39
UrbanSound8K/125678-7-1-0.wav,0.6664104828467736,39
UrbanSound8K/125678-7-1-1.wav,0.6638800838054755,39
UrbanSound8K/125678-7-1-2.wav,0.6674760748178531,39
UrbanSound8K/125678-7-1-3.wav,0.669555644194285,39
UrbanSound8K/125678-7-1-4.wav,0.6709090242019067,39
UrbanSound8K/125678-7-1-5.wav,0.6687777286920792,39
UrbanSound8K/125678-7-1-6.wav,0.6632560567978101,39
UrbanSound8K/125678-7-1-7.wav,0.663057015492366,39
UrbanSound8K/125678-7-1-8.wav,0.666137450780624,39
UrbanSound8K/125678-7-2-0.wav,0.673687797326308,39
UrbanSound8K/125678-7-2-1.wav,0.6797297566364973,39
UrbanSound8K/125678-7-2-2.wav,0.6752341939852788,39
UrbanSound8K/125678-7-2-3.wav,0.6722585085110787,39
UrbanSound8K/125678-7-2-4.wav,0.671854630494729,39
UrbanSound8K/125678-7-2-5.wav,0.6705721876560113,39
UrbanSound8K/125678-7-2-6.wav,0.6668880566572531,39
UrbanSound8K/125678-7-2-7.wav,0.6615058932548914,39
UrbanSound8K/125678-7-2-8.wav,0.6545859850369967,39
UrbanSound8K/125678-7-3-0.wav,0.6721442143122355,39
UrbanSound8K/125678-7-3-1.wav,0.6628465423217187,39
UrbanSound8K/125678-7-3-2.wav,0.6603417579944317,39
UrbanSound8K/125678-7-3-3.wav,0.6648087639075059,39
UrbanSound8K/125678-7-3-4.wav,0.661978692580492,39
UrbanSound8K/125678-7-3-5.wav,0.6604059934616089,39
UrbanSound8K/125678-7-3-6.wav,0.6577820304112557,39
UrbanSound8K/125678-7-3-7.wav,0.6557190739191495,39
UrbanSound8K/125678-7-4-0.wav,0.6602788017346308,39
UrbanSound8K/125678-7-4-1.wav,0.6476526780006213,39
UrbanSound8K/125678-7-4-2.wav,0.6448398797939985,39
UrbanSound8K/125678-7-4-3.wav,0.6477079712427579,39
UrbanSound8K/125678-7-4-4.wav,0.6476069902762388,39
UrbanSound8K/125678-7-4-5.wav,0.642396975786258,39
UrbanSound8K/125678-7-4-6.wav,0.6459398911549494,39
UrbanSound8K/125678-7-4-7.wav,0.6556015518995432,39
UrbanSound8K/125678-7-4-8.wav,0.6605675801252707,39
UrbanSound8K/125791-3-0-12.wav,0.5174823258167658,39
UrbanSound8K/125791-3-0-13.wav,0.49962014800462967,39
UrbanSound8K/125791-3-0-15.wav,0.45761032211474884,39
UrbanSound8K/125791-3-0-9.wav,0.4517648770258977,39
UrbanSound8K/12647-3-0-0.wav,0.464526226123174,6
UrbanSound8K/12647-3-1-0.wav,0.477747443318367,10
UrbanSound8K/12647-3-2-0.wav,0.5189636766910553,10
UrbanSound8K/12647-3-3-0.wav,0.5387103809760168,39
UrbanSound8K/126521-3-0-12.wav,0.6398586584971502,39
UrbanSound8K/126521-3-0-17.wav,0.6309430155998621,39
UrbanSound8K/126521-3-0-18.wav,0.6292806986050729,39
UrbanSound8K/126521-3-0-2.wav,0.6354445295456128,39
UrbanSound8K/127443-4-0-0.wav,0.6379369650131617,39
UrbanSound8K/127443-4-0-1.wav,0.6550960357372577,39
UrbanSound8K/127443-4-0-10.wav,0.6478957121188824,39
UrbanSound8K/127443-4-0-11.wav,0.6408528441037887,39
UrbanSound8K/127443-4-0-12.wav,0.6365695167810489,39
UrbanSound8K/127443-4-0-2.wav,0.6661117611787258,39
UrbanSound8K/127443-4-0-3.wav,0.6699533645923321,39
UrbanSound8K/127443-4-0-4.wav,0.669014865007156,39
UrbanSound8K/127443-4-0-5.wav,0.6641246936260126,39
UrbanSound8K/127443-4-0-6.wav,0.6576302754573333,39
UrbanSound8K/127443-4-0-7.wav,0.6540448772601593,39
UrbanSound8K/127443-4-0-8.wav,0.657021070138002,39
UrbanSound8K/127443-4-0-9.wav,0.6540354199898548,39
UrbanSound8K/127538-4-0-0.wav,0.6980315844217936,39
UrbanSound8K/127538-4-1-0.wav,0.6028463276656898,37
UrbanSound8K/127538-4-2-0.wav,0.6553022785064502,39
UrbanSound8K/128030-3-0-0.wav,0.5563761770725251,5
UrbanSound8K/128030-3-1-0.wav,0.4809553474187851,4
UrbanSound8K/128030-3-2-0.wav,0.513219878077507,4
UrbanSound8K/12812-5-0-0.wav,0.6953561978462415,39
UrbanSound8K/12812-5-0-1.wav,0.6981611465796446,39
UrbanSound8K/12812-5-0-2.wav,0.697262493463663,39
UrbanSound8K/128160-5-0-0.wav,0.5380658721312498,39
UrbanSound8K/128160-5-0-1.wav,0.5374831633690076,39
UrbanSound8K/128160-5-0-10.wav,0.537462945167835,39
UrbanSound8K/128160-5-0-11.wav,0.5381589241516895,39
UrbanSound8K/128160-5-0-12.wav,0.5390178163846334,39
UrbanSound8K/128160-5-0-13.wav,0.5405773856700995,39
UrbanSound8K/128160-5-0-14.wav,0.5419647311552976,39
UrbanSound8K/128160-5-0-15.wav,0.5432974818425301,39
UrbanSound8K/128160-5-0-2.wav,0.5369932345854931,39
UrbanSound8K/128160-5-0-3.wav,0.5362309278585972,39
UrbanSound8K/128160-5-0-4.wav,0.5362639488318027,39
UrbanSound8K/128160-5-0-5.wav,0.5375670760105817,39
UrbanSound8K/128160-5-0-6.wav,0.5379428298045428,39
UrbanSound8K/128160-5-0-7.wav,0.5382121755526617,39
UrbanSound8K/128160-5-0-8.wav,0.538448188549433,39
UrbanSound8K/128160-5-0-9.wav,0.5376563011071621,39
UrbanSound8K/128240-3-0-1.wav,0.5541915947046036,39
UrbanSound8K/128240-3-0-20.wav,0.5303916885302618,39
UrbanSound8K/128240-3-0-39.wav,0.4420577134841528,39
UrbanSound8K/128240-3-0-42.wav,0.48441390502147186,39
UrbanSound8K/128465-1-0-0.wav,0.6272292549793537,39
UrbanSound8K/128465-1-0-1.wav,0.651760642345135,39
UrbanSound8K/128465-1-0-2.wav,0.6738681854345859,39
UrbanSound8K/128465-1-0-3.wav,0.6908189807182703,39
UrbanSound8K/128465-1-0-4.wav,0.6933686014933463,39
UrbanSound8K/128465-1-0-5.wav,0.6876573470922617,39
UrbanSound8K/128465-1-0-6.wav,0.671137239688482,39
UrbanSound8K/128465-1-0-7.wav,0.6438273176168784,39
UrbanSound8K/128465-1-0-8.wav,0.6322973477534759,39
UrbanSound8K/128470-3-0-0.wav,0.5396585281078632,39
UrbanSound8K/128470-3-0-1.wav,0.5059715295449282,39
UrbanSound8K/128470-3-0-5.wav,0.49946546860230273,39
UrbanSound8K/128470-3-0-8.wav,0.5303731461366018,39
UrbanSound8K/128607-4-0-0.wav,0.6847686079832224,39
UrbanSound8K/128607-4-0-1.wav,0.6853553499930944,39
UrbanSound8K/128607-4-0-2.wav,0.6889375341244233,39
UrbanSound8K/128607-4-0-3.wav,0.6929167065864954,39
UrbanSound8K/128607-4-0-4.wav,0.6905951362389785,39
UrbanSound8K/128607-4-1-0.wav,0.6942957334029369,39
UrbanSound8K/128607-4-1-1.wav,0.6974053107775174,39
UrbanSound8K/128607-4-1-2.wav,0.6916518027965839,39
UrbanSound8K/128607-4-1-3.wav,0.6865893525955005,39
UrbanSound8K/128891-3-0-2.wav,0.534135768810908,39
UrbanSound8K/128891-3-0-4.wav,0.5560531234129881,39
UrbanSound8K/128891-3-0-5.wav,0.5044075739689362,39
UrbanSound8K/130030-3-0-0.wav,0.5095778753360113,24
UrbanSound8K/130961-4-0-0.wav,0.6341454510031075,29
UrbanSound8K/130961-4-1-1.wav,0.6376049121220907,39
UrbanSound8K/130961-4-1-2.wav,0.6333290812296745,39
UrbanSound8K/130961-4-1-3.wav,0.6464479886568509,39
UrbanSound8K/130961-4-1-4.wav,0.6460310572232956,39
UrbanSound8K/130961-4-2-1.wav,0.6329650481541952,39
UrbanSound8K/130961-4-2-2.wav,0.624562110656347,39
UrbanSound8K/130961-4-3-0.wav,0.6381562673128568,39
UrbanSound8K/130961-4-3-1.wav,0.6425871482262244,39
UrbanSound8K/130961-4-3-2.wav,0.6408747174800971,39
UrbanSound8K/130961-4-4-0.wav,0.6381497948597639,39
UrbanSound8K/130961-4-5-0.wav,0.6425816951653897,39
UrbanSound8K/130961-4-5-1.wav,0.6615800964526641,39
UrbanSound8K/130961-4-5-2.wav,0.6851126138980572,39
UrbanSound8K/130961-4-5-3.wav,0.7070794915541624,39
UrbanSound8K/130961-4-5-4.wav,0.6957409106768094,39
UrbanSound8K/130961-4-5-5.wav,0.6510367500476348,39
UrbanSound8K/131571-6-0-0.wav,0.5124832292397817,15
UrbanSound8K/131918-7-0-0.wav,0.6276475603763874,39
UrbanSound8K/131918-7-0-1.wav,0.6278366446495056,39
UrbanSound8K/131918-7-0-2.wav,0.6329116332225311,39
UrbanSound8K/131918-7-0-3.wav,0.6384137028302902,39
UrbanSound8K/131918-7-0-4.wav,0.6386238917326316,39
UrbanSound8K/131918-7-0-5.wav,0.6413090718098176,39
UrbanSound8K/131918-7-0-6.wav,0.6421326001485189,39
UrbanSound8K/131918-7-0-7.wav,0.6392983198165894,39
UrbanSound8K/131918-7-0-8.wav,0.6427943370281122,39
UrbanSound8K/132016-7-0-0.wav,0.5859059828978318,39
UrbanSound8K/132016-7-0-1.wav,0.5857393420659579,39
UrbanSound8K/132016-7-0-2.wav,0.5804357498120039,39
UrbanSound8K/132016-7-0-3.wav,0.5727713520710285,39
UrbanSound8K/132016-7-0-4.wav,0.569899476491488,39
UrbanSound8K/132016-7-0-5.wav,0.5625552244675465,39
UrbanSound8K/132016-7-0-6.wav,0.5552346813373077,39
UrbanSound8K/132016-7-0-7.wav,0.5492328130281888,39
UrbanSound8K/132016-7-0-8.wav,0.540479899981083,39
UrbanSound8K/132021-7-0-0.wav,0.5532369414965311,39
UrbanSound8K/132021-7-0-1.wav,0.5498898411408449,39
UrbanSound8K/132021-7-0-10.wav,0.5695722240668076,39
UrbanSound8K/132021-7-0-11.wav,0.5762867530186971,39
UrbanSound8K/132021-7-0-12.wav,0.5804700698608007,39
UrbanSound8K/132021-7-0-2.wav,0.5495222073334914,39
UrbanSound8K/132021-7-0-3.wav,0.5536944835613935,39
UrbanSound8K/132021-7-0-4.wav,0.5553717918885059,39
UrbanSound8K/132021-7-0-5.wav,0.5578734614910223,39
UrbanSound8K/132021-7-0-6.wav,0.5663884939291538,39
UrbanSound8K/132021-7-0-7.wav,0.5729717856798416,39
UrbanSound8K/132021-7-0-8.wav,0.5789667169253031,39
UrbanSound8K/132021-7-0-9.wav,0.5731187294691037,39
UrbanSound8K/132021-7-1-0.wav,0.5947892995257127,38
UrbanSound8K/132073-1-0-0.wav,0.3968494007220635,13
UrbanSound8K/132073-1-1-0.wav,0.4034354627132416,10
UrbanSound8K/132073-1-3-0.wav,0.4586504366662767,18
UrbanSound8K/132073-1-4-0.wav,0.3991993914047877,6
UrbanSound8K/132073-1-5-0.wav,0.41582778096199036,12
UrbanSound8K/133473-8-0-0.wav,0.6262156459001395,39
UrbanSound8K/133473-8-0-1.wav,0.6346742785893954,39
UrbanSound8K/133473-8-0-2.wav,0.6364020705223083,39
UrbanSound8K/133473-8-0-3.wav,0.6320623541489626,39
UrbanSound8K/133473-8-0-4.wav,0.639744547697214,39
UrbanSound8K/133473-8-0-5.wav,0.6557620962460836,39
UrbanSound8K/133797-6-0-0.wav,0.6559647917747498,13
UrbanSound8K/133797-6-1-0.wav,0.608105707499716,18
UrbanSound8K/133797-6-2-0.wav,0.6195895746350288,16
UrbanSound8K/135160-8-0-0.wav,0.6605228995665525,39
UrbanSound8K/135160-8-0-1.wav,0.654509614675473,39
UrbanSound8K/135160-8-0-10.wav,0.6591299879245269,39
UrbanSound8K/135160-8-0-11.wav,0.660076407285837,39
UrbanSound8K/135160-8-0-2.wav,0.6454506547023089,39
UrbanSound8K/135160-8-0-3.wav,0.6328456539374131,39
UrbanSound8K/135160-8-0-4.wav,0.6341353624294965,39
UrbanSound8K/135160-8-0-5.wav,0.6512824465066959,39
UrbanSound8K/135160-8-0-6.wav,0.6565298300523025,39
UrbanSound8K/135160-8-0-7.wav,0.6576463901079618,39
UrbanSound8K/135160-8-0-8.wav,0.661425035733443,39
UrbanSound8K/135160-8-0-9.wav,0.6581239211253631,39
UrbanSound8K/135526-6-0-0.wav,0.7010379708730258,13
UrbanSound8K/135526-6-1-0.wav,0.7060866172497089,13
UrbanSound8K/135526-6-10-0.wav,0.6889834189414978,25
UrbanSound8K/135526-6-11-0.wav,0.6899577623063867,22
UrbanSound8K/135526-6-12-0.wav,0.6922963762283325,25
UrbanSound8K/135526-6-13-0.wav,0.7342682182788849,4
UrbanSound8K/135526-6-2-0.wav,0.7079996392130852,24
UrbanSound8K/135526-6-3-0.wav,0.6937663725444249,14
UrbanSound8K/135526-6-4-0.wav,0.6985011100769043,16
UrbanSound8K/135526-6-5-0.wav,0.7068954166911897,21
UrbanSound8K/135526-6-6-0.wav,0.6879634374663943,21
UrbanSound8K/135526-6-7-0.wav,0.6924358669080233,19
UrbanSound8K/135526-6-8-0.wav,0.693465018973631,17
UrbanSound8K/135526-6-9-0.wav,0.6920712689558665,18
UrbanSound8K/135527-6-0-0.wav,0.6769573092460632,11
UrbanSound8K/135527-6-1-0.wav,0.7079418532309993,31
UrbanSound8K/135527-6-10-0.wav,0.7135102152824402,7
UrbanSound8K/135527-6-11-0.wav,0.6928748383241541,17
UrbanSound8K/135527-6-12-0.wav,0.7060822877619002,18
UrbanSound8K/135527-6-13-0.wav,0.7082478515803814,16
UrbanSound8K/135527-6-14-0.wav,0.7075185699340625,39
UrbanSound8K/135527-6-14-1.wav,0.7080805179400321,39
UrbanSound8K/135527-6-14-10.wav,0.7072291572888693,39
UrbanSound8K/135527-6-14-2.wav,0.7038633089799148,39
UrbanSound8K/135527-6-14-3.wav,0.6988856196403503,39
UrbanSound8K/135527-6-14-4.wav,0.7009329108091501,39
UrbanSound8K/135527-6-14-5.wav,0.6953326906913366,39
UrbanSound8K/135527-6-14-6.wav,0.6987114212451837,39
UrbanSound8K/135527-6-14-7.wav,0.7026156324606675,39
UrbanSound8K/135527-6-14-8.wav,0.6943231668227758,39
UrbanSound8K/135527-6-14-9.wav,0.7001539804996588,39
UrbanSound8K/135527-6-2-0.wav,0.6983015984296799,20
UrbanSound8K/135527-6-3-0.wav,0.708444205197421,11
UrbanSound8K/135527-6-4-0.wav,0.6886571198701859,20
UrbanSound8K/135527-6-5-0.wav,0.6936994081451779,21
UrbanSound8K/135527-6-6-0.wav,0.6973414861637613,23
UrbanSound8K/135527-6-7-0.wav,0.6948413848876953,22
UrbanSound8K/135527-6-8-0.wav,0.6928359585649827,17
UrbanSound8K/135527-6-9-0.wav,0.7046136510999579,19
UrbanSound8K/135528-6-0-0.wav,0.6976677879043247,23
UrbanSound8K/135528-6-1-0.wav,0.7031668812036515,20
UrbanSound8K/135528-6-10-0.wav,0.7083409577608109,20
UrbanSound8K/135528-6-11-0.wav,0.6947530508041382,17
UrbanSound8K/135528-6-12-0.wav,0.7049449221654371,22
UrbanSound8K/135528-6-2-0.wav,0.7051122845747532,39
UrbanSound8K/135528-6-3-0.wav,0.7084014437816761,27
UrbanSound8K/135528-6-4-0.wav,0.7067178441927984,39
UrbanSound8K/135528-6-4-1.wav,0.699329388447297,39
UrbanSound8K/135528-6-4-2.wav,0.6963549898220942,39
UrbanSound8K/135528-6-5-0.wav,0.7189407490548634,21
UrbanSound8K/135528-6-6-0.wav,0.7189461745713887,19
UrbanSound8K/135528-6-7-0.wav,0.7224610050519308,15
UrbanSound8K/135528-6-8-0.wav,0.7020519050684842,11
UrbanSound8K/135528-6-9-0.wav,0.7052420540289446,11
UrbanSound8K/135544-6-0-0.wav,0.6846130138093774,22
UrbanSound8K/135544-6-1-0.wav,0.6879677745428953,22
UrbanSound8K/135544-6-10-0.wav,0.715828500688076,8
UrbanSound8K/135544-6-12-0.wav,0.7165868414772881,9
UrbanSound8K/135544-6-13-0.wav,0.7083609461784363,10
UrbanSound8K/135544-6-14-0.wav,0.7044139504432678,8
UrbanSound8K/135544-6-15-0.wav,0.7059681794860146,11
UrbanSound8K/135544-6-16-0.wav,0.7045572629341712,13
UrbanSound8K/135544-6-17-0.wav,0.6994608322779338,15
UrbanSound8K/135544-6-18-0.wav,0.6994734336348141,17
UrbanSound8K/135544-6-19-0.wav,0.695702139288187,16
UrbanSound8K/135544-6-2-0.wav,0.6920527033507824,16
UrbanSound8K/135544-6-3-0.wav,0.7005034547585708,13
UrbanSound8K/135544-6-4-0.wav,0.7024595141410828,11
UrbanSound8K/135544-6-5-0.wav,0.698181939125061,15
UrbanSound8K/135544-6-6-0.wav,0.7099655729073745,13
UrbanSound8K/135544-6-7-0.wav,0.7098914633194605,12
UrbanSound8K/135544-6-8-0.wav,0.7094497203826904,5
UrbanSound8K/135544-6-9-0.wav,0.7038009350116436,13
UrbanSound8K/13577-3-0-0.wav,0.5424575347166795,39
UrbanSound8K/13577-3-0-2.wav,0.5987254167214419,39
UrbanSound8K/13577-3-5-0.wav,0.5372553635866214,39
UrbanSound8K/135849-4-0-0.wav,0.6885532438755035,8
UrbanSound8K/136399-6-0-0.wav,0.37156927958130836,32
UrbanSound8K/136399-6-1-0.wav,0.38356967738696507,35
UrbanSound8K/136399-6-2-0.wav,0.4041015525018015,31
UrbanSound8K/136399-6-3-0.wav,0.40369909150259836,28
UrbanSound8K/136399-6-4-0.wav,0.43569711678557926,18
UrbanSound8K/136399-6-5-0.wav,0.41604946553707123,22
UrbanSound8K/136399-6-6-0.wav,0.4258496082491345,18
UrbanSound8K/136399-6-7-0.wav,0.4116723251342773,25
UrbanSound8K/136399-6-8-0.wav,0.4480369303907667,14
UrbanSound8K/136399-6-9-0.wav,0.42866035825327825,19
UrbanSound8K/137803-3-0-0.wav,0.6260893100347275,39
UrbanSound8K/137803-3-0-1.wav,0.6197213461765876,39
UrbanSound8K/137803-3-0-2.wav,0.6112116384200561,39
UrbanSound8K/137815-4-0-0.wav,0.6819274624188741,39
UrbanSound8K/137815-4-0-1.wav,0.6937011770713024,39
UrbanSound8K/137815-4-0-10.wav,0.6582771799503229,39
UrbanSound8K/137815-4-0-2.wav,0.6965538141054984,39
UrbanSound8K/137815-4-0-3.wav,0.7007156151991624,39
UrbanSound8K/137815-4-0-4.wav,0.7024781291301434,39
UrbanSound8K/137815-4-0-5.wav,0.6847811035620861,39
UrbanSound8K/137815-4-0-6.wav,0.6716399972255414,39
UrbanSound8K/137815-4-0-7.wav,0.6872779650565906,39
UrbanSound8K/137815-4-0-8.wav,0.6990417608847985,39
UrbanSound8K/137815-4-0-9.wav,0.691377905698923,39
UrbanSound8K/138015-3-0-1.wav,0.5113819524263724,39
UrbanSound8K/138015-3-0-5.wav,0.4764844866899344,39
UrbanSound8K/138015-3-0-7.wav,0.4902260349347041,39
UrbanSound8K/138465-1-0-0.wav,0.565534469154146,36
UrbanSound8K/138468-1-0-0.wav,0.6385070664542062,35
UrbanSound8K/139000-4-0-0.wav,0.7061125972332098,39
UrbanSound8K/139000-4-0-1.wav,0.7186436286339393,39
UrbanSound8K/139000-4-0-2.wav,0.709890351845668,39
UrbanSound8K/139948-3-0-0.wav,0.36482887466748554,30
UrbanSound8K/139948-3-1-0.wav,0.37224327347108294,28
UrbanSound8K/139948-3-2-0.wav,0.45329491545756656,12
UrbanSound8K/139948-3-4-0.wav,0.4003265445882624,11
UrbanSound8K/140824-4-0-0.wav,0.6339486747980118,10
UrbanSound8K/14110-4-0-0.wav,0.5302483462370359,39
UrbanSound8K/14110-4-0-1.wav,0.5747749729034228,39
UrbanSound8K/14110-4-0-2.wav,0.6153617868056664,39
UrbanSound8K/14111-4-0-0.wav,0.5849509147497324,39
UrbanSound8K/14111-4-0-1.wav,0.5861338682663746,39
UrbanSound8K/14111-4-0-2.wav,0.6011188824971517,39
UrbanSound8K/14111-4-0-3.wav,0.6153060732743679,39
UrbanSound8K/14111-4-0-4.wav,0.6409258995300684,39
UrbanSound8K/14111-4-0-5.wav,0.6668912477982349,39
UrbanSound8K/14111-4-0-6.wav,0.6694573286252145,39
UrbanSound8K/14111-4-0-7.wav,0.6679866222234873,39
UrbanSound8K/14113-4-0-0.wav,0.4813645443855188,39
UrbanSound8K/14113-4-0-1.wav,0.49940005250466174,39
UrbanSound8K/14114-4-0-0.wav,0.5988027224173913,39
UrbanSound8K/14114-4-0-1.wav,0.6379924951455532,39
UrbanSound8K/14114-4-0-2.wav,0.6586246750293634,39
UrbanSound8K/14114-4-0-3.wav,0.6543356974919637,39
UrbanSound8K/14115-4-0-0.wav,0.593027438223362,20
UrbanSound8K/141240-5-0-0.wav,0.4609128678667134,29
UrbanSound8K/141240-5-1-0.wav,0.4504655158078229,27
UrbanSound8K/143115-1-0-0.wav,0.5812169194221497,5
UrbanSound8K/143115-1-1-0.wav,0.5874494530937888,11
UrbanSound8K/143115-1-2-0.wav,0.6128229878165505,11
UrbanSound8K/14358-3-0-26.wav,0.5802896038079873,39
UrbanSound8K/14358-3-0-7.wav,0.5822002337529109,39
UrbanSound8K/14358-3-0-85.wav,0.6040034339978144,39
UrbanSound8K/14358-3-0-90.wav,0.5936602185934018,39
UrbanSound8K/143604-5-0-0.wav,0.5050709423693743,22
UrbanSound8K/143970-5-0-0.wav,0.669145194383768,39
UrbanSound8K/143970-5-0-1.wav,0.6705653988398038,39
UrbanSound8K/143970-5-0-2.wav,0.6735613789313879,39
UrbanSound8K/143970-5-0-3.wav,0.670947673993233,39
UrbanSound8K/144007-5-0-0.wav,0.6612211358852875,39
UrbanSound8K/144007-5-0-1.wav,0.6582594865407699,39
UrbanSound8K/144007-5-0-10.wav,0.6572321393550971,39
UrbanSound8K/144007-5-0-11.wav,0.6564940122457651,39
UrbanSound8K/144007-5-0-12.wav,0.6569992456680689,39
UrbanSound8K/144007-5-0-13.wav,0.6573603030962821,39
UrbanSound8K/144007-5-0-14.wav,0.6567850510279337,39
UrbanSound8K/144007-5-0-15.wav,0.6568300769879267,39
UrbanSound8K/144007-5-0-16.wav,0.6567352291865226,39
UrbanSound8K/144007-5-0-17.wav,0.6577148223534609,39
UrbanSound8K/144007-5-0-18.wav,0.6583417119123997,39
UrbanSound8K/144007-5-0-19.wav,0.6561377675105364,39
UrbanSound8K/144007-5-0-2.wav,0.6588178888345376,39
UrbanSound8K/144007-5-0-20.wav,0.6559338844739474,39
UrbanSound8K/144007-5-0-21.wav,0.6565951674412458,39
UrbanSound8K/144007-5-0-3.wav,0.6590539400394146,39
UrbanSound8K/144007-5-0-4.wav,0.6598415435888828,39
UrbanSound8K/144007-5-0-5.wav,0.6603818444105295,39
UrbanSound8K/144007-5-0-6.wav,0.6592140258886875,39
UrbanSound8K/144007-5-0-7.wav,0.6589976105934534,39
UrbanSound8K/144007-5-0-8.wav,0.6575674628600096,39
UrbanSound8K/144007-5-0-9.wav,0.65804573511466,39
UrbanSound8K/144007-5-1-0.wav,0.6673792753464136,39
UrbanSound8K/144007-5-1-1.wav,0.6662039466393299,39
UrbanSound8K/144007-5-1-10.wav,0.6683013133513622,39
UrbanSound8K/144007-5-1-11.wav,0.66981462484751,39
UrbanSound8K/144007-5-1-2.wav,0.6643260396443881,39
UrbanSound8K/144007-5-1-3.wav,0.6651260302616999,39
UrbanSound8K/144007-5-1-4.wav,0.6663191761725988,39
UrbanSound8K/144007-5-1-5.wav,0.6645273657945486,39
UrbanSound8K/144007-5-1-6.wav,0.6640988435500708,39
UrbanSound8K/144007-5-1-7.wav,0.6650215662442721,39
UrbanSound8K/144007-5-1-8.wav,0.6651330299866505,39
UrbanSound8K/144007-5-1-9.wav,0.6655975595498697,39
UrbanSound8K/144028-3-0-0.wav,0.5640336126089096,16
UrbanSound8K/144028-3-1-0.wav,0.6332155978068327,39
UrbanSound8K/144028-3-1-1.wav,0.6271559764177371,39
UrbanSound8K/144068-5-0-0.wav,0.6673309329228524,39
UrbanSound8K/144068-5-0-1.wav,0.6512116438303238,39
UrbanSound8K/144068-5-0-10.wav,0.6491357072805747,39
UrbanSound8K/144068-5-0-11.wav,0.6485685369907281,39
UrbanSound8K/144068-5-0-12.wav,0.6487057331280831,39
UrbanSound8K/144068-5-0-13.wav,0.6491528566067035,39
UrbanSound8K/144068-5-0-14.wav,0.649818249237843,39
UrbanSound8K/144068-5-0-15.wav,0.6502375098375174,39
UrbanSound8K/144068-5-0-16.wav,0.6496598246770028,39
UrbanSound8K/144068-5-0-17.wav,0.6488794944225214,39
UrbanSound8K/144068-5-0-18.wav,0.6498393401121482,39
UrbanSound8K/144068-5-0-2.wav,0.6468005088659433,39
UrbanSound8K/144068-5-0-3.wav,0.647559084953406,39
UrbanSound8K/144068-5-0-4.wav,0.6490279267995785,39
UrbanSound8K/144068-5-0-5.wav,0.6504615331307436,39
UrbanSound8K/144068-5-0-6.wav,0.6513613294332455,39
UrbanSound8K/144068-5-0-7.wav,0.650907006019201,39
UrbanSound8K/144068-5-0-8.wav,0.6506842924998357,39
UrbanSound8K/144068-5-0-9.wav,0.6508370102980198,39
UrbanSound8K/144068-5-1-0.wav,0.6552087420072311,39
UrbanSound8K/144068-5-2-0.wav,0.6511016212976896,26
UrbanSound8K/144068-5-3-0.wav,0.6472508456255939,37
UrbanSound8K/144068-5-4-0.wav,0.6519302802208142,39
UrbanSound8K/144068-5-4-1.wav,0.6515181141021924,39
UrbanSound8K/144068-5-4-2.wav,0.6515295383257743,39
UrbanSound8K/144068-5-4-3.wav,0.651587982972463,39
UrbanSound8K/144068-5-4-4.wav,0.6493521225758088,39
UrbanSound8K/144068-5-4-5.wav,0.6525215277305016,39
UrbanSound8K/144068-5-4-6.wav,0.6543011084581033,39
UrbanSound8K/144068-5-4-7.wav,0.65440017137772,39
UrbanSound8K/144068-5-4-8.wav,0.6540021942212031,39
UrbanSound8K/144068-5-5-0.wav,0.6509417096773783,39
UrbanSound8K/144068-5-5-1.wav,0.650650971975082,39
UrbanSound8K/144068-5-5-2.wav,0.6488467821708093,39
UrbanSound8K/144351-4-0-0.wav,0.6855636544716663,39
UrbanSound8K/144351-4-0-1.wav,0.673111678698124,39
UrbanSound8K/144351-4-0-2.wav,0.6166099386337476,39
UrbanSound8K/144351-4-1-1.wav,0.5987837421588409,39
UrbanSound8K/144351-4-2-0.wav,0.6896581527514335,39
UrbanSound8K/144351-4-2-2.wav,0.7075845140677232,39
UrbanSound8K/144351-4-2-4.wav,0.7075939132617071,39
UrbanSound8K/144351-4-2-5.wav,0.7025265112901345,39
UrbanSound8K/144351-4-2-6.wav,0.6768551392432971,39
UrbanSound8K/144351-4-3-1.wav,0.7085409531226525,39
UrbanSound8K/144351-4-3-10.wav,0.6952319924647992,39
UrbanSound8K/144351-4-3-11.wav,0.6955191584733816,39
UrbanSound8K/144351-4-3-12.wav,0.6952775533382709,39
UrbanSound8K/144351-4-3-14.wav,0.6604498808200543,39
UrbanSound8K/144351-4-3-15.wav,0.5983088520857004,39
UrbanSound8K/144351-4-3-2.wav,0.7031820584566165,39
UrbanSound8K/144351-4-3-3.wav,0.6991911515211447,39
UrbanSound8K/144351-4-3-4.wav,0.6967996832651969,39
UrbanSound8K/144351-4-3-5.wav,0.6957575235611353,39
UrbanSound8K/144351-4-3-7.wav,0.6981668655688946,39
UrbanSound8K/14468-3-0-2.wav,0.5883914568485358,39
UrbanSound8K/14468-3-0-3.wav,0.5981967449188232,39
UrbanSound8K/14468-3-1-0.wav,0.5478306531906127,20
UrbanSound8K/14468-3-5-0.wav,0.5354920549270434,39
UrbanSound8K/145206-6-0-0.wav,0.6079430038278754,11
UrbanSound8K/145206-6-1-0.wav,0.5723111285613134,13
UrbanSound8K/145206-6-2-0.wav,0.5761734209954739,8
UrbanSound8K/145206-6-3-0.wav,0.5492835402488708,10
UrbanSound8K/145206-6-4-0.wav,0.5919740460813046,8
UrbanSound8K/145206-6-5-0.wav,0.6122945447762808,6
UrbanSound8K/14524-1-0-0.wav,0.4079557401793344,7
UrbanSound8K/145577-1-0-0.wav,0.6157984972000122,10
UrbanSound8K/145608-6-0-0.wav,0.7038713561164008,9
UrbanSound8K/145608-6-1-0.wav,0.7013985514640808,9
UrbanSound8K/145608-6-2-0.wav,0.7040840312838554,8
UrbanSound8K/145608-6-3-0.wav,0.7070024237036705,8
UrbanSound8K/145609-6-0-0.wav,0.6958237073638223,11
UrbanSound8K/145609-6-1-0.wav,0.6996014449331496,9
UrbanSound8K/145611-6-0-0.wav,0.7055933713912964,10
UrbanSound8K/145611-6-1-0.wav,0.7066588044166565,10
UrbanSound8K/145611-6-2-0.wav,0.7025960266590119,10
UrbanSound8K/145611-6-3-0.wav,0.7090596556663513,10
UrbanSound8K/145611-6-4-0.wav,0.7045159472359551,9
UrbanSound8K/145612-6-0-0.wav,0.7078996375203133,8
UrbanSound8K/145612-6-1-0.wav,0.708851287762324,6
UrbanSound8K/145612-6-2-0.wav,0.7078203111886978,8
UrbanSound8K/145612-6-3-0.wav,0.7040360867977142,10
UrbanSound8K/145683-6-0-0.wav,0.7105373794382269,11
UrbanSound8K/145683-6-1-0.wav,0.7105324069658915,12
UrbanSound8K/145683-6-2-0.wav,0.7141723036766052,8
UrbanSound8K/145683-6-3-0.wav,0.7083834707736969,8
UrbanSound8K/145683-6-4-0.wav,0.7058640569448471,8
UrbanSound8K/145683-6-5-0.wav,0.7153005748987198,4
UrbanSound8K/146186-5-0-0.wav,0.5502967712206718,39
UrbanSound8K/146186-5-0-1.wav,0.5556583847755041,39
UrbanSound8K/146186-5-0-10.wav,0.5747531071687356,39
UrbanSound8K/146186-5-0-11.wav,0.5754910524074848,39
UrbanSound8K/146186-5-0-12.wav,0.5772857818848047,39
UrbanSound8K/146186-5-0-13.wav,0.5771405880267804,39
UrbanSound8K/146186-5-0-2.wav,0.5696755036329612,39
UrbanSound8K/146186-5-0-3.wav,0.5770638890755482,39
UrbanSound8K/146186-5-0-4.wav,0.5766220444288009,39
UrbanSound8K/146186-5-0-5.wav,0.5769371650157831,39
UrbanSound8K/146186-5-0-6.wav,0.5772567956875532,39
UrbanSound8K/146186-5-0-7.wav,0.5752485134662726,39
UrbanSound8K/146186-5-0-8.wav,0.575663400002015,39
UrbanSound8K/146186-5-0-9.wav,0.576671499472398,39
UrbanSound8K/146244-4-0-0.wav,0.6152654384311876,19
UrbanSound8K/146249-4-0-0.wav,0.6765457391738892,9
UrbanSound8K/146343-3-0-0.wav,0.5123658867982718,39
UrbanSound8K/147019-4-0-0.wav,0.598694195872859,38
UrbanSound8K/147317-6-0-0.wav,0.5600062429904937,10
UrbanSound8K/14772-7-0-0.wav,0.7187018882144581,11
UrbanSound8K/14772-7-1-0.wav,0.7182968482375145,16
UrbanSound8K/14772-7-2-0.wav,0.7175414860248566,10
UrbanSound8K/14772-7-3-0.wav,0.7190098232693143,9
UrbanSound8K/14772-7-4-0.wav,0.7132633236738352,13
UrbanSound8K/14772-7-5-0.wav,0.7147218078374863,20
UrbanSound8K/14772-7-6-0.wav,0.7167682647705078,21
UrbanSound8K/14772-7-7-0.wav,0.7213471375013653,19
UrbanSound8K/14772-7-8-0.wav,0.7173674516379833,16
UrbanSound8K/14772-7-9-0.wav,0.7173848587113458,37
UrbanSound8K/147764-4-0-0.wav,0.601365203037858,16
UrbanSound8K/147764-4-1-0.wav,0.6184964190269339,29
UrbanSound8K/147764-4-2-0.wav,0.43241281509399415,5
UrbanSound8K/147764-4-3-0.wav,0.5885985285043717,10
UrbanSound8K/147764-4-4-0.wav,0.6614731871164762,39
UrbanSound8K/147764-4-4-1.wav,0.661338379749885,39
UrbanSound8K/147764-4-4-2.wav,0.6307043112241305,39
UrbanSound8K/147764-4-5-0.wav,0.5687548087702857,9
UrbanSound8K/147764-4-6-0.wav,0.6638080783379383,39
UrbanSound8K/147764-4-7-0.wav,0.5763144016265869,10
UrbanSound8K/147764-4-8-0.wav,0.4846035599708557,5
UrbanSound8K/148166-6-0-0.wav,0.5510547889603509,9
UrbanSound8K/148463-7-2-0.wav,0.6111946885402386,39
UrbanSound8K/148463-7-2-1.wav,0.6121097054236975,39
UrbanSound8K/148463-7-2-2.wav,0.6073890741054828,39
UrbanSound8K/148463-7-3-0.wav,0.6020136032349024,39
UrbanSound8K/148463-7-3-1.wav,0.604472782367315,39
UrbanSound8K/148463-7-3-10.wav,0.5980713077080555,39
UrbanSound8K/148463-7-3-2.wav,0.6017118692398071,39
UrbanSound8K/148463-7-3-3.wav,0.6020997716830327,39
UrbanSound8K/148463-7-3-4.wav,0.6038277653547434,39
UrbanSound8K/148463-7-3-5.wav,0.5996233423550924,39
UrbanSound8K/148463-7-3-6.wav,0.5846879451702802,39
UrbanSound8K/148463-7-3-7.wav,0.5831347505251566,39
UrbanSound8K/148463-7-3-8.wav,0.5796092825058179,39
UrbanSound8K/148463-7-3-9.wav,0.5848232538272173,39
UrbanSound8K/148632-8-0-0.wav,0.3850030440550584,39
UrbanSound8K/148632-8-0-1.wav,0.37730165475454086,39
UrbanSound8K/148632-8-0-10.wav,0.3591819856411371,39
UrbanSound8K/148632-8-0-11.wav,0.35961303420555896,39
UrbanSound8K/148632-8-0-12.wav,0.3599881522166423,39
UrbanSound8K/148632-8-0-13.wav,0.36288438240687054,39
UrbanSound8K/148632-8-0-14.wav,0.36399037944964874,39
UrbanSound8K/148632-8-0-15.wav,0.36221913038155973,39
UrbanSound8K/148632-8-0-16.wav,0.35765046721849686,39
UrbanSound8K/148632-8-0-17.wav,0.3571299329782144,39
UrbanSound8K/148632-8-0-18.wav,0.3580461954459166,39
UrbanSound8K/148632-8-0-2.wav,0.39407317072917253,39
UrbanSound8K/148632-8-0-3.wav,0.3942833374708127,39
UrbanSound8K/148632-8-0-4.wav,0.3720437601590768,39
UrbanSound8K/148632-8-0-5.wav,0.35816667859370893,39
UrbanSound8K/148632-8-0-6.wav,0.3552883756466401,39
UrbanSound8K/148632-8-0-7.wav,0.3576164192114121,39
UrbanSound8K/148632-8-0-8.wav,0.3579771938996437,39
UrbanSound8K/148632-8-0-9.wav,0.3565728450432802,39
UrbanSound8K/148827-6-0-0.wav,0.5412500277161598,8
UrbanSound8K/148827-6-1-0.wav,0.5458276718854904,6
UrbanSound8K/148827-6-2-0.wav,0.5517585525910059,6
UrbanSound8K/148827-6-3-0.wav,0.5327869421905942,9
UrbanSound8K/148827-6-4-0.wav,0.594606339931488,4
UrbanSound8K/148828-6-0-0.wav,0.5291895896196366,10
UrbanSound8K/148828-6-1-0.wav,0.5444907281133864,9
UrbanSound8K/148833-6-0-0.wav,0.5306976185395167,13
UrbanSound8K/148833-6-1-0.wav,0.4992356054923114,17
UrbanSound8K/148834-6-0-0.wav,0.6820950508117676,5
UrbanSound8K/148835-6-0-0.wav,0.6177440115383693,7
UrbanSound8K/148835-6-1-0.wav,0.5831912346184254,8
UrbanSound8K/148835-6-2-0.wav,0.6497480273246765,11
UrbanSound8K/148835-6-3-0.wav,0.6457484937631167,13
UrbanSound8K/148835-6-4-0.wav,0.6635014514128367,6
UrbanSound8K/148837-6-0-0.wav,0.5522937910123304,11
UrbanSound8K/148837-6-1-0.wav,0.5807807475328446,10
UrbanSound8K/148837-6-2-0.wav,0.5359933857734387,13
UrbanSound8K/148838-6-0-0.wav,0.5987844831413693,9
UrbanSound8K/148838-6-1-0.wav,0.5509613616900011,11
UrbanSound8K/148838-6-2-0.wav,0.550949901342392,11
UrbanSound8K/148841-6-0-0.wav,0.5479444244078228,14
UrbanSound8K/148841-6-1-0.wav,0.5832859352231026,12
UrbanSound8K/148841-6-2-0.wav,0.5663679361343383,15
UrbanSound8K/149177-6-0-0.wav,0.6466897044863019,7
UrbanSound8K/149193-5-0-0.wav,0.5836670994758606,39
UrbanSound8K/149193-5-0-1.wav,0.5849503676096598,39
UrbanSound8K/149193-5-0-2.wav,0.5859557359646528,39
UrbanSound8K/149193-5-0-3.wav,0.5868111726565238,39
UrbanSound8K/149193-5-0-4.wav,0.5863824563148694,39
UrbanSound8K/149193-5-0-5.wav,0.5847126107949477,39
UrbanSound8K/151005-4-0-0.wav,0.6301368131087377,39
UrbanSound8K/151005-4-0-1.wav,0.6544869297590011,39
UrbanSound8K/151005-4-0-2.wav,0.6608430529252077,39
UrbanSound8K/151005-4-0-3.wav,0.6498077863301986,39
UrbanSound8K/151005-4-1-0.wav,0.6667865850986578,39
UrbanSound8K/151005-4-1-1.wav,0.6754364799230527,39
UrbanSound8K/151005-4-1-2.wav,0.6711366084905771,39
UrbanSound8K/151005-4-2-0.wav,0.6700674188442719,39
UrbanSound8K/151005-4-2-1.wav,0.6778449538426522,39
UrbanSound8K/151005-4-3-0.wav,0.6548361755334414,39
UrbanSound8K/151005-4-3-1.wav,0.6791037764304724,39
UrbanSound8K/151005-4-3-2.wav,0.6634613611759284,39
UrbanSound8K/151065-6-0-0.wav,0.5660402796098164,14
UrbanSound8K/151069-6-0-0.wav,0.5585061153944801,17
UrbanSound8K/151071-6-0-0.wav,0.5622105803340673,16
UrbanSound8K/151877-5-0-0.wav,0.6321233190022982,13
UrbanSound8K/151877-5-1-0.wav,0.6035535503656436,39
UrbanSound8K/152588-3-0-0.wav,0.5874962106994961,23
UrbanSound8K/152588-3-1-0.wav,0.5594540765652289,39
UrbanSound8K/152588-3-2-0.wav,0.563428208941505,21
UrbanSound8K/152588-3-3-0.wav,0.5594046579466926,27
UrbanSound8K/152908-5-0-0.wav,0.6771423251200945,39
UrbanSound8K/152908-5-0-1.wav,0.6761115468465365,39
UrbanSound8K/152908-5-0-10.wav,0.6729711951353611,39
UrbanSound8K/152908-5-0-11.wav,0.6728982818432343,39
UrbanSound8K/152908-5-0-12.wav,0.6733351563796018,39
UrbanSound8K/152908-5-0-13.wav,0.6744180566225296,39
UrbanSound8K/152908-5-0-2.wav,0.675037451279469,39
UrbanSound8K/152908-5-0-3.wav,0.6762869541461651,39
UrbanSound8K/152908-5-0-4.wav,0.6755729913711548,39
UrbanSound8K/152908-5-0-5.wav,0.6740466096462348,39
UrbanSound8K/152908-5-0-6.wav,0.6743194201053717,39
UrbanSound8K/152908-5-0-7.wav,0.6746543554159311,39
UrbanSound8K/152908-5-0-8.wav,0.674242893854777,39
UrbanSound8K/152908-5-0-9.wav,0.6733122651393597,39
UrbanSound8K/153057-1-0-0.wav,0.5920466581980387,9
UrbanSound8K/154758-5-0-0.wav,0.5583316408670865,39
UrbanSound8K/154758-5-0-1.wav,0.5586618872789236,39
UrbanSound8K/154758-5-0-10.wav,0.5600189383213336,39
UrbanSound8K/154758-5-0-11.wav,0.5607220545793191,39
UrbanSound8K/154758-5-0-12.wav,0.5614074499179156,39
UrbanSound8K/154758-5-0-13.wav,0.5623531983448908,39
UrbanSound8K/154758-5-0-14.wav,0.5622368516066135,39
UrbanSound8K/154758-5-0-15.wav,0.5610543627005357,39
UrbanSound8K/154758-5-0-16.wav,0.5594919186372024,39
UrbanSound8K/154758-5-0-17.wav,0.5583498141704462,39
UrbanSound8K/154758-5-0-18.wav,0.5592500964800516,39
UrbanSound8K/154758-5-0-19.wav,0.5602612648254786,39
UrbanSound8K/154758-5-0-2.wav,0.5592558047710321,39
UrbanSound8K/154758-5-0-20.wav,0.5599401944722885,39
UrbanSound8K/154758-5-0-21.wav,0.5598272146322788,39
UrbanSound8K/154758-5-0-3.wav,0.5591026223622836,39
UrbanSound8K/154758-5-0-4.wav,0.5580333394882007,39
UrbanSound8K/154758-5-0-5.wav,0.5563016167053809,39
UrbanSound8K/154758-5-0-6.wav,0.5543300157938248,39
UrbanSound8K/154758-5-0-7.wav,0.5562948569273337,39
UrbanSound8K/154758-5-0-8.wav,0.5591248197433276,39
UrbanSound8K/154758-5-0-9.wav,0.5591974441821759,39
UrbanSound8K/155129-1-2-0.wav,0.5044980290390196,21
UrbanSound8K/155130-1-1-0.wav,0.5804052472114563,5
UrbanSound8K/155234-1-0-0.wav,0.5471614807844162,20
UrbanSound8K/155283-1-0-0.wav,0.6037810206413269,5
UrbanSound8K/155283-1-1-0.wav,0.544683039188385,5
UrbanSound8K/155294-3-0-0.wav,0.6224138355255127,25
UrbanSound8K/155299-3-0-1.wav,0.5516124337147443,39
UrbanSound8K/155299-3-1-0.wav,0.5263155240278977,39
UrbanSound8K/155299-3-1-1.wav,0.5574266115824381,39
UrbanSound8K/155299-3-1-2.wav,0.5868762899667789,39
UrbanSound8K/155309-3-0-0.wav,0.49760196208953855,10
UrbanSound8K/155310-3-0-0.wav,0.4851514662687595,26
UrbanSound8K/155311-3-0-0.wav,0.4996578963473439,32
UrbanSound8K/155312-3-0-0.wav,0.472702588583972,37
UrbanSound8K/155313-3-0-0.wav,0.5248997410138448,6
UrbanSound8K/155314-3-0-1.wav,0.45608560191957576,38
UrbanSound8K/155314-3-0-2.wav,0.4379488220137934,31
UrbanSound8K/155314-3-0-5.wav,0.47674916982650756,35
UrbanSound8K/155315-3-0-0.wav,0.49750505466210215,38
UrbanSound8K/155317-3-0-0.wav,0.4761915985615023,31
UrbanSound8K/155320-3-0-0.wav,0.5127499252557755,10
UrbanSound8K/15544-5-0-0.wav,0.5880228281021118,39
UrbanSound8K/15544-5-0-1.wav,0.593203834998302,39
UrbanSound8K/15544-5-0-10.wav,0.5795326508008517,39
UrbanSound8K/15544-5-0-11.wav,0.5795942055873382,39
UrbanSound8K/15544-5-0-12.wav,0.5814995505870917,39
UrbanSound8K/15544-5-0-13.wav,0.5821837553611169,39
UrbanSound8K/15544-5-0-14.wav,0.58321368541473,39
UrbanSound8K/15544-5-0-15.wav,0.5827176861273937,39
UrbanSound8K/15544-5-0-16.wav,0.5814695434692578,39
UrbanSound8K/15544-5-0-17.wav,0.5816935820457263,39
UrbanSound8K/15544-5-0-18.wav,0.5812988036718124,39
UrbanSound8K/15544-5-0-19.wav,0.5751881385460879,39
UrbanSound8K/15544-5-0-2.wav,0.5931401466711973,39
UrbanSound8K/15544-5-0-3.wav,0.5974153326107905,39
UrbanSound8K/15544-5-0-4.wav,0.6013355866456643,39
UrbanSound8K/15544-5-0-5.wav,0.5949343809714684,39
UrbanSound8K/15544-5-0-6.wav,0.5936422027074374,39
UrbanSound8K/15544-5-0-7.wav,0.5927715316796914,39
UrbanSound8K/15544-5-0-8.wav,0.5896162451841892,39
UrbanSound8K/15544-5-0-9.wav,0.585750162601471,39
UrbanSound8K/155488-3-0-6.wav,0.4695578782986372,39
UrbanSound8K/155488-3-2-0.wav,0.4965792909646646,39
UrbanSound8K/155488-3-3-0.wav,0.5316150616376828,39
UrbanSound8K/155488-3-3-1.wav,0.5373518191851102,39
UrbanSound8K/156091-1-0-0.wav,0.6886462680995464,16
UrbanSound8K/156358-5-0-0.wav,0.6667545071014991,39
UrbanSound8K/156358-5-0-1.wav,0.666666173017942,39
UrbanSound8K/156358-5-0-2.wav,0.6665515364744724,39
UrbanSound8K/156358-5-0-3.wav,0.6665431964091766,39
UrbanSound8K/156358-5-0-4.wav,0.6670681452139829,39
UrbanSound8K/156358-5-0-5.wav,0.6665235360463461,39
UrbanSound8K/156358-5-0-6.wav,0.6664802462626727,39
UrbanSound8K/156362-4-0-0.wav,0.620472741432679,39
UrbanSound8K/156362-4-0-1.wav,0.6313501871549166,39
UrbanSound8K/156362-4-0-2.wav,0.637501583649562,39
UrbanSound8K/156362-4-0-3.wav,0.6356597130115216,39
UrbanSound8K/156362-4-1-0.wav,0.6308131549093459,18
UrbanSound8K/156362-4-2-0.wav,0.6442824678543286,39
UrbanSound8K/156362-4-2-1.wav,0.6456794815185742,39
UrbanSound8K/156362-4-3-0.wav,0.5722884520506247,39
UrbanSound8K/156362-4-3-1.wav,0.5690876184365689,39
UrbanSound8K/156362-4-3-2.wav,0.571114705159114,39
UrbanSound8K/156362-4-3-3.wav,0.5787444588465568,39
UrbanSound8K/156362-4-3-4.wav,0.5940701655852489,39
UrbanSound8K/156362-4-3-5.wav,0.6069575303640121,39
UrbanSound8K/156362-4-3-6.wav,0.6158594917028378,39
UrbanSound8K/156362-4-3-7.wav,0.6213139723508786,39
UrbanSound8K/156362-4-3-8.wav,0.6220563283333411,39
UrbanSound8K/156418-3-0-0.wav,0.46016872846163237,39
UrbanSound8K/156418-3-0-1.wav,0.42532826081300396,39
UrbanSound8K/156418-3-1-0.wav,0.4789594702231578,39
UrbanSound8K/156418-3-2-0.wav,0.491795625951555,9
UrbanSound8K/156634-5-0-0.wav,0.49700673115559113,39
UrbanSound8K/156634-5-0-1.wav,0.5008889734745026,39
UrbanSound8K/156634-5-0-10.wav,0.5147685935864081,39
UrbanSound8K/156634-5-0-11.wav,0.5232510039439568,39
UrbanSound8K/156634-5-0-12.wav,0.526454570201727,39
UrbanSound8K/156634-5-0-2.wav,0.4986163133229965,39
UrbanSound8K/156634-5-0-3.wav,0.5052911463456277,39
UrbanSound8K/156634-5-0-4.wav,0.5155168099281116,39
UrbanSound8K/156634-5-0-5.wav,0.5327617357938718,39
UrbanSound8K/156634-5-0-6.wav,0.5373782698924725,39
UrbanSound8K/156634-5-0-7.wav,0.5269222030272851,39
UrbanSound8K/156634-5-0-8.wav,0.5221839570082151,39
UrbanSound8K/156634-5-0-9.wav,0.5154304894117209,39
UrbanSound8K/156634-5-1-0.wav,0.5095803561883095,39
UrbanSound8K/156634-5-2-0.wav,0.514429298730997,39
UrbanSound8K/156634-5-2-1.wav,0.5104261995890201,39
UrbanSound8K/156634-5-2-2.wav,0.5154432623814313,39
UrbanSound8K/156634-5-2-3.wav,0.5119729034411602,39
UrbanSound8K/156634-5-2-4.wav,0.5066392513421866,39
UrbanSound8K/156634-5-2-5.wav,0.5089096938952421,39
UrbanSound8K/156634-5-2-6.wav,0.5071572546775525,39
UrbanSound8K/156634-5-2-7.wav,0.4796926394487039,39
UrbanSound8K/156634-5-2-8.wav,0.43265525423563445,39
UrbanSound8K/156868-8-0-0.wav,0.5114289919535319,6
UrbanSound8K/156868-8-1-0.wav,0.5440725199878216,8
UrbanSound8K/156868-8-2-0.wav,0.6131844758987427,5
UrbanSound8K/156868-8-3-0.wav,0.6171009242534637,4
UrbanSound8K/156868-8-4-0.wav,0.6184865832328796,4
UrbanSound8K/156869-8-0-0.wav,0.4442247954698709,39
UrbanSound8K/156869-8-0-1.wav,0.4553146087206327,39
UrbanSound8K/156869-8-0-10.wav,0.4642297801298973,39
UrbanSound8K/156869-8-0-11.wav,0.47026837712679154,39
UrbanSound8K/156869-8-0-2.wav,0.4981933602919945,39
UrbanSound8K/156869-8-0-3.wav,0.5226390308294541,39
UrbanSound8K/156869-8-0-4.wav,0.5029807931337601,39
UrbanSound8K/156869-8-0-5.wav,0.46006664633750916,39
UrbanSound8K/156869-8-0-6.wav,0.4354823170564113,39
UrbanSound8K/156869-8-0-7.wav,0.45410224642509067,39
UrbanSound8K/156869-8-0-8.wav,0.45915977771465594,39
UrbanSound8K/156869-8-0-9.wav,0.4501432654185173,39
UrbanSound8K/156893-7-0-0.wav,0.6514909646727822,11
UrbanSound8K/156893-7-1-0.wav,0.6481479731473055,11
UrbanSound8K/156893-7-10-0.wav,0.6447692364454269,4
UrbanSound8K/156893-7-11-0.wav,0.6498297364623459,27
UrbanSound8K/156893-7-2-0.wav,0.6487515270709991,10
UrbanSound8K/156893-7-3-0.wav,0.6495844381196159,14
UrbanSound8K/156893-7-4-0.wav,0.6515539023611281,9
UrbanSound8K/156893-7-5-0.wav,0.6476784273982048,16
UrbanSound8K/156893-7-6-0.wav,0.6480773145502264,11
UrbanSound8K/156893-7-7-0.wav,0.6471090962489446,24
UrbanSound8K/156893-7-8-0.wav,0.6509680151939392,9
UrbanSound8K/156893-7-9-0.wav,0.6488286554813385,10
UrbanSound8K/156897-6-0-0.wav,0.48414181579243054,22
UrbanSound8K/157207-6-0-0.wav,0.48441176755087717,7
UrbanSound8K/157207-6-1-0.wav,0.5065694881810082,9
UrbanSound8K/157207-6-10-0.wav,0.4514554500579834,10
UrbanSound8K/157207-6-2-0.wav,0.493729230761528,10
UrbanSound8K/157207-6-3-0.wav,0.5392720571586064,7
UrbanSound8K/157207-6-4-0.wav,0.5205637663602829,8
UrbanSound8K/157207-6-5-0.wav,0.5086358926798168,19
UrbanSound8K/157207-6-6-0.wav,0.4745898896997625,11
UrbanSound8K/157207-6-7-0.wav,0.4987814161512587,9
UrbanSound8K/157207-6-8-0.wav,0.4963100627064705,8
UrbanSound8K/157207-6-9-0.wav,0.4824419319629669,7
UrbanSound8K/157322-3-0-3.wav,0.4623771882974185,39
UrbanSound8K/157322-3-0-4.wav,0.45448622489586854,39
UrbanSound8K/157322-3-0-5.wav,0.4999317756065956,39
UrbanSound8K/157322-3-0-6.wav,0.5081364940374326,39
UrbanSound8K/157648-8-0-0.wav,0.6611690750488868,39
UrbanSound8K/157649-3-0-0.wav,0.5781083000011933,39
UrbanSound8K/157649-3-0-1.wav,0.5754037407728342,39
UrbanSound8K/157649-3-1-1.wav,0.561478975491646,39
UrbanSound8K/157649-3-2-0.wav,0.5623948039152683,39
UrbanSound8K/157695-3-0-19.wav,0.4873498169814839,34
UrbanSound8K/157695-3-0-2.wav,0.49107414942521316,39
UrbanSound8K/157695-3-0-27.wav,0.49404717936660303,33
UrbanSound8K/157695-3-0-8.wav,0.49718749336898327,32
UrbanSound8K/157799-6-0-0.wav,0.5561153690020243,21
UrbanSound8K/157800-6-0-0.wav,0.592977625131607,10
UrbanSound8K/157801-6-0-0.wav,0.5156001100937525,24
UrbanSound8K/157866-8-0-0.wav,0.6078855884380829,39
UrbanSound8K/157866-8-0-1.wav,0.6081702082585065,39
UrbanSound8K/157866-8-0-10.wav,0.608866185714037,39
UrbanSound8K/157866-8-0-11.wav,0.607946365307539,39
UrbanSound8K/157866-8-0-12.wav,0.6083579720594944,39
UrbanSound8K/157866-8-0-13.wav,0.6091179037705446,39
UrbanSound8K/157866-8-0-14.wav,0.6087008317311605,39
UrbanSound8K/157866-8-0-15.wav,0.6079824765523275,39
UrbanSound8K/157866-8-0-16.wav,0.6087137796939948,39
UrbanSound8K/157866-8-0-17.wav,0.6090497068869762,39
UrbanSound8K/157866-8-0-18.wav,0.608075757821401,39
UrbanSound8K/157866-8-0-19.wav,0.6080359572019333,39
UrbanSound8K/157866-8-0-2.wav,0.6090415792587476,39
UrbanSound8K/157866-8-0-20.wav,0.6089534239891248,39
UrbanSound8K/157866-8-0-21.wav,0.6088907474126571,39
UrbanSound8K/157866-8-0-22.wav,0.6079345437196585,39
UrbanSound8K/157866-8-0-23.wav,0.608504709524986,39
UrbanSound8K/157866-8-0-24.wav,0.6091263370636182,39
UrbanSound8K/157866-8-0-25.wav,0.6085051649656051,39
UrbanSound8K/157866-8-0-26.wav,0.6079771717389425,39
UrbanSound8K/157866-8-0-27.wav,0.608747905645615,39
UrbanSound8K/157866-8-0-3.wav,0.6087947778212719,39
UrbanSound8K/157866-8-0-4.wav,0.6079388612355942,39
UrbanSound8K/157866-8-0-5.wav,0.6086370333647116,39
UrbanSound8K/157866-8-0-6.wav,0.6090760169885098,39
UrbanSound8K/157866-8-0-7.wav,0.6082138037070249,39
UrbanSound8K/157866-8-0-8.wav,0.6079611824109004,39
UrbanSound8K/157866-8-0-9.wav,0.6088286347878284,39
UrbanSound8K/157867-8-0-0.wav,0.5158722263116103,39
UrbanSound8K/157867-8-0-1.wav,0.5329531935545114,39
UrbanSound8K/157867-8-0-10.wav,0.5168238817117153,39
UrbanSound8K/157867-8-0-11.wav,0.5308209168605316,39
UrbanSound8K/157867-8-0-12.wav,0.5173416856007699,39
UrbanSound8K/157867-8-0-13.wav,0.5141340769254245,39
UrbanSound8K/157867-8-0-14.wav,0.5255831556442456,39
UrbanSound8K/157867-8-0-15.wav,0.5163699189821879,39
UrbanSound8K/157867-8-0-16.wav,0.5295962607249235,39
UrbanSound8K/157867-8-0-17.wav,0.5170167164924817,39
UrbanSound8K/157867-8-0-18.wav,0.5136427619518378,39
UrbanSound8K/157867-8-0-19.wav,0.5274876050460033,39
UrbanSound8K/157867-8-0-2.wav,0.5162078272073697,39
UrbanSound8K/157867-8-0-20.wav,0.5169836175747407,39
UrbanSound8K/157867-8-0-21.wav,0.5287176920817449,39
UrbanSound8K/157867-8-0-22.wav,0.5168163837530674,39
UrbanSound8K/157867-8-0-23.wav,0.5128988409653689,39
UrbanSound8K/157867-8-0-24.wav,0.5293422142664591,39
UrbanSound8K/157867-8-0-25.wav,0.5174823854214106,39
UrbanSound8K/157867-8-0-26.wav,0.5279023907123468,39
UrbanSound8K/157867-8-0-27.wav,0.5158151143636459,39
UrbanSound8K/157867-8-0-28.wav,0.5122032455908947,39
UrbanSound8K/157867-8-0-3.wav,0.5151079847262456,39
UrbanSound8K/157867-8-0-4.wav,0.5225114807104453,39
UrbanSound8K/157867-8-0-5.wav,0.5171584945458633,39
UrbanSound8K/157867-8-0-6.wav,0.5319770352962689,39
UrbanSound8K/157867-8-0-7.wav,0.5169784564238328,39
UrbanSound8K/157867-8-0-8.wav,0.5145058028208904,39
UrbanSound8K/157867-8-0-9.wav,0.5240272352328668,39
UrbanSound8K/157868-8-0-0.wav,0.6603661531057113,39
UrbanSound8K/157868-8-0-1.wav,0.6603989723401192,39
UrbanSound8K/157868-8-0-10.wav,0.6603156740848835,39
UrbanSound8K/157868-8-0-11.wav,0.6603218637979947,39
UrbanSound8K/157868-8-0-12.wav,0.6603344633029058,39
UrbanSound8K/157868-8-0-13.wav,0.6602511054430252,39
UrbanSound8K/157868-8-0-14.wav,0.6603501469661028,39
UrbanSound8K/157868-8-0-15.wav,0.6602910955746969,39
UrbanSound8K/157868-8-0-16.wav,0.6603260590479925,39
UrbanSound8K/157868-8-0-17.wav,0.6603594024976095,39
UrbanSound8K/157868-8-0-18.wav,0.6602757817659622,39
UrbanSound8K/157868-8-0-19.wav,0.6603743678484207,39
UrbanSound8K/157868-8-0-2.wav,0.6602919697761536,39
UrbanSound8K/157868-8-0-20.wav,0.6603299837846023,39
UrbanSound8K/157868-8-0-21.wav,0.6602950646327093,39
UrbanSound8K/157868-8-0-22.wav,0.6603888960985037,39
UrbanSound8K/157868-8-0-23.wav,0.6602914776557531,39
UrbanSound8K/157868-8-0-24.wav,0.6602801833397303,39
UrbanSound8K/157868-8-0-25.wav,0.6603642197755667,39
UrbanSound8K/157868-8-0-26.wav,0.6602316789138012,39
UrbanSound8K/157868-8-0-27.wav,0.6603429638422452,39
UrbanSound8K/157868-8-0-3.wav,0.6604230327483935,39
UrbanSound8K/157868-8-0-4.wav,0.6603817007480524,39
UrbanSound8K/157868-8-0-5.wav,0.6603584152001601,39
UrbanSound8K/157868-8-0-6.wav,0.6604555402046595,39
UrbanSound8K/157868-8-0-7.wav,0.6603384537574573,39
UrbanSound8K/157868-8-0-8.wav,0.6603261461624732,39
UrbanSound8K/157868-8-0-9.wav,0.6603581355168269,39
UrbanSound8K/157950-3-0-0.wav,0.4936070212951073,13
UrbanSound8K/158607-3-0-0.wav,0.5470935371186998,9
UrbanSound8K/158607-3-1-0.wav,0.5751862309195779,22
UrbanSound8K/158607-3-2-0.wav,0.5630688635926497,19
UrbanSound8K/158608-8-0-0.wav,0.5725856943008227,39
UrbanSound8K/158608-8-0-1.wav,0.5705419656557914,39
UrbanSound8K/158608-8-0-10.wav,0.5845814087452033,39
UrbanSound8K/158608-8-0-2.wav,0.5727985348456945,39
UrbanSound8K/158608-8-0-3.wav,0.5816275935906631,39
UrbanSound8K/158608-8-0-4.wav,0.5864122999020112,39
UrbanSound8K/158608-8-0-5.wav,0.5926144245343331,39
UrbanSound8K/158608-8-0-6.wav,0.6003560530833709,39
UrbanSound8K/158608-8-0-7.wav,0.6041710697687589,39
UrbanSound8K/158608-8-0-8.wav,0.6031257479618757,39
UrbanSound8K/158608-8-0-9.wav,0.5949595799812903,39
UrbanSound8K/158977-6-0-0.wav,0.48112896961324353,17
UrbanSound8K/158978-6-0-0.wav,0.49566763266921043,16
UrbanSound8K/158979-6-0-0.wav,0.4475757452574643,22
UrbanSound8K/159176-3-0-0.wav,0.5384263140814645,7
UrbanSound8K/159701-6-0-0.wav,0.4991389811038971,17
UrbanSound8K/159701-6-1-0.wav,0.47510630676620885,19
UrbanSound8K/159701-6-2-0.wav,0.5233494873557772,14
UrbanSound8K/159701-6-3-0.wav,0.5071543417870998,16
UrbanSound8K/159701-6-4-0.wav,0.46683637526902283,22
UrbanSound8K/159701-6-5-0.wav,0.47249235407165857,23
UrbanSound8K/159701-6-6-0.wav,0.4941200676717256,19
UrbanSound8K/159702-6-0-0.wav,0.6536567062139511,4
UrbanSound8K/159702-6-1-0.wav,0.6559772789478302,4
UrbanSound8K/159702-6-2-0.wav,0.662120059132576,4
UrbanSound8K/159702-6-3-0.wav,0.648775601387024,5
UrbanSound8K/159702-6-4-0.wav,0.6644693613052368,4
UrbanSound8K/159702-6-5-0.wav,0.6536242604255676,5
UrbanSound8K/159702-6-6-0.wav,0.5021356626560813,19
UrbanSound8K/159703-6-0-0.wav,0.5068041261504678,17
UrbanSound8K/159704-6-0-0.wav,0.49463405542903477,18
UrbanSound8K/159705-6-0-0.wav,0.5950420598189036,12
UrbanSound8K/159706-6-0-0.wav,0.5607471227645874,15
UrbanSound8K/159707-6-0-0.wav,0.5361739724874497,20
UrbanSound8K/159708-6-6-0.wav,0.6487261891365051,5
UrbanSound8K/159709-6-0-0.wav,0.5252351015806198,18
UrbanSound8K/159710-6-0-0.wav,0.624961119890213,10
UrbanSound8K/159726-3-0-0.wav,0.5105801423390707,9
UrbanSound8K/159726-3-1-0.wav,0.5097522244733923,17
UrbanSound8K/159738-8-0-10.wav,0.283190865670481,31
UrbanSound8K/159738-8-0-11.wav,0.288715079001018,35
UrbanSound8K/159738-8-0-12.wav,0.2958749979734421,38
UrbanSound8K/159738-8-0-13.wav,0.30921559226818573,39
UrbanSound8K/159738-8-0-14.wav,0.35834951049242264,39
UrbanSound8K/159738-8-0-15.wav,0.4348773520726424,39
UrbanSound8K/159738-8-0-16.wav,0.39996333943830953,37
UrbanSound8K/159738-8-0-17.wav,0.32337114390204935,17
UrbanSound8K/159738-8-0-2.wav,0.25073684495070886,29
UrbanSound8K/159738-8-0-3.wav,0.2556102306678377,29
UrbanSound8K/159738-8-0-4.wav,0.25919278914278204,22
UrbanSound8K/159738-8-0-5.wav,0.2690050395635458,26
UrbanSound8K/159738-8-0-6.wav,0.27272983933940076,33
UrbanSound8K/159738-8-0-7.wav,0.28036931267491094,27
UrbanSound8K/159738-8-0-8.wav,0.29244542218023734,31
UrbanSound8K/159738-8-0-9.wav,0.2896034484729171,32
UrbanSound8K/159742-8-0-10.wav,0.4455548876371139,39
UrbanSound8K/159742-8-0-11.wav,0.39943738472767365,39
UrbanSound8K/159742-8-0-12.wav,0.3750051336410718,39
UrbanSound8K/159742-8-0-13.wav,0.370929594987478,39
UrbanSound8K/159742-8-0-14.wav,0.36900502995208456,27
UrbanSound8K/159742-8-0-5.wav,0.3192177563905716,10
UrbanSound8K/159742-8-0-6.wav,0.3462659627199173,30
UrbanSound8K/159742-8-0-7.wav,0.41874673351263386,39
UrbanSound8K/159742-8-0-8.wav,0.5112590728661953,39
UrbanSound8K/159742-8-0-9.wav,0.5143942565490038,39
UrbanSound8K/159743-8-0-0.wav,0.4605761445485629,39
UrbanSound8K/159744-8-0-0.wav,0.3123246507766919,39
UrbanSound8K/159744-8-0-1.wav,0.31396605953192097,39
UrbanSound8K/159744-8-0-10.wav,0.4830882679193448,39
UrbanSound8K/159744-8-0-11.wav,0.41535285879404116,39
UrbanSound8K/159744-8-0-12.wav,0.3375865055455102,36
UrbanSound8K/159744-8-0-2.wav,0.32485076555838954,39
UrbanSound8K/159744-8-0-3.wav,0.3227744792637072,38
UrbanSound8K/159744-8-0-4.wav,0.3318809333600496,38
UrbanSound8K/159744-8-0-5.wav,0.36690498621035844,39
UrbanSound8K/159744-8-0-6.wav,0.4121759533882141,39
UrbanSound8K/159744-8-0-7.wav,0.5039164867156591,39
UrbanSound8K/159744-8-0-8.wav,0.5535596211751302,39
UrbanSound8K/159744-8-0-9.wav,0.5281138106798514,39
UrbanSound8K/159745-8-0-0.wav,0.5951741016828097,13
UrbanSound8K/159745-8-1-0.wav,0.5494739848833817,39
UrbanSound8K/159745-8-1-1.wav,0.45829159632707256,39
UrbanSound8K/159745-8-1-2.wav,0.3782609876913902,39
UrbanSound8K/159745-8-1-3.wav,0.34107272471151046,31
UrbanSound8K/159745-8-1-4.wav,0.31379803202368994,11
UrbanSound8K/159747-8-0-10.wav,0.3152774977378356,39
UrbanSound8K/159747-8-0-11.wav,0.3929755909320636,39
UrbanSound8K/159747-8-0-12.wav,0.4483812802877182,39
UrbanSound8K/159747-8-0-13.wav,0.44281971836701417,39
UrbanSound8K/159747-8-0-14.wav,0.4344755051991878,39
UrbanSound8K/159747-8-0-15.wav,0.4528832985804631,39
UrbanSound8K/159747-8-0-16.wav,0.4382092639421805,39
UrbanSound8K/159747-8-0-17.wav,0.39259784878828585,39
UrbanSound8K/159747-8-0-18.wav,0.3693169057369232,20
UrbanSound8K/159747-8-0-2.wav,0.29196501805864533,29
UrbanSound8K/159747-8-0-3.wav,0.30404186248779297,37
UrbanSound8K/159747-8-0-4.wav,0.3080242665914389,39
UrbanSound8K/159747-8-0-5.wav,0.30323677882552147,32
UrbanSound8K/159747-8-0-6.wav,0.3035154693893024,28
UrbanSound8K/159747-8-0-7.wav,0.30216199630185175,19
UrbanSound8K/159747-8-0-8.wav,0.3012767765257094,18
UrbanSound8K/159747-8-0-9.wav,0.29785380205687356,34
UrbanSound8K/159748-8-0-0.wav,0.44903004475128955,39
UrbanSound8K/159748-8-0-1.wav,0.4572236553216592,39
UrbanSound8K/159748-8-0-2.wav,0.46189741752086544,39
UrbanSound8K/159748-8-0-3.wav,0.4817007375069154,39
UrbanSound8K/159748-8-0-4.wav,0.47780824930239946,39
UrbanSound8K/159748-8-0-5.wav,0.47145551901597244,39
UrbanSound8K/159748-8-0-6.wav,0.4788908859093984,39
UrbanSound8K/159748-8-0-7.wav,0.4758806572510646,39
UrbanSound8K/159748-8-0-8.wav,0.4712221255669227,39
UrbanSound8K/159748-8-0-9.wav,0.4609058216596261,39
UrbanSound8K/159748-8-1-0.wav,0.3927923977375031,15
UrbanSound8K/159748-8-2-0.wav,0.4746709664662679,39
UrbanSound8K/159748-8-2-1.wav,0.4725164320224371,39
UrbanSound8K/159748-8-2-2.wav,0.47649416709557557,39
UrbanSound8K/159748-8-2-3.wav,0.4815786328071203,39
UrbanSound8K/159748-8-2-4.wav,0.4597348364499899,39
UrbanSound8K/159748-8-2-5.wav,0.43648350162383837,39
UrbanSound8K/159748-8-2-6.wav,0.43759948779375124,39
UrbanSound8K/159748-8-2-7.wav,0.43769140197680545,39
UrbanSound8K/159748-8-2-8.wav,0.43743495375682145,39
UrbanSound8K/159750-8-0-0.wav,0.48737184665141964,39
UrbanSound8K/159750-8-0-1.wav,0.47365391178008837,39
UrbanSound8K/159750-8-0-2.wav,0.38886183423873705,39
UrbanSound8K/159750-8-0-3.wav,0.32007959835669575,34
UrbanSound8K/159750-8-0-4.wav,0.3098836088180542,25
UrbanSound8K/159750-8-0-5.wav,0.31527497805655,16
UrbanSound8K/159751-8-0-0.wav,0.44669573658551925,39
UrbanSound8K/159751-8-0-1.wav,0.4506039443688515,39
UrbanSound8K/159751-8-0-10.wav,0.44589142692394745,39
UrbanSound8K/159751-8-0-11.wav,0.42618342546316296,39
UrbanSound8K/159751-8-0-12.wav,0.40159040689468384,39
UrbanSound8K/159751-8-0-13.wav,0.40622524191171694,39
UrbanSound8K/159751-8-0-14.wav,0.4422842921354832,39
UrbanSound8K/159751-8-0-15.wav,0.4678795490509424,39
UrbanSound8K/159751-8-0-16.wav,0.4647142573809012,39
UrbanSound8K/159751-8-0-17.wav,0.4599691140346038,39
UrbanSound8K/159751-8-0-18.wav,0.46116948891908693,39
UrbanSound8K/159751-8-0-19.wav,0.45538909313006276,39
UrbanSound8K/159751-8-0-2.wav,0.4473182841753348,39
UrbanSound8K/159751-8-0-20.wav,0.4386558670264024,39
UrbanSound8K/159751-8-0-21.wav,0.42766432960828143,39
UrbanSound8K/159751-8-0-3.wav,0.4532381066909203,39
UrbanSound8K/159751-8-0-4.wav,0.45054269219056153,39
UrbanSound8K/159751-8-0-5.wav,0.4451027183960646,39
UrbanSound8K/159751-8-0-6.wav,0.4480564647760147,39
UrbanSound8K/159751-8-0-7.wav,0.45252208449901676,39
UrbanSound8K/159751-8-0-8.wav,0.452998847533495,39
UrbanSound8K/159751-8-0-9.wav,0.4496760200231503,39
UrbanSound8K/159752-8-0-0.wav,0.4584836279734587,39
UrbanSound8K/159752-8-0-1.wav,0.47161299066665846,39
UrbanSound8K/159752-8-0-10.wav,0.4523908304862487,39
UrbanSound8K/159752-8-0-11.wav,0.4384154096627847,39
UrbanSound8K/159752-8-0-12.wav,0.42280953664046067,39
UrbanSound8K/159752-8-0-2.wav,0.46430736550917995,39
UrbanSound8K/159752-8-0-3.wav,0.46413211562694645,39
UrbanSound8K/159752-8-0-4.wav,0.47132366819259447,39
UrbanSound8K/159752-8-0-5.wav,0.4685057432223589,39
UrbanSound8K/159752-8-0-6.wav,0.46674029032389325,39
UrbanSound8K/159752-8-0-7.wav,0.46215357918005723,39
UrbanSound8K/159752-8-0-8.wav,0.4546057390861022,39
UrbanSound8K/159752-8-0-9.wav,0.4538071361871866,39
UrbanSound8K/159752-8-1-0.wav,0.3838278353214264,8
UrbanSound8K/159752-8-2-0.wav,0.4566836036168612,39
UrbanSound8K/159752-8-2-1.wav,0.45608696265098375,39
UrbanSound8K/159752-8-2-2.wav,0.4738162840024019,39
UrbanSound8K/159752-8-2-3.wav,0.4793564868278993,39
UrbanSound8K/159753-8-0-0.wav,0.3542456099620232,39
UrbanSound8K/159753-8-0-1.wav,0.35950310337237823,39
UrbanSound8K/159753-8-0-2.wav,0.3362401739144937,39
UrbanSound8K/159753-8-0-3.wav,0.3513922370397128,39
UrbanSound8K/159753-8-0-4.wav,0.34378294226450795,39
UrbanSound8K/159753-8-0-5.wav,0.3413994923616067,39
UrbanSound8K/159753-8-0-6.wav,0.3370857559717618,39
UrbanSound8K/159754-8-0-0.wav,0.4225419925318824,9
UrbanSound8K/159754-8-1-0.wav,0.46315279603004456,5
UrbanSound8K/159754-8-2-0.wav,0.5112791806459427,4
UrbanSound8K/159754-8-3-0.wav,0.4660849489014724,29
UrbanSound8K/159754-8-4-0.wav,0.410242572808877,39
UrbanSound8K/159755-8-0-0.wav,0.24008850753307343,10
UrbanSound8K/159755-8-0-1.wav,0.2688005908771797,27
UrbanSound8K/159755-8-0-2.wav,0.31001451376237366,38
UrbanSound8K/159755-8-0-3.wav,0.3403889460441394,39
UrbanSound8K/160366-3-0-13.wav,0.4818228169893607,39
UrbanSound8K/160366-3-0-4.wav,0.5104400156400143,39
UrbanSound8K/160366-3-0-7.wav,0.48832972768025523,39
UrbanSound8K/160366-3-0-8.wav,0.5025651989839016,39
UrbanSound8K/160575-3-0-0.wav,0.4744675424363878,9
UrbanSound8K/160575-3-1-0.wav,0.5037218862109714,9
UrbanSound8K/160575-3-4-0.wav,0.5029217849175135,12
UrbanSound8K/160575-3-7-0.wav,0.5079346944888433,12
UrbanSound8K/161010-1-0-0.wav,0.5815139524638653,16
UrbanSound8K/161010-1-1-0.wav,0.5761225571235021,12
UrbanSound8K/161010-1-2-0.wav,0.5821458597977957,6
UrbanSound8K/161010-1-3-0.wav,0.5692315426739779,22
UrbanSound8K/161129-4-0-1.wav,0.4614339684828734,39
UrbanSound8K/161129-4-0-10.wav,0.552668646360055,39
UrbanSound8K/161129-4-0-11.wav,0.5618540155581939,39
UrbanSound8K/161129-4-0-12.wav,0.5731795430183411,39
UrbanSound8K/161129-4-0-13.wav,0.5809445381164551,39
UrbanSound8K/161129-4-0-15.wav,0.5669708786866604,39
UrbanSound8K/161129-4-0-16.wav,0.5608719816574683,39
UrbanSound8K/161129-4-0-19.wav,0.5327591070762048,39
UrbanSound8K/161129-4-0-2.wav,0.4741463928650587,39
UrbanSound8K/161129-4-0-20.wav,0.5174244122627454,39
UrbanSound8K/161129-4-0-3.wav,0.4884337721726833,39
UrbanSound8K/161129-4-0-4.wav,0.49397410719822615,39
UrbanSound8K/161129-4-0-5.wav,0.5083563579962804,39
UrbanSound8K/161129-4-0-6.wav,0.5260575230305011,39
UrbanSound8K/161129-4-0-7.wav,0.5323535723563952,39
UrbanSound8K/161129-4-0-8.wav,0.5367787984701303,39
UrbanSound8K/161129-4-0-9.wav,0.543796759385329,39
UrbanSound8K/161195-6-0-0.wav,0.6236796528100967,6
UrbanSound8K/161922-3-1-4.wav,0.42734585740627384,39
UrbanSound8K/161922-3-1-5.wav,0.4327065096451686,39
UrbanSound8K/161922-3-1-6.wav,0.43615082441232145,39
UrbanSound8K/161922-3-2-0.wav,0.415134540759027,32
UrbanSound8K/161923-3-0-0.wav,0.41018579756059953,31
UrbanSound8K/161923-3-0-12.wav,0.39567839801311494,30
UrbanSound8K/161923-3-0-19.wav,0.4008482221294852,34
UrbanSound8K/161923-3-0-5.wav,0.3692621700465679,16
UrbanSound8K/162134-7-0-0.wav,0.7060543604386158,39
UrbanSound8K/162134-7-0-1.wav,0.6824360260596642,39
UrbanSound8K/162134-7-0-2.wav,0.6742961253875341,39
UrbanSound8K/162134-7-1-0.wav,0.6712527722120285,36
UrbanSound8K/162134-7-10-0.wav,0.6837469660318815,39
UrbanSound8K/162134-7-10-1.wav,0.686362563035427,39
UrbanSound8K/162134-7-10-2.wav,0.6807310535357549,39
UrbanSound8K/162134-7-10-3.wav,0.6738309539281405,39
UrbanSound8K/162134-7-11-0.wav,0.6918588922573969,39
UrbanSound8K/162134-7-11-1.wav,0.6968100193219308,39
UrbanSound8K/162134-7-11-2.wav,0.7025724924527682,39
UrbanSound8K/162134-7-11-3.wav,0.6965957543788812,39
UrbanSound8K/162134-7-11-4.wav,0.6853603415000133,39
UrbanSound8K/162134-7-11-5.wav,0.6825444407952137,39
UrbanSound8K/162134-7-11-6.wav,0.6804556418687869,39
UrbanSound8K/162134-7-11-7.wav,0.6630694698064755,39
UrbanSound8K/162134-7-12-0.wav,0.6886768249365,39
UrbanSound8K/162134-7-12-1.wav,0.69052765919612,39
UrbanSound8K/162134-7-12-2.wav,0.6889383701177744,39
UrbanSound8K/162134-7-12-3.wav,0.6843952689415369,39
UrbanSound8K/162134-7-12-4.wav,0.6804219683011373,39
UrbanSound8K/162134-7-13-0.wav,0.6963894306085049,39
UrbanSound8K/162134-7-13-1.wav,0.6906790595788223,39
UrbanSound8K/162134-7-13-2.wav,0.6874129970868429,39
UrbanSound8K/162134-7-13-3.wav,0.6860757989761157,39
UrbanSound8K/162134-7-13-4.wav,0.6742806755579435,39
UrbanSound8K/162134-7-14-0.wav,0.6928378221316215,39
UrbanSound8K/162134-7-14-1.wav,0.6865646151395944,39
UrbanSound8K/162134-7-14-2.wav,0.6784726335452154,39
UrbanSound8K/162134-7-15-0.wav,0.6902043865277216,39
UrbanSound8K/162134-7-15-1.wav,0.6867854671600537,39
UrbanSound8K/162134-7-15-2.wav,0.6855993225024297,39
UrbanSound8K/162134-7-15-3.wav,0.6850202771333548,39
UrbanSound8K/162134-7-15-4.wav,0.6665853353647085,39
UrbanSound8K/162134-7-16-0.wav,0.6845665711622971,39
UrbanSound8K/162134-7-16-1.wav,0.6812236752265539,39
UrbanSound8K/162134-7-17-0.wav,0.6748795463488653,39
UrbanSound8K/162134-7-17-1.wav,0.6764678114499801,39
UrbanSound8K/162134-7-17-2.wav,0.6750389444522369,39
UrbanSound8K/162134-7-17-3.wav,0.6733651237610059,39
UrbanSound8K/162134-7-17-4.wav,0.6765090074294653,39
UrbanSound8K/162134-7-2-0.wav,0.6577110137694921,39
UrbanSound8K/162134-7-3-0.wav,0.6814430982638628,39
UrbanSound8K/162134-7-4-0.wav,0.6868868842720985,24
UrbanSound8K/162134-7-5-0.wav,0.6575493779447343,18
UrbanSound8K/162134-7-6-0.wav,0.6686148503247429,17
UrbanSound8K/162134-7-7-0.wav,0.6767130020337228,39
UrbanSound8K/162134-7-7-1.wav,0.6674320208720672,39
UrbanSound8K/162134-7-8-0.wav,0.6840014717517755,39
UrbanSound8K/162134-7-8-1.wav,0.6877309863383954,39
UrbanSound8K/162134-7-8-2.wav,0.6925789515177408,39
UrbanSound8K/162134-7-8-3.wav,0.6954558186042004,39
UrbanSound8K/162134-7-8-4.wav,0.6902409318165902,39
UrbanSound8K/162134-7-8-5.wav,0.6864375303953122,39
UrbanSound8K/162134-7-8-6.wav,0.6901935935020447,39
UrbanSound8K/162134-7-8-7.wav,0.6879268212196155,39
UrbanSound8K/162134-7-9-0.wav,0.6847406809146588,39
UrbanSound8K/162134-7-9-1.wav,0.6781783470740685,39
UrbanSound8K/162134-7-9-2.wav,0.6752589451961029,39
UrbanSound8K/162134-7-9-3.wav,0.6793924432534438,39
UrbanSound8K/162134-7-9-4.wav,0.6832420168778836,39
UrbanSound8K/162431-6-0-0.wav,0.4968875050544739,6
UrbanSound8K/162431-6-1-0.wav,0.47885046402613324,6
UrbanSound8K/162431-6-2-0.wav,0.5389624774456024,5
UrbanSound8K/162431-6-3-0.wav,0.47112218538920086,6
UrbanSound8K/162432-6-0-0.wav,0.3796896967622969,9
UrbanSound8K/162432-6-1-0.wav,0.33442264795303345,8
UrbanSound8K/162432-6-10-0.wav,0.46266321539878846,5
UrbanSound8K/162432-6-11-0.wav,0.5112373009324074,4
UrbanSound8K/162432-6-12-0.wav,0.46238200068473817,5
UrbanSound8K/162432-6-13-0.wav,0.4648132920265198,5
UrbanSound8K/162432-6-14-0.wav,0.4996927082538605,4
UrbanSound8K/162432-6-2-0.wav,0.35930849446190727,9
UrbanSound8K/162432-6-3-0.wav,0.34979858100414274,10
UrbanSound8K/162432-6-4-0.wav,0.3704646974802017,9
UrbanSound8K/162432-6-5-0.wav,0.3249133648350835,8
UrbanSound8K/162432-6-6-0.wav,0.34128111973404884,8
UrbanSound8K/162432-6-7-0.wav,0.34235459566116333,9
UrbanSound8K/162432-6-8-0.wav,0.35144766978919506,8
UrbanSound8K/162432-6-9-0.wav,0.4608734756708145,5
UrbanSound8K/162433-6-0-0.wav,0.4972957894206047,4
UrbanSound8K/162433-6-4-0.wav,0.4807894751429558,4
UrbanSound8K/162433-6-5-0.wav,0.48081133514642715,4
UrbanSound8K/162433-6-6-0.wav,0.47221170365810394,4
UrbanSound8K/162434-6-0-0.wav,0.42385101318359375,7
UrbanSound8K/162434-6-1-0.wav,0.43062940488259,6
UrbanSound8K/162434-6-2-0.wav,0.4746153295040131,5
UrbanSound8K/162435-6-0-0.wav,0.4655129089951515,4
UrbanSound8K/162435-6-1-0.wav,0.45940370857715607,4
UrbanSound8K/162435-6-2-0.wav,0.4525476098060608,4
UrbanSound8K/162435-6-3-0.wav,0.5480662931998571,6
UrbanSound8K/162436-6-0-0.wav,0.5519269893566767,15
UrbanSound8K/162702-1-1-0.wav,0.6498017566544669,7
UrbanSound8K/162703-1-0-0.wav,0.6658510088920593,10
UrbanSound8K/163459-3-0-0.wav,0.5572240153948466,6
UrbanSound8K/163460-6-0-0.wav,0.5499751269817352,5
UrbanSound8K/164053-8-0-0.wav,0.36822735957610303,39
UrbanSound8K/164053-8-1-0.wav,0.3859992233606485,39
UrbanSound8K/164053-8-2-0.wav,0.4152276263787196,39
UrbanSound8K/164053-8-2-1.wav,0.41543333347027117,39
UrbanSound8K/164053-8-2-2.wav,0.41634272535641986,39
UrbanSound8K/164053-8-2-3.wav,0.4167820704288972,39
UrbanSound8K/164053-8-3-0.wav,0.3970020573872786,39
UrbanSound8K/164311-3-0-0.wav,0.40373253145001153,22
UrbanSound8K/164311-3-1-0.wav,0.3815919580282988,27
UrbanSound8K/164312-3-0-0.wav,0.3124229514173099,14
UrbanSound8K/164312-3-1-0.wav,0.34063325415958057,11
UrbanSound8K/164312-3-3-0.wav,0.37714599238501656,9
UrbanSound8K/164312-3-4-0.wav,0.37489874213933944,10
UrbanSound8K/164626-1-0-0.wav,0.47511525452136993,6
UrbanSound8K/164627-1-0-0.wav,0.5166378344098727,12
UrbanSound8K/164646-6-0-0.wav,0.5269099622964859,6
UrbanSound8K/164667-6-0-0.wav,0.5142837911844254,6
UrbanSound8K/164782-8-0-0.wav,0.5140482003872211,39
UrbanSound8K/164782-8-0-1.wav,0.5175992189309536,39
UrbanSound8K/164782-8-0-2.wav,0.5178911502544696,39
UrbanSound8K/164782-8-0-3.wav,0.5150193205246558,39
UrbanSound8K/164782-8-0-4.wav,0.5135940802402985,39
UrbanSound8K/164782-8-0-5.wav,0.5136955961202964,39
UrbanSound8K/164782-8-0-6.wav,0.5147806130922757,39
UrbanSound8K/164782-8-0-7.wav,0.5178651855542109,39
UrbanSound8K/165039-7-0-0.wav,0.6531686568871523,39
UrbanSound8K/165039-7-1-0.wav,0.6324401309615687,38
UrbanSound8K/165039-7-10-0.wav,0.6291459569564233,39
UrbanSound8K/165039-7-10-1.wav,0.6305703429075388,39
UrbanSound8K/165039-7-11-0.wav,0.6446593480232434,39
UrbanSound8K/165039-7-12-0.wav,0.6111324108563937,39
UrbanSound8K/165039-7-12-1.wav,0.6102133760085473,39
UrbanSound8K/165039-7-13-0.wav,0.6171059134678963,39
UrbanSound8K/165039-7-14-0.wav,0.63603247489248,28
UrbanSound8K/165039-7-15-0.wav,0.636016981723981,39
UrbanSound8K/165039-7-15-1.wav,0.6349568794935178,39
UrbanSound8K/165039-7-16-0.wav,0.6378734456865411,38
UrbanSound8K/165039-7-17-0.wav,0.6645053365291693,39
UrbanSound8K/165039-7-17-1.wav,0.6475221667534266,39
UrbanSound8K/165039-7-2-0.wav,0.6471576048777654,39
UrbanSound8K/165039-7-2-1.wav,0.642389470185989,39
UrbanSound8K/165039-7-3-0.wav,0.6477954723896124,39
UrbanSound8K/165039-7-4-0.wav,0.6573495742602226,39
UrbanSound8K/165039-7-4-1.wav,0.6496600737938514,39
UrbanSound8K/165039-7-4-2.wav,0.6436626040018522,39
UrbanSound8K/165039-7-5-0.wav,0.6526965896288554,39
UrbanSound8K/165039-7-5-1.wav,0.6469710698494544,39
UrbanSound8K/165039-7-6-0.wav,0.6424897297834739,39
UrbanSound8K/165039-7-6-1.wav,0.6396075746951959,39
UrbanSound8K/165039-7-7-0.wav,0.6401902656806143,38
UrbanSound8K/165039-7-8-0.wav,0.6262633235026629,39
UrbanSound8K/165039-7-8-1.wav,0.6290534612460014,39
UrbanSound8K/165039-7-8-2.wav,0.6199122850711529,39
UrbanSound8K/165039-7-9-0.wav,0.6375063627194135,39
UrbanSound8K/165166-8-0-0.wav,0.5276979437241187,39
UrbanSound8K/165166-8-0-1.wav,0.6026404347175207,39
UrbanSound8K/165166-8-0-2.wav,0.6289349565139184,39
UrbanSound8K/165166-8-0-3.wav,0.6270562868851882,39
UrbanSound8K/165166-8-0-4.wav,0.6435060852613205,39
UrbanSound8K/165166-8-0-5.wav,0.6616272941613809,39
UrbanSound8K/165166-8-0-6.wav,0.6753964852064084,39
UrbanSound8K/165166-8-0-7.wav,0.66348369152118,39
UrbanSound8K/165166-8-0-8.wav,0.5996623192078028,39
UrbanSound8K/165567-3-0-0.wav,0.5318543223234323,39
UrbanSound8K/165567-3-2-0.wav,0.5377779459953308,25
UrbanSound8K/165567-3-3-0.wav,0.5338337456478792,17
UrbanSound8K/165567-3-4-0.wav,0.5256836149427626,18
UrbanSound8K/165640-4-0-0.wav,0.5958673014090612,39
UrbanSound8K/165640-4-0-1.wav,0.5978488417772146,39
UrbanSound8K/165640-4-0-2.wav,0.5828794890489334,39
UrbanSound8K/165641-4-0-0.wav,0.6091236563829275,39
UrbanSound8K/165641-4-0-1.wav,0.612105728724064,39
UrbanSound8K/165642-4-0-0.wav,0.6345196519142542,39
UrbanSound8K/165643-4-0-0.wav,0.6454608501532139,39
UrbanSound8K/165644-4-0-0.wav,0.627785230294252,39
UrbanSound8K/165644-4-0-1.wav,0.623214568847265,39
UrbanSound8K/165645-4-0-0.wav,0.5744207382202149,5
UrbanSound8K/165645-4-1-0.wav,0.5851946217673165,7
UrbanSound8K/165645-4-2-0.wav,0.5806507915258408,8
UrbanSound8K/165645-4-3-0.wav,0.5885360666683742,7
UrbanSound8K/165645-4-4-0.wav,0.5760825616972787,7
UrbanSound8K/165645-4-5-0.wav,0.562988989882999,9
UrbanSound8K/165774-7-0-0.wav,0.5475388434198167,9
UrbanSound8K/165774-7-1-0.wav,0.5721396718706403,14
UrbanSound8K/165774-7-2-0.wav,0.5829246481259663,15
UrbanSound8K/165774-7-3-0.wav,0.5662117600440979,15
UrbanSound8K/165774-7-4-0.wav,0.5644081115722657,10
UrbanSound8K/165774-7-5-0.wav,0.5888549577106129,11
UrbanSound8K/165774-7-6-0.wav,0.5743070915341377,8
UrbanSound8K/165774-7-7-0.wav,0.5630395958820978,12
UrbanSound8K/165774-7-8-0.wav,0.5848285509989812,13
UrbanSound8K/165775-7-0-0.wav,0.6246093958616257,4
UrbanSound8K/165785-4-0-0.wav,0.5870896090160717,11
UrbanSound8K/165785-4-1-0.wav,0.6061002082294888,9
UrbanSound8K/165785-4-2-0.wav,0.6078243454297384,9
UrbanSound8K/165785-4-3-0.wav,0.5892330474323697,9
UrbanSound8K/165785-4-4-0.wav,0.595022136514837,11
UrbanSound8K/165786-4-0-0.wav,0.6734642997766153,39
UrbanSound8K/166101-5-0-0.wav,0.6457886665295332,39
UrbanSound8K/166101-5-0-1.wav,0.6766344782633659,39
UrbanSound8K/166101-5-0-2.wav,0.6713179105367416,39
UrbanSound8K/166101-5-0-3.wav,0.664822226915604,39
UrbanSound8K/166101-5-1-0.wav,0.6123623032318918,19
UrbanSound8K/166101-5-2-0.wav,0.6341937184333801,39
UrbanSound8K/166101-5-2-1.wav,0.6600875044480349,39
UrbanSound8K/166101-5-2-2.wav,0.6732128919699253,39
UrbanSound8K/166101-5-2-3.wav,0.6765635258112198,39
UrbanSound8K/166101-5-2-4.wav,0.6748046141404372,39
UrbanSound8K/166101-5-3-0.wav,0.6037825768993746,31
UrbanSound8K/166268-3-1-0.wav,0.5107974387132205,13
UrbanSound8K/166421-3-0-29.wav,0.4152209869137517,27
UrbanSound8K/166421-3-0-31.wav,0.3947786679190974,31
UrbanSound8K/166421-3-0-5.wav,0.434632584049895,37
UrbanSound8K/166489-3-0-1.wav,0.4821520544150296,34
UrbanSound8K/166489-3-0-2.wav,0.4583561569452286,28
UrbanSound8K/166489-3-0-4.wav,0.44500139584908116,26
UrbanSound8K/16692-5-0-0.wav,0.453084049316553,39
UrbanSound8K/16692-5-0-1.wav,0.45390528440475464,39
UrbanSound8K/16692-5-0-10.wav,0.44845938758972365,39
UrbanSound8K/16692-5-0-2.wav,0.4514716909481929,39
UrbanSound8K/16692-5-0-3.wav,0.45017335353753507,39
UrbanSound8K/16692-5-0-4.wav,0.4489101996788612,39
UrbanSound8K/16692-5-0-5.wav,0.4489126388843243,39
UrbanSound8K/16692-5-0-6.wav,0.4489358862241109,39
UrbanSound8K/16692-5-0-7.wav,0.4493364065121382,39
UrbanSound8K/16692-5-0-8.wav,0.4501802241190886,39
UrbanSound8K/16692-5-0-9.wav,0.44982117338058275,39
UrbanSound8K/166931-4-0-0.wav,0.7010949926498609,39
UrbanSound8K/166931-4-0-1.wav,0.7231208850175906,39
UrbanSound8K/166931-4-1-2.wav,0.6865057349205017,39
UrbanSound8K/166931-4-1-4.wav,0.7032650571603042,39
UrbanSound8K/166931-4-1-5.wav,0.6922356257071862,39
UrbanSound8K/166931-4-1-6.wav,0.619955885104644,39
UrbanSound8K/166931-4-2-0.wav,0.7134388242012415,39
UrbanSound8K/166931-4-2-12.wav,0.7058155124004071,39
UrbanSound8K/166931-4-2-13.wav,0.7147624385662568,39
UrbanSound8K/166931-4-2-3.wav,0.7208003034958472,39
UrbanSound8K/166931-4-2-7.wav,0.7181930511425703,39
UrbanSound8K/166931-4-2-8.wav,0.7152436834115249,39
UrbanSound8K/166931-4-3-1.wav,0.7206631623781644,39
UrbanSound8K/166931-4-3-2.wav,0.7199878631493984,39
UrbanSound8K/166931-4-4-0.wav,0.6595300237337748,39
UrbanSound8K/166931-4-4-2.wav,0.6787279125971671,39
UrbanSound8K/166931-4-4-3.wav,0.679832718311212,39
UrbanSound8K/167701-4-0-0.wav,0.6149005194505056,12
UrbanSound8K/167701-4-1-0.wav,0.5816399812698364,10
UrbanSound8K/167701-4-10-0.wav,0.6176205515861511,15
UrbanSound8K/167701-4-11-0.wav,0.6302499581467021,22
UrbanSound8K/167701-4-12-0.wav,0.6338598985563625,22
UrbanSound8K/167701-4-2-0.wav,0.6103447735309601,10
UrbanSound8K/167701-4-3-0.wav,0.6381049210375006,11
UrbanSound8K/167701-4-4-0.wav,0.6056263102934911,39
UrbanSound8K/167701-4-5-0.wav,0.6247117718060812,12
UrbanSound8K/167701-4-6-0.wav,0.6495454448920029,39
UrbanSound8K/167701-4-6-1.wav,0.6393448641666999,39
UrbanSound8K/167701-4-6-2.wav,0.6560699733404013,39
UrbanSound8K/167701-4-6-3.wav,0.6672443380722632,39
UrbanSound8K/167701-4-6-4.wav,0.6422068728850439,39
UrbanSound8K/167701-4-7-0.wav,0.662054861846723,19
UrbanSound8K/167701-4-9-0.wav,0.655245473751655,39
UrbanSound8K/167701-4-9-1.wav,0.6396946631945096,39
UrbanSound8K/167702-4-0-0.wav,0.6519390619718112,39
UrbanSound8K/167702-4-1-0.wav,0.6352791541389057,28
UrbanSound8K/167702-4-2-0.wav,0.6543158498303644,29
UrbanSound8K/167702-4-3-0.wav,0.6810317436854044,39
UrbanSound8K/167702-4-4-0.wav,0.6638413745424022,23
UrbanSound8K/167702-4-5-0.wav,0.6056043535470963,20
UrbanSound8K/167702-4-6-0.wav,0.6520768845903462,29
UrbanSound8K/167702-4-7-0.wav,0.6699063334709559,39
UrbanSound8K/167702-4-7-1.wav,0.6622564960748721,39
UrbanSound8K/167702-4-8-0.wav,0.6675734397692558,39
UrbanSound8K/167702-4-9-0.wav,0.6482417806982994,28
UrbanSound8K/16772-8-0-0.wav,0.49902930359045666,18
UrbanSound8K/167750-4-0-0.wav,0.6642210620145003,24
UrbanSound8K/167750-4-1-0.wav,0.6130043054238344,39
UrbanSound8K/167750-4-2-0.wav,0.5811094982283456,14
UrbanSound8K/167750-4-3-0.wav,0.5778854624791578,11
UrbanSound8K/168037-4-0-0.wav,0.5937207435306749,19
UrbanSound8K/168037-4-1-0.wav,0.5252663684742791,14
UrbanSound8K/168037-4-10-0.wav,0.5816928691723767,17
UrbanSound8K/168037-4-11-0.wav,0.572678070801955,13
UrbanSound8K/168037-4-12-0.wav,0.5903202816843987,16
UrbanSound8K/168037-4-13-0.wav,0.5262130098683494,35
UrbanSound8K/168037-4-2-0.wav,0.5999760263495975,18
UrbanSound8K/168037-4-3-0.wav,0.6075567217434154,17
UrbanSound8K/168037-4-4-0.wav,0.5728729182765597,21
UrbanSound8K/168037-4-5-0.wav,0.5901807581677156,17
UrbanSound8K/168037-4-6-0.wav,0.5951880784261794,21
UrbanSound8K/168037-4-7-0.wav,0.5904028912385305,21
UrbanSound8K/168037-4-8-0.wav,0.5393170182194028,14
UrbanSound8K/168037-4-9-0.wav,0.592173351181878,18
UrbanSound8K/168846-5-0-0.wav,0.5567425313668374,39
UrbanSound8K/168846-5-0-1.wav,0.6054781583639292,39
UrbanSound8K/168846-5-0-2.wav,0.6131794147002392,39
UrbanSound8K/168846-5-1-0.wav,0.5789861495678241,39
UrbanSound8K/168846-5-1-1.wav,0.5753865089171972,39
UrbanSound8K/168846-5-1-10.wav,0.5640265773504208,39
UrbanSound8K/168846-5-1-11.wav,0.5583971585982885,39
UrbanSound8K/168846-5-1-12.wav,0.5555403033892313,39
UrbanSound8K/168846-5-1-13.wav,0.5591271596077161,39
UrbanSound8K/168846-5-1-14.wav,0.562534402578305,39
UrbanSound8K/168846-5-1-2.wav,0.5669367343951495,39
UrbanSound8K/168846-5-1-3.wav,0.5631993122589893,39
UrbanSound8K/168846-5-1-4.wav,0.565761095438248,39
UrbanSound8K/168846-5-1-5.wav,0.565321833659441,39
UrbanSound8K/168846-5-1-6.wav,0.5606573269917414,39
UrbanSound8K/168846-5-1-7.wav,0.5582216106928312,39
UrbanSound8K/168846-5-1-8.wav,0.5587944908019824,39
UrbanSound8K/168846-5-1-9.wav,0.5625731547673544,39
UrbanSound8K/169098-7-0-0.wav,0.6121224119113042,39
UrbanSound8K/169098-7-0-1.wav,0.6078212169500498,39
UrbanSound8K/169098-7-0-2.wav,0.6079223935420697,39
UrbanSound8K/169098-7-0-3.wav,0.6188155382107465,39
UrbanSound8K/169098-7-0-4.wav,0.6330894048397357,39
UrbanSound8K/169098-7-0-5.wav,0.6351001400213975,39
UrbanSound8K/169098-7-0-6.wav,0.6227841530090723,39
UrbanSound8K/169098-7-0-7.wav,0.6157257190117469,39
UrbanSound8K/169098-7-0-8.wav,0.6139583862744845,39
UrbanSound8K/169098-7-0-9.wav,0.6158018494263674,39
UrbanSound8K/169098-7-1-0.wav,0.6254314123055874,39
UrbanSound8K/169098-7-2-0.wav,0.6099492968657078,39
UrbanSound8K/169098-7-3-0.wav,0.6652337786478874,39
UrbanSound8K/169098-7-3-1.wav,0.624192795692346,39
UrbanSound8K/169098-7-4-0.wav,0.6276926428843768,39
UrbanSound8K/169098-7-4-1.wav,0.6259029828585111,39
UrbanSound8K/169098-7-4-10.wav,0.6574716873658009,39
UrbanSound8K/169098-7-4-11.wav,0.62706181483391,39
UrbanSound8K/169098-7-4-2.wav,0.6154863757964892,39
UrbanSound8K/169098-7-4-3.wav,0.6200244151628934,39
UrbanSound8K/169098-7-4-4.wav,0.6245038845600226,39
UrbanSound8K/169098-7-4-5.wav,0.6327136495174506,39
UrbanSound8K/169098-7-4-6.wav,0.647503599142417,39
UrbanSound8K/169098-7-4-7.wav,0.6433438505881872,39
UrbanSound8K/169098-7-4-8.wav,0.6417595744132996,39
UrbanSound8K/169098-7-4-9.wav,0.6529785394668579,39
UrbanSound8K/169261-6-0-0.wav,0.5134819149971008,7
UrbanSound8K/169466-4-0-12.wav,0.6506777237623166,39
UrbanSound8K/169466-4-0-7.wav,0.626274571968959,39
UrbanSound8K/169466-4-0-8.wav,0.5982647156104063,39
UrbanSound8K/169466-4-1-3.wav,0.6413688613818243,39
UrbanSound8K/169466-4-1-5.wav,0.6292580671799488,39
UrbanSound8K/169466-4-1-8.wav,0.6130977731484634,39
UrbanSound8K/169466-4-2-17.wav,0.6253637029574468,39
UrbanSound8K/169466-4-2-18.wav,0.6359300857935196,39
UrbanSound8K/169466-4-2-2.wav,0.6498043032792898,39
UrbanSound8K/169466-4-2-21.wav,0.6580174702864426,39
UrbanSound8K/169466-4-2-4.wav,0.6830280942794604,39
UrbanSound8K/169466-4-2-6.wav,0.6565322967676016,39
UrbanSound8K/169466-4-2-8.wav,0.6356065838764875,39
UrbanSound8K/169466-4-3-1.wav,0.6840836191788698,39
UrbanSound8K/169466-4-3-10.wav,0.6777662909947909,39
UrbanSound8K/169466-4-3-12.wav,0.6938746113043565,39
UrbanSound8K/169466-4-3-14.wav,0.6883144516211289,39
UrbanSound8K/169466-4-3-3.wav,0.7050927097980793,39
UrbanSound8K/169466-4-3-7.wav,0.683951626985501,39
UrbanSound8K/169466-4-3-8.wav,0.7099211598053957,39
UrbanSound8K/169466-4-3-9.wav,0.6943869330944159,39
UrbanSound8K/170015-3-0-0.wav,0.46178319305181503,4
UrbanSound8K/17074-1-0-0.wav,0.5115735019956317,7
UrbanSound8K/171249-1-0-0.wav,0.5693917671839396,6
UrbanSound8K/171249-1-1-0.wav,0.5573932081460953,4
UrbanSound8K/171305-7-0-0.wav,0.6145296188501211,26
UrbanSound8K/171305-7-1-0.wav,0.6138588871274676,21
UrbanSound8K/171305-7-10-0.wav,0.5852439949909846,12
UrbanSound8K/171305-7-11-0.wav,0.6145001873373985,8
UrbanSound8K/171305-7-12-0.wav,0.6350613534450531,32
UrbanSound8K/171305-7-13-0.wav,0.6277484406124462,11
UrbanSound8K/171305-7-14-0.wav,0.6161681711673737,8
UrbanSound8K/171305-7-15-0.wav,0.6486964733512314,27
UrbanSound8K/171305-7-16-0.wav,0.6358676552772522,9
UrbanSound8K/171305-7-17-0.wav,0.6174273133277893,10
UrbanSound8K/171305-7-18-0.wav,0.6395710850584095,29
UrbanSound8K/171305-7-19-0.wav,0.6272674671241215,14
UrbanSound8K/171305-7-2-0.wav,0.6519983380268781,39
UrbanSound8K/171305-7-20-0.wav,0.5966798492840358,7
UrbanSound8K/171305-7-21-0.wav,0.6367784261703491,5
UrbanSound8K/171305-7-22-0.wav,0.6197913850055021,34
UrbanSound8K/171305-7-23-0.wav,0.625024288892746,14
UrbanSound8K/171305-7-24-0.wav,0.6367836426465939,39
UrbanSound8K/171305-7-25-0.wav,0.6250612356446006,22
UrbanSound8K/171305-7-26-0.wav,0.6303152516484261,24
UrbanSound8K/171305-7-27-0.wav,0.6116977763175965,25
UrbanSound8K/171305-7-28-0.wav,0.6125525065830776,21
UrbanSound8K/171305-7-29-0.wav,0.6124452818994937,23
UrbanSound8K/171305-7-3-0.wav,0.6298800177044339,9
UrbanSound8K/171305-7-4-0.wav,0.6444956183433532,15
UrbanSound8K/171305-7-5-0.wav,0.6402075709523382,37
UrbanSound8K/171305-7-6-0.wav,0.6228883117437363,4
UrbanSound8K/171305-7-7-0.wav,0.639065716511164,39
UrbanSound8K/171305-7-8-0.wav,0.6392854818930993,39
UrbanSound8K/171305-7-8-1.wav,0.6307996083528568,39
UrbanSound8K/171305-7-9-0.wav,0.6026259985837069,11
UrbanSound8K/171464-3-0-0.wav,0.4123512425205924,11
UrbanSound8K/171464-3-1-0.wav,0.38061750597423977,18
UrbanSound8K/171464-3-2-0.wav,0.39891334176063536,10
UrbanSound8K/173993-3-0-25.wav,0.3697783052921295,38
UrbanSound8K/173993-3-0-39.wav,0.44702611214075333,39
UrbanSound8K/173993-3-0-51.wav,0.47782840102146834,39
UrbanSound8K/173993-3-0-52.wav,0.4588453639776279,39
UrbanSound8K/173994-3-0-14.wav,0.44856192591862803,39
UrbanSound8K/173994-3-0-3.wav,0.4123783921584105,39
UrbanSound8K/173994-3-0-44.wav,0.4786996917846875,39
UrbanSound8K/173994-3-0-45.wav,0.47556251669541383,39
UrbanSound8K/173995-3-0-0.wav,0.47558987841886635,34
UrbanSound8K/173995-3-0-11.wav,0.5222573035802597,39
UrbanSound8K/173995-3-0-27.wav,0.5516594724777417,39
UrbanSound8K/173995-3-0-3.wav,0.5278670298747528,39
UrbanSound8K/174026-3-1-0.wav,0.4879847130714319,39
UrbanSound8K/174026-3-1-1.wav,0.48871326675781834,39
UrbanSound8K/174026-3-1-5.wav,0.4986302294792273,39
UrbanSound8K/174026-3-2-2.wav,0.5113662970371735,39
UrbanSound8K/174276-7-0-0.wav,0.6493477469140833,22
UrbanSound8K/174276-7-1-0.wav,0.652499478796254,23
UrbanSound8K/174276-7-2-0.wav,0.6523684614743942,39
UrbanSound8K/174276-7-3-0.wav,0.648593355447818,39
UrbanSound8K/174276-7-4-0.wav,0.6490109654573294,39
UrbanSound8K/174276-7-5-0.wav,0.650767030539336,27
UrbanSound8K/174276-7-6-0.wav,0.6480486989021301,29
UrbanSound8K/174282-6-0-0.wav,0.5777481446663538,24
UrbanSound8K/174282-6-1-0.wav,0.549383305311203,25
UrbanSound8K/174282-6-2-0.wav,0.5195304940144221,30
UrbanSound8K/174284-6-0-0.wav,0.4776393190810555,19
UrbanSound8K/174284-6-1-0.wav,0.487959615389506,15
UrbanSound8K/174284-6-2-0.wav,0.48304448326428734,15
UrbanSound8K/174285-6-0-0.wav,0.5590616116921107,24
UrbanSound8K/174285-6-1-0.wav,0.5293237519264221,25
UrbanSound8K/174285-6-2-0.wav,0.5094640989388738,28
UrbanSound8K/174287-6-0-0.wav,0.48339301016595626,9
UrbanSound8K/174287-6-1-0.wav,0.4832837522029877,10
UrbanSound8K/174287-6-2-0.wav,0.489911374118593,9
UrbanSound8K/174287-6-3-0.wav,0.4829546378718482,9
UrbanSound8K/174289-6-0-0.wav,0.4557268381118774,5
UrbanSound8K/174289-6-1-0.wav,0.4428362888949258,7
UrbanSound8K/174289-6-2-0.wav,0.43736641605695087,6
UrbanSound8K/174289-6-3-0.wav,0.4199258089065552,5
UrbanSound8K/174290-6-0-0.wav,0.3267952705684461,19
UrbanSound8K/174290-6-1-0.wav,0.3121175393462181,22
UrbanSound8K/174290-6-2-0.wav,0.3092926374890588,22
UrbanSound8K/174290-6-3-0.wav,0.29891316118565475,22
UrbanSound8K/174292-6-0-0.wav,0.4877300094003263,23
UrbanSound8K/174292-6-1-0.wav,0.4839637672359293,22
UrbanSound8K/174292-6-2-0.wav,0.4723201477527618,25
UrbanSound8K/174293-6-0-0.wav,0.46595146134495735,8
UrbanSound8K/174293-6-1-0.wav,0.4715477781636374,7
UrbanSound8K/174293-6-2-0.wav,0.46086280792951584,8
UrbanSound8K/174294-6-0-0.wav,0.3925365571464811,14
UrbanSound8K/174294-6-1-0.wav,0.35807514891904946,17
UrbanSound8K/174294-6-2-0.wav,0.3395018572437352,29
UrbanSound8K/174840-1-0-0.wav,0.45361008246739704,21
UrbanSound8K/174841-1-0-0.wav,0.4329688934718861,17
UrbanSound8K/17486-3-0-0.wav,0.6303448796272277,5
UrbanSound8K/17486-3-1-0.wav,0.6580464785749262,11
UrbanSound8K/17486-3-2-0.wav,0.6209049895405769,8
UrbanSound8K/174873-3-5-1.wav,0.5100675976276398,25
UrbanSound8K/174873-3-5-10.wav,0.4488922706672123,35
UrbanSound8K/174873-3-5-12.wav,0.4699847297026561,26
UrbanSound8K/174873-3-5-13.wav,0.4636630415916443,20
UrbanSound8K/174994-3-0-0.wav,0.5082748308777809,36
UrbanSound8K/174994-3-0-1.wav,0.4921861480582844,33
UrbanSound8K/174994-3-0-2.wav,0.48817931729204517,34
UrbanSound8K/174994-3-0-4.wav,0.48748181547437397,35
UrbanSound8K/17578-5-0-0.wav,0.6755335086431259,39
UrbanSound8K/17578-5-0-1.wav,0.6750599222305493,39
UrbanSound8K/17578-5-0-10.wav,0.6758368657185481,39
UrbanSound8K/17578-5-0-11.wav,0.6753463882666367,39
UrbanSound8K/17578-5-0-12.wav,0.6753539076218238,39
UrbanSound8K/17578-5-0-14.wav,0.6749936923002585,39
UrbanSound8K/17578-5-0-15.wav,0.6756665232854012,39
UrbanSound8K/17578-5-0-16.wav,0.6759417515534621,39
UrbanSound8K/17578-5-0-18.wav,0.6762825754972605,39
UrbanSound8K/17578-5-0-2.wav,0.6747377316157023,39
UrbanSound8K/17578-5-0-21.wav,0.6758429408073425,39
UrbanSound8K/17578-5-0-22.wav,0.6750071430817629,39
UrbanSound8K/17578-5-0-23.wav,0.6748853585658929,39
UrbanSound8K/17578-5-0-24.wav,0.6738243943605667,39
UrbanSound8K/17578-5-0-25.wav,0.6733514987505399,39
UrbanSound8K/17578-5-0-26.wav,0.6746861476164597,39
UrbanSound8K/17578-5-0-27.wav,0.6759676367808611,39
UrbanSound8K/17578-5-0-28.wav,0.6754131806202424,39
UrbanSound8K/17578-5-0-29.wav,0.6751726407271165,39
UrbanSound8K/17578-5-0-3.wav,0.6750952693132254,39
UrbanSound8K/17578-5-0-30.wav,0.6747751373511094,39
UrbanSound8K/17578-5-0-31.wav,0.6737832182492965,39
UrbanSound8K/17578-5-0-32.wav,0.6738452498729413,39
UrbanSound8K/17578-5-0-33.wav,0.6745517926338391,39
UrbanSound8K/17578-5-0-34.wav,0.675538067634289,39
UrbanSound8K/17578-5-0-35.wav,0.674933835481986,39
UrbanSound8K/17578-5-0-4.wav,0.675240695476532,39
UrbanSound8K/17578-5-0-5.wav,0.6761114184673016,39
UrbanSound8K/17578-5-0-6.wav,0.6757328296319033,39
UrbanSound8K/17578-5-0-7.wav,0.6747970565771445,39
UrbanSound8K/17578-5-0-8.wav,0.6754008806668795,39
UrbanSound8K/17578-5-0-9.wav,0.6760840874451858,39
UrbanSound8K/175843-1-0-0.wav,0.662274352141789,7
UrbanSound8K/175844-1-0-0.wav,0.602714478969574,7
UrbanSound8K/175845-1-0-0.wav,0.5996770560741425,6
UrbanSound8K/175846-1-0-0.wav,0.5307485094437232,13
UrbanSound8K/175847-1-0-0.wav,0.547193876334599,7
UrbanSound8K/175848-1-0-0.wav,0.6537080854177475,4
UrbanSound8K/175849-1-0-0.wav,0.6221128851175308,4
UrbanSound8K/175850-1-0-0.wav,0.5163525883108377,16
UrbanSound8K/175851-1-0-0.wav,0.5655129689436692,13
UrbanSound8K/175852-1-0-0.wav,0.6350020468235016,10
UrbanSound8K/175854-1-0-0.wav,0.6183777928352356,5
UrbanSound8K/175855-1-0-0.wav,0.6093300580978394,4
UrbanSound8K/175856-1-2-0.wav,0.6200094401836396,10
UrbanSound8K/175915-3-0-0.wav,0.4810102979342143,39
UrbanSound8K/175915-3-0-1.wav,0.4951446255048116,39
UrbanSound8K/175915-3-0-3.wav,0.463894553673573,39
UrbanSound8K/175915-3-1-8.wav,0.5076656502026778,39
UrbanSound8K/175917-3-0-3.wav,0.487769467708392,39
UrbanSound8K/175917-3-1-1.wav,0.49972927417510593,39
UrbanSound8K/175917-3-2-2.wav,0.5025351406672062,39
UrbanSound8K/175917-3-4-1.wav,0.47732599270649445,39
UrbanSound8K/17592-5-0-0.wav,0.5846675435702006,39
UrbanSound8K/17592-5-1-0.wav,0.5623528926800458,39
UrbanSound8K/17592-5-1-1.wav,0.5580655336380005,39
UrbanSound8K/17592-5-1-2.wav,0.5565880842697926,39
UrbanSound8K/17592-5-1-3.wav,0.5563576741096301,39
UrbanSound8K/176003-1-0-0.wav,0.6856617867946625,10
UrbanSound8K/17615-3-0-0.wav,0.5231300714688424,39
UrbanSound8K/17615-3-0-3.wav,0.5146421515024625,39
UrbanSound8K/17615-3-0-4.wav,0.515876727226453,39
UrbanSound8K/17615-3-0-6.wav,0.512892504533132,39
UrbanSound8K/176257-3-0-0.wav,0.5157012098874801,39
UrbanSound8K/176258-3-1-12.wav,0.3834557097691756,39
UrbanSound8K/176258-3-1-13.wav,0.4140851535858252,39
UrbanSound8K/176258-3-1-18.wav,0.3949259802317008,39
UrbanSound8K/176258-3-1-2.wav,0.44995280106862384,39
UrbanSound8K/176631-1-0-0.wav,0.7245210773415036,18
UrbanSound8K/176638-1-0-0.wav,0.5657597333192825,4
UrbanSound8K/176638-1-1-0.wav,0.5791524052619934,6
UrbanSound8K/176638-5-0-0.wav,0.4811017238176786,39
UrbanSound8K/176638-5-0-1.wav,0.4927708552433894,39
UrbanSound8K/176638-5-0-2.wav,0.508576688858179,39
UrbanSound8K/176783-3-0-11.wav,0.404078008272709,39
UrbanSound8K/176783-3-0-3.wav,0.39963541963161564,39
UrbanSound8K/176783-3-0-5.wav,0.3938544033429561,39
UrbanSound8K/176783-3-1-0.wav,0.4266867545934824,39
UrbanSound8K/176787-5-0-0.wav,0.5059332213340662,39
UrbanSound8K/176787-5-0-1.wav,0.5352368431213574,39
UrbanSound8K/176787-5-0-10.wav,0.5504307624621269,39
UrbanSound8K/176787-5-0-11.wav,0.5517975642130926,39
UrbanSound8K/176787-5-0-12.wav,0.5454906011239077,39
UrbanSound8K/176787-5-0-13.wav,0.5411922274491726,39
UrbanSound8K/176787-5-0-14.wav,0.5425279232171866,39
UrbanSound8K/176787-5-0-15.wav,0.5425011255802252,39
UrbanSound8K/176787-5-0-16.wav,0.5463417692062182,39
UrbanSound8K/176787-5-0-17.wav,0.5497564214926499,39
UrbanSound8K/176787-5-0-18.wav,0.54718028429227,39
UrbanSound8K/176787-5-0-19.wav,0.547619763093117,39
UrbanSound8K/176787-5-0-2.wav,0.5338076414206089,39
UrbanSound8K/176787-5-0-20.wav,0.5484626935078547,39
UrbanSound8K/176787-5-0-21.wav,0.5503082672754923,39
UrbanSound8K/176787-5-0-22.wav,0.5512722654220386,39
UrbanSound8K/176787-5-0-23.wav,0.5499772276633825,39
UrbanSound8K/176787-5-0-24.wav,0.5478610121286832,39
UrbanSound8K/176787-5-0-25.wav,0.5446858390783652,39
UrbanSound8K/176787-5-0-26.wav,0.5471028410471402,39
UrbanSound8K/176787-5-0-27.wav,0.5500760521644201,39
UrbanSound8K/176787-5-0-28.wav,0.5492318593538724,39
UrbanSound8K/176787-5-0-29.wav,0.5455292035371829,39
UrbanSound8K/176787-5-0-3.wav,0.5390493044486413,39
UrbanSound8K/176787-5-0-30.wav,0.5416512657434512,39
UrbanSound8K/176787-5-0-4.wav,0.5443081794640957,39
UrbanSound8K/176787-5-0-5.wav,0.5478119819592207,39
UrbanSound8K/176787-5-0-6.wav,0.5526358852019677,39
UrbanSound8K/176787-5-0-7.wav,0.5525175608121432,39
UrbanSound8K/176787-5-0-8.wav,0.5471665110343542,39
UrbanSound8K/176787-5-0-9.wav,0.5458800517595731,39
UrbanSound8K/177537-7-0-0.wav,0.6339943225567157,39
UrbanSound8K/177537-7-0-1.wav,0.6298320308709756,39
UrbanSound8K/177537-7-0-10.wav,0.6421736264840151,39
UrbanSound8K/177537-7-0-11.wav,0.6436939438184103,39
UrbanSound8K/177537-7-0-12.wav,0.6397711756901864,39
UrbanSound8K/177537-7-0-13.wav,0.6337188879648844,39
UrbanSound8K/177537-7-0-14.wav,0.6331647298274896,39
UrbanSound8K/177537-7-0-15.wav,0.6331755350797604,39
UrbanSound8K/177537-7-0-16.wav,0.6328642398883135,39
UrbanSound8K/177537-7-0-17.wav,0.6347895555007153,39
UrbanSound8K/177537-7-0-18.wav,0.6413927261645977,39
UrbanSound8K/177537-7-0-19.wav,0.648610226618938,39
UrbanSound8K/177537-7-0-2.wav,0.628918421574128,39
UrbanSound8K/177537-7-0-20.wav,0.6494708000085293,39
UrbanSound8K/177537-7-0-21.wav,0.6382003854482602,39
UrbanSound8K/177537-7-0-22.wav,0.6229334351343986,39
UrbanSound8K/177537-7-0-23.wav,0.6206749310860267,39
UrbanSound8K/177537-7-0-24.wav,0.6428513526916504,39
UrbanSound8K/177537-7-0-25.wav,0.649552258161398,39
UrbanSound8K/177537-7-0-26.wav,0.6386377612749735,39
UrbanSound8K/177537-7-0-27.wav,0.6381989457668402,39
UrbanSound8K/177537-7-0-28.wav,0.640103239279527,39
UrbanSound8K/177537-7-0-29.wav,0.6410419100370163,39
UrbanSound8K/177537-7-0-3.wav,0.632047373514909,39
UrbanSound8K/177537-7-0-30.wav,0.6391122310589521,39
UrbanSound8K/177537-7-0-31.wav,0.636702455007113,39
UrbanSound8K/177537-7-0-4.wav,0.6314891072419974,39
UrbanSound8K/177537-7-0-5.wav,0.6358368687140636,39
UrbanSound8K/177537-7-0-6.wav,0.6396930156609951,39
UrbanSound8K/177537-7-0-7.wav,0.6400815294339106,39
UrbanSound8K/177537-7-0-8.wav,0.6436061874414102,39
UrbanSound8K/177537-7-0-9.wav,0.6437894992339306,39
UrbanSound8K/177537-7-1-0.wav,0.629936912120917,39
UrbanSound8K/177537-7-1-1.wav,0.6347875044896052,39
UrbanSound8K/177537-7-1-10.wav,0.6446940425114754,39
UrbanSound8K/177537-7-1-2.wav,0.6375569319113706,39
UrbanSound8K/177537-7-1-3.wav,0.6371592879295349,39
UrbanSound8K/177537-7-1-4.wav,0.6422780874447945,39
UrbanSound8K/177537-7-1-5.wav,0.645880693044418,39
UrbanSound8K/177537-7-1-6.wav,0.6466169372583047,39
UrbanSound8K/177537-7-1-7.wav,0.6499583400212802,39
UrbanSound8K/177537-7-1-8.wav,0.6521905385530912,39
UrbanSound8K/177537-7-1-9.wav,0.6508964147323217,39
UrbanSound8K/177537-7-2-0.wav,0.6420275721794519,39
UrbanSound8K/177537-7-2-1.wav,0.645271571782919,39
UrbanSound8K/177592-5-0-0.wav,0.629162270289201,39
UrbanSound8K/177592-5-0-1.wav,0.644036196745359,39
UrbanSound8K/177592-5-0-10.wav,0.5490360657374064,39
UrbanSound8K/177592-5-0-2.wav,0.6449839457487448,39
UrbanSound8K/177592-5-0-3.wav,0.64913683059888,39
UrbanSound8K/177592-5-0-4.wav,0.6382458286407666,39
UrbanSound8K/177592-5-0-5.wav,0.5950903036655524,39
UrbanSound8K/177592-5-0-6.wav,0.5581189623245826,39
UrbanSound8K/177592-5-0-7.wav,0.5492216623746432,39
UrbanSound8K/177592-5-0-8.wav,0.5519163807233175,39
UrbanSound8K/177592-5-0-9.wav,0.5503447040533408,39
UrbanSound8K/177620-3-0-20.wav,0.5736731061568627,39
UrbanSound8K/177620-3-0-21.wav,0.5733805910134927,39
UrbanSound8K/177620-3-0-25.wav,0.5718933298037603,39
UrbanSound8K/177620-3-0-8.wav,0.5673385323622288,39
UrbanSound8K/17810-3-1-0.wav,0.5960881233215332,5
UrbanSound8K/178118-3-0-0.wav,0.6805540025234222,6
UrbanSound8K/178118-3-1-0.wav,0.6820774376392365,6
UrbanSound8K/178118-3-2-0.wav,0.6757109761238098,10
UrbanSound8K/178260-7-0-0.wav,0.6583949159353207,39
UrbanSound8K/178260-7-1-0.wav,0.6582910601909344,39
UrbanSound8K/178260-7-1-1.wav,0.6390833075229938,39
UrbanSound8K/178260-7-1-10.wav,0.6401379566926223,39
UrbanSound8K/178260-7-1-2.wav,0.6314889788627625,39
UrbanSound8K/178260-7-1-3.wav,0.6303837268780439,39
UrbanSound8K/178260-7-1-4.wav,0.6316792995501788,39
UrbanSound8K/178260-7-1-5.wav,0.6389643763884519,39
UrbanSound8K/178260-7-1-6.wav,0.6365057153579516,39
UrbanSound8K/178260-7-1-7.wav,0.6299944367164221,39
UrbanSound8K/178260-7-1-8.wav,0.6248840124179156,39
UrbanSound8K/178260-7-1-9.wav,0.6314481023030404,39
UrbanSound8K/178260-7-2-0.wav,0.6265417612515963,39
UrbanSound8K/178260-7-2-1.wav,0.6257035105656354,39
UrbanSound8K/178260-7-2-2.wav,0.6194897156495315,39
UrbanSound8K/178260-7-3-0.wav,0.6491912083748059,39
UrbanSound8K/178260-7-3-1.wav,0.6421985748486642,39
UrbanSound8K/178260-7-3-10.wav,0.6334875562252142,39
UrbanSound8K/178260-7-3-11.wav,0.6322078445018866,39
UrbanSound8K/178260-7-3-12.wav,0.6356257123824878,39
UrbanSound8K/178260-7-3-2.wav,0.6348988719475575,39
UrbanSound8K/178260-7-3-3.wav,0.6305857988504263,39
UrbanSound8K/178260-7-3-4.wav,0.6281398488925054,39
UrbanSound8K/178260-7-3-5.wav,0.6272179713616004,39
UrbanSound8K/178260-7-3-6.wav,0.6263205332633777,39
UrbanSound8K/178260-7-3-7.wav,0.6226744453112284,39
UrbanSound8K/178260-7-3-8.wav,0.6243097231938288,39
UrbanSound8K/178260-7-3-9.wav,0.6327500221056815,39
UrbanSound8K/178260-7-4-0.wav,0.6394828909482712,39
UrbanSound8K/178260-7-4-1.wav,0.6426519537583376,39
UrbanSound8K/178260-7-5-0.wav,0.6449825934001377,35
UrbanSound8K/178260-7-6-0.wav,0.6352885067462921,28
UrbanSound8K/178260-7-7-0.wav,0.6512553758091397,9
UrbanSound8K/178261-7-0-0.wav,0.6517996788024902,17
UrbanSound8K/178261-7-1-0.wav,0.661159370190058,39
UrbanSound8K/178261-7-2-0.wav,0.6495482891033857,39
UrbanSound8K/178261-7-3-0.wav,0.646531377083216,39
UrbanSound8K/178261-7-3-1.wav,0.6463340184627435,39
UrbanSound8K/178261-7-3-2.wav,0.645310423313043,39
UrbanSound8K/178261-7-3-3.wav,0.636491521810874,39
UrbanSound8K/178261-7-3-4.wav,0.6386920763896062,39
UrbanSound8K/178261-7-3-5.wav,0.6483701024300013,39
UrbanSound8K/178261-7-3-6.wav,0.6477408882899162,39
UrbanSound8K/178402-1-0-0.wav,0.4722399479813046,18
UrbanSound8K/178497-3-0-1.wav,0.3843383859185612,17
UrbanSound8K/178497-3-0-3.wav,0.38012258166616614,11
UrbanSound8K/178497-3-0-4.wav,0.38427942991256714,16
UrbanSound8K/178497-3-0-6.wav,0.42543590664863584,10
UrbanSound8K/17853-5-0-0.wav,0.5351996146715604,39
UrbanSound8K/17853-5-0-1.wav,0.533906754774925,39
UrbanSound8K/17853-5-0-10.wav,0.52468841503828,39
UrbanSound8K/17853-5-0-11.wav,0.5207945842009324,39
UrbanSound8K/17853-5-0-12.wav,0.5378232216223692,39
UrbanSound8K/17853-5-0-13.wav,0.585194006944314,39
UrbanSound8K/17853-5-0-14.wav,0.5821676086156796,39
UrbanSound8K/17853-5-0-15.wav,0.5585892307452667,39
UrbanSound8K/17853-5-0-2.wav,0.5332909990579654,39
UrbanSound8K/17853-5-0-3.wav,0.531377164217142,39
UrbanSound8K/17853-5-0-4.wav,0.5276662737895281,39
UrbanSound8K/17853-5-0-5.wav,0.5263352760901818,39
UrbanSound8K/17853-5-0-6.wav,0.5270185837378869,39
UrbanSound8K/17853-5-0-7.wav,0.527802355778523,39
UrbanSound8K/17853-5-0-8.wav,0.528081320799314,39
UrbanSound8K/17853-5-0-9.wav,0.5273082913496555,39
UrbanSound8K/179096-3-0-1.wav,0.39760414204176736,34
UrbanSound8K/179096-3-0-10.wav,0.4000754421171935,23
UrbanSound8K/179096-3-0-5.wav,0.37917765809430015,18
UrbanSound8K/179096-3-0-9.wav,0.39127000235021114,16
UrbanSound8K/17913-4-0-0.wav,0.5882674348660004,39
UrbanSound8K/17913-4-0-1.wav,0.5976865322161944,39
UrbanSound8K/17913-4-0-2.wav,0.5897477177473215,39
UrbanSound8K/17913-4-1-0.wav,0.612483004728953,9
UrbanSound8K/17913-4-2-0.wav,0.5852912863095602,18
UrbanSound8K/179212-4-0-0.wav,0.6837022044719794,39
UrbanSound8K/179386-3-0-0.wav,0.5419414853438352,39
UrbanSound8K/179386-3-0-1.wav,0.5420020054548215,39
UrbanSound8K/179386-3-0-2.wav,0.5376904369928898,39
UrbanSound8K/179386-3-0-3.wav,0.5278545893155612,39
UrbanSound8K/179725-4-0-0.wav,0.6581415653228759,15
UrbanSound8K/179860-1-0-0.wav,0.5493985414505005,9
UrbanSound8K/179861-1-0-0.wav,0.5309456437826157,4
UrbanSound8K/179863-1-0-0.wav,0.5921367307504019,6
UrbanSound8K/179864-1-0-0.wav,0.6054040534155709,7
UrbanSound8K/179865-1-0-0.wav,0.5501046478748322,12
UrbanSound8K/179866-1-1-0.wav,0.5348069767157236,6
UrbanSound8K/179867-1-0-0.wav,0.554756760597229,4
UrbanSound8K/179868-1-0-0.wav,0.556572499871254,20
UrbanSound8K/180029-4-1-0.wav,0.6023560834342035,29
UrbanSound8K/180029-4-10-0.wav,0.5864534825086594,12
UrbanSound8K/180029-4-11-0.wav,0.5693761805693308,6
UrbanSound8K/180029-4-12-0.wav,0.5174375623464584,8
UrbanSound8K/180029-4-13-0.wav,0.5246196269989014,5
UrbanSound8K/180029-4-14-0.wav,0.5667385127809312,9
UrbanSound8K/180029-4-15-0.wav,0.5596958622336388,8
UrbanSound8K/180029-4-16-0.wav,0.575538850747622,39
UrbanSound8K/180029-4-19-0.wav,0.5935025230432168,39
UrbanSound8K/180029-4-2-0.wav,0.6549636635088152,31
UrbanSound8K/180029-4-20-0.wav,0.5399881913548424,21
UrbanSound8K/180029-4-4-0.wav,0.6259734650452932,30
UrbanSound8K/180029-4-5-0.wav,0.618033142193504,23
UrbanSound8K/180029-4-6-0.wav,0.5651122447517183,18
UrbanSound8K/180029-4-7-0.wav,0.5119223064846463,9
UrbanSound8K/180029-4-8-0.wav,0.5764913315122778,11
UrbanSound8K/180029-4-9-0.wav,0.5930647991952442,21
UrbanSound8K/180052-3-0-0.wav,0.44523599667426866,39
UrbanSound8K/180052-3-0-1.wav,0.44733884701362026,39
UrbanSound8K/180052-3-0-3.wav,0.4147648811340332,39
UrbanSound8K/180052-3-0-4.wav,0.4124912413266989,39
UrbanSound8K/180125-4-0-16.wav,0.6237082680066427,39
UrbanSound8K/180125-4-0-17.wav,0.6195042912776654,39
UrbanSound8K/180125-4-1-3.wav,0.671073739345257,39
UrbanSound8K/180125-4-1-5.wav,0.6835001615377573,39
UrbanSound8K/180125-4-1-7.wav,0.6842119433940985,39
UrbanSound8K/180125-4-1-8.wav,0.6847147895739629,39
UrbanSound8K/180125-4-2-1.wav,0.6908916173837124,39
UrbanSound8K/180125-4-2-13.wav,0.6823927637858268,39
UrbanSound8K/180125-4-2-14.wav,0.6232925791006821,39
UrbanSound8K/180125-4-2-15.wav,0.603116831718347,39
UrbanSound8K/180125-4-2-17.wav,0.5429691794591073,39
UrbanSound8K/180125-4-3-0.wav,0.6559430421927036,39
UrbanSound8K/180125-4-3-1.wav,0.6735219175998981,39
UrbanSound8K/180125-4-3-10.wav,0.6751117797998282,39
UrbanSound8K/180125-4-3-2.wav,0.6782365624721234,39
UrbanSound8K/180125-4-3-22.wav,0.5847260248966706,39
UrbanSound8K/180125-4-3-24.wav,0.5808887970753205,39
UrbanSound8K/180125-4-3-4.wav,0.6775811864779546,39
UrbanSound8K/180126-4-0-0.wav,0.6040686821115429,29
UrbanSound8K/180126-4-1-0.wav,0.5931033415672107,39
UrbanSound8K/180126-4-1-1.wav,0.5986567368874183,39
UrbanSound8K/180126-4-1-2.wav,0.6109523605077695,39
UrbanSound8K/180126-4-2-0.wav,0.5772088860210619,19
UrbanSound8K/180126-4-3-0.wav,0.5975921031756278,39
UrbanSound8K/180126-4-4-0.wav,0.6442621579537025,39
UrbanSound8K/180126-4-4-1.wav,0.6610679106834607,39
UrbanSound8K/180126-4-4-2.wav,0.6623001587696564,39
UrbanSound8K/180127-4-0-0.wav,0.6002713518264966,39
UrbanSound8K/180127-4-0-1.wav,0.5918336036877755,39
UrbanSound8K/180127-4-0-10.wav,0.6199485415067428,39
UrbanSound8K/180127-4-0-11.wav,0.6141111224125593,39
UrbanSound8K/180127-4-0-12.wav,0.6107824704585931,39
UrbanSound8K/180127-4-0-13.wav,0.6130213019175407,39
UrbanSound8K/180127-4-0-14.wav,0.6297111771045587,39
UrbanSound8K/180127-4-0-15.wav,0.6454528570175171,39
UrbanSound8K/180127-4-0-16.wav,0.6512835377301925,39
UrbanSound8K/180127-4-0-17.wav,0.6559268557108365,39
UrbanSound8K/180127-4-0-18.wav,0.65711315931418,39
UrbanSound8K/180127-4-0-19.wav,0.6561729449492234,39
UrbanSound8K/180127-4-0-2.wav,0.6112582607147021,39
UrbanSound8K/180127-4-0-20.wav,0.6554861970436878,39
UrbanSound8K/180127-4-0-21.wav,0.6556238791881464,39
UrbanSound8K/180127-4-0-3.wav,0.6187405509826465,39
UrbanSound8K/180127-4-0-4.wav,0.6066581576298444,39
UrbanSound8K/180127-4-0-5.wav,0.6034315106196281,39
UrbanSound8K/180127-4-0-6.wav,0.6113224686720432,39
UrbanSound8K/180127-4-0-7.wav,0.6133991372890961,39
UrbanSound8K/180127-4-0-8.wav,0.6152365925984505,39
UrbanSound8K/180127-4-0-9.wav,0.6215407878924639,39
UrbanSound8K/180128-4-0-0.wav,0.6047590374946594,39
UrbanSound8K/180128-4-11-0.wav,0.6866566003897251,39
UrbanSound8K/180128-4-11-1.wav,0.6851891095821674,39
UrbanSound8K/180128-4-12-0.wav,0.6718973272886032,39
UrbanSound8K/180128-4-13-0.wav,0.6255877491755363,39
UrbanSound8K/180128-4-14-0.wav,0.6334784397712121,39
UrbanSound8K/180128-4-16-1.wav,0.6418693187909249,39
UrbanSound8K/180128-4-17-0.wav,0.6479596572044568,39
UrbanSound8K/180128-4-4-0.wav,0.6367671932929602,39
UrbanSound8K/180128-4-5-0.wav,0.6323026754917243,39
UrbanSound8K/180128-4-6-0.wav,0.6489276244090154,39
UrbanSound8K/180128-4-6-1.wav,0.646267864948664,39
UrbanSound8K/180128-4-6-2.wav,0.6238902807235718,39
UrbanSound8K/180128-4-7-0.wav,0.6739778809058361,39
UrbanSound8K/180128-4-7-2.wav,0.624546216084407,39
UrbanSound8K/180128-4-7-3.wav,0.6359888727848346,39
UrbanSound8K/180128-4-7-4.wav,0.6589767031180553,39
UrbanSound8K/180128-4-7-5.wav,0.6314082787587092,39
UrbanSound8K/180128-4-9-0.wav,0.6681912434406769,39
UrbanSound8K/180132-4-0-0.wav,0.5932475978677924,33
UrbanSound8K/180132-4-1-0.wav,0.6288345333407906,34
UrbanSound8K/180132-4-2-0.wav,0.6231405592483023,23
UrbanSound8K/180132-4-3-0.wav,0.6966054271429013,39
UrbanSound8K/180134-4-1-3.wav,0.6907303165166806,39
UrbanSound8K/180134-4-1-7.wav,0.6875085204075544,39
UrbanSound8K/180134-4-1-8.wav,0.6755968790787917,39
UrbanSound8K/180134-4-1-9.wav,0.6673576572002509,39
UrbanSound8K/180134-4-2-0.wav,0.6611959246488718,39
UrbanSound8K/180134-4-2-1.wav,0.6646544413688855,39
UrbanSound8K/180134-4-2-11.wav,0.6550247944318331,39
UrbanSound8K/180134-4-2-13.wav,0.6222726228909615,39
UrbanSound8K/180134-4-2-15.wav,0.6539272742393689,39
UrbanSound8K/180134-4-2-16.wav,0.6552750254288698,39
UrbanSound8K/180134-4-2-17.wav,0.6555094871765528,39
UrbanSound8K/180134-4-2-19.wav,0.6342520469274276,39
UrbanSound8K/180134-4-2-3.wav,0.6561085658195691,39
UrbanSound8K/180134-4-2-4.wav,0.6569601618326627,39
UrbanSound8K/180134-4-2-5.wav,0.6554798590831268,39
UrbanSound8K/180134-4-2-6.wav,0.6540022324293088,39
UrbanSound8K/180134-4-2-9.wav,0.6563728191913702,39
UrbanSound8K/180156-1-0-0.wav,0.6538977460427717,22
UrbanSound8K/180156-1-1-0.wav,0.6673070788383484,13
UrbanSound8K/180156-1-10-0.wav,0.6683237506793096,13
UrbanSound8K/180156-1-11-0.wav,0.682918119430542,5
UrbanSound8K/180156-1-3-0.wav,0.6357634365558624,4
UrbanSound8K/180156-1-4-0.wav,0.6543204513463107,11
UrbanSound8K/180156-1-5-0.wav,0.643738571802775,15
UrbanSound8K/180156-1-6-0.wav,0.6522443467064908,38
UrbanSound8K/180156-1-8-0.wav,0.6813751459121704,4
UrbanSound8K/180256-3-0-0.wav,0.5040499866008759,19
UrbanSound8K/180256-3-0-1.wav,0.4776928590403663,18
UrbanSound8K/180256-3-0-2.wav,0.4742874598503113,25
UrbanSound8K/180256-3-0-3.wav,0.478178554524978,24
UrbanSound8K/180257-3-0-1.wav,0.4509045764803886,20
UrbanSound8K/180257-3-0-3.wav,0.4369301249583562,18
UrbanSound8K/180257-3-0-4.wav,0.4357888234986199,18
UrbanSound8K/180257-3-0-5.wav,0.48869695762793225,12
UrbanSound8K/180937-4-0-11.wav,0.7025067378313113,39
UrbanSound8K/180937-4-0-13.wav,0.6980228469921992,39
UrbanSound8K/180937-4-0-14.wav,0.697997482923361,39
UrbanSound8K/180937-4-0-19.wav,0.6875948218198923,39
UrbanSound8K/180937-4-0-20.wav,0.6790393529794155,39
UrbanSound8K/180937-4-1-12.wav,0.7238886142388369,39
UrbanSound8K/180937-4-1-20.wav,0.7232720057169596,39
UrbanSound8K/180937-4-1-27.wav,0.7133216429979373,39
UrbanSound8K/180937-4-1-30.wav,0.7176837997558789,39
UrbanSound8K/180937-4-1-46.wav,0.7052448865694877,39
UrbanSound8K/180937-4-1-47.wav,0.709270329047472,39
UrbanSound8K/180937-4-1-54.wav,0.6877875373913691,39
UrbanSound8K/180937-4-2-1.wav,0.7032047510147095,39
UrbanSound8K/180937-4-2-2.wav,0.6868653083458925,39
UrbanSound8K/180937-4-3-12.wav,0.7050400299903674,39
UrbanSound8K/180937-4-3-9.wav,0.706677780701564,39
UrbanSound8K/180937-7-0-0.wav,0.6637817193300296,39
UrbanSound8K/180937-7-0-1.wav,0.6616622117849497,39
UrbanSound8K/180937-7-0-2.wav,0.6598286919104748,39
UrbanSound8K/180937-7-0-4.wav,0.6486705541610718,39
UrbanSound8K/180937-7-0-5.wav,0.655606496028411,39
UrbanSound8K/180937-7-0-6.wav,0.6522142688433329,39
UrbanSound8K/180937-7-1-0.wav,0.6486115455627441,39
UrbanSound8K/180937-7-1-1.wav,0.6493615416380075,39
UrbanSound8K/180937-7-1-10.wav,0.6198208607160128,39
UrbanSound8K/180937-7-1-11.wav,0.6559657867138202,39
UrbanSound8K/180937-7-1-12.wav,0.6527069486104525,39
UrbanSound8K/180937-7-1-13.wav,0.6514460979363857,39
UrbanSound8K/180937-7-1-14.wav,0.6577149369777777,39
UrbanSound8K/180937-7-1-15.wav,0.6017044752072065,39
UrbanSound8K/180937-7-1-2.wav,0.6536541795119261,39
UrbanSound8K/180937-7-1-3.wav,0.6545173204862155,39
UrbanSound8K/180937-7-1-4.wav,0.6503130976970379,39
UrbanSound8K/180937-7-1-5.wav,0.6376737035237826,39
UrbanSound8K/180937-7-1-6.wav,0.6164918954555805,39
UrbanSound8K/180937-7-1-7.wav,0.6294759190999545,39
UrbanSound8K/180937-7-1-8.wav,0.6568716412935501,39
UrbanSound8K/180937-7-1-9.wav,0.6277188842113202,39
UrbanSound8K/180937-7-2-0.wav,0.6601624152599237,39
UrbanSound8K/180937-7-2-1.wav,0.66342776402449,39
UrbanSound8K/180937-7-2-10.wav,0.6513970295588175,39
UrbanSound8K/180937-7-2-2.wav,0.6614876313087268,39
UrbanSound8K/180937-7-2-3.wav,0.6482843374594663,39
UrbanSound8K/180937-7-2-4.wav,0.6451453016354487,39
UrbanSound8K/180937-7-2-5.wav,0.6501017151734768,39
UrbanSound8K/180937-7-2-6.wav,0.6395813715763581,39
UrbanSound8K/180937-7-2-7.wav,0.6329643023319733,39
UrbanSound8K/180937-7-2-8.wav,0.6396356882193149,39
UrbanSound8K/180937-7-2-9.wav,0.6431364768590683,39
UrbanSound8K/180937-7-3-0.wav,0.7262037549263392,39
UrbanSound8K/180937-7-3-1.wav,0.7175162648543333,39
UrbanSound8K/180937-7-3-10.wav,0.7176312345724839,39
UrbanSound8K/180937-7-3-11.wav,0.7208146728002108,39
UrbanSound8K/180937-7-3-12.wav,0.7250647697693262,39
UrbanSound8K/180937-7-3-13.wav,0.7240153000904963,39
UrbanSound8K/180937-7-3-14.wav,0.7232344639606965,39
UrbanSound8K/180937-7-3-15.wav,0.7231271465619405,39
UrbanSound8K/180937-7-3-17.wav,0.7229078717720814,39
UrbanSound8K/180937-7-3-18.wav,0.7252104435211573,39
UrbanSound8K/180937-7-3-19.wav,0.7244821374232953,39
UrbanSound8K/180937-7-3-2.wav,0.7164845069249471,39
UrbanSound8K/180937-7-3-20.wav,0.7218810228201059,39
UrbanSound8K/180937-7-3-21.wav,0.7234241687334501,39
UrbanSound8K/180937-7-3-22.wav,0.7204895279346368,39
UrbanSound8K/180937-7-3-23.wav,0.7175543675055871,39
UrbanSound8K/180937-7-3-24.wav,0.7198744507936331,39
UrbanSound8K/180937-7-3-26.wav,0.7129475153409518,39
UrbanSound8K/180937-7-3-27.wav,0.7131564097526746,39
UrbanSound8K/180937-7-3-28.wav,0.7165519854961298,39
UrbanSound8K/180937-7-3-29.wav,0.7181435319093558,39
UrbanSound8K/180937-7-3-3.wav,0.7147340254905896,39
UrbanSound8K/180937-7-3-30.wav,0.7173681702369299,39
UrbanSound8K/180937-7-3-31.wav,0.7102771401405334,39
UrbanSound8K/180937-7-3-32.wav,0.6988175633626107,39
UrbanSound8K/180937-7-3-33.wav,0.696277135457748,39
UrbanSound8K/180937-7-3-4.wav,0.7171031328348013,39
UrbanSound8K/180937-7-3-5.wav,0.7208304496911856,39
UrbanSound8K/180937-7-3-6.wav,0.7199823092191647,39
UrbanSound8K/180937-7-3-7.wav,0.7198575612826225,39
UrbanSound8K/180937-7-3-8.wav,0.7222234560893133,39
UrbanSound8K/180937-7-3-9.wav,0.7213591719285036,39
UrbanSound8K/180937-7-4-0.wav,0.6536452571551005,39
UrbanSound8K/180937-7-4-10.wav,0.6871559390654931,39
UrbanSound8K/180937-7-4-11.wav,0.693645471181625,39
UrbanSound8K/180937-7-4-12.wav,0.7030379863885733,39
UrbanSound8K/180937-7-4-13.wav,0.7073487563010974,39
UrbanSound8K/180937-7-4-14.wav,0.7063260460511233,39
UrbanSound8K/180937-7-4-2.wav,0.6548368227787507,39
UrbanSound8K/180937-7-4-3.wav,0.6558878498199658,39
UrbanSound8K/180937-7-4-4.wav,0.650367952310122,39
UrbanSound8K/180937-7-4-5.wav,0.6431241906606234,39
UrbanSound8K/180937-7-4-6.wav,0.6610791897162412,39
UrbanSound8K/180937-7-4-7.wav,0.676754891872406,39
UrbanSound8K/180937-7-4-8.wav,0.6850682206642933,39
UrbanSound8K/180937-7-4-9.wav,0.6905450729223398,39
UrbanSound8K/180960-6-0-0.wav,0.4891976356506348,15
UrbanSound8K/180977-3-1-0.wav,0.6528888489955511,39
UrbanSound8K/180977-3-1-1.wav,0.5880690003052736,39
UrbanSound8K/180977-3-1-5.wav,0.5614307553340228,39
UrbanSound8K/181624-4-0-0.wav,0.5894464200193231,22
UrbanSound8K/181624-4-1-0.wav,0.5421844720840454,39
UrbanSound8K/181624-4-10-0.wav,0.5674213596752712,21
UrbanSound8K/181624-4-2-0.wav,0.5064343285560607,25
UrbanSound8K/181624-4-3-0.wav,0.585775637626648,5
UrbanSound8K/181624-4-4-0.wav,0.5426395535469055,11
UrbanSound8K/181624-4-6-0.wav,0.6447325944900513,4
UrbanSound8K/181624-4-8-0.wav,0.5803715400397778,16
UrbanSound8K/181624-4-9-0.wav,0.5465283228291405,18
UrbanSound8K/181725-3-0-16.wav,0.5722336173057556,39
UrbanSound8K/181725-3-0-22.wav,0.5835567789200025,39
UrbanSound8K/181725-3-0-37.wav,0.5601001244324905,39
UrbanSound8K/182474-1-0-0.wav,0.6104593724012375,12
UrbanSound8K/183894-1-5-0.wav,0.5297919511795044,7
UrbanSound8K/183894-1-6-0.wav,0.5277024447917938,10
UrbanSound8K/183894-1-7-0.wav,0.5075737667083741,25
UrbanSound8K/183894-1-8-0.wav,0.574155158466763,9
UrbanSound8K/183894-1-9-0.wav,0.5688847780227662,15
UrbanSound8K/183989-3-1-18.wav,0.5489688041882638,39
UrbanSound8K/183989-3-1-21.wav,0.5491078587678763,39
UrbanSound8K/183989-3-1-23.wav,0.5334124733240176,39
UrbanSound8K/183989-3-1-25.wav,0.5400995551011502,39
UrbanSound8K/183992-3-0-10.wav,0.48181487963749814,39
UrbanSound8K/183992-3-0-3.wav,0.3880443397240761,39
UrbanSound8K/183992-3-0-6.wav,0.3913776339628758,39
UrbanSound8K/183992-3-0-9.wav,0.46984255619538134,39
UrbanSound8K/184355-1-0-0.wav,0.544201672077179,5
UrbanSound8K/18453-3-0-0.wav,0.5985785211835589,7
UrbanSound8K/184575-3-0-0.wav,0.43638719094766154,37
UrbanSound8K/184575-3-0-1.wav,0.4614193994137976,36
UrbanSound8K/184575-3-0-2.wav,0.45352450977353487,34
UrbanSound8K/184575-3-0-3.wav,0.42979427630251105,33
UrbanSound8K/184623-8-0-0.wav,0.6308186940657787,39
UrbanSound8K/184623-8-0-1.wav,0.6540285700406784,39
UrbanSound8K/184623-8-0-2.wav,0.6473077795444391,39
UrbanSound8K/184623-8-0-3.wav,0.6493317530705378,39
UrbanSound8K/184623-8-1-0.wav,0.6828869841037652,39
UrbanSound8K/184725-3-0-1.wav,0.6333831342367026,39
UrbanSound8K/184725-3-0-2.wav,0.6263037423292795,39
UrbanSound8K/184725-3-0-4.wav,0.6338528814988259,39
UrbanSound8K/184725-3-0-5.wav,0.6316116933639233,39
UrbanSound8K/185436-1-0-0.wav,0.5961978985713079,13
UrbanSound8K/185436-1-1-0.wav,0.5848482325673103,8
UrbanSound8K/185436-1-2-0.wav,0.6161174923181534,24
UrbanSound8K/185436-1-3-0.wav,0.5990498781204223,25
UrbanSound8K/185436-1-4-0.wav,0.6047104435998041,37
UrbanSound8K/185436-1-5-0.wav,0.6201850909453172,13
UrbanSound8K/185436-1-6-0.wav,0.6192349110330854,28
UrbanSound8K/185436-1-7-0.wav,0.6141681400212374,11
UrbanSound8K/185800-4-0-0.wav,0.6004456648459802,39
UrbanSound8K/185800-4-0-1.wav,0.6287653828278567,39
UrbanSound8K/185800-4-1-0.wav,0.6497015357017517,12
UrbanSound8K/185800-4-2-0.wav,0.640734029121888,39
UrbanSound8K/185800-4-2-1.wav,0.6502274504074683,39
UrbanSound8K/185800-4-2-2.wav,0.6341284207808666,39
UrbanSound8K/185801-4-0-0.wav,0.6586524293972895,39
UrbanSound8K/185801-4-0-1.wav,0.6782564597252088,39
UrbanSound8K/185801-4-0-2.wav,0.6765099763870239,39
UrbanSound8K/18581-3-0-0.wav,0.515956815236654,39
UrbanSound8K/18581-3-0-5.wav,0.5531660410074087,39
UrbanSound8K/18581-3-1-1.wav,0.6228084717041407,39
UrbanSound8K/18581-3-1-3.wav,0.607780824869107,39
UrbanSound8K/18592-5-0-0.wav,0.4978742958643498,39
UrbanSound8K/18592-5-0-1.wav,0.4964095499271002,39
UrbanSound8K/18592-5-0-2.wav,0.49580587637730134,39
UrbanSound8K/18592-5-0-3.wav,0.4958688479203444,39
UrbanSound8K/18592-5-0-4.wav,0.4961316852997511,39
UrbanSound8K/18594-1-1-0.wav,0.6656902670860291,5
UrbanSound8K/186935-5-0-0.wav,0.6777984331815671,39
UrbanSound8K/186935-5-0-1.wav,0.6774109204610189,39
UrbanSound8K/186936-5-0-0.wav,0.5854773276891464,39
UrbanSound8K/186936-5-0-1.wav,0.5873602781540308,39
UrbanSound8K/186938-5-0-0.wav,0.6050520118545083,17
UrbanSound8K/186940-5-0-0.wav,0.6925273457088986,37
UrbanSound8K/187075-5-0-0.wav,0.46638748890314347,39
UrbanSound8K/187075-5-0-1.wav,0.47223439277746737,39
UrbanSound8K/187075-5-0-2.wav,0.4626171703522022,39
UrbanSound8K/187075-5-0-3.wav,0.4612190081523015,39
UrbanSound8K/187075-5-0-4.wav,0.4572241864143274,39
UrbanSound8K/187075-5-0-5.wav,0.4450787603855133,39
UrbanSound8K/187075-5-0-6.wav,0.4492221551063733,39
UrbanSound8K/187075-5-0-7.wav,0.46421542381628966,39
UrbanSound8K/187075-5-0-8.wav,0.4588368359284523,39
UrbanSound8K/187356-1-1-0.wav,0.5166063064878638,11
UrbanSound8K/187356-1-2-0.wav,0.5186285987878457,39
UrbanSound8K/187356-1-3-0.wav,0.525896814736453,33
UrbanSound8K/187356-1-4-0.wav,0.5163253347078959,39
UrbanSound8K/187356-1-5-0.wav,0.4881174647808075,25
UrbanSound8K/187356-1-6-0.wav,0.4968719025452932,15
UrbanSound8K/187377-4-0-0.wav,0.5661084086467059,39
UrbanSound8K/187377-4-0-1.wav,0.5755984431658036,39
UrbanSound8K/187378-3-0-12.wav,0.38719037355798663,33
UrbanSound8K/187378-3-0-19.wav,0.38804152111212414,18
UrbanSound8K/187378-3-0-30.wav,0.37984313666820524,10
UrbanSound8K/187378-3-0-7.wav,0.38910029269754887,16
UrbanSound8K/187863-4-0-0.wav,0.6908970536329807,39
UrbanSound8K/187863-4-0-1.wav,0.64469058238543,39
UrbanSound8K/187863-4-0-2.wav,0.6565709098791465,39
UrbanSound8K/187863-4-0-3.wav,0.6798919408749311,39
UrbanSound8K/187863-4-0-4.wav,0.6742627422014872,39
UrbanSound8K/187863-4-0-5.wav,0.6527428672863886,39
UrbanSound8K/187920-7-0-0.wav,0.6566708167394002,30
UrbanSound8K/187920-7-1-0.wav,0.6555692232572116,39
UrbanSound8K/187920-7-1-1.wav,0.6575234654622201,39
UrbanSound8K/187920-7-1-2.wav,0.6568365830641526,39
UrbanSound8K/187920-7-2-0.wav,0.5467161948864276,13
UrbanSound8K/188004-8-0-0.wav,0.5064736749881353,39
UrbanSound8K/188004-8-0-1.wav,0.538325344140713,39
UrbanSound8K/188004-8-0-2.wav,0.5914946244313166,39
UrbanSound8K/188813-7-0-0.wav,0.5234135559626988,7
UrbanSound8K/188813-7-1-0.wav,0.5191887036750191,19
UrbanSound8K/188813-7-10-0.wav,0.5398530746117617,39
UrbanSound8K/188813-7-10-1.wav,0.5400373492485437,39
UrbanSound8K/188813-7-10-2.wav,0.5389492206084423,39
UrbanSound8K/188813-7-10-3.wav,0.534587711859972,39
UrbanSound8K/188813-7-11-0.wav,0.5406021154843844,39
UrbanSound8K/188813-7-11-1.wav,0.5384075244267782,39
UrbanSound8K/188813-7-12-0.wav,0.5300899412896898,9
UrbanSound8K/188813-7-13-0.wav,0.5248032534122467,25
UrbanSound8K/188813-7-2-0.wav,0.5147640790258136,14
UrbanSound8K/188813-7-3-0.wav,0.5072841048240662,22
UrbanSound8K/188813-7-4-0.wav,0.5088186469571344,29
UrbanSound8K/188813-7-5-0.wav,0.5301899243803585,17
UrbanSound8K/188813-7-6-0.wav,0.5173424141747611,21
UrbanSound8K/188813-7-7-0.wav,0.5209233145559987,31
UrbanSound8K/188813-7-8-0.wav,0.5164238452911377,20
UrbanSound8K/188813-7-9-0.wav,0.5247024268873276,31
UrbanSound8K/188823-7-0-0.wav,0.613794071552081,39
UrbanSound8K/188823-7-0-1.wav,0.6313751997091831,39
UrbanSound8K/188823-7-0-2.wav,0.6526822539476248,39
UrbanSound8K/188823-7-0-3.wav,0.6569785720262772,39
UrbanSound8K/188823-7-0-4.wav,0.6522674927344689,39
UrbanSound8K/188823-7-1-0.wav,0.6598919630050659,39
UrbanSound8K/188823-7-1-1.wav,0.6588551432658465,39
UrbanSound8K/188823-7-1-2.wav,0.6574260133963364,39
UrbanSound8K/188823-7-1-3.wav,0.6557641335022755,39
UrbanSound8K/188823-7-2-0.wav,0.6661461286055737,39
UrbanSound8K/188823-7-2-1.wav,0.6637091254576658,39
UrbanSound8K/188823-7-2-2.wav,0.6603022462282425,39
UrbanSound8K/188823-7-2-3.wav,0.6583400811904516,39
UrbanSound8K/188823-7-3-0.wav,0.6623505584655269,31
UrbanSound8K/188823-7-4-0.wav,0.6553647645882198,28
UrbanSound8K/188823-7-5-0.wav,0.6548578387651688,39
UrbanSound8K/188823-7-6-0.wav,0.6550733096459332,17
UrbanSound8K/188824-7-0-0.wav,0.5024676894148191,12
UrbanSound8K/188824-7-1-0.wav,0.4891975298523903,12
UrbanSound8K/188824-7-10-0.wav,0.49063895642757416,8
UrbanSound8K/188824-7-11-0.wav,0.48139082789421084,10
UrbanSound8K/188824-7-12-0.wav,0.46465480753353666,35
UrbanSound8K/188824-7-2-0.wav,0.48837341533766854,9
UrbanSound8K/188824-7-3-0.wav,0.4668021500110626,7
UrbanSound8K/188824-7-4-0.wav,0.4673158011653207,11
UrbanSound8K/188824-7-5-0.wav,0.4794553592801094,12
UrbanSound8K/188824-7-6-0.wav,0.4660601445606777,7
UrbanSound8K/188824-7-7-0.wav,0.48163183439861645,22
UrbanSound8K/188824-7-8-0.wav,0.472364950638551,13
UrbanSound8K/188824-7-9-0.wav,0.49084216814774734,39
UrbanSound8K/189846-3-0-0.wav,0.5708065271377564,10
UrbanSound8K/189846-3-1-0.wav,0.6044562806685766,12
UrbanSound8K/189846-3-3-0.wav,0.5775463730096817,8
UrbanSound8K/189846-3-4-0.wav,0.5903033912181854,6
UrbanSound8K/189895-3-0-0.wav,0.4853148918885451,26
UrbanSound8K/19007-4-0-0.wav,0.7307925728651193,39
UrbanSound8K/19026-1-0-0.wav,0.6156385242938995,9
UrbanSound8K/190680-3-1-0.wav,0.5235414036682674,14
UrbanSound8K/190680-3-4-0.wav,0.5525475862698678,39
UrbanSound8K/190680-3-6-0.wav,0.5500206611095331,39
UrbanSound8K/190996-3-0-0.wav,0.5800013190660721,39
UrbanSound8K/190996-3-0-1.wav,0.5842993274713174,39
UrbanSound8K/190996-3-0-8.wav,0.6163646532939031,39
UrbanSound8K/191382-3-0-0.wav,0.507349411646525,39
UrbanSound8K/191382-3-0-5.wav,0.5317998948769692,39
UrbanSound8K/191382-3-1-0.wav,0.5297488539646833,39
UrbanSound8K/191382-3-1-1.wav,0.4925821339472746,39
UrbanSound8K/191449-6-0-0.wav,0.5530885040760041,15
UrbanSound8K/191687-3-0-0.wav,0.434631023916506,31
UrbanSound8K/191687-3-0-11.wav,0.4390956518195924,21
UrbanSound8K/191687-3-0-15.wav,0.4554790295660496,20
UrbanSound8K/191687-3-0-5.wav,0.376412782818079,18
UrbanSound8K/19218-3-0-0.wav,0.4198243801410382,39
UrbanSound8K/192236-3-0-2.wav,0.42337227381508924,29
UrbanSound8K/192236-3-0-4.wav,0.3725893124938011,30
UrbanSound8K/192236-3-0-6.wav,0.38220863938331606,25
UrbanSound8K/192236-3-0-8.wav,0.3594891263378991,18
UrbanSound8K/19338-5-0-0.wav,0.46729967150932705,39
UrbanSound8K/19338-5-1-0.wav,0.44364391152675337,39
UrbanSound8K/19338-5-2-0.wav,0.4584616292745639,39
UrbanSound8K/19338-5-3-0.wav,0.48837825655937195,6
UrbanSound8K/193394-3-0-10.wav,0.4638271293579004,39
UrbanSound8K/193394-3-0-11.wav,0.4367630375283105,28
UrbanSound8K/193394-3-0-4.wav,0.4503595332304637,27
UrbanSound8K/193394-3-0-7.wav,0.4445330492961101,39
UrbanSound8K/194753-3-0-0.wav,0.5329133371512095,6
UrbanSound8K/194753-3-1-0.wav,0.5408121470142814,17
UrbanSound8K/194753-3-2-0.wav,0.519480861723423,8
UrbanSound8K/194753-3-3-0.wav,0.5454001824061075,6
UrbanSound8K/194754-3-0-0.wav,0.5177709062894186,39
UrbanSound8K/194754-3-0-1.wav,0.5043020867384397,39
UrbanSound8K/194754-3-0-2.wav,0.5053150539214795,39
UrbanSound8K/19496-3-0-0.wav,0.5525865677075509,39
UrbanSound8K/19496-3-1-0.wav,0.5430938876592196,39
UrbanSound8K/19496-3-1-1.wav,0.5447069116127796,39
UrbanSound8K/194962-5-0-0.wav,0.539272876886221,39
UrbanSound8K/194962-5-0-1.wav,0.5428181091944376,39
UrbanSound8K/194962-5-0-2.wav,0.5416347415019305,39
UrbanSound8K/19503-3-0-0.wav,0.5932178136549497,38
UrbanSound8K/19503-3-1-0.wav,0.5836223309690302,22
UrbanSound8K/19503-3-2-0.wav,0.5897841095924378,5
UrbanSound8K/195063-4-0-0.wav,0.6262422784780844,39
UrbanSound8K/195063-4-1-0.wav,0.6297344091611031,39
UrbanSound8K/195451-5-0-0.wav,0.6621466202613635,39
UrbanSound8K/195451-5-0-1.wav,0.6599259086144276,39
UrbanSound8K/195451-5-0-10.wav,0.6697305425619468,39
UrbanSound8K/195451-5-0-11.wav,0.6691590975492429,39
UrbanSound8K/195451-5-0-12.wav,0.6685086763822116,39
UrbanSound8K/195451-5-0-13.wav,0.6678112271504525,39
UrbanSound8K/195451-5-0-14.wav,0.6669257970956656,39
UrbanSound8K/195451-5-0-15.wav,0.666263399980007,39
UrbanSound8K/195451-5-0-16.wav,0.6653980368222946,39
UrbanSound8K/195451-5-0-17.wav,0.6653730487212156,39
UrbanSound8K/195451-5-0-18.wav,0.6664682321059399,39
UrbanSound8K/195451-5-0-19.wav,0.6667235722908607,39
UrbanSound8K/195451-5-0-2.wav,0.6590751975010603,39
UrbanSound8K/195451-5-0-20.wav,0.665976284406124,39
UrbanSound8K/195451-5-0-21.wav,0.6649524752910321,39
UrbanSound8K/195451-5-0-3.wav,0.6604766433055584,39
UrbanSound8K/195451-5-0-4.wav,0.6648036807011335,39
UrbanSound8K/195451-5-0-5.wav,0.6688821667279953,39
UrbanSound8K/195451-5-0-6.wav,0.6706231649105365,39
UrbanSound8K/195451-5-0-7.wav,0.6713351286374606,39
UrbanSound8K/195451-5-0-8.wav,0.6704979172119727,39
UrbanSound8K/195451-5-0-9.wav,0.669871483093653,39
UrbanSound8K/196127-3-0-0.wav,0.43678806026776634,30
UrbanSound8K/196127-3-0-1.wav,0.4361293259121123,21
UrbanSound8K/196127-3-0-3.wav,0.4431540369987488,29
UrbanSound8K/196127-3-0-4.wav,0.41837050833485345,22
UrbanSound8K/196400-6-0-0.wav,0.49193807352672925,22
UrbanSound8K/196561-3-0-16.wav,0.6225314232019278,39
UrbanSound8K/196561-3-0-29.wav,0.6269324620564779,39
UrbanSound8K/196561-3-0-44.wav,0.6153440169799023,39
UrbanSound8K/196561-3-0-9.wav,0.6412738118416224,39
UrbanSound8K/197073-3-0-0.wav,0.4606316745281219,5
UrbanSound8K/197073-3-3-0.wav,0.4348391890525818,8
UrbanSound8K/197073-3-4-3.wav,0.5163460389161721,39
UrbanSound8K/197073-3-7-0.wav,0.5063502093156179,39
UrbanSound8K/197074-3-0-4.wav,0.5400664355510321,39
UrbanSound8K/197074-3-0-5.wav,0.554414186722193,39
UrbanSound8K/197074-3-0-6.wav,0.5156290691632491,39
UrbanSound8K/197075-3-1-1.wav,0.5980075551913335,39
UrbanSound8K/197075-3-4-1.wav,0.5770533833748255,39
UrbanSound8K/197075-3-6-0.wav,0.6100479364395142,39
UrbanSound8K/197075-3-7-5.wav,0.5645281427945846,39
UrbanSound8K/197080-3-0-1.wav,0.5179066275938963,39
UrbanSound8K/197080-3-0-6.wav,0.5044772624969482,39
UrbanSound8K/197080-3-0-7.wav,0.5070025240763639,39
UrbanSound8K/197080-3-1-0.wav,0.5376565471673623,39
UrbanSound8K/197243-3-0-0.wav,0.5068426609039307,5
UrbanSound8K/197243-3-1-0.wav,0.532168835401535,4
UrbanSound8K/197318-6-0-0.wav,0.3714081346988678,6
UrbanSound8K/197318-6-1-0.wav,0.25957608918348946,15
UrbanSound8K/197318-6-10-0.wav,0.3000328649174083,11
UrbanSound8K/197318-6-11-0.wav,0.26566638350486754,15
UrbanSound8K/197318-6-12-0.wav,0.281184113274018,12
UrbanSound8K/197318-6-2-0.wav,0.24930770648643374,16
UrbanSound8K/197318-6-3-0.wav,0.2469276759554358,17
UrbanSound8K/197318-6-4-0.wav,0.255911648273468,16
UrbanSound8K/197318-6-5-0.wav,0.2641765415668488,15
UrbanSound8K/197318-6-6-0.wav,0.24262767153627732,17
UrbanSound8K/197318-6-7-0.wav,0.2350186337442959,17
UrbanSound8K/197318-6-8-0.wav,0.3357421103864908,8
UrbanSound8K/197318-6-9-0.wav,0.24352660599876852,17
UrbanSound8K/197320-6-0-0.wav,0.4859590199258592,9
UrbanSound8K/197320-6-1-0.wav,0.4784404218196869,10
UrbanSound8K/197320-6-10-0.wav,0.48192167580127715,10
UrbanSound8K/197320-6-11-0.wav,0.47188747823238375,10
UrbanSound8K/197320-6-12-0.wav,0.478284615278244,10
UrbanSound8K/197320-6-2-0.wav,0.4875936673747169,9
UrbanSound8K/197320-6-3-0.wav,0.48181714945369297,9
UrbanSound8K/197320-6-4-0.wav,0.4907856086889903,9
UrbanSound8K/197320-6-5-0.wav,0.4790738195180893,10
UrbanSound8K/197320-6-6-0.wav,0.49206970632076263,8
UrbanSound8K/197320-6-7-0.wav,0.4679313004016876,10
UrbanSound8K/197320-6-8-0.wav,0.47449482381343844,10
UrbanSound8K/197320-6-9-0.wav,0.47424101531505586,10
UrbanSound8K/199261-3-0-0.wav,0.4780162764447076,28
UrbanSound8K/199261-3-0-1.wav,0.4331659108400345,20
UrbanSound8K/199261-3-0-2.wav,0.42591297477483747,20
UrbanSound8K/199261-3-0-4.wav,0.41578783094882965,14
UrbanSound8K/199769-1-0-0.wav,0.6047786244979272,39
UrbanSound8K/199769-1-0-1.wav,0.6110758689733652,39
UrbanSound8K/199769-1-0-10.wav,0.6279370861175733,39
UrbanSound8K/199769-1-0-11.wav,0.6267128510352893,39
UrbanSound8K/199769-1-0-12.wav,0.6250954407912034,39
UrbanSound8K/199769-1-0-13.wav,0.6237661349467742,39
UrbanSound8K/199769-1-0-14.wav,0.6213425306173471,39
UrbanSound8K/199769-1-0-15.wav,0.6199133885212433,39
UrbanSound8K/199769-1-0-16.wav,0.6227790850859422,39
UrbanSound8K/199769-1-0-17.wav,0.6242187359394171,39
UrbanSound8K/199769-1-0-18.wav,0.6225773034951626,39
UrbanSound8K/199769-1-0-2.wav,0.6188598366884085,39
UrbanSound8K/199769-1-0-3.wav,0.6244197029333848,39
UrbanSound8K/199769-1-0-4.wav,0.6291131575902303,39
UrbanSound8K/199769-1-0-5.wav,0.6334837491695697,39
UrbanSound8K/199769-1-0-6.wav,0.6368229847687942,39
UrbanSound8K/199769-1-0-7.wav,0.6371508378248948,39
UrbanSound8K/199769-1-0-8.wav,0.6336660293432382,39
UrbanSound8K/199769-1-0-9.wav,0.6289848562998649,39
UrbanSound8K/199929-4-0-0.wav,0.5574989887801084,22
UrbanSound8K/199929-4-1-0.wav,0.5496111707045481,26
UrbanSound8K/199929-4-2-0.wav,0.5678524225950241,34
UrbanSound8K/20015-3-0-12.wav,0.5763377134616559,39
UrbanSound8K/20015-3-0-14.wav,0.5943243335454892,39
UrbanSound8K/20015-3-0-19.wav,0.5799168653977222,39
UrbanSound8K/20015-3-0-4.wav,0.5692043747657385,39
UrbanSound8K/200161-3-6-0.wav,0.4833752123209146,39
UrbanSound8K/200161-3-6-3.wav,0.47763352898451,39
UrbanSound8K/200161-3-6-4.wav,0.4720645546913147,39
UrbanSound8K/200161-3-7-0.wav,0.4752403100331624,6
UrbanSound8K/200460-6-0-0.wav,0.46322419742743176,12
UrbanSound8K/200460-6-1-0.wav,0.42769603058695793,16
UrbanSound8K/200460-6-2-0.wav,0.5042862253529685,7
UrbanSound8K/200460-6-3-0.wav,0.5320340720089999,11
UrbanSound8K/200460-6-4-0.wav,0.5027461520263127,7
UrbanSound8K/200460-6-5-0.wav,0.4898409876558516,9
UrbanSound8K/200786-5-0-0.wav,0.5047782705380366,39
UrbanSound8K/200786-5-1-0.wav,0.5543587452326065,39
UrbanSound8K/200786-5-1-1.wav,0.549946740651742,39
UrbanSound8K/200786-5-1-2.wav,0.546706328025231,39
UrbanSound8K/200786-5-1-3.wav,0.5485970760003115,39
UrbanSound8K/200786-5-1-4.wav,0.5434687122320517,39
UrbanSound8K/200786-5-1-5.wav,0.5346459012765151,39
UrbanSound8K/201207-3-0-0.wav,0.4950628735517201,19
UrbanSound8K/201207-3-13-0.wav,0.5087621112664541,21
UrbanSound8K/201207-3-21-0.wav,0.49401616943734034,28
UrbanSound8K/201207-3-29-0.wav,0.4579153786867093,39
UrbanSound8K/201652-5-0-0.wav,0.5145874008154258,39
UrbanSound8K/201652-5-0-1.wav,0.5161336156038138,39
UrbanSound8K/201652-5-0-2.wav,0.5175169843893784,39
UrbanSound8K/201652-5-0-3.wav,0.518398370498266,39
UrbanSound8K/201652-5-1-0.wav,0.5279466891900088,39
UrbanSound8K/201652-5-2-0.wav,0.5318763592304327,39
UrbanSound8K/201652-5-2-1.wav,0.539787355141762,39
UrbanSound8K/201652-5-2-2.wav,0.5409974043185894,39
UrbanSound8K/201652-5-2-3.wav,0.5406713103636717,39
UrbanSound8K/201652-5-2-4.wav,0.5413468495393411,39
UrbanSound8K/201652-5-2-5.wav,0.541674487101726,39
UrbanSound8K/201652-5-3-0.wav,0.5215120957447932,39
UrbanSound8K/201652-5-3-1.wav,0.5241104853458893,39
UrbanSound8K/201652-5-3-2.wav,0.5258752352152115,39
UrbanSound8K/201652-5-3-3.wav,0.52428271373113,39
UrbanSound8K/201652-5-3-4.wav,0.5242346846140348,39
UrbanSound8K/201652-5-4-0.wav,0.5135441269630041,39
UrbanSound8K/201652-5-4-1.wav,0.5113337559577746,39
UrbanSound8K/201652-5-4-2.wav,0.5094601206290417,39
UrbanSound8K/201652-5-4-3.wav,0.5087069716209021,39
UrbanSound8K/201652-5-4-4.wav,0.5092790172650263,39
UrbanSound8K/201652-5-4-5.wav,0.5059271309620295,39
UrbanSound8K/201652-5-4-6.wav,0.5017418548082694,39
UrbanSound8K/201652-5-4-7.wav,0.5008930372886169,39
UrbanSound8K/201652-5-4-8.wav,0.5031255307870034,39
UrbanSound8K/201652-5-4-9.wav,0.503979144188074,39
UrbanSound8K/201652-5-5-0.wav,0.5052025944758685,39
UrbanSound8K/201652-5-5-1.wav,0.5020643839469323,39
UrbanSound8K/201652-5-5-2.wav,0.5019054336425586,39
UrbanSound8K/201652-5-5-3.wav,0.5041180604543442,39
UrbanSound8K/201652-5-5-4.wav,0.5058761170277228,39
UrbanSound8K/201652-5-5-5.wav,0.5049466383762848,39
UrbanSound8K/201988-5-0-0.wav,0.5375462487722055,39
UrbanSound8K/201988-5-0-1.wav,0.5370076298713684,39
UrbanSound8K/201988-5-0-10.wav,0.5358992020289103,39
UrbanSound8K/201988-5-0-11.wav,0.5355598315214499,39
UrbanSound8K/201988-5-0-12.wav,0.5361767273682815,39
UrbanSound8K/201988-5-0-13.wav,0.5333499648632147,39
UrbanSound8K/201988-5-0-14.wav,0.5331252568807358,39
UrbanSound8K/201988-5-0-15.wav,0.5335906896835718,39
UrbanSound8K/201988-5-0-16.wav,0.5350865507737185,39
UrbanSound8K/201988-5-0-17.wav,0.5335246645487272,39
UrbanSound8K/201988-5-0-18.wav,0.539405515560737,39
UrbanSound8K/201988-5-0-19.wav,0.5423098588601137,39
UrbanSound8K/201988-5-0-2.wav,0.5465110601522983,39
UrbanSound8K/201988-5-0-20.wav,0.5424006046392978,39
UrbanSound8K/201988-5-0-21.wav,0.5432250820673429,39
UrbanSound8K/201988-5-0-22.wav,0.5394959052403768,39
UrbanSound8K/201988-5-0-3.wav,0.5514771143595377,39
UrbanSound8K/201988-5-0-4.wav,0.5536466974478501,39
UrbanSound8K/201988-5-0-5.wav,0.5575888447272472,39
UrbanSound8K/201988-5-0-6.wav,0.5490890535024496,39
UrbanSound8K/201988-5-0-7.wav,0.538295832199928,39
UrbanSound8K/201988-5-0-8.wav,0.5314595867425967,39
UrbanSound8K/201988-5-0-9.wav,0.5338854514635526,39
UrbanSound8K/201988-5-1-0.wav,0.5227828644789182,26
UrbanSound8K/20285-3-0-0.wav,0.44508318524611623,38
UrbanSound8K/20285-3-1-0.wav,0.4026339501142502,18
UrbanSound8K/20285-3-1-1.wav,0.40874574705958366,24
UrbanSound8K/20285-3-2-0.wav,0.3956787089506785,3
UrbanSound8K/203128-3-1-0.wav,0.5617388206369737,17
UrbanSound8K/203128-3-6-0.wav,0.5552438478916883,16
UrbanSound8K/203128-3-9-0.wav,0.5136540830135345,17
UrbanSound8K/203355-3-0-0.wav,0.521797263622284,10
UrbanSound8K/203355-3-1-0.wav,0.5313845351338387,8
UrbanSound8K/203356-3-0-0.wav,0.5172784351385556,39
UrbanSound8K/203356-3-0-1.wav,0.5153438563530262,39
UrbanSound8K/203356-3-0-2.wav,0.5053941294168814,39
UrbanSound8K/203356-3-0-3.wav,0.5073674626839466,39
UrbanSound8K/203440-3-0-0.wav,0.5141965639896882,39
UrbanSound8K/203440-3-0-1.wav,0.5098472558535062,39
UrbanSound8K/203440-3-0-5.wav,0.47581963584973264,39
UrbanSound8K/203440-3-0-6.wav,0.4955836633841197,39
UrbanSound8K/203516-3-0-0.wav,0.6620335876941681,18
UrbanSound8K/203913-8-0-0.wav,0.6098709251636114,39
UrbanSound8K/203913-8-0-1.wav,0.6560444419200604,39
UrbanSound8K/203913-8-0-10.wav,0.6552662925842481,39
UrbanSound8K/203913-8-0-11.wav,0.6656502867356325,39
UrbanSound8K/203913-8-0-12.wav,0.6614149931149605,39
UrbanSound8K/203913-8-0-2.wav,0.6398712717569791,39
UrbanSound8K/203913-8-0-3.wav,0.5910274951885908,39
UrbanSound8K/203913-8-0-4.wav,0.578223419495118,39
UrbanSound8K/203913-8-0-5.wav,0.5958646031526419,39
UrbanSound8K/203913-8-0-6.wav,0.6056326474898901,39
UrbanSound8K/203913-8-0-7.wav,0.6234759382712536,39
UrbanSound8K/203913-8-0-8.wav,0.639171941158099,39
UrbanSound8K/203913-8-0-9.wav,0.6419357901964432,39
UrbanSound8K/203913-8-1-0.wav,0.6520560093415089,39
UrbanSound8K/203913-8-1-1.wav,0.6551861992249122,39
UrbanSound8K/203913-8-1-2.wav,0.6581861009964576,39
UrbanSound8K/203913-8-1-3.wav,0.6625639307193267,39
UrbanSound8K/203913-8-1-4.wav,0.6691185663907956,39
UrbanSound8K/203913-8-1-5.wav,0.6693189342816671,39
UrbanSound8K/203929-7-1-0.wav,0.6283775017811701,39
UrbanSound8K/203929-7-1-1.wav,0.630751738181481,39
UrbanSound8K/203929-7-1-2.wav,0.6266585114674691,39
UrbanSound8K/203929-7-1-3.wav,0.6201184651790521,39
UrbanSound8K/203929-7-1-6.wav,0.6309279738328396,39
UrbanSound8K/203929-7-1-7.wav,0.632091454970531,39
UrbanSound8K/203929-7-1-8.wav,0.6270710703654166,39
UrbanSound8K/203929-7-10-0.wav,0.6244855034045684,39
UrbanSound8K/203929-7-10-1.wav,0.6378438426898076,39
UrbanSound8K/203929-7-10-2.wav,0.6119079054930271,39
UrbanSound8K/203929-7-2-0.wav,0.6332378968214377,39
UrbanSound8K/203929-7-2-11.wav,0.6212292298292502,39
UrbanSound8K/203929-7-2-2.wav,0.6430948330805852,39
UrbanSound8K/203929-7-2-3.wav,0.657540921981518,39
UrbanSound8K/203929-7-2-5.wav,0.6523160995581211,39
UrbanSound8K/203929-7-2-6.wav,0.6415940446731372,39
UrbanSound8K/203929-7-2-8.wav,0.6329283316930135,39
UrbanSound8K/203929-7-2-9.wav,0.6357141916568463,39
UrbanSound8K/203929-7-3-1.wav,0.6389638475882702,39
UrbanSound8K/203929-7-3-10.wav,0.6318083772292504,39
UrbanSound8K/203929-7-3-2.wav,0.6277984365438803,39
UrbanSound8K/203929-7-3-3.wav,0.6227330473753122,39
UrbanSound8K/203929-7-3-5.wav,0.6248229711483686,39
UrbanSound8K/203929-7-3-9.wav,0.633321572572757,39
UrbanSound8K/203929-7-4-0.wav,0.6346288690200219,39
UrbanSound8K/203929-7-4-1.wav,0.6348266112498748,39
UrbanSound8K/203929-7-4-10.wav,0.6242700754067837,39
UrbanSound8K/203929-7-4-11.wav,0.6287891421562586,39
UrbanSound8K/203929-7-4-12.wav,0.6340483564596909,39
UrbanSound8K/203929-7-4-2.wav,0.6358043261063404,39
UrbanSound8K/203929-7-4-4.wav,0.6319202398642515,39
UrbanSound8K/203929-7-4-6.wav,0.6196791025308462,39
UrbanSound8K/203929-7-4-7.wav,0.621077584914672,39
UrbanSound8K/203929-7-4-8.wav,0.623260056361174,39
UrbanSound8K/203929-7-5-0.wav,0.6327112133686359,39
UrbanSound8K/203929-7-5-1.wav,0.6281161568103693,39
UrbanSound8K/203929-7-5-10.wav,0.6342418117400928,39
UrbanSound8K/203929-7-5-11.wav,0.6285812457402548,39
UrbanSound8K/203929-7-5-6.wav,0.6263521619332142,39
UrbanSound8K/203929-7-5-7.wav,0.6260046378160135,39
UrbanSound8K/203929-7-6-1.wav,0.6243431843244113,39
UrbanSound8K/203929-7-6-10.wav,0.6263611224981455,39
UrbanSound8K/203929-7-6-11.wav,0.6236871908872555,39
UrbanSound8K/203929-7-6-2.wav,0.6242772783988562,39
UrbanSound8K/203929-7-6-3.wav,0.625188627304175,39
UrbanSound8K/203929-7-6-8.wav,0.6240638968272086,39
UrbanSound8K/203929-7-6-9.wav,0.6246831569916163,39
UrbanSound8K/203929-7-7-0.wav,0.6469906003047259,39
UrbanSound8K/203929-7-7-10.wav,0.6225991875697405,39
UrbanSound8K/203929-7-7-12.wav,0.6223867260492765,39
UrbanSound8K/203929-7-7-13.wav,0.6271987893642523,39
UrbanSound8K/203929-7-7-14.wav,0.6349141399065653,39
UrbanSound8K/203929-7-7-15.wav,0.6325739285884759,39
UrbanSound8K/203929-7-7-16.wav,0.6280906032293271,39
UrbanSound8K/203929-7-7-2.wav,0.6458189028960007,39
UrbanSound8K/203929-7-7-3.wav,0.6436483493218055,39
UrbanSound8K/203929-7-7-4.wav,0.6398092920963581,39
UrbanSound8K/203929-7-7-9.wav,0.6226857029474698,39
UrbanSound8K/203929-7-8-0.wav,0.6500817109376956,39
UrbanSound8K/203929-7-9-0.wav,0.6349436182242173,39
UrbanSound8K/203929-7-9-11.wav,0.6116169064472883,39
UrbanSound8K/203929-7-9-12.wav,0.6241598007006522,39
UrbanSound8K/203929-7-9-15.wav,0.6314517488846412,39
UrbanSound8K/203929-7-9-17.wav,0.6379795685792581,39
UrbanSound8K/203929-7-9-18.wav,0.6338556500581595,39
UrbanSound8K/203929-7-9-19.wav,0.6315964063008627,39
UrbanSound8K/203929-7-9-20.wav,0.6334474957906283,39
UrbanSound8K/203929-7-9-24.wav,0.6266885155286545,39
UrbanSound8K/203929-7-9-4.wav,0.6394435381278013,39
UrbanSound8K/203929-7-9-6.wav,0.6355013801501348,39
UrbanSound8K/203929-7-9-8.wav,0.630542836128137,39
UrbanSound8K/203929-7-9-9.wav,0.6302694097543374,39
UrbanSound8K/203956-1-0-0.wav,0.6290404001871744,12
UrbanSound8K/203962-5-0-0.wav,0.6469490146025633,39
UrbanSound8K/203962-5-0-1.wav,0.6432524950076373,39
UrbanSound8K/204765-1-0-0.wav,0.6464766681194305,20
UrbanSound8K/204773-3-7-1.wav,0.452641208584492,26
UrbanSound8K/204773-3-8-0.wav,0.4483927720122867,27
UrbanSound8K/204773-3-9-0.wav,0.40690634068515563,36
UrbanSound8K/204773-3-9-1.wav,0.4354015414057107,29
UrbanSound8K/204919-3-0-0.wav,0.6194613419081035,19
UrbanSound8K/204919-3-1-0.wav,0.6101226531542264,39
UrbanSound8K/204919-3-3-0.wav,0.6062042489647865,8
UrbanSound8K/204919-3-4-0.wav,0.5997539891137017,9
UrbanSound8K/205013-6-0-0.wav,0.5928713243741256,13
UrbanSound8K/205610-4-0-0.wav,0.6374906759995681,39
UrbanSound8K/205610-4-0-1.wav,0.6463047235439985,39
UrbanSound8K/205610-4-0-2.wav,0.6508150971852816,39
UrbanSound8K/205610-4-0-3.wav,0.6485767609033829,39
UrbanSound8K/205610-4-0-4.wav,0.6417346612001077,39
UrbanSound8K/205610-4-0-5.wav,0.6431605112858307,39
UrbanSound8K/20571-3-0-0.wav,0.548225536942482,28
UrbanSound8K/20571-3-1-0.wav,0.53901074330012,39
UrbanSound8K/205874-4-0-0.wav,0.6653454333543778,20
UrbanSound8K/205874-4-1-0.wav,0.6488013193011284,16
UrbanSound8K/205874-4-10-0.wav,0.607720251266773,13
UrbanSound8K/205874-4-11-0.wav,0.5785973072052002,5
UrbanSound8K/205874-4-2-0.wav,0.6633967496454716,16
UrbanSound8K/205874-4-3-0.wav,0.6257936358451843,7
UrbanSound8K/205874-4-4-0.wav,0.6533238887786865,6
UrbanSound8K/205874-4-5-0.wav,0.6214390496412913,6
UrbanSound8K/205874-4-6-0.wav,0.6245132055547502,18
UrbanSound8K/205874-4-7-0.wav,0.6517781764268875,32
UrbanSound8K/205874-4-8-0.wav,0.563296894232432,12
UrbanSound8K/205874-4-9-0.wav,0.5612641440497504,9
UrbanSound8K/205878-4-0-0.wav,0.5918714003316288,29
UrbanSound8K/207124-3-0-0.wav,0.43244561221864486,9
UrbanSound8K/207124-3-1-0.wav,0.45233849910172547,22
UrbanSound8K/207124-3-2-0.wav,0.4492016822099686,30
UrbanSound8K/207369-3-0-0.wav,0.5947052203118801,8
UrbanSound8K/207962-3-0-0.wav,0.4637043848633766,4
UrbanSound8K/207962-3-1-0.wav,0.4642842933535576,4
UrbanSound8K/207962-3-2-0.wav,0.44267869224915135,13
UrbanSound8K/208030-3-0-0.wav,0.5914372255404791,18
UrbanSound8K/208030-3-1-0.wav,0.6088655938704809,12
UrbanSound8K/208030-3-2-0.wav,0.625320477919145,11
UrbanSound8K/208030-3-4-0.wav,0.6042480597893397,30
UrbanSound8K/20841-3-2-0.wav,0.5618154406547546,7
UrbanSound8K/20841-3-3-0.wav,0.580600357055664,10
UrbanSound8K/20841-3-4-0.wav,0.5794218897819519,10
UrbanSound8K/20841-3-6-0.wav,0.5667082667350769,5
UrbanSound8K/208652-8-0-0.wav,0.49904141976283145,39
UrbanSound8K/208652-8-2-0.wav,0.5060518544453841,13
UrbanSound8K/208652-8-4-0.wav,0.49870885610580445,15
UrbanSound8K/208652-8-6-0.wav,0.503806608063834,14
UrbanSound8K/209672-3-0-0.wav,0.47232201056821005,14
UrbanSound8K/209672-3-3-0.wav,0.516741432249546,4
UrbanSound8K/209672-3-6-0.wav,0.43717361489931744,6
UrbanSound8K/209672-3-8-0.wav,0.4678489367167155,9
UrbanSound8K/209864-5-0-0.wav,0.5440458915172479,39
UrbanSound8K/209864-5-0-1.wav,0.5438344478607178,39
UrbanSound8K/209864-5-0-2.wav,0.5471195975939432,39
UrbanSound8K/209864-5-0-3.wav,0.5582352586281605,39
UrbanSound8K/209992-5-0-0.wav,0.5686783958704044,39
UrbanSound8K/209992-5-1-4.wav,0.5844176029547666,39
UrbanSound8K/209992-5-1-7.wav,0.586208857022799,39
UrbanSound8K/209992-5-2-100.wav,0.5763640785828615,39
UrbanSound8K/209992-5-2-114.wav,0.5750770966211954,39
UrbanSound8K/209992-5-2-115.wav,0.5727196289942815,39
UrbanSound8K/209992-5-2-116.wav,0.5728440789075998,39
UrbanSound8K/209992-5-2-131.wav,0.5801533750998669,39
UrbanSound8K/209992-5-2-137.wav,0.5755487007972522,39
UrbanSound8K/209992-5-2-138.wav,0.5780063592470609,39
UrbanSound8K/209992-5-2-26.wav,0.5724982221921285,39
UrbanSound8K/209992-5-2-42.wav,0.5725971842423464,39
UrbanSound8K/209992-5-2-43.wav,0.5729201650008177,39
UrbanSound8K/209992-5-2-77.wav,0.5752658553612537,39
UrbanSound8K/209992-5-2-79.wav,0.5744169247456086,39
UrbanSound8K/209992-5-2-8.wav,0.571507915472373,39
UrbanSound8K/209992-5-2-81.wav,0.572703691629263,39
UrbanSound8K/209992-5-2-82.wav,0.5726805833669809,39
UrbanSound8K/209992-5-2-87.wav,0.5744435833050654,39
UrbanSound8K/209992-5-2-91.wav,0.5751296495779966,39
UrbanSound8K/209992-5-3-22.wav,0.5831249065888233,39
UrbanSound8K/209992-5-3-5.wav,0.5759846491691394,39
UrbanSound8K/209992-5-3-6.wav,0.5766721260853302,39
UrbanSound8K/209992-5-4-1.wav,0.44526246113654894,39
UrbanSound8K/209992-5-4-15.wav,0.4801833002995222,39
UrbanSound8K/209992-5-4-17.wav,0.48469449006594145,39
UrbanSound8K/209992-5-4-3.wav,0.4420693440315051,39
UrbanSound8K/21187-5-0-0.wav,0.7039982405575839,11
UrbanSound8K/22347-3-0-0.wav,0.4928128653102451,9
UrbanSound8K/22347-3-1-1.wav,0.4698355312530811,39
UrbanSound8K/22347-3-1-2.wav,0.4809208970803481,39
UrbanSound8K/22347-3-3-0.wav,0.5159263817163614,39
UrbanSound8K/22601-8-0-0.wav,0.5707552815094973,39
UrbanSound8K/22601-8-0-1.wav,0.5844452396417276,39
UrbanSound8K/22601-8-0-10.wav,0.5442589949338864,39
UrbanSound8K/22601-8-0-11.wav,0.5415901633409353,39
UrbanSound8K/22601-8-0-12.wav,0.5430973905783433,39
UrbanSound8K/22601-8-0-13.wav,0.5476207137107849,39
UrbanSound8K/22601-8-0-14.wav,0.548438066091293,39
UrbanSound8K/22601-8-0-15.wav,0.5457905683761988,39
UrbanSound8K/22601-8-0-16.wav,0.5467166824218554,39
UrbanSound8K/22601-8-0-17.wav,0.5474103230696458,39
UrbanSound8K/22601-8-0-18.wav,0.5453507258341863,39
UrbanSound8K/22601-8-0-19.wav,0.540928418819721,39
UrbanSound8K/22601-8-0-2.wav,0.5865752849823389,39
UrbanSound8K/22601-8-0-20.wav,0.5386715424366486,39
UrbanSound8K/22601-8-0-21.wav,0.5382460126510034,39
UrbanSound8K/22601-8-0-22.wav,0.5387165515850751,39
UrbanSound8K/22601-8-0-23.wav,0.5417298307785621,39
UrbanSound8K/22601-8-0-24.wav,0.5423523248770298,39
UrbanSound8K/22601-8-0-25.wav,0.5361626224640088,39
UrbanSound8K/22601-8-0-26.wav,0.529861820049775,39
UrbanSound8K/22601-8-0-27.wav,0.5309198376459953,39
UrbanSound8K/22601-8-0-28.wav,0.5348136852949094,39
UrbanSound8K/22601-8-0-29.wav,0.5365718114070404,39
UrbanSound8K/22601-8-0-3.wav,0.578187393836486,39
UrbanSound8K/22601-8-0-30.wav,0.5416231461060352,39
UrbanSound8K/22601-8-0-31.wav,0.5451462314679072,39
UrbanSound8K/22601-8-0-32.wav,0.5472918718289106,39
UrbanSound8K/22601-8-0-33.wav,0.5452607839535444,39
UrbanSound8K/22601-8-0-34.wav,0.5452917615572611,39
UrbanSound8K/22601-8-0-35.wav,0.5457733747286674,39
UrbanSound8K/22601-8-0-36.wav,0.5433550094946836,39
UrbanSound8K/22601-8-0-37.wav,0.5471616402650491,39
UrbanSound8K/22601-8-0-38.wav,0.5536201336444952,39
UrbanSound8K/22601-8-0-39.wav,0.5577523433245145,39
UrbanSound8K/22601-8-0-4.wav,0.5706767378709255,39
UrbanSound8K/22601-8-0-40.wav,0.5532747812760181,39
UrbanSound8K/22601-8-0-41.wav,0.5593566940380976,39
UrbanSound8K/22601-8-0-42.wav,0.5658736748573108,39
UrbanSound8K/22601-8-0-43.wav,0.5677885061655289,39
UrbanSound8K/22601-8-0-44.wav,0.5591774475880158,39
UrbanSound8K/22601-8-0-45.wav,0.5458755401464609,39
UrbanSound8K/22601-8-0-46.wav,0.5432910460692185,39
UrbanSound8K/22601-8-0-47.wav,0.5445270217381991,39
UrbanSound8K/22601-8-0-48.wav,0.5451983106441987,39
UrbanSound8K/22601-8-0-49.wav,0.5453818012506534,39
UrbanSound8K/22601-8-0-5.wav,0.5673700723892603,39
UrbanSound8K/22601-8-0-50.wav,0.5528207742250882,39
UrbanSound8K/22601-8-0-51.wav,0.5559151356036847,39
UrbanSound8K/22601-8-0-52.wav,0.5461200628525171,39
UrbanSound8K/22601-8-0-53.wav,0.5336462091176938,39
UrbanSound8K/22601-8-0-54.wav,0.5311411023139954,39
UrbanSound8K/22601-8-0-6.wav,0.5737297550225869,39
UrbanSound8K/22601-8-0-7.wav,0.5779227690818982,39
UrbanSound8K/22601-8-0-8.wav,0.5717831620803246,39
UrbanSound8K/22601-8-0-9.wav,0.555161164357112,39
UrbanSound8K/22882-5-0-0.wav,0.595764676729838,39
UrbanSound8K/22882-5-0-1.wav,0.6028312016756107,39
UrbanSound8K/22883-7-1-0.wav,0.6457542777061462,10
UrbanSound8K/22883-7-10-0.wav,0.6785405765880238,22
UrbanSound8K/22883-7-100-0.wav,0.6759386318070548,21
UrbanSound8K/22883-7-11-0.wav,0.6717128932476044,20
UrbanSound8K/22883-7-110-1.wav,0.679127865876907,39
UrbanSound8K/22883-7-17-2.wav,0.6701324872481518,39
UrbanSound8K/22883-7-17-4.wav,0.651265344558618,39
UrbanSound8K/22883-7-17-5.wav,0.6559815666614435,39
UrbanSound8K/22883-7-18-0.wav,0.6752540598744932,23
UrbanSound8K/22883-7-19-0.wav,0.6721304212847063,31
UrbanSound8K/22883-7-21-0.wav,0.673431321978569,28
UrbanSound8K/22883-7-23-0.wav,0.6775634147618946,38
UrbanSound8K/22883-7-24-0.wav,0.669087949471596,39
UrbanSound8K/22883-7-27-0.wav,0.6942719295620918,8
UrbanSound8K/22883-7-28-0.wav,0.6774152563168452,13
UrbanSound8K/22883-7-29-2.wav,0.6893151448323176,39
UrbanSound8K/22883-7-3-0.wav,0.6513250311215718,15
UrbanSound8K/22883-7-33-0.wav,0.6979622840881348,11
UrbanSound8K/22883-7-34-0.wav,0.6964958243899875,9
UrbanSound8K/22883-7-35-2.wav,0.6827009350825579,39
UrbanSound8K/22883-7-35-3.wav,0.6822237815612402,39
UrbanSound8K/22883-7-36-0.wav,0.6665772948509607,39
UrbanSound8K/22883-7-36-1.wav,0.6652370171669202,39
UrbanSound8K/22883-7-36-2.wav,0.6754256807840787,39
UrbanSound8K/22883-7-37-0.wav,0.6949504017829895,22
UrbanSound8K/22883-7-39-0.wav,0.6856054495542477,39
UrbanSound8K/22883-7-39-1.wav,0.6790365057113843,39
UrbanSound8K/22883-7-40-0.wav,0.6930841207504272,5
UrbanSound8K/22883-7-43-2.wav,0.6902651190757751,39
UrbanSound8K/22883-7-44-0.wav,0.6714466626827533,39
UrbanSound8K/22883-7-47-2.wav,0.6696947430953001,39
UrbanSound8K/22883-7-48-0.wav,0.6700713267693152,13
UrbanSound8K/22883-7-49-1.wav,0.6739059075331076,39
UrbanSound8K/22883-7-49-3.wav,0.6774812936782837,39
UrbanSound8K/22883-7-51-0.wav,0.683903877224241,14
UrbanSound8K/22883-7-53-0.wav,0.675223433971405,35
UrbanSound8K/22883-7-54-0.wav,0.6809252178346789,37
UrbanSound8K/22883-7-58-0.wav,0.6967091514514043,39
UrbanSound8K/22883-7-61-0.wav,0.6616093103702252,39
UrbanSound8K/22883-7-61-1.wav,0.6456921497980753,39
UrbanSound8K/22883-7-62-0.wav,0.6271848724438593,13
UrbanSound8K/22883-7-63-0.wav,0.6270008902800711,19
UrbanSound8K/22883-7-64-0.wav,0.6393225789070129,7
UrbanSound8K/22883-7-67-0.wav,0.6646623238921165,8
UrbanSound8K/22883-7-69-0.wav,0.6544419635425914,11
UrbanSound8K/22883-7-7-0.wav,0.6836322301473373,39
UrbanSound8K/22883-7-71-0.wav,0.6733334617955344,14
UrbanSound8K/22883-7-72-0.wav,0.6653969675302506,20
UrbanSound8K/22883-7-74-0.wav,0.6686042967964622,17
UrbanSound8K/22883-7-77-0.wav,0.6744629393021265,12
UrbanSound8K/22883-7-78-2.wav,0.6955499954712696,39
UrbanSound8K/22883-7-81-0.wav,0.6750369270642599,12
UrbanSound8K/22883-7-83-0.wav,0.6730574345588685,25
UrbanSound8K/22883-7-86-0.wav,0.6783553138375282,16
UrbanSound8K/22883-7-87-0.wav,0.6712360956839153,28
UrbanSound8K/22883-7-9-0.wav,0.6811353734561375,7
UrbanSound8K/22883-7-91-0.wav,0.6702581589872186,11
UrbanSound8K/22883-7-92-0.wav,0.6696031987667084,22
UrbanSound8K/22883-7-93-0.wav,0.667613759636879,20
UrbanSound8K/22883-7-98-1.wav,0.6896685973191873,39
UrbanSound8K/22883-7-99-2.wav,0.6777935945070707,39
UrbanSound8K/22883-7-99-3.wav,0.673329050724323,39
UrbanSound8K/22885-5-0-0.wav,0.5697428415983151,39
UrbanSound8K/22962-4-0-0.wav,0.630756153510167,39
UrbanSound8K/22962-4-0-1.wav,0.6749260593683292,39
UrbanSound8K/22962-4-0-2.wav,0.6676005384860895,39
UrbanSound8K/22973-3-0-0.wav,0.6746162145565717,39
UrbanSound8K/22973-3-0-1.wav,0.6720203803135798,39
UrbanSound8K/22973-3-0-2.wav,0.6638156374295553,39
UrbanSound8K/23131-3-0-0.wav,0.5205175995826721,10
UrbanSound8K/23131-3-2-0.wav,0.5060558666785558,6
UrbanSound8K/23131-3-4-0.wav,0.5064717769622803,5
UrbanSound8K/23131-3-5-0.wav,0.5093862891197205,5
UrbanSound8K/23218-5-0-0.wav,0.5067570188215801,14
UrbanSound8K/23219-5-0-0.wav,0.47690784549101806,39
UrbanSound8K/23219-5-0-1.wav,0.4800498745380304,39
UrbanSound8K/23219-5-0-10.wav,0.4898727658467415,39
UrbanSound8K/23219-5-0-11.wav,0.49142446579077304,39
UrbanSound8K/23219-5-0-12.wav,0.4922649975006397,39
UrbanSound8K/23219-5-0-13.wav,0.4944048898342328,39
UrbanSound8K/23219-5-0-2.wav,0.48506357348882234,39
UrbanSound8K/23219-5-0-3.wav,0.4879042085928795,39
UrbanSound8K/23219-5-0-4.wav,0.48946819320703167,39
UrbanSound8K/23219-5-0-5.wav,0.4893837219629532,39
UrbanSound8K/23219-5-0-6.wav,0.48922893481376845,39
UrbanSound8K/23219-5-0-7.wav,0.4898696014514336,39
UrbanSound8K/23219-5-0-8.wav,0.4902362502538241,39
UrbanSound8K/23219-5-0-9.wav,0.489343985533103,39
UrbanSound8K/23219-5-1-0.wav,0.5017471428100879,39
UrbanSound8K/23219-5-1-1.wav,0.5019316772619883,39
UrbanSound8K/23219-5-1-2.wav,0.5027682934051905,39
UrbanSound8K/24074-1-0-0.wav,0.5684303075839312,39
UrbanSound8K/24074-1-0-1.wav,0.5926890434362949,39
UrbanSound8K/24074-1-0-10.wav,0.6186390458009182,39
UrbanSound8K/24074-1-0-11.wav,0.631063794478392,39
UrbanSound8K/24074-1-0-12.wav,0.6264003912607828,39
UrbanSound8K/24074-1-0-13.wav,0.5783516688224597,39
UrbanSound8K/24074-1-0-2.wav,0.6053888064164382,39
UrbanSound8K/24074-1-0-3.wav,0.5928172637254764,39
UrbanSound8K/24074-1-0-4.wav,0.5929327851686722,39
UrbanSound8K/24074-1-0-5.wav,0.597065439591041,39
UrbanSound8K/24074-1-0-6.wav,0.6065791937021109,39
UrbanSound8K/24074-1-0-7.wav,0.6286824987484858,39
UrbanSound8K/24074-1-0-8.wav,0.6315602048849448,39
UrbanSound8K/24074-1-0-9.wav,0.6123376320569943,39
UrbanSound8K/24076-1-0-0.wav,0.6685113534331322,8
UrbanSound8K/24076-1-1-0.wav,0.6183689773082733,30
UrbanSound8K/24347-8-0-0.wav,0.42515261738728255,39
UrbanSound8K/24347-8-0-1.wav,0.45279333683160633,39
UrbanSound8K/24347-8-0-10.wav,0.534553104486221,39
UrbanSound8K/24347-8-0-11.wav,0.5360947633400942,39
UrbanSound8K/24347-8-0-12.wav,0.5487937514598553,39
UrbanSound8K/24347-8-0-13.wav,0.5592748171243912,39
UrbanSound8K/24347-8-0-14.wav,0.5631540448237689,39
UrbanSound8K/24347-8-0-15.wav,0.5714127436662332,39
UrbanSound8K/24347-8-0-16.wav,0.5796964046282645,39
UrbanSound8K/24347-8-0-17.wav,0.5782287762715266,39
UrbanSound8K/24347-8-0-18.wav,0.5765525820927743,39
UrbanSound8K/24347-8-0-19.wav,0.5878162353466718,39
UrbanSound8K/24347-8-0-2.wav,0.47232156380628926,39
UrbanSound8K/24347-8-0-20.wav,0.5960103884721414,39
UrbanSound8K/24347-8-0-21.wav,0.59665652574637,39
UrbanSound8K/24347-8-0-22.wav,0.5945248252306229,39
UrbanSound8K/24347-8-0-23.wav,0.5906015695669712,39
UrbanSound8K/24347-8-0-24.wav,0.5854852275970654,39
UrbanSound8K/24347-8-0-25.wav,0.5780693873381003,39
UrbanSound8K/24347-8-0-26.wav,0.5778593115317516,39
UrbanSound8K/24347-8-0-27.wav,0.5776032988841717,39
UrbanSound8K/24347-8-0-28.wav,0.5790315469106039,39
UrbanSound8K/24347-8-0-29.wav,0.5821200272975824,39
UrbanSound8K/24347-8-0-3.wav,0.49159359091367477,39
UrbanSound8K/24347-8-0-30.wav,0.5807214807241391,39
UrbanSound8K/24347-8-0-31.wav,0.5811930405787933,39
UrbanSound8K/24347-8-0-32.wav,0.5879250871829498,39
UrbanSound8K/24347-8-0-33.wav,0.5990048937308483,39
UrbanSound8K/24347-8-0-34.wav,0.6138041508503449,39
UrbanSound8K/24347-8-0-35.wav,0.6285701103699513,39
UrbanSound8K/24347-8-0-36.wav,0.6299728888731736,39
UrbanSound8K/24347-8-0-37.wav,0.6195384447391217,39
UrbanSound8K/24347-8-0-38.wav,0.601500119918432,39
UrbanSound8K/24347-8-0-39.wav,0.5883949750509018,39
UrbanSound8K/24347-8-0-4.wav,0.5110641137147561,39
UrbanSound8K/24347-8-0-40.wav,0.5894530293269035,39
UrbanSound8K/24347-8-0-41.wav,0.5903020990200532,39
UrbanSound8K/24347-8-0-42.wav,0.5990885221041166,39
UrbanSound8K/24347-8-0-43.wav,0.6168727446825076,39
UrbanSound8K/24347-8-0-44.wav,0.6353922088940939,39
UrbanSound8K/24347-8-0-45.wav,0.6484038111491081,39
UrbanSound8K/24347-8-0-46.wav,0.6494738704118973,39
UrbanSound8K/24347-8-0-47.wav,0.6601066085008475,39
UrbanSound8K/24347-8-0-48.wav,0.6668139711404458,39
UrbanSound8K/24347-8-0-49.wav,0.6610840788254371,39
UrbanSound8K/24347-8-0-5.wav,0.5272317452308459,39
UrbanSound8K/24347-8-0-50.wav,0.6542301330810938,39
UrbanSound8K/24347-8-0-51.wav,0.642230477088537,39
UrbanSound8K/24347-8-0-52.wav,0.6391889911431533,39
UrbanSound8K/24347-8-0-53.wav,0.6421666527405764,39
UrbanSound8K/24347-8-0-54.wav,0.6391365375274267,39
UrbanSound8K/24347-8-0-55.wav,0.632751831641564,39
UrbanSound8K/24347-8-0-56.wav,0.6278274609492376,39
UrbanSound8K/24347-8-0-57.wav,0.628967482310075,39
UrbanSound8K/24347-8-0-58.wav,0.6319013543618031,39
UrbanSound8K/24347-8-0-59.wav,0.6290539640646714,39
UrbanSound8K/24347-8-0-6.wav,0.5303065746258466,39
UrbanSound8K/24347-8-0-60.wav,0.6208217159295694,39
UrbanSound8K/24347-8-0-61.wav,0.6174613084548559,39
UrbanSound8K/24347-8-0-62.wav,0.6111396872080289,39
UrbanSound8K/24347-8-0-63.wav,0.6027981272110572,39
UrbanSound8K/24347-8-0-64.wav,0.6026684565421863,39
UrbanSound8K/24347-8-0-65.wav,0.6061429580052694,39
UrbanSound8K/24347-8-0-66.wav,0.6079022716253232,39
UrbanSound8K/24347-8-0-67.wav,0.6067212560237982,39
UrbanSound8K/24347-8-0-68.wav,0.6028005404350085,39
UrbanSound8K/24347-8-0-69.wav,0.6021758256814419,39
UrbanSound8K/24347-8-0-7.wav,0.5333231549996597,39
UrbanSound8K/24347-8-0-70.wav,0.6066754215802902,39
UrbanSound8K/24347-8-0-71.wav,0.6051336053090218,39
UrbanSound8K/24347-8-0-72.wav,0.593709831054394,39
UrbanSound8K/24347-8-0-73.wav,0.5866781488443032,39
UrbanSound8K/24347-8-0-74.wav,0.5923495552478693,39
UrbanSound8K/24347-8-0-75.wav,0.5930087107878464,39
UrbanSound8K/24347-8-0-76.wav,0.5826179614433875,39
UrbanSound8K/24347-8-0-77.wav,0.5642291139333676,39
UrbanSound8K/24347-8-0-78.wav,0.5584624669490716,39
UrbanSound8K/24347-8-0-79.wav,0.5771672267180222,39
UrbanSound8K/24347-8-0-8.wav,0.536418772660769,39
UrbanSound8K/24347-8-0-80.wav,0.590285409719516,39
UrbanSound8K/24347-8-0-81.wav,0.5770070048478934,39
UrbanSound8K/24347-8-0-82.wav,0.5613186787336301,39
UrbanSound8K/24347-8-0-83.wav,0.5532591602741144,39
UrbanSound8K/24347-8-0-84.wav,0.5509724953235724,39
UrbanSound8K/24347-8-0-85.wav,0.5596679907578689,39
UrbanSound8K/24347-8-0-86.wav,0.5644738964545422,39
UrbanSound8K/24347-8-0-87.wav,0.562630051221603,39
UrbanSound8K/24347-8-0-88.wav,0.5640673194176111,39
UrbanSound8K/24347-8-0-89.wav,0.5646297412040906,39
UrbanSound8K/24347-8-0-9.wav,0.5355713963508606,39
UrbanSound8K/24347-8-0-90.wav,0.554640320631174,39
UrbanSound8K/24347-8-0-91.wav,0.5401533628121401,39
UrbanSound8K/24347-8-0-92.wav,0.522282735659526,39
UrbanSound8K/24347-8-0-93.wav,0.5177682760434273,39
UrbanSound8K/24347-8-0-94.wav,0.5115431478390327,39
UrbanSound8K/24347-8-0-95.wav,0.4866964129301218,39
UrbanSound8K/24347-8-0-96.wav,0.46899861785081715,39
UrbanSound8K/24347-8-0-97.wav,0.4693529575298994,39
UrbanSound8K/24347-8-0-98.wav,0.47055473847266954,39
UrbanSound8K/24347-8-0-99.wav,0.44762827188540727,39
UrbanSound8K/24364-4-0-0.wav,0.6641984551380842,39
UrbanSound8K/24364-4-0-1.wav,0.681290498146644,39
UrbanSound8K/24364-4-0-10.wav,0.6630841982670319,39
UrbanSound8K/24364-4-0-11.wav,0.6530196223503504,39
UrbanSound8K/24364-4-0-12.wav,0.6149119459665738,39
UrbanSound8K/24364-4-0-2.wav,0.6793874975962516,39
UrbanSound8K/24364-4-0-3.wav,0.6848491949912829,39
UrbanSound8K/24364-4-0-4.wav,0.6830804225726005,39
UrbanSound8K/24364-4-0-5.wav,0.6783755207673098,39
UrbanSound8K/24364-4-0-6.wav,0.6789371845049735,39
UrbanSound8K/24364-4-0-7.wav,0.6679167640514863,39
UrbanSound8K/24364-4-0-8.wav,0.662299252473391,39
UrbanSound8K/24364-4-0-9.wav,0.6688888638447492,39
UrbanSound8K/24728-7-0-0.wav,0.6307088199414705,19
UrbanSound8K/24728-7-1-0.wav,0.6319256027539571,21
UrbanSound8K/24728-7-2-0.wav,0.6481317893052713,39
UrbanSound8K/24728-7-3-0.wav,0.6370342572530111,12
UrbanSound8K/24728-7-4-0.wav,0.6141507675250372,12
UrbanSound8K/24728-7-5-0.wav,0.6318186776978629,7
UrbanSound8K/24965-3-0-0.wav,0.5365806967020035,4
UrbanSound8K/24965-3-1-0.wav,0.5675409510731697,4
UrbanSound8K/24965-3-2-0.wav,0.5159014523029327,5
UrbanSound8K/25037-6-0-0.wav,0.4833557854096095,12
UrbanSound8K/25037-6-1-0.wav,0.48078899333874386,12
UrbanSound8K/25038-6-0-0.wav,0.5613522708415986,15
UrbanSound8K/25038-6-1-0.wav,0.5719751616319021,12
UrbanSound8K/25039-6-0-0.wav,0.6075333282351494,16
UrbanSound8K/25039-6-1-0.wav,0.5989568307995796,16
UrbanSound8K/26173-8-0-0.wav,0.537045952948657,22
UrbanSound8K/26176-1-0-0.wav,0.6340483665466309,10
UrbanSound8K/26177-1-1-0.wav,0.669221568107605,10
UrbanSound8K/26177-1-2-0.wav,0.6547092880521502,14
UrbanSound8K/26184-5-0-0.wav,0.5179112974335166,17
UrbanSound8K/26184-5-1-0.wav,0.4944142500559489,9
UrbanSound8K/26184-5-2-0.wav,0.4893454313278198,10
UrbanSound8K/26184-5-3-0.wav,0.49314405769109726,24
UrbanSound8K/26184-5-4-0.wav,0.4710717170666426,39
UrbanSound8K/26184-5-4-1.wav,0.47106878344829267,39
UrbanSound8K/26184-5-4-2.wav,0.47318775607989383,39
UrbanSound8K/26184-5-4-3.wav,0.4743439631584363,39
UrbanSound8K/26255-3-13-1.wav,0.5080228470838987,39
UrbanSound8K/26255-3-6-0.wav,0.5785349309444427,6
UrbanSound8K/26255-3-8-0.wav,0.5962197482585907,4
UrbanSound8K/26256-3-4-0.wav,0.5200833533054743,39
UrbanSound8K/26256-3-5-22.wav,0.5676554548434722,39
UrbanSound8K/26256-3-6-6.wav,0.6255888740221659,39
UrbanSound8K/26256-3-7-36.wav,0.5778478307601733,39
UrbanSound8K/26344-4-0-0.wav,0.645075404218265,28
UrbanSound8K/26344-4-1-0.wav,0.647103157043457,25
UrbanSound8K/27216-3-0-18.wav,0.37689872298921856,35
UrbanSound8K/27216-3-0-21.wav,0.3886858480317252,21
UrbanSound8K/27216-3-0-24.wav,0.3232606702890152,39
UrbanSound8K/27216-3-0-9.wav,0.4032926421080317,28
UrbanSound8K/27217-3-0-13.wav,0.38785735926320475,31
UrbanSound8K/27217-3-0-22.wav,0.3767179268247941,34
UrbanSound8K/27217-3-0-6.wav,0.397576010540912,38
UrbanSound8K/27349-3-0-2.wav,0.4911166826883952,39
UrbanSound8K/27349-3-0-6.wav,0.4970453557295677,39
UrbanSound8K/27349-3-1-2.wav,0.5473154951364566,39
UrbanSound8K/27349-3-2-1.wav,0.5286929255876786,39
UrbanSound8K/28284-3-0-0.wav,0.5575022254234705,39
UrbanSound8K/28284-3-0-1.wav,0.5458564605468359,39
UrbanSound8K/28284-3-1-0.wav,0.5635268926620484,10
UrbanSound8K/28426-8-0-0.wav,0.5477847600805348,29
UrbanSound8K/28426-8-1-0.wav,0.5938414951850628,29
UrbanSound8K/28426-8-2-0.wav,0.4974050521850586,35
UrbanSound8K/28808-1-0-0.wav,0.6503302179850065,39
UrbanSound8K/28808-1-0-1.wav,0.646507625396435,39
UrbanSound8K/28808-1-0-10.wav,0.6331708156145536,39
UrbanSound8K/28808-1-0-11.wav,0.6381540497144064,39
UrbanSound8K/28808-1-0-2.wav,0.6473760253343827,39
UrbanSound8K/28808-1-0-3.wav,0.6423523334356455,39
UrbanSound8K/28808-1-0-4.wav,0.6291523484083322,39
UrbanSound8K/28808-1-0-5.wav,0.6132797446006384,39
UrbanSound8K/28808-1-0-6.wav,0.6203216986778455,39
UrbanSound8K/28808-1-0-7.wav,0.6331116358439127,39
UrbanSound8K/28808-1-0-8.wav,0.6297314915901575,39
UrbanSound8K/28808-1-0-9.wav,0.632253307562608,39
UrbanSound8K/28808-1-1-0.wav,0.6258008678754171,39
UrbanSound8K/28808-1-1-1.wav,0.6256210941534776,39
UrbanSound8K/29721-4-0-0.wav,0.6043736781829443,39
UrbanSound8K/29721-4-0-1.wav,0.6050705986145215,39
UrbanSound8K/29721-4-0-10.wav,0.6011784657453879,39
UrbanSound8K/29721-4-0-11.wav,0.6017614480776664,39
UrbanSound8K/29721-4-0-12.wav,0.6027286755733001,39
UrbanSound8K/29721-4-0-13.wav,0.6034734799311712,39
UrbanSound8K/29721-4-0-14.wav,0.6030120910742344,39
UrbanSound8K/29721-4-0-2.wav,0.603966664045285,39
UrbanSound8K/29721-4-0-3.wav,0.60350890037341,39
UrbanSound8K/29721-4-0-4.wav,0.6060312313911242,39
UrbanSound8K/29721-4-0-5.wav,0.6065430335509472,39
UrbanSound8K/29721-4-0-6.wav,0.6076920475715246,39
UrbanSound8K/29721-4-0-7.wav,0.6062804536941724,39
UrbanSound8K/29721-4-0-8.wav,0.6018483073283465,39
UrbanSound8K/29721-4-0-9.wav,0.6015097773992099,39
UrbanSound8K/29722-4-0-0.wav,0.5666805857267135,39
UrbanSound8K/29722-4-0-1.wav,0.5664978409424807,39
UrbanSound8K/29722-4-0-2.wav,0.5668042730062436,39
UrbanSound8K/29722-4-0-3.wav,0.5690080875005478,39
UrbanSound8K/29722-4-0-4.wav,0.5728022792400458,39
UrbanSound8K/29722-4-0-5.wav,0.5734201746109204,39
UrbanSound8K/29722-4-0-6.wav,0.5744870152228918,39
UrbanSound8K/29932-1-0-0.wav,0.5530904110740212,17
UrbanSound8K/29932-1-1-0.wav,0.5838367938995361,13
UrbanSound8K/29936-3-0-0.wav,0.49442145916131824,26
UrbanSound8K/29936-3-1-0.wav,0.5300631608281817,21
UrbanSound8K/29936-3-2-0.wav,0.5936302125453949,20
UrbanSound8K/29936-3-3-0.wav,0.5186034237083635,19
UrbanSound8K/29937-3-0-14.wav,0.4972835397109007,39
UrbanSound8K/29937-3-0-4.wav,0.4838935335477193,39
UrbanSound8K/29937-3-0-6.wav,0.5015558164853317,39
UrbanSound8K/29937-3-0-8.wav,0.5778007904688517,39
UrbanSound8K/30206-7-0-0.wav,0.530080653153933,39
UrbanSound8K/30206-7-0-1.wav,0.6046187770672333,39
UrbanSound8K/30206-7-0-10.wav,0.6647511858206528,39
UrbanSound8K/30206-7-0-11.wav,0.6657913250800891,39
UrbanSound8K/30206-7-0-12.wav,0.6403932739526798,39
UrbanSound8K/30206-7-0-13.wav,0.6136085849541885,39
UrbanSound8K/30206-7-0-14.wav,0.6100846162209144,39
UrbanSound8K/30206-7-0-15.wav,0.62563139353043,39
UrbanSound8K/30206-7-0-16.wav,0.6391661029595596,39
UrbanSound8K/30206-7-0-17.wav,0.6380327710738549,39
UrbanSound8K/30206-7-0-18.wav,0.6377227780146476,39
UrbanSound8K/30206-7-0-19.wav,0.6434580974089794,39
UrbanSound8K/30206-7-0-2.wav,0.6282584575506357,39
UrbanSound8K/30206-7-0-20.wav,0.6470394913966839,39
UrbanSound8K/30206-7-0-21.wav,0.6495351913647774,39
UrbanSound8K/30206-7-0-22.wav,0.6481254177215772,39
UrbanSound8K/30206-7-0-23.wav,0.6410359908372928,39
UrbanSound8K/30206-7-0-24.wav,0.6401815383862226,39
UrbanSound8K/30206-7-0-25.wav,0.6446787287027408,39
UrbanSound8K/30206-7-0-26.wav,0.6365752892616467,39
UrbanSound8K/30206-7-0-27.wav,0.6283603983047681,39
UrbanSound8K/30206-7-0-28.wav,0.6124634207823337,39
UrbanSound8K/30206-7-0-29.wav,0.6105886758902134,39
UrbanSound8K/30206-7-0-3.wav,0.6331555690520849,39
UrbanSound8K/30206-7-0-30.wav,0.6380636814313058,39
UrbanSound8K/30206-7-0-31.wav,0.6421231382932419,39
UrbanSound8K/30206-7-0-32.wav,0.6302063358135712,39
UrbanSound8K/30206-7-0-33.wav,0.6324729781884414,39
UrbanSound8K/30206-7-0-34.wav,0.6442730701886691,39
UrbanSound8K/30206-7-0-35.wav,0.6531498936506418,39
UrbanSound8K/30206-7-0-36.wav,0.6562076868155063,39
UrbanSound8K/30206-7-0-37.wav,0.6528683977249341,39
UrbanSound8K/30206-7-0-38.wav,0.6522207367114532,39
UrbanSound8K/30206-7-0-39.wav,0.6534620813834362,39
UrbanSound8K/30206-7-0-4.wav,0.6336546907058129,39
UrbanSound8K/30206-7-0-5.wav,0.6313823904746618,39
UrbanSound8K/30206-7-0-6.wav,0.6233465396440946,39
UrbanSound8K/30206-7-0-7.wav,0.6126824754935044,39
UrbanSound8K/30206-7-0-8.wav,0.632590746268248,39
UrbanSound8K/30206-7-0-9.wav,0.6576070556273828,39
UrbanSound8K/30226-3-1-0.wav,0.5093339429451869,39
UrbanSound8K/30226-3-1-1.wav,0.5137547629001813,39
UrbanSound8K/30226-3-1-3.wav,0.44599211063140476,39
UrbanSound8K/30226-3-1-5.wav,0.420698419595376,39
UrbanSound8K/30344-3-0-0.wav,0.4809051556022544,38
UrbanSound8K/30344-3-0-1.wav,0.47601862408612905,38
UrbanSound8K/30344-3-0-3.wav,0.45661356722986374,37
UrbanSound8K/30344-3-0-4.wav,0.44740090684758294,36
UrbanSound8K/30823-8-0-0.wav,0.48888817811623597,39
UrbanSound8K/30832-3-1-0.wav,0.4352245695061154,9
UrbanSound8K/30832-3-12-0.wav,0.47201331704854965,12
UrbanSound8K/30832-3-5-1.wav,0.47487921898181623,39
UrbanSound8K/30832-3-7-0.wav,0.4913294494152069,20
UrbanSound8K/31323-3-0-1.wav,0.6193435604755695,39
UrbanSound8K/31323-3-0-2.wav,0.5953473005539331,39
UrbanSound8K/31323-3-0-20.wav,0.481536315037654,39
UrbanSound8K/31323-3-0-22.wav,0.4612968365351359,39
UrbanSound8K/31325-3-1-0.wav,0.5674187204776666,39
UrbanSound8K/31325-3-1-1.wav,0.5665821203818688,39
UrbanSound8K/31325-3-3-6.wav,0.6173815375719315,39
UrbanSound8K/31325-3-4-0.wav,0.6092763772377601,39
UrbanSound8K/31840-3-0-0.wav,0.5828954296953538,34
UrbanSound8K/31840-3-1-0.wav,0.6298197905222574,9
UrbanSound8K/31884-7-0-0.wav,0.6469760628846976,39
UrbanSound8K/31884-7-0-1.wav,0.626145798426408,39
UrbanSound8K/31884-7-0-2.wav,0.6106456777988336,39
UrbanSound8K/31884-7-0-3.wav,0.6083063269272829,39
UrbanSound8K/31884-7-1-0.wav,0.5862171206718836,39
UrbanSound8K/31884-7-1-1.wav,0.5859998174202747,39
UrbanSound8K/31884-7-1-2.wav,0.5874280578050858,39
UrbanSound8K/31884-7-1-3.wav,0.5889279490862137,39
UrbanSound8K/31884-7-1-4.wav,0.5860403439937494,39
UrbanSound8K/32318-3-0-0.wav,0.4781771393922659,39
UrbanSound8K/32318-3-0-1.wav,0.490497268927403,39
UrbanSound8K/33340-7-0-0.wav,0.5647193736889783,34
UrbanSound8K/33340-7-1-0.wav,0.615162390929002,39
UrbanSound8K/33340-7-10-0.wav,0.7005718520709446,7
UrbanSound8K/33340-7-11-0.wav,0.6939856966336568,30
UrbanSound8K/33340-7-12-0.wav,0.6918632281678063,28
UrbanSound8K/33340-7-13-0.wav,0.6971355751156807,32
UrbanSound8K/33340-7-14-0.wav,0.674583083816937,14
UrbanSound8K/33340-7-15-0.wav,0.6614403247833252,5
UrbanSound8K/33340-7-16-0.wav,0.6652703404426574,15
UrbanSound8K/33340-7-2-0.wav,0.6355691599845886,25
UrbanSound8K/33340-7-3-0.wav,0.6177736779576853,38
UrbanSound8K/33340-7-4-0.wav,0.6681157518655826,39
UrbanSound8K/33340-7-5-0.wav,0.6451186537742615,16
UrbanSound8K/33340-7-6-0.wav,0.6543661340689048,39
UrbanSound8K/33340-7-7-0.wav,0.7080269075102277,36
UrbanSound8K/33340-7-8-0.wav,0.6678597087209875,22
UrbanSound8K/33340-7-9-0.wav,0.645488289269534,11
UrbanSound8K/33641-3-1-0.wav,0.4843662629524867,18
UrbanSound8K/33641-3-7-0.wav,0.530098295211792,15
UrbanSound8K/33641-3-8-0.wav,0.5214771018141792,21
UrbanSound8K/33641-3-9-0.wav,0.5531924764315287,6
UrbanSound8K/33696-3-0-0.wav,0.4435251011298253,26
UrbanSound8K/33696-3-4-0.wav,0.4635488482622,39
UrbanSound8K/33696-3-4-1.wav,0.46562221569892687,39
UrbanSound8K/33696-3-6-1.wav,0.4590278298426897,39
UrbanSound8K/33849-3-2-0.wav,0.47587428490320843,12
UrbanSound8K/33849-3-3-0.wav,0.4651981592178345,15
UrbanSound8K/33849-3-4-0.wav,0.47064889868100485,15
UrbanSound8K/34050-7-0-0.wav,0.5953428022789232,33
UrbanSound8K/34050-7-1-0.wav,0.5939077238241831,12
UrbanSound8K/34050-7-2-0.wav,0.600703056042011,13
UrbanSound8K/34050-7-3-0.wav,0.5953772032962126,17
UrbanSound8K/34050-7-4-0.wav,0.5910515975952149,25
UrbanSound8K/34050-7-5-0.wav,0.6002457283792042,21
UrbanSound8K/34050-7-6-0.wav,0.5914025811048654,39
UrbanSound8K/34241-1-0-0.wav,0.43370464173230255,11
UrbanSound8K/34241-1-1-0.wav,0.5643644378735468,13
UrbanSound8K/34241-1-2-0.wav,0.5744943122069041,36
UrbanSound8K/344-3-0-0.wav,0.6165960550308227,5
UrbanSound8K/344-3-1-0.wav,0.5641242103143171,11
UrbanSound8K/344-3-4-0.wav,0.550497442483902,8
UrbanSound8K/344-3-5-0.wav,0.5298518498738607,15
UrbanSound8K/34621-4-0-0.wav,0.5807519384792873,7
UrbanSound8K/34621-4-1-0.wav,0.6140696763992309,10
UrbanSound8K/34621-4-11-0.wav,0.6005146652460098,4
UrbanSound8K/34621-4-12-0.wav,0.5821923613548279,4
UrbanSound8K/34621-4-13-0.wav,0.5664993425210317,6
UrbanSound8K/34621-4-14-0.wav,0.5634826123714447,4
UrbanSound8K/34621-4-15-0.wav,0.5651060163974762,5
UrbanSound8K/34621-4-16-0.wav,0.5441830694675446,5
UrbanSound8K/34621-4-17-0.wav,0.6104605666228703,7
UrbanSound8K/34621-4-18-0.wav,0.5878558039665223,5
UrbanSound8K/34621-4-2-0.wav,0.6076676590102059,14
UrbanSound8K/34621-4-20-0.wav,0.5796546339988708,5
UrbanSound8K/34621-4-21-0.wav,0.5922442972660065,4
UrbanSound8K/34621-4-22-0.wav,0.5335615575313568,4
UrbanSound8K/34621-4-24-0.wav,0.5737292170524597,9
UrbanSound8K/34621-4-25-0.wav,0.5331052720546723,5
UrbanSound8K/34621-4-27-0.wav,0.5428295731544495,4
UrbanSound8K/34621-4-4-0.wav,0.6473131355117349,17
UrbanSound8K/34621-4-7-0.wav,0.5731736123561859,4
UrbanSound8K/34643-4-0-0.wav,0.6207341126033238,21
UrbanSound8K/34643-4-1-0.wav,0.7455218449617044,39
UrbanSound8K/34643-4-1-1.wav,0.7549614157432165,39
UrbanSound8K/34643-4-2-0.wav,0.7445966234573951,39
UrbanSound8K/34643-4-2-1.wav,0.7452793992482699,39
UrbanSound8K/34643-4-2-2.wav,0.7440344370328463,39
UrbanSound8K/34708-6-0-0.wav,0.5888109665650588,13
UrbanSound8K/34708-6-1-0.wav,0.5990912144382795,12
UrbanSound8K/34708-6-2-0.wav,0.5810256855828422,14
UrbanSound8K/34708-6-3-0.wav,0.5606379193418166,17
UrbanSound8K/34708-6-4-0.wav,0.5999259306834295,13
UrbanSound8K/34708-6-5-0.wav,0.6197671510956504,11
UrbanSound8K/34771-3-0-10.wav,0.5951998585309738,39
UrbanSound8K/34771-3-0-14.wav,0.5909476494177793,39
UrbanSound8K/34771-3-0-4.wav,0.6034807868492909,39
UrbanSound8K/34771-3-0-5.wav,0.6033495771579254,39
UrbanSound8K/34871-3-11-0.wav,0.49053125580151874,15
UrbanSound8K/34871-3-6-0.wav,0.5488104163072048,39
UrbanSound8K/34871-3-8-0.wav,0.5423790613810221,24
UrbanSound8K/34871-3-9-0.wav,0.5215179935479776,39
UrbanSound8K/34872-3-0-0.wav,0.5244163706114418,38
UrbanSound8K/34872-3-0-1.wav,0.48563389950676966,38
UrbanSound8K/34872-3-0-2.wav,0.48511193730892277,39
UrbanSound8K/34931-3-0-0.wav,0.4135498305161794,30
UrbanSound8K/34952-8-0-0.wav,0.4174481194752913,39
UrbanSound8K/34952-8-0-1.wav,0.40137758010473007,39
UrbanSound8K/34952-8-0-2.wav,0.3660305845431792,39
UrbanSound8K/34952-8-0-3.wav,0.34740913219940966,39
UrbanSound8K/34952-8-0-4.wav,0.3499026069274315,39
UrbanSound8K/34952-8-0-5.wav,0.3493932875303122,39
UrbanSound8K/34952-8-0-6.wav,0.34511160926941115,39
UrbanSound8K/34952-8-0-7.wav,0.3446253293599838,39
UrbanSound8K/35296-3-0-0.wav,0.5396398529410362,8
UrbanSound8K/35296-3-1-0.wav,0.5375300394861322,19
UrbanSound8K/35296-3-2-0.wav,0.5351272135972976,20
UrbanSound8K/35628-3-0-0.wav,0.3912334518554883,39
UrbanSound8K/35629-3-0-0.wav,0.3878944284386105,27
UrbanSound8K/35629-3-1-0.wav,0.38680163484353286,39
UrbanSound8K/35629-3-2-0.wav,0.3784510913567665,39
UrbanSound8K/35629-3-3-0.wav,0.3746539831161499,10
UrbanSound8K/35799-6-0-0.wav,0.6042444225814607,9
UrbanSound8K/35800-6-0-0.wav,0.7384309142063825,39
UrbanSound8K/36403-6-0-0.wav,0.6070953110853831,6
UrbanSound8K/36902-3-0-0.wav,0.5838532348473867,6
UrbanSound8K/36902-3-1-0.wav,0.5841788649559021,7
UrbanSound8K/36902-3-2-0.wav,0.5568290517247957,29
UrbanSound8K/37236-6-0-0.wav,0.48947303295135497,20
UrbanSound8K/37560-4-0-0.wav,0.7421118861589676,39
UrbanSound8K/37560-4-0-1.wav,0.7460600336392721,39
UrbanSound8K/37560-4-0-2.wav,0.7421204004532251,39
UrbanSound8K/37560-4-0-3.wav,0.7427501632617071,39
UrbanSound8K/37560-4-0-4.wav,0.7410302819349827,39
UrbanSound8K/37560-4-0-5.wav,0.6935665515752939,39
UrbanSound8K/37869-3-0-0.wav,0.45173707604408264,8
UrbanSound8K/37869-3-1-0.wav,0.45398437747588527,13
UrbanSound8K/37869-3-3-0.wav,0.4611263761394902,19
UrbanSound8K/37869-3-5-0.wav,0.4756524104338426,13
UrbanSound8K/38121-3-0-0.wav,0.5496208601527743,27
UrbanSound8K/38231-3-0-0.wav,0.3663924541324377,4
UrbanSound8K/38231-3-2-0.wav,0.3398669795556502,22
UrbanSound8K/38231-3-3-0.wav,0.39183510426017976,9
UrbanSound8K/38231-3-4-0.wav,0.38743627692262333,12
UrbanSound8K/38236-3-2-2.wav,0.4384122977131291,19
UrbanSound8K/38236-3-2-3.wav,0.43378813499989716,23
UrbanSound8K/38236-3-3-0.wav,0.4339538535901478,28
UrbanSound8K/39532-4-0-0.wav,0.6931631631321378,9
UrbanSound8K/39532-4-1-0.wav,0.651952075106757,14
UrbanSound8K/39532-4-2-0.wav,0.5930313542485237,4
UrbanSound8K/39532-4-3-0.wav,0.6474243104457855,8
UrbanSound8K/39533-4-0-0.wav,0.6906177486692157,7
UrbanSound8K/39533-4-1-0.wav,0.6750766975539071,14
UrbanSound8K/39847-5-0-0.wav,0.7606242620027982,39
UrbanSound8K/39847-5-0-1.wav,0.7614675485170804,39
UrbanSound8K/39847-5-0-10.wav,0.7604900950040573,39
UrbanSound8K/39847-5-0-11.wav,0.7580482226151687,39
UrbanSound8K/39847-5-0-12.wav,0.7523052952228448,39
UrbanSound8K/39847-5-0-2.wav,0.759925629848089,39
UrbanSound8K/39847-5-0-3.wav,0.7606521401649866,39
UrbanSound8K/39847-5-0-4.wav,0.7626395546472989,39
UrbanSound8K/39847-5-0-5.wav,0.7595683810038444,39
UrbanSound8K/39847-5-0-6.wav,0.7592557714535639,39
UrbanSound8K/39847-5-0-7.wav,0.7591060186043764,39
UrbanSound8K/39847-5-0-8.wav,0.7576802327082708,39
UrbanSound8K/39847-5-0-9.wav,0.758701944962526,39
UrbanSound8K/39847-5-1-0.wav,0.7427852970582468,27
UrbanSound8K/39852-5-0-0.wav,0.7271352257484045,39
UrbanSound8K/39852-5-0-1.wav,0.7314514548350604,39
UrbanSound8K/39854-5-0-0.wav,0.7530627403503809,39
UrbanSound8K/39854-5-1-0.wav,0.732690800458957,39
UrbanSound8K/39854-5-1-1.wav,0.7275062249257014,39
UrbanSound8K/39854-5-1-2.wav,0.7293335505020924,39
UrbanSound8K/39854-5-1-3.wav,0.7316663570893116,39
UrbanSound8K/39854-5-1-4.wav,0.7320152444717212,39
UrbanSound8K/39856-5-0-0.wav,0.7563453759902563,39
UrbanSound8K/39856-5-0-1.wav,0.7529791578268393,39
UrbanSound8K/39856-5-0-10.wav,0.7610885225809537,39
UrbanSound8K/39856-5-0-11.wav,0.7608646979698768,39
UrbanSound8K/39856-5-0-12.wav,0.76144860799496,39
UrbanSound8K/39856-5-0-13.wav,0.7612400100781367,39
UrbanSound8K/39856-5-0-14.wav,0.7616810997327169,39
UrbanSound8K/39856-5-0-15.wav,0.7616528685276325,39
UrbanSound8K/39856-5-0-16.wav,0.7602044894145086,39
UrbanSound8K/39856-5-0-17.wav,0.761232472383059,39
UrbanSound8K/39856-5-0-18.wav,0.7608846319027436,39
UrbanSound8K/39856-5-0-19.wav,0.7582845626733242,39
UrbanSound8K/39856-5-0-2.wav,0.754538207482069,39
UrbanSound8K/39856-5-0-20.wav,0.7595880520649445,39
UrbanSound8K/39856-5-0-21.wav,0.7612400956642933,39
UrbanSound8K/39856-5-0-22.wav,0.7587391443741627,39
UrbanSound8K/39856-5-0-23.wav,0.7550281546054742,39
UrbanSound8K/39856-5-0-24.wav,0.7561803200306036,39
UrbanSound8K/39856-5-0-25.wav,0.7587177722882001,39
UrbanSound8K/39856-5-0-26.wav,0.7547464554126446,39
UrbanSound8K/39856-5-0-27.wav,0.7546873810963753,39
UrbanSound8K/39856-5-0-28.wav,0.7573029765715966,39
UrbanSound8K/39856-5-0-3.wav,0.760616143544515,39
UrbanSound8K/39856-5-0-4.wav,0.7598740489054949,39
UrbanSound8K/39856-5-0-5.wav,0.7583592136700948,39
UrbanSound8K/39856-5-0-6.wav,0.7590444821577805,39
UrbanSound8K/39856-5-0-7.wav,0.7595929304758707,39
UrbanSound8K/39856-5-0-8.wav,0.7621865853285178,39
UrbanSound8K/39856-5-0-9.wav,0.7627367820495214,39
UrbanSound8K/39857-5-0-0.wav,0.7512443325458429,39
UrbanSound8K/39857-5-0-1.wav,0.7523672473736298,39
UrbanSound8K/39857-5-0-2.wav,0.7540232355778034,39
UrbanSound8K/39857-5-1-0.wav,0.7512896458307902,39
UrbanSound8K/39857-5-1-1.wav,0.7548526189266107,39
UrbanSound8K/39857-5-1-2.wav,0.7603296454136188,39
UrbanSound8K/39857-5-1-3.wav,0.760219829204755,39
UrbanSound8K/39857-5-2-0.wav,0.763973593711853,15
UrbanSound8K/39857-5-3-0.wav,0.7653565441860872,34
UrbanSound8K/39857-5-4-0.wav,0.7585983330553229,33
UrbanSound8K/39857-5-5-0.wav,0.7600665719081194,39
UrbanSound8K/39857-5-5-1.wav,0.7607032641386374,39
UrbanSound8K/39884-5-0-0.wav,0.4103898237913083,39
UrbanSound8K/39884-5-0-1.wav,0.4063618626350012,39
UrbanSound8K/39884-5-0-2.wav,0.41021351172373843,39
UrbanSound8K/39884-5-0-3.wav,0.41335623004497624,39
UrbanSound8K/39884-5-0-4.wav,0.41385151254825103,39
UrbanSound8K/39884-5-0-5.wav,0.41051064011378163,39
UrbanSound8K/39884-5-0-6.wav,0.40321956995206004,39
UrbanSound8K/39884-5-0-7.wav,0.39898065267465055,39
UrbanSound8K/40717-8-0-0.wav,0.4960351540492131,39
UrbanSound8K/40717-8-0-1.wav,0.5005285098002508,39
UrbanSound8K/40717-8-0-2.wav,0.5049470792978238,39
UrbanSound8K/40717-8-0-3.wav,0.5036826225427481,39
UrbanSound8K/40717-8-0-4.wav,0.5018986967893747,39
UrbanSound8K/40717-8-0-5.wav,0.49943970411251754,39
UrbanSound8K/40717-8-0-6.wav,0.5023147211625025,39
UrbanSound8K/40722-8-0-0.wav,0.5919994253378648,39
UrbanSound8K/40722-8-0-1.wav,0.5826788789186722,39
UrbanSound8K/40722-8-0-2.wav,0.5802692572275797,39
UrbanSound8K/40722-8-0-3.wav,0.5886983351829724,39
UrbanSound8K/40722-8-0-4.wav,0.5893155275247036,39
UrbanSound8K/40722-8-0-5.wav,0.5911307854530139,39
UrbanSound8K/40722-8-0-6.wav,0.5971333506779793,39
UrbanSound8K/40722-8-0-7.wav,0.5924320771143987,39
UrbanSound8K/40722-8-0-8.wav,0.5940471902871743,39
UrbanSound8K/41306-3-0-10.wav,0.4987946183253557,39
UrbanSound8K/41306-3-0-13.wav,0.49490657219519985,39
UrbanSound8K/41306-3-0-4.wav,0.49942430013265365,39
UrbanSound8K/41372-3-0-25.wav,0.5764325872445718,39
UrbanSound8K/41372-3-0-36.wav,0.6007696940348699,39
UrbanSound8K/41372-3-0-39.wav,0.5832929366674179,39
UrbanSound8K/41372-3-0-51.wav,0.596840147788708,39
UrbanSound8K/41918-3-0-0.wav,0.37955453678181295,38
UrbanSound8K/41918-3-0-1.wav,0.36049486784374013,34
UrbanSound8K/4201-3-3-0.wav,0.5769542389445834,9
UrbanSound8K/42097-7-0-0.wav,0.6023349227049412,39
UrbanSound8K/42097-7-0-1.wav,0.6114226610232623,39
UrbanSound8K/42097-7-0-2.wav,0.6016885133890005,39
UrbanSound8K/42101-1-1-0.wav,0.6186481813589731,12
UrbanSound8K/42117-8-0-0.wav,0.5779580642015506,39
UrbanSound8K/42117-8-0-1.wav,0.5698488156000773,39
UrbanSound8K/42117-8-0-10.wav,0.5572286828970298,39
UrbanSound8K/42117-8-0-11.wav,0.5601855531716958,39
UrbanSound8K/42117-8-0-12.wav,0.5603764851888021,39
UrbanSound8K/42117-8-0-13.wav,0.57770386720315,39
UrbanSound8K/42117-8-0-14.wav,0.5931822550602448,39
UrbanSound8K/42117-8-0-2.wav,0.570518183402526,39
UrbanSound8K/42117-8-0-3.wav,0.5802437632511823,39
UrbanSound8K/42117-8-0-4.wav,0.5838905710440415,39
UrbanSound8K/42117-8-0-5.wav,0.5810899413548983,39
UrbanSound8K/42117-8-0-6.wav,0.5832695563634237,39
UrbanSound8K/42117-8-0-7.wav,0.5779951474605463,39
UrbanSound8K/42117-8-0-8.wav,0.5757896029032193,39
UrbanSound8K/42117-8-0-9.wav,0.5669530385579818,39
UrbanSound8K/42117-8-1-0.wav,0.6146988456065838,39
UrbanSound8K/42324-4-0-0.wav,0.5843994617462158,19
UrbanSound8K/42324-4-1-0.wav,0.5371789356072744,15
UrbanSound8K/42324-4-2-0.wav,0.5440100790598453,39
UrbanSound8K/42324-4-2-1.wav,0.5450888734597427,39
UrbanSound8K/42324-4-2-2.wav,0.5472033956112006,39
UrbanSound8K/42324-4-2-3.wav,0.5520451343976535,39
UrbanSound8K/42324-4-2-4.wav,0.5525719156632056,39
UrbanSound8K/42371-3-0-0.wav,0.5803281143307686,8
UrbanSound8K/42937-4-0-0.wav,0.648411723283621,39
UrbanSound8K/42937-4-0-1.wav,0.6415747358248785,39
UrbanSound8K/42937-4-0-2.wav,0.5911661768570925,39
UrbanSound8K/43784-3-1-0.wav,0.5259724110364914,4
UrbanSound8K/43786-3-0-0.wav,0.5120437920093537,5
UrbanSound8K/43787-3-0-0.wav,0.7197725447741422,11
UrbanSound8K/43787-3-1-0.wav,0.7261758579148186,9
UrbanSound8K/43787-3-2-0.wav,0.6457434524508083,17
UrbanSound8K/43805-8-0-0.wav,0.5576518835165561,39
UrbanSound8K/43806-8-0-0.wav,0.557899826612228,39
UrbanSound8K/44110-3-0-0.wav,0.4971065819263458,31
UrbanSound8K/44110-3-1-0.wav,0.5159201920032501,4
UrbanSound8K/44110-3-3-0.wav,0.5000204086303711,30
UrbanSound8K/44110-3-4-0.wav,0.5146268089612325,15
UrbanSound8K/44278-1-0-0.wav,0.4960927863915761,9
UrbanSound8K/44735-5-0-0.wav,0.6161499665333674,39
UrbanSound8K/44735-5-0-1.wav,0.6172637221140739,39
UrbanSound8K/44736-5-0-0.wav,0.6584605712157029,39
UrbanSound8K/44736-5-0-1.wav,0.6572523438013517,39
UrbanSound8K/44737-5-0-0.wav,0.6711063446142734,39
UrbanSound8K/44737-5-0-1.wav,0.6725770953374032,39
UrbanSound8K/44737-5-0-2.wav,0.6723748353811411,39
UrbanSound8K/44737-5-0-3.wav,0.6717188725104699,39
UrbanSound8K/44831-3-0-0.wav,0.5685819983482361,39
UrbanSound8K/44831-3-1-0.wav,0.6034897023981268,11
UrbanSound8K/44831-3-2-0.wav,0.5793231221345755,13
UrbanSound8K/46391-1-0-0.wav,0.6511767139801612,39
UrbanSound8K/46391-1-1-0.wav,0.6786867446369595,9
UrbanSound8K/46654-6-0-0.wav,0.6680614292621613,10
UrbanSound8K/46655-6-0-0.wav,0.6608914256095886,10
UrbanSound8K/46656-6-0-0.wav,0.6599372075154231,13
UrbanSound8K/46656-6-1-0.wav,0.6563051342964172,12
UrbanSound8K/46656-6-2-0.wav,0.6669284197000357,13
UrbanSound8K/46656-6-3-0.wav,0.6613096319712125,13
UrbanSound8K/46656-6-4-0.wav,0.6478906912463052,14
UrbanSound8K/46656-6-5-0.wav,0.6592995921770731,12
UrbanSound8K/46668-4-0-0.wav,0.6539596533163999,39
UrbanSound8K/46668-4-0-1.wav,0.6389859379866184,39
UrbanSound8K/46668-4-0-2.wav,0.5668666698993781,39
UrbanSound8K/46669-4-0-0.wav,0.6341815873598441,39
UrbanSound8K/46669-4-0-10.wav,0.6012343443357028,39
UrbanSound8K/46669-4-0-2.wav,0.6404207226557609,39
UrbanSound8K/46669-4-0-24.wav,0.5623003916862683,39
UrbanSound8K/46669-4-0-26.wav,0.5600199791101309,39
UrbanSound8K/46669-4-0-3.wav,0.6351848886563227,39
UrbanSound8K/46669-4-0-30.wav,0.5520213704842788,39
UrbanSound8K/46669-4-0-31.wav,0.5489274446780865,39
UrbanSound8K/46669-4-0-32.wav,0.5461253416843903,39
UrbanSound8K/46669-4-0-33.wav,0.5424274557676071,39
UrbanSound8K/46669-4-0-35.wav,0.5360186741902278,39
UrbanSound8K/46669-4-0-36.wav,0.5346005207453018,39
UrbanSound8K/46669-4-0-37.wav,0.5343938714418656,39
UrbanSound8K/46669-4-0-39.wav,0.5336411442512121,39
UrbanSound8K/46669-4-0-4.wav,0.6308814317752154,39
UrbanSound8K/46669-4-0-45.wav,0.5350868717218057,39
UrbanSound8K/46669-4-0-48.wav,0.5295470800155249,39
UrbanSound8K/46669-4-0-49.wav,0.5278323139899816,39
UrbanSound8K/46669-4-0-54.wav,0.5021170943211286,39
UrbanSound8K/46669-4-0-61.wav,0.48397306906871307,39
UrbanSound8K/46669-4-0-63.wav,0.48169546326001483,39
UrbanSound8K/46669-4-0-8.wav,0.6044860894863422,39
UrbanSound8K/46669-4-0-9.wav,0.6021197300690871,39
UrbanSound8K/46918-5-0-0.wav,0.4711671777260609,39
UrbanSound8K/46918-5-0-1.wav,0.4550346151376382,39
UrbanSound8K/46918-5-0-2.wav,0.44364117888303906,39
UrbanSound8K/47926-3-0-0.wav,0.49718955821461147,9
UrbanSound8K/47926-3-2-0.wav,0.4191810220479965,10
UrbanSound8K/47926-3-3-0.wav,0.524996932063784,7
UrbanSound8K/4910-3-0-0.wav,0.5702754020690918,5
UrbanSound8K/4918-3-1-0.wav,0.48903143778443336,8
UrbanSound8K/4918-3-4-0.wav,0.5001004002988338,8
UrbanSound8K/49769-5-0-0.wav,0.697851653282459,39
UrbanSound8K/49769-5-1-0.wav,0.6657253457949712,13
UrbanSound8K/49808-3-0-6.wav,0.49651798835167515,39
UrbanSound8K/49808-3-1-22.wav,0.5038058933539268,39
UrbanSound8K/49808-3-1-8.wav,0.5124657031817313,39
UrbanSound8K/49809-3-0-0.wav,0.5336146155993143,6
UrbanSound8K/49809-3-3-0.wav,0.5173126126711185,26
UrbanSound8K/49809-3-4-0.wav,0.5052782396475474,12
UrbanSound8K/49974-1-0-0.wav,0.6671644101540247,24
UrbanSound8K/50223-3-0-1.wav,0.550496138059176,39
UrbanSound8K/50223-3-0-10.wav,0.5906473795572916,39
UrbanSound8K/50223-3-0-3.wav,0.5740389747497363,39
UrbanSound8K/50223-3-0-6.wav,0.5234003135791192,39
UrbanSound8K/50413-4-0-0.wav,0.6921944312560253,39
UrbanSound8K/50413-4-0-1.wav,0.701630739065317,39
UrbanSound8K/50413-4-0-2.wav,0.6803307319298769,39
UrbanSound8K/50413-4-0-3.wav,0.606466986429997,39
UrbanSound8K/50414-4-0-0.wav,0.67020805982443,39
UrbanSound8K/50414-4-0-1.wav,0.68192141636824,39
UrbanSound8K/50415-4-0-0.wav,0.6565983631672003,39
UrbanSound8K/50415-4-0-1.wav,0.6736570902359791,39
UrbanSound8K/50416-4-0-0.wav,0.6907199300252475,39
UrbanSound8K/50416-4-0-1.wav,0.7037262549767127,39
UrbanSound8K/50416-4-0-2.wav,0.667927242242373,39
UrbanSound8K/50454-5-0-0.wav,0.5585859372065618,39
UrbanSound8K/50455-5-0-0.wav,0.5466883503473722,39
UrbanSound8K/50612-3-0-0.wav,0.4924053152402242,6
UrbanSound8K/50613-3-0-0.wav,0.49624715745449066,4
UrbanSound8K/50614-3-0-0.wav,0.423762783408165,6
UrbanSound8K/50618-6-0-0.wav,0.5021155873934428,12
UrbanSound8K/50629-4-0-0.wav,0.5775547883449457,39
UrbanSound8K/50629-4-0-1.wav,0.5641747002418225,39
UrbanSound8K/50629-4-1-0.wav,0.5416028377337333,39
UrbanSound8K/50629-4-1-1.wav,0.5599926282198001,39
UrbanSound8K/50629-4-1-11.wav,0.613994878072005,39
UrbanSound8K/50629-4-1-13.wav,0.6074949075014163,39
UrbanSound8K/50629-4-1-2.wav,0.5630074907571841,39
UrbanSound8K/50629-4-1-3.wav,0.5577442218095828,39
UrbanSound8K/50629-4-1-4.wav,0.5538967863107339,39
UrbanSound8K/50629-4-1-8.wav,0.60201690135858,39
UrbanSound8K/50629-4-1-9.wav,0.6114632380314362,39
UrbanSound8K/50629-4-2-0.wav,0.5564762231978503,22
UrbanSound8K/50629-4-3-0.wav,0.5603238069094144,39
UrbanSound8K/50629-4-4-0.wav,0.6610187123983334,39
UrbanSound8K/50629-4-4-3.wav,0.6510163927689577,39
UrbanSound8K/50629-4-4-8.wav,0.6479511887599261,39
UrbanSound8K/50629-4-4-9.wav,0.639968658104921,39
UrbanSound8K/50661-5-0-0.wav,0.6964520919017303,39
UrbanSound8K/50661-5-0-1.wav,0.6960328847934039,39
UrbanSound8K/50661-5-0-2.wav,0.6960370907416711,39
UrbanSound8K/50661-5-0-3.wav,0.6967001954714457,39
UrbanSound8K/50661-5-0-4.wav,0.6972376092886313,39
UrbanSound8K/50661-5-0-5.wav,0.6977673218800471,39
UrbanSound8K/50668-5-0-0.wav,0.6047440354640667,39
UrbanSound8K/50668-5-0-1.wav,0.6063976654639611,39
UrbanSound8K/50668-5-0-2.wav,0.5944576798341213,39
UrbanSound8K/50668-5-1-0.wav,0.6169598624110222,8
UrbanSound8K/50668-5-2-0.wav,0.599563330411911,6
UrbanSound8K/50668-5-3-0.wav,0.5963447860309056,35
UrbanSound8K/50668-5-4-0.wav,0.6010863849749932,26
UrbanSound8K/50668-5-5-0.wav,0.5896360186430124,39
UrbanSound8K/50668-5-5-1.wav,0.5884123994753911,39
UrbanSound8K/50668-5-5-2.wav,0.5967873304318159,39
UrbanSound8K/50668-5-6-0.wav,0.5874776601791382,15
UrbanSound8K/50668-5-7-0.wav,0.5732398587796423,36
UrbanSound8K/50885-3-0-2.wav,0.5139587903634096,39
UrbanSound8K/50885-3-0-3.wav,0.5186796753834455,39
UrbanSound8K/50885-3-0-4.wav,0.51973645732953,39
UrbanSound8K/50885-3-0-5.wav,0.5130416880815457,39
UrbanSound8K/50898-5-0-0.wav,0.5633012652397156,34
UrbanSound8K/51022-3-13-0.wav,0.5462558361200186,13
UrbanSound8K/51022-3-30-4.wav,0.533541813874856,39
UrbanSound8K/51022-3-7-0.wav,0.5450674891471863,9
UrbanSound8K/51024-3-0-16.wav,0.5336443904118661,39
UrbanSound8K/51024-3-0-2.wav,0.5340456924377344,39
UrbanSound8K/51024-3-0-23.wav,0.5296197533607483,39
UrbanSound8K/51024-3-0-3.wav,0.5291877136780665,39
UrbanSound8K/51027-3-0-7.wav,0.4967632698707091,39
UrbanSound8K/51027-3-0-9.wav,0.4936760641061343,39
UrbanSound8K/51027-3-1-1.wav,0.5483548457805927,39
UrbanSound8K/51027-3-1-4.wav,0.5188767535564227,39
UrbanSound8K/518-4-0-0.wav,0.645107857691936,39
UrbanSound8K/518-4-0-1.wav,0.6633889782123077,39
UrbanSound8K/518-4-0-2.wav,0.6753425430028867,39
UrbanSound8K/518-4-0-3.wav,0.6426273080018851,39
UrbanSound8K/52077-3-0-13.wav,0.4159519374370575,35
UrbanSound8K/52077-3-0-17.wav,0.4076327979564667,31
UrbanSound8K/52077-3-0-3.wav,0.462174728894845,39
UrbanSound8K/52077-3-0-8.wav,0.4429213893719209,39
UrbanSound8K/52171-3-6-0.wav,0.4593898302469498,39
UrbanSound8K/52171-3-6-1.wav,0.47084830433894426,39
UrbanSound8K/52284-6-0-0.wav,0.7063196202119192,6
UrbanSound8K/52357-6-0-0.wav,0.6932299222264972,7
UrbanSound8K/52441-3-0-0.wav,0.5215263404907324,39
UrbanSound8K/52441-3-0-13.wav,0.49956795955315614,39
UrbanSound8K/52441-3-0-8.wav,0.4998632203309964,39
UrbanSound8K/52441-3-1-2.wav,0.47178682149984896,39
UrbanSound8K/52633-3-0-1.wav,0.47313734124868345,39
UrbanSound8K/52633-3-0-2.wav,0.4829329840446773,38
UrbanSound8K/52633-3-0-8.wav,0.46492342054843905,30
UrbanSound8K/52633-3-0-9.wav,0.424546217918396,35
UrbanSound8K/52740-3-0-0.wav,0.5167039174299973,39
UrbanSound8K/52740-3-0-1.wav,0.513532660710506,39
UrbanSound8K/52740-3-0-2.wav,0.5036662243879758,39
UrbanSound8K/52740-3-0-3.wav,0.49967472828351533,39
UrbanSound8K/54086-1-0-0.wav,0.5587153226137161,10
UrbanSound8K/54086-1-1-0.wav,0.5449247089299288,11
UrbanSound8K/54086-1-2-0.wav,0.5456240583549846,11
UrbanSound8K/54187-1-0-0.wav,0.6275852826925424,39
UrbanSound8K/54187-1-0-1.wav,0.6289817232352036,39
UrbanSound8K/54187-1-0-2.wav,0.6289124977894318,39
UrbanSound8K/54187-1-0-3.wav,0.628683301118704,39
UrbanSound8K/54187-1-0-4.wav,0.6294999367151505,39
UrbanSound8K/54545-3-0-0.wav,0.40753999810952407,39
UrbanSound8K/54545-3-0-1.wav,0.4102723934711554,39
UrbanSound8K/54545-3-0-2.wav,0.4177351433497209,39
UrbanSound8K/54697-7-0-0.wav,0.6474727652011774,39
UrbanSound8K/54697-7-0-1.wav,0.637052406103183,39
UrbanSound8K/54697-7-0-2.wav,0.6292739204871349,39
UrbanSound8K/54697-7-0-3.wav,0.629862293218955,39
UrbanSound8K/54697-7-0-4.wav,0.6121073090113126,39
UrbanSound8K/54823-3-0-0.wav,0.4829509579821637,38
UrbanSound8K/54823-3-1-0.wav,0.4944099057943393,39
UrbanSound8K/54823-3-2-1.wav,0.4136809225265796,39
UrbanSound8K/54858-3-0-0.wav,0.4209255637266697,39
UrbanSound8K/54858-3-1-2.wav,0.36702128538959905,38
UrbanSound8K/54858-3-2-0.wav,0.4007677010127476,7
UrbanSound8K/54898-8-0-0.wav,0.649606004739419,39
UrbanSound8K/54898-8-0-1.wav,0.669924836892348,39
UrbanSound8K/54898-8-0-10.wav,0.6517304533567184,39
UrbanSound8K/54898-8-0-2.wav,0.6710782188635606,39
UrbanSound8K/54898-8-0-3.wav,0.6538368387100024,39
UrbanSound8K/54898-8-0-4.wav,0.6594562102586795,39
UrbanSound8K/54898-8-0-5.wav,0.6826752852170895,39
UrbanSound8K/54898-8-0-6.wav,0.7054128111937107,39
UrbanSound8K/54898-8-0-7.wav,0.7004288541964996,39
UrbanSound8K/54898-8-0-8.wav,0.6742923779365344,39
UrbanSound8K/54898-8-0-9.wav,0.6603886103018736,39
UrbanSound8K/54976-4-0-0.wav,0.6152560298259442,39
UrbanSound8K/54976-4-0-1.wav,0.6292724762207422,39
UrbanSound8K/54976-4-0-2.wav,0.6383040837752514,39
UrbanSound8K/54976-4-0-3.wav,0.6445941619383984,39
UrbanSound8K/54976-4-0-4.wav,0.6355770199726789,39
UrbanSound8K/54976-4-0-5.wav,0.6250715576685392,39
UrbanSound8K/54976-4-0-6.wav,0.6247419180014194,39
UrbanSound8K/54976-4-0-7.wav,0.6300386037582006,39
UrbanSound8K/54976-4-0-8.wav,0.6285367684486585,39
UrbanSound8K/54976-4-0-9.wav,0.6053648850856683,39
UrbanSound8K/54976-4-1-0.wav,0.6300891347420521,39
UrbanSound8K/54976-4-1-1.wav,0.6658993409230158,39
UrbanSound8K/54976-4-1-2.wav,0.6854201280153714,39
UrbanSound8K/54976-4-1-3.wav,0.6445653423284873,39
UrbanSound8K/55013-3-0-1.wav,0.4219765502672929,39
UrbanSound8K/55013-3-0-3.wav,0.40901116612884736,36
UrbanSound8K/55013-3-0-4.wav,0.42082136621077854,36
UrbanSound8K/55013-3-0-7.wav,0.4454026291003594,39
UrbanSound8K/55020-4-0-0.wav,0.5806733293411059,39
UrbanSound8K/55020-4-0-1.wav,0.6041259811474726,39
UrbanSound8K/55020-4-0-10.wav,0.5833308513347919,39
UrbanSound8K/55020-4-0-11.wav,0.5855513429030393,39
UrbanSound8K/55020-4-0-12.wav,0.5855846359179571,39
UrbanSound8K/55020-4-0-13.wav,0.5556300993149097,39
UrbanSound8K/55020-4-0-14.wav,0.4939077863326439,39
UrbanSound8K/55020-4-0-2.wav,0.6013466517130533,39
UrbanSound8K/55020-4-0-3.wav,0.5940600710037427,39
UrbanSound8K/55020-4-0-4.wav,0.5890852167056158,39
UrbanSound8K/55020-4-0-5.wav,0.5692899425824484,39
UrbanSound8K/55020-4-0-6.wav,0.5525215122944269,39
UrbanSound8K/55020-4-0-7.wav,0.5586803356806437,39
UrbanSound8K/55020-4-0-8.wav,0.5752072792786819,39
UrbanSound8K/55020-4-0-9.wav,0.5836565143022782,39
UrbanSound8K/57105-3-0-1.wav,0.5386063196720221,39
UrbanSound8K/57105-3-1-0.wav,0.5413384773792365,39
UrbanSound8K/57105-3-4-2.wav,0.5471326540677975,39
UrbanSound8K/57105-3-4-4.wav,0.5277762176134647,39
UrbanSound8K/57323-8-0-0.wav,0.6358330203936651,39
UrbanSound8K/57323-8-0-1.wav,0.6473242090298579,39
UrbanSound8K/57323-8-0-10.wav,0.625180035065382,39
UrbanSound8K/57323-8-0-11.wav,0.6136812323179001,39
UrbanSound8K/57323-8-0-2.wav,0.6522269692176428,39
UrbanSound8K/57323-8-0-3.wav,0.649041168200664,39
UrbanSound8K/57323-8-0-4.wav,0.6409199711603996,39
UrbanSound8K/57323-8-0-5.wav,0.6321549812952677,39
UrbanSound8K/57323-8-0-6.wav,0.6330189414513416,39
UrbanSound8K/57323-8-0-7.wav,0.6323717970114487,39
UrbanSound8K/57323-8-0-8.wav,0.6322407095860212,39
UrbanSound8K/57323-8-0-9.wav,0.6341857849023281,39
UrbanSound8K/57323-8-2-0.wav,0.6333660095930099,20
UrbanSound8K/57553-3-0-0.wav,0.4966824036091566,16
UrbanSound8K/57553-3-1-0.wav,0.4678927177474612,21
UrbanSound8K/57553-3-2-0.wav,0.48347311128269543,11
UrbanSound8K/57584-4-0-0.wav,0.6609338094026614,39
UrbanSound8K/57584-4-0-1.wav,0.6564260400258578,39
UrbanSound8K/57584-4-0-2.wav,0.6560327594096844,39
UrbanSound8K/57584-4-0-3.wav,0.6561253926692865,39
UrbanSound8K/57584-4-0-4.wav,0.6555236180623373,39
UrbanSound8K/57584-4-0-5.wav,0.6526815325785906,39
UrbanSound8K/57584-4-0-6.wav,0.648863048125536,39
UrbanSound8K/57584-4-0-7.wav,0.6506755443719717,39
UrbanSound8K/57584-4-0-8.wav,0.6509735431426611,39
UrbanSound8K/57596-3-0-0.wav,0.6685572242736817,25
UrbanSound8K/57596-3-1-0.wav,0.6697410222811576,39
UrbanSound8K/57696-4-0-0.wav,0.5826439505968338,39
UrbanSound8K/57696-4-0-1.wav,0.6084893712630639,39
UrbanSound8K/57696-4-0-2.wav,0.6228503921093085,39
UrbanSound8K/57696-4-0-3.wav,0.632135808467865,39
UrbanSound8K/57696-4-0-4.wav,0.6454937626153995,39
UrbanSound8K/57696-4-0-5.wav,0.6491834781108758,39
UrbanSound8K/58005-4-0-13.wav,0.6703712756817157,39
UrbanSound8K/58005-4-0-17.wav,0.6714220536060822,39
UrbanSound8K/58005-4-0-23.wav,0.6525892019271851,39
UrbanSound8K/58005-4-0-24.wav,0.653227836657793,39
UrbanSound8K/58005-4-0-26.wav,0.6497416878357912,39
UrbanSound8K/58005-4-0-30.wav,0.675746425604209,39
UrbanSound8K/58005-4-0-32.wav,0.6715144560887263,39
UrbanSound8K/58005-4-0-34.wav,0.660300326653016,39
UrbanSound8K/58005-4-0-40.wav,0.6560354782984807,39
UrbanSound8K/58005-4-0-41.wav,0.6661542730453687,39
UrbanSound8K/58005-4-0-44.wav,0.67005905126914,39
UrbanSound8K/58005-4-0-45.wav,0.6658540673744984,39
UrbanSound8K/58005-4-0-51.wav,0.6768555671740801,39
UrbanSound8K/58005-4-0-55.wav,0.6580460254962628,39
UrbanSound8K/58005-4-0-63.wav,0.6696785275752728,39
UrbanSound8K/58005-4-0-68.wav,0.6704945793518653,39
UrbanSound8K/58005-4-0-70.wav,0.6543258153475248,39
UrbanSound8K/58005-4-0-76.wav,0.6715748218389658,39
UrbanSound8K/58202-1-0-0.wav,0.6018438293383672,13
UrbanSound8K/58382-3-0-0.wav,0.5011994617107587,39
UrbanSound8K/58937-4-0-0.wav,0.6430805493623782,39
UrbanSound8K/58937-4-0-12.wav,0.6581374651346451,39
UrbanSound8K/58937-4-0-13.wav,0.6550223460564246,39
UrbanSound8K/58937-4-0-2.wav,0.6664831913434542,39
UrbanSound8K/58937-4-0-4.wav,0.6563439048253573,39
UrbanSound8K/58937-4-0-7.wav,0.6521677726354355,39
UrbanSound8K/58937-4-1-0.wav,0.6121976956343039,39
UrbanSound8K/58937-4-1-1.wav,0.610375430339422,39
UrbanSound8K/58937-4-2-10.wav,0.6402750794704144,39
UrbanSound8K/58937-4-2-2.wav,0.6564771976226416,39
UrbanSound8K/58937-4-2-9.wav,0.6387434815749143,39
UrbanSound8K/58937-4-3-6.wav,0.6436170293734624,39
UrbanSound8K/58937-4-3-9.wav,0.6553495969527807,39
UrbanSound8K/58937-4-4-1.wav,0.566296704304524,39
UrbanSound8K/58937-4-5-2.wav,0.586222638686498,39
UrbanSound8K/58937-4-5-4.wav,0.6309272012649438,39
UrbanSound8K/59513-3-0-0.wav,0.435174456009498,39
UrbanSound8K/59513-3-0-1.wav,0.43880084004157627,39
UrbanSound8K/59513-3-0-3.wav,0.4257535804540683,39
UrbanSound8K/59513-3-0-4.wav,0.4237724068837288,39
UrbanSound8K/59594-4-0-0.wav,0.6540095454607254,39
UrbanSound8K/59594-4-0-1.wav,0.631875033562,39
UrbanSound8K/59594-4-0-2.wav,0.6261512805254031,39
UrbanSound8K/59594-4-0-3.wav,0.6320902965007684,39
UrbanSound8K/59594-4-0-4.wav,0.6384565478716141,39
UrbanSound8K/59595-4-0-0.wav,0.630116357253148,39
UrbanSound8K/59595-4-0-1.wav,0.6368803764000918,39
UrbanSound8K/59800-3-0-0.wav,0.44193266682765064,34
UrbanSound8K/59800-3-1-0.wav,0.467993221221826,39
UrbanSound8K/59800-3-2-0.wav,0.41963997669517994,16
UrbanSound8K/59800-3-3-1.wav,0.4210068740778499,36
UrbanSound8K/61077-3-0-0.wav,0.5525025129318237,13
UrbanSound8K/61077-3-1-0.wav,0.5459357029513309,19
UrbanSound8K/61077-3-2-0.wav,0.5255591673510415,35
UrbanSound8K/61077-3-3-0.wav,0.5343900491029788,39
UrbanSound8K/61250-3-0-31.wav,0.3418799516482231,39
UrbanSound8K/61250-3-0-36.wav,0.3401055809779045,39
UrbanSound8K/61250-3-0-47.wav,0.3606409300596286,39
UrbanSound8K/61250-3-0-62.wav,0.37068038720351,39
UrbanSound8K/62048-3-0-2.wav,0.46498332385505947,28
UrbanSound8K/62048-3-0-3.wav,0.44602059084793616,29
UrbanSound8K/62048-3-0-4.wav,0.43965546254600796,28
UrbanSound8K/62048-3-0-5.wav,0.43786158838442396,28
UrbanSound8K/62564-5-0-0.wav,0.48800771282269406,39
UrbanSound8K/62564-5-0-1.wav,0.4825217181291336,39
UrbanSound8K/62564-5-0-10.wav,0.4841053768610343,39
UrbanSound8K/62564-5-0-2.wav,0.4820285309583713,39
UrbanSound8K/62564-5-0-3.wav,0.48293223136510605,39
UrbanSound8K/62564-5-0-4.wav,0.4881353645752638,39
UrbanSound8K/62564-5-0-5.wav,0.48649744804088885,39
UrbanSound8K/62564-5-0-6.wav,0.4807750024856665,39
UrbanSound8K/62564-5-0-7.wav,0.48179228412799346,39
UrbanSound8K/62564-5-0-8.wav,0.48209588649945384,39
UrbanSound8K/62564-5-0-9.wav,0.48149416079887974,39
UrbanSound8K/62566-5-0-0.wav,0.544438164967757,39
UrbanSound8K/62566-5-0-1.wav,0.5467823208906711,39
UrbanSound8K/62566-5-0-2.wav,0.5465479630690354,39
UrbanSound8K/62566-5-0-3.wav,0.5445644412285242,39
UrbanSound8K/62566-5-0-4.wav,0.543624589076409,39
UrbanSound8K/62566-5-0-5.wav,0.5446473849125397,39
UrbanSound8K/62566-5-0-6.wav,0.5482073395680158,39
UrbanSound8K/62566-5-0-7.wav,0.5436778343640841,39
UrbanSound8K/62566-5-1-0.wav,0.5310360391934713,39
UrbanSound8K/62566-5-1-1.wav,0.5236470607610849,39
UrbanSound8K/62566-5-2-0.wav,0.5236789775746209,28
UrbanSound8K/62567-5-0-0.wav,0.5176700949668884,39
UrbanSound8K/62567-5-0-1.wav,0.5249224457985315,39
UrbanSound8K/62567-5-0-10.wav,0.5486066127434756,39
UrbanSound8K/62567-5-0-2.wav,0.5226344557908865,39
UrbanSound8K/62567-5-0-3.wav,0.5216451822183071,39
UrbanSound8K/62567-5-0-4.wav,0.5216770202685626,39
UrbanSound8K/62567-5-0-5.wav,0.5207928755344489,39
UrbanSound8K/62567-5-0-6.wav,0.523702390683003,39
UrbanSound8K/62567-5-0-7.wav,0.5236864166382031,39
UrbanSound8K/62567-5-0-8.wav,0.5210824593519553,39
UrbanSound8K/62567-5-0-9.wav,0.5399210346050751,39
UrbanSound8K/62567-5-1-0.wav,0.5300734012554853,39
UrbanSound8K/62567-5-1-1.wav,0.5096969031370603,39
UrbanSound8K/62837-7-0-12.wav,0.6521281920946561,39
UrbanSound8K/62837-7-0-15.wav,0.6418807048064011,39
UrbanSound8K/62837-7-0-16.wav,0.6557921186471597,39
UrbanSound8K/62837-7-0-17.wav,0.6566192721709226,39
UrbanSound8K/62837-7-0-18.wav,0.6525901082234505,39
UrbanSound8K/62837-7-0-2.wav,0.6374951769144107,39
UrbanSound8K/62837-7-0-20.wav,0.6353528453753545,39
UrbanSound8K/62837-7-0-21.wav,0.6351459897481478,39
UrbanSound8K/62837-7-0-22.wav,0.6509767266420218,39
UrbanSound8K/62837-7-0-24.wav,0.656667661972535,39
UrbanSound8K/62837-7-0-27.wav,0.6543239049422436,39
UrbanSound8K/62837-7-0-28.wav,0.6503875500116593,39
UrbanSound8K/62837-7-0-3.wav,0.6387414427903982,39
UrbanSound8K/62837-7-0-30.wav,0.6567286054293314,39
UrbanSound8K/62837-7-0-31.wav,0.6581454261755332,39
UrbanSound8K/62837-7-0-34.wav,0.658234253907815,39
UrbanSound8K/62837-7-0-37.wav,0.6360077261924744,39
UrbanSound8K/62837-7-0-4.wav,0.6524877823316134,39
UrbanSound8K/62837-7-0-7.wav,0.6595692451183612,39
UrbanSound8K/62837-7-0-8.wav,0.6589486782367413,39
UrbanSound8K/62837-7-0-9.wav,0.6593216031025617,39
UrbanSound8K/62837-7-1-1.wav,0.6511394182840983,39
UrbanSound8K/62837-7-1-11.wav,0.6346634519405854,39
UrbanSound8K/62837-7-1-14.wav,0.6522646821462191,39
UrbanSound8K/62837-7-1-15.wav,0.656413258650364,39
UrbanSound8K/62837-7-1-18.wav,0.6462257336347531,39
UrbanSound8K/62837-7-1-2.wav,0.6535392831533383,39
UrbanSound8K/62837-7-1-21.wav,0.6604211315130576,39
UrbanSound8K/62837-7-1-22.wav,0.6579940716425577,39
UrbanSound8K/62837-7-1-24.wav,0.6531515304858868,39
UrbanSound8K/62837-7-1-26.wav,0.6575588645079197,39
UrbanSound8K/62837-7-1-27.wav,0.6495132186473944,39
UrbanSound8K/62837-7-1-28.wav,0.6317695302840991,39
UrbanSound8K/62837-7-1-29.wav,0.6349777655723767,39
UrbanSound8K/62837-7-1-3.wav,0.653372700397785,39
UrbanSound8K/62837-7-1-31.wav,0.6585440941345997,39
UrbanSound8K/62837-7-1-32.wav,0.6559574069120945,39
UrbanSound8K/62837-7-1-33.wav,0.6545119300866739,39
UrbanSound8K/62837-7-1-35.wav,0.6494455857154651,39
UrbanSound8K/62837-7-1-39.wav,0.6513223265990232,39
UrbanSound8K/62837-7-1-4.wav,0.6495101176775419,39
UrbanSound8K/62837-7-1-41.wav,0.6562124139223343,39
UrbanSound8K/62837-7-1-44.wav,0.6483750648987598,39
UrbanSound8K/62837-7-1-45.wav,0.6525717133130783,39
UrbanSound8K/62837-7-1-46.wav,0.6534660519697727,39
UrbanSound8K/62837-7-1-49.wav,0.654292779091077,39
UrbanSound8K/62837-7-1-5.wav,0.6501759795042185,39
UrbanSound8K/62837-7-1-51.wav,0.6561757738773639,39
UrbanSound8K/62837-7-1-53.wav,0.6550662869062179,39
UrbanSound8K/62837-7-1-54.wav,0.6547032395998637,39
UrbanSound8K/62837-7-1-55.wav,0.6559518193587278,39
UrbanSound8K/62837-7-1-56.wav,0.6568085566545144,39
UrbanSound8K/62837-7-1-6.wav,0.6493204816793784,39
UrbanSound8K/62837-7-1-61.wav,0.6553222613456922,39
UrbanSound8K/62837-7-1-62.wav,0.654152695949261,39
UrbanSound8K/62837-7-1-63.wav,0.648283608448811,39
UrbanSound8K/62837-7-1-64.wav,0.6434516983154492,39
UrbanSound8K/62837-7-1-65.wav,0.6362514862647424,39
UrbanSound8K/62837-7-1-69.wav,0.6517163836039029,39
UrbanSound8K/62837-7-1-72.wav,0.6610497740598825,39
UrbanSound8K/62837-7-1-73.wav,0.6568318009376526,39
UrbanSound8K/62837-7-1-79.wav,0.6522393685120803,39
UrbanSound8K/62837-7-1-80.wav,0.6528623944673783,39
UrbanSound8K/62837-7-1-81.wav,0.6540266825602605,39
UrbanSound8K/62837-7-1-84.wav,0.5697743686345907,39
UrbanSound8K/62837-7-1-9.wav,0.5911331940919925,39
UrbanSound8K/62878-8-0-0.wav,0.5117340133740351,39
UrbanSound8K/62878-8-0-1.wav,0.5099235895352486,39
UrbanSound8K/62878-8-0-2.wav,0.5198902632945623,39
UrbanSound8K/63095-4-0-1.wav,0.55255493750939,39
UrbanSound8K/63095-4-0-10.wav,0.5745665660271277,39
UrbanSound8K/63095-4-0-14.wav,0.5684382319450378,39
UrbanSound8K/63095-4-0-16.wav,0.5698573268376864,39
UrbanSound8K/63095-4-0-20.wav,0.5660241276789935,39
UrbanSound8K/63095-4-0-21.wav,0.564994005056528,39
UrbanSound8K/63095-4-0-26.wav,0.5615187898660318,39
UrbanSound8K/63095-4-0-28.wav,0.5609885912675124,39
UrbanSound8K/63095-4-0-29.wav,0.5534730431361076,39
UrbanSound8K/63095-4-0-4.wav,0.5784425827173086,39
UrbanSound8K/63095-4-0-6.wav,0.5771733568264887,39
UrbanSound8K/63095-4-0-8.wav,0.5816588340661465,39
UrbanSound8K/63095-4-1-10.wav,0.5485971753413861,39
UrbanSound8K/63095-4-1-18.wav,0.6114052167305579,39
UrbanSound8K/63095-4-1-19.wav,0.6119270523389181,39
UrbanSound8K/63095-4-1-20.wav,0.6098381785246042,39
UrbanSound8K/63095-4-1-23.wav,0.6038796106974283,39
UrbanSound8K/63095-4-1-27.wav,0.6058240945522602,39
UrbanSound8K/63095-4-1-33.wav,0.5957941963122442,39
UrbanSound8K/63095-4-1-4.wav,0.561798095703125,39
UrbanSound8K/63095-4-1-6.wav,0.5607807284746414,39
UrbanSound8K/63095-4-1-7.wav,0.558227097376799,39
UrbanSound8K/63261-3-0-0.wav,0.5162851680547763,39
UrbanSound8K/63261-3-0-1.wav,0.5085104260689173,39
UrbanSound8K/63292-3-0-0.wav,0.49354044113840373,35
UrbanSound8K/63292-3-0-1.wav,0.5004037184374673,35
UrbanSound8K/63932-3-0-1.wav,0.43657918913023813,7
UrbanSound8K/63932-3-0-2.wav,0.4910240281711925,11
UrbanSound8K/63932-3-1-0.wav,0.4218113378566854,17
UrbanSound8K/63932-3-1-1.wav,0.37922505736351014,10
UrbanSound8K/64346-6-0-0.wav,0.5010070098297936,14
UrbanSound8K/65381-3-0-3.wav,0.4560160224254315,39
UrbanSound8K/65381-3-0-6.wav,0.4014420533502424,37
UrbanSound8K/65381-3-0-7.wav,0.448312931769603,37
UrbanSound8K/65472-1-0-0.wav,0.5928841999598912,7
UrbanSound8K/65745-3-0-21.wav,0.4951382883084126,39
UrbanSound8K/65745-3-0-49.wav,0.5035106043020884,39
UrbanSound8K/65745-3-0-61.wav,0.5179324180651934,39
UrbanSound8K/65745-3-0-88.wav,0.5307070635832273,39
UrbanSound8K/65749-3-1-12.wav,0.4662796663932311,39
UrbanSound8K/65749-3-1-14.wav,0.4562837030643072,39
UrbanSound8K/65749-3-1-24.wav,0.44914622413806427,39
UrbanSound8K/65749-3-1-9.wav,0.45817936689425737,39
UrbanSound8K/65750-3-0-5.wav,0.50745157400767,39
UrbanSound8K/65750-3-3-48.wav,0.4812482671859937,39
UrbanSound8K/65750-3-3-68.wav,0.524189443160326,39
UrbanSound8K/65750-3-3-74.wav,0.5017342193004413,39
UrbanSound8K/66115-1-0-0.wav,0.4662803472616734,39
UrbanSound8K/66115-1-0-1.wav,0.4703252231463408,39
UrbanSound8K/66587-3-0-0.wav,0.6015716344118118,4
UrbanSound8K/66587-3-2-0.wav,0.5680890083312988,4
UrbanSound8K/66601-8-0-0.wav,0.5421096193484771,39
UrbanSound8K/66601-8-0-1.wav,0.5427858569683173,39
UrbanSound8K/66601-8-0-2.wav,0.543265680472056,39
UrbanSound8K/66601-8-0-3.wav,0.54027421046526,39
UrbanSound8K/66601-8-0-4.wav,0.5407708654036889,39
UrbanSound8K/66601-8-0-5.wav,0.5581379272998908,39
UrbanSound8K/66622-4-0-0.wav,0.5629827487163055,39
UrbanSound8K/66622-4-0-1.wav,0.5723452889002286,39
UrbanSound8K/66622-4-0-2.wav,0.5902905341906425,39
UrbanSound8K/66622-4-0-3.wav,0.6049277446208856,39
UrbanSound8K/66622-4-0-4.wav,0.6165263790350693,39
UrbanSound8K/66622-4-0-5.wav,0.6169867026500213,39
UrbanSound8K/66622-4-0-6.wav,0.6104912513341659,39
UrbanSound8K/66622-4-0-7.wav,0.6004110391323383,39
UrbanSound8K/66622-4-0-8.wav,0.6046657378856952,39
UrbanSound8K/66623-4-0-0.wav,0.6037000815073649,39
UrbanSound8K/66623-4-0-1.wav,0.6211935801383777,39
UrbanSound8K/66623-4-0-2.wav,0.6270112456419529,39
UrbanSound8K/66623-4-0-3.wav,0.6242895752955706,39
UrbanSound8K/66623-4-0-4.wav,0.6172585655481387,39
UrbanSound8K/66623-4-0-5.wav,0.6199598083129296,39
UrbanSound8K/66623-4-0-6.wav,0.6342376546982007,39
UrbanSound8K/66996-8-1-0.wav,0.5844044394982166,39
UrbanSound8K/66996-8-3-0.wav,0.5198784195459806,39
UrbanSound8K/67049-3-0-0.wav,0.46758165344213826,39
UrbanSound8K/67049-3-0-1.wav,0.46802948606319916,39
UrbanSound8K/67049-3-0-2.wav,0.4452357299816914,39
UrbanSound8K/68080-7-0-0.wav,0.6779669018892142,39
UrbanSound8K/68080-7-0-1.wav,0.6769489768223885,39
UrbanSound8K/68080-7-0-2.wav,0.6705413093933692,39
UrbanSound8K/68080-7-0-3.wav,0.6616280766633841,39
UrbanSound8K/68080-7-0-4.wav,0.669350816653325,39
UrbanSound8K/68080-7-0-5.wav,0.6748354129302196,39
UrbanSound8K/68080-7-0-6.wav,0.6608274823580033,39
UrbanSound8K/68080-7-0-7.wav,0.6681705270058069,39
UrbanSound8K/68080-7-0-8.wav,0.6826700308384039,39
UrbanSound8K/68080-7-0-9.wav,0.670757165321937,39
UrbanSound8K/68389-3-0-0.wav,0.5542662824903216,14
UrbanSound8K/68389-3-1-0.wav,0.561719822883606,5
UrbanSound8K/68389-3-2-0.wav,0.5596466935597934,13
UrbanSound8K/68657-1-0-0.wav,0.577224979797999,6
UrbanSound8K/69598-4-0-0.wav,0.6331125277539958,23
UrbanSound8K/69598-4-1-0.wav,0.48351262901958664,38
UrbanSound8K/69598-4-2-0.wav,0.49755371992404646,39
UrbanSound8K/69598-4-2-1.wav,0.5013809471558301,39
UrbanSound8K/69598-4-3-0.wav,0.500591842791973,39
UrbanSound8K/69598-4-4-0.wav,0.45868718028068545,15
UrbanSound8K/69598-4-5-0.wav,0.6456928153832754,24
UrbanSound8K/69598-4-6-0.wav,0.5660866659421188,39
UrbanSound8K/69598-4-6-1.wav,0.5738531717887292,39
UrbanSound8K/69598-4-7-0.wav,0.5629137792648413,39
UrbanSound8K/69598-4-8-0.wav,0.5890836596488953,20
UrbanSound8K/69598-4-9-0.wav,0.5502421447208949,35
UrbanSound8K/69661-3-0-14.wav,0.6007565435690757,39
UrbanSound8K/69661-3-0-23.wav,0.598346586410816,39
UrbanSound8K/69661-3-0-29.wav,0.6051295506648529,39
UrbanSound8K/69777-3-0-0.wav,0.5984089114727118,39
UrbanSound8K/69777-3-0-1.wav,0.5860318556810037,39
UrbanSound8K/69777-3-0-2.wav,0.5795251375589615,39
UrbanSound8K/6988-5-0-0.wav,0.6292426784833273,39
UrbanSound8K/6988-5-0-1.wav,0.6408789845613333,39
UrbanSound8K/6988-5-0-2.wav,0.6502090600820688,39
UrbanSound8K/6988-5-0-3.wav,0.6558021077742944,39
UrbanSound8K/6988-5-0-4.wav,0.6560027293669872,39
UrbanSound8K/6988-5-0-5.wav,0.6175946608567849,39
UrbanSound8K/69883-3-0-20.wav,0.4393800967618039,38
UrbanSound8K/69883-3-0-5.wav,0.4668020865856073,39
UrbanSound8K/69883-3-0-9.wav,0.4679522781800001,39
UrbanSound8K/70098-3-0-0.wav,0.4638687714934349,20
UrbanSound8K/70098-3-1-0.wav,0.4694420173764229,24
UrbanSound8K/70098-3-2-0.wav,0.47481482937222436,21
UrbanSound8K/70098-3-3-0.wav,0.5082594652970632,9
UrbanSound8K/70168-3-1-11.wav,0.513653447994819,39
UrbanSound8K/70168-3-1-13.wav,0.49307296749873036,39
UrbanSound8K/70168-3-1-20.wav,0.5048769735372983,39
UrbanSound8K/70168-3-1-24.wav,0.4942017732522426,39
UrbanSound8K/7060-6-0-0.wav,0.5183650576151334,13
UrbanSound8K/7060-6-1-0.wav,0.5160745318446841,14
UrbanSound8K/7060-6-2-0.wav,0.5258904237013596,13
UrbanSound8K/7061-6-0-0.wav,0.6117135229564848,21
UrbanSound8K/7062-6-0-0.wav,0.5526291280984879,12
UrbanSound8K/7063-6-0-0.wav,0.5264582224190235,16
UrbanSound8K/7064-6-0-0.wav,0.6686191788086524,13
UrbanSound8K/7064-6-1-0.wav,0.6389856771989302,11
UrbanSound8K/7064-6-2-0.wav,0.6604982435703277,10
UrbanSound8K/7064-6-3-0.wav,0.624709677696228,10
UrbanSound8K/7064-6-4-0.wav,0.597717580695947,12
UrbanSound8K/7064-6-5-0.wav,0.5498391151428222,15
UrbanSound8K/7065-6-0-0.wav,0.5000270472632514,18
UrbanSound8K/7066-6-0-0.wav,0.5948207718985421,7
UrbanSound8K/7066-6-1-0.wav,0.595796263217926,30
UrbanSound8K/7067-6-0-0.wav,0.407079798579216,25
UrbanSound8K/7068-6-0-0.wav,0.4760003160027897,17
UrbanSound8K/70740-8-0-0.wav,0.5803138017654419,8
UrbanSound8K/71079-4-0-0.wav,0.6322688297791914,11
UrbanSound8K/71079-4-1-0.wav,0.6207004636526108,4
UrbanSound8K/71080-4-0-0.wav,0.6130667879031255,13
UrbanSound8K/71080-4-1-0.wav,0.6094133332371712,8
UrbanSound8K/71082-4-0-0.wav,0.6766857157150904,12
UrbanSound8K/71082-4-1-0.wav,0.6685552877538344,17
UrbanSound8K/71086-4-0-0.wav,0.6164571397444781,34
UrbanSound8K/71086-4-1-0.wav,0.6487715403238933,15
UrbanSound8K/71086-4-2-0.wav,0.696504271030426,20
UrbanSound8K/71087-4-0-0.wav,0.596952957542319,38
UrbanSound8K/71087-4-1-0.wav,0.6151403103555951,7
UrbanSound8K/71088-4-0-0.wav,0.5674794583748548,39
UrbanSound8K/71088-4-1-0.wav,0.592078504562378,25
UrbanSound8K/71088-4-2-0.wav,0.5788134549345288,7
UrbanSound8K/71171-4-0-0.wav,0.6102634622500493,39
UrbanSound8K/71171-4-0-1.wav,0.6382365440710996,39
UrbanSound8K/71171-4-0-2.wav,0.6294413728591723,39
UrbanSound8K/71171-4-0-3.wav,0.6280447794840887,39
UrbanSound8K/71171-4-0-4.wav,0.6145473283070785,39
UrbanSound8K/71171-4-1-0.wav,0.5992810282951746,39
UrbanSound8K/71171-4-1-1.wav,0.6134354411027371,39
UrbanSound8K/71171-4-1-2.wav,0.6145500296201462,39
UrbanSound8K/71171-4-1-3.wav,0.6138336719610752,39
UrbanSound8K/71171-4-1-4.wav,0.6134229990152212,39
UrbanSound8K/71171-4-1-5.wav,0.6082467773021796,39
UrbanSound8K/71171-4-2-0.wav,0.5839322904745737,39
UrbanSound8K/71171-4-2-1.wav,0.6025848510937813,39
UrbanSound8K/71171-4-3-0.wav,0.5803686342178247,39
UrbanSound8K/71171-4-3-1.wav,0.5890662899384131,39
UrbanSound8K/71171-4-3-2.wav,0.5754287105340224,39
UrbanSound8K/71171-4-4-0.wav,0.5539127446356273,21
UrbanSound8K/71171-4-5-0.wav,0.5484231872992082,22
UrbanSound8K/71177-8-0-0.wav,0.3580411672592163,18
UrbanSound8K/71177-8-0-1.wav,0.3872885382489154,38
UrbanSound8K/71177-8-1-0.wav,0.5699672805957305,39
UrbanSound8K/71177-8-1-1.wav,0.6137978434562683,39
UrbanSound8K/71177-8-1-2.wav,0.6296147566575271,39
UrbanSound8K/71177-8-1-3.wav,0.6334943435130975,39
UrbanSound8K/71177-8-1-4.wav,0.6137341169210581,39
UrbanSound8K/71177-8-2-0.wav,0.4607312717498877,39
UrbanSound8K/71177-8-2-1.wav,0.3921155259013176,36
UrbanSound8K/71309-1-0-0.wav,0.6304566967181671,39
UrbanSound8K/71309-1-0-1.wav,0.6337729004713205,39
UrbanSound8K/71309-1-0-2.wav,0.6463660062887729,39
UrbanSound8K/71309-1-0-3.wav,0.6720569347723936,39
UrbanSound8K/71309-1-0-4.wav,0.6690350083204416,39
UrbanSound8K/71309-1-0-5.wav,0.6543423670988816,39
UrbanSound8K/71309-1-0-6.wav,0.658367823331784,39
UrbanSound8K/71309-1-0-7.wav,0.667044997215271,39
UrbanSound8K/71309-1-0-8.wav,0.6635250938244355,39
UrbanSound8K/71312-3-0-1.wav,0.6541830255435064,39
UrbanSound8K/71312-3-0-2.wav,0.6435928573975196,39
UrbanSound8K/71312-3-0-4.wav,0.6257423575107868,39
UrbanSound8K/71312-3-0-5.wav,0.5897455689234611,39
UrbanSound8K/71439-1-0-0.wav,0.6368901431560516,12
UrbanSound8K/71439-1-2-0.wav,0.602433368563652,8
UrbanSound8K/71439-1-3-0.wav,0.6150711327791214,4
UrbanSound8K/71529-4-0-0.wav,0.5688873353676919,39
UrbanSound8K/71529-4-0-1.wav,0.5960647769463367,39
UrbanSound8K/71529-4-0-2.wav,0.5529616880111206,39
UrbanSound8K/71529-4-1-0.wav,0.4841330448786418,39
UrbanSound8K/71529-4-1-1.wav,0.5321914828740634,39
UrbanSound8K/71529-4-1-2.wav,0.5527763702930548,39
UrbanSound8K/71529-4-1-3.wav,0.5644210561727866,39
UrbanSound8K/71529-4-1-4.wav,0.5733588597713373,39
UrbanSound8K/71529-4-1-5.wav,0.5912679510238843,39
UrbanSound8K/71529-4-1-6.wav,0.5322671089416895,39
UrbanSound8K/71700-3-3-2.wav,0.5532858792023782,39
UrbanSound8K/71700-3-4-0.wav,0.5485690809213198,39
UrbanSound8K/71700-3-4-1.wav,0.5400079106673216,39
UrbanSound8K/71700-3-4-3.wav,0.5044132134853265,39
UrbanSound8K/72220-3-0-0.wav,0.5678843979177803,29
UrbanSound8K/72220-3-2-2.wav,0.5813995141249436,39
UrbanSound8K/72220-3-2-3.wav,0.586418044872773,39
UrbanSound8K/72220-3-2-4.wav,0.5801660586626102,39
UrbanSound8K/72221-3-1-0.wav,0.5537554117349478,39
UrbanSound8K/72221-3-4-1.wav,0.5562560023405613,39
UrbanSound8K/72221-3-4-5.wav,0.5628971335215446,39
UrbanSound8K/72221-3-4-7.wav,0.5671982581798847,39
UrbanSound8K/72259-1-0-0.wav,0.6196645284310366,39
UrbanSound8K/72259-1-0-1.wav,0.6482138985242599,39
UrbanSound8K/72259-1-0-2.wav,0.6709093161118336,39
UrbanSound8K/72259-1-0-3.wav,0.6896984026982234,39
UrbanSound8K/72259-1-0-4.wav,0.7022122542063395,39
UrbanSound8K/72259-1-0-5.wav,0.6879286842468457,39
UrbanSound8K/72259-1-1-0.wav,0.6375920722881953,36
UrbanSound8K/72259-1-10-0.wav,0.5906717379887899,39
UrbanSound8K/72259-1-10-1.wav,0.6058579545754653,39
UrbanSound8K/72259-1-10-10.wav,0.6809881421235892,39
UrbanSound8K/72259-1-10-11.wav,0.6785303797477331,39
UrbanSound8K/72259-1-10-12.wav,0.6849006124031849,39
UrbanSound8K/72259-1-10-13.wav,0.6841275233488816,39
UrbanSound8K/72259-1-10-14.wav,0.6702729142629184,39
UrbanSound8K/72259-1-10-2.wav,0.6245625095489697,39
UrbanSound8K/72259-1-10-3.wav,0.6360797836230352,39
UrbanSound8K/72259-1-10-4.wav,0.6313190674170469,39
UrbanSound8K/72259-1-10-5.wav,0.6502079016123062,39
UrbanSound8K/72259-1-10-6.wav,0.6834168617541974,39
UrbanSound8K/72259-1-10-7.wav,0.6881266511403598,39
UrbanSound8K/72259-1-10-8.wav,0.6785030013475662,39
UrbanSound8K/72259-1-10-9.wav,0.678633526349679,39
UrbanSound8K/72259-1-2-0.wav,0.6037009339178762,31
UrbanSound8K/72259-1-3-0.wav,0.6029168775207118,38
UrbanSound8K/72259-1-5-0.wav,0.5874775266036009,39
UrbanSound8K/72259-1-5-1.wav,0.5725727524512854,39
UrbanSound8K/72259-1-5-2.wav,0.5759784212479224,39
UrbanSound8K/72259-1-5-3.wav,0.5960339292501792,39
UrbanSound8K/72259-1-5-4.wav,0.6079723193095281,39
UrbanSound8K/72259-1-6-0.wav,0.593048523633908,39
UrbanSound8K/72259-1-6-1.wav,0.6190351339486929,39
UrbanSound8K/72259-1-7-0.wav,0.6142032192303584,39
UrbanSound8K/72259-1-7-1.wav,0.6230283272572052,39
UrbanSound8K/72259-1-7-10.wav,0.6058300076386868,39
UrbanSound8K/72259-1-7-11.wav,0.6182584655590546,39
UrbanSound8K/72259-1-7-12.wav,0.6282107875897334,39
UrbanSound8K/72259-1-7-13.wav,0.6280541236584003,39
UrbanSound8K/72259-1-7-14.wav,0.6277366372255179,39
UrbanSound8K/72259-1-7-15.wav,0.6357829326238388,39
UrbanSound8K/72259-1-7-16.wav,0.6398930029991345,39
UrbanSound8K/72259-1-7-17.wav,0.6401172372011038,39
UrbanSound8K/72259-1-7-18.wav,0.641309400399526,39
UrbanSound8K/72259-1-7-19.wav,0.6483454322203611,39
UrbanSound8K/72259-1-7-2.wav,0.6395138349288549,39
UrbanSound8K/72259-1-7-20.wav,0.6696549608157232,39
UrbanSound8K/72259-1-7-21.wav,0.6808432508737613,39
UrbanSound8K/72259-1-7-22.wav,0.6748741758175385,39
UrbanSound8K/72259-1-7-3.wav,0.6547699158008282,39
UrbanSound8K/72259-1-7-4.wav,0.6564237215580084,39
UrbanSound8K/72259-1-7-5.wav,0.6485421168498504,39
UrbanSound8K/72259-1-7-6.wav,0.6263759854512337,39
UrbanSound8K/72259-1-7-7.wav,0.6081362412526057,39
UrbanSound8K/72259-1-7-8.wav,0.6056790443567129,39
UrbanSound8K/72259-1-7-9.wav,0.6040191910205743,39
UrbanSound8K/72259-1-8-0.wav,0.6081818561804923,38
UrbanSound8K/72259-1-9-0.wav,0.6125596318489466,39
UrbanSound8K/72259-1-9-1.wav,0.6314097413649926,39
UrbanSound8K/72259-1-9-10.wav,0.6732837680058602,39
UrbanSound8K/72259-1-9-11.wav,0.6496694791011322,39
UrbanSound8K/72259-1-9-12.wav,0.6236035808538779,39
UrbanSound8K/72259-1-9-13.wav,0.612599328542367,39
UrbanSound8K/72259-1-9-14.wav,0.6304395107122568,39
UrbanSound8K/72259-1-9-15.wav,0.650938977033664,39
UrbanSound8K/72259-1-9-16.wav,0.6571963567000169,39
UrbanSound8K/72259-1-9-17.wav,0.6489244500796,39
UrbanSound8K/72259-1-9-2.wav,0.6308596592683059,39
UrbanSound8K/72259-1-9-3.wav,0.6223108661480439,39
UrbanSound8K/72259-1-9-4.wav,0.6336339391194857,39
UrbanSound8K/72259-1-9-5.wav,0.6469080860798175,39
UrbanSound8K/72259-1-9-6.wav,0.6509693830441206,39
UrbanSound8K/72259-1-9-7.wav,0.669626751007178,39
UrbanSound8K/72259-1-9-8.wav,0.6869752498773428,39
UrbanSound8K/72259-1-9-9.wav,0.6882090033629001,39
UrbanSound8K/72261-3-0-17.wav,0.47611914842556685,39
UrbanSound8K/72261-3-0-23.wav,0.4139689902464549,39
UrbanSound8K/72261-3-0-27.wav,0.43771932522455853,39
UrbanSound8K/72261-3-0-6.wav,0.42299103253596537,37
UrbanSound8K/72265-3-15-0.wav,0.5273515812812313,31
UrbanSound8K/72265-3-4-0.wav,0.5317554593086242,20
UrbanSound8K/72265-3-5-0.wav,0.5360254563134292,29
UrbanSound8K/72265-3-7-0.wav,0.5271160831818213,39
UrbanSound8K/72537-3-0-2.wav,0.49615747882769656,39
UrbanSound8K/72537-3-0-6.wav,0.5390906624304943,39
UrbanSound8K/72537-3-0-8.wav,0.5759883331946838,39
UrbanSound8K/72538-3-0-0.wav,0.4549487271370032,39
UrbanSound8K/72538-3-0-1.wav,0.42493572525489026,39
UrbanSound8K/72538-3-0-3.wav,0.44950547432288146,39
UrbanSound8K/72538-3-0-4.wav,0.4439646960833134,39
UrbanSound8K/72539-3-0-1.wav,0.4557353143508618,39
UrbanSound8K/72539-3-0-5.wav,0.45193818058723056,39
UrbanSound8K/72539-3-0-6.wav,0.4152916922019078,39
UrbanSound8K/72539-3-0-8.wav,0.39501499594786227,39
UrbanSound8K/72567-1-0-0.wav,0.5501080690286099,39
UrbanSound8K/72567-1-0-1.wav,0.5252084105442731,39
UrbanSound8K/72567-1-1-0.wav,0.5287340571803432,31
UrbanSound8K/72567-1-2-0.wav,0.554011344909668,39
UrbanSound8K/72567-1-2-1.wav,0.5500423617852039,39
UrbanSound8K/72567-1-2-2.wav,0.5576364122904264,39
UrbanSound8K/72567-1-2-3.wav,0.5643061582858746,39
UrbanSound8K/72567-1-2-4.wav,0.5576730003723731,39
UrbanSound8K/72567-1-2-5.wav,0.5439129869143168,39
UrbanSound8K/72567-1-3-0.wav,0.5252812027931213,10
UrbanSound8K/72567-1-4-0.wav,0.5455042551725339,39
UrbanSound8K/72567-1-4-1.wav,0.5417476647939438,39
UrbanSound8K/72567-1-4-2.wav,0.5374639263519874,39
UrbanSound8K/72567-1-4-3.wav,0.539369170482342,39
UrbanSound8K/72567-1-4-4.wav,0.5402493721399552,39
UrbanSound8K/72567-1-4-5.wav,0.5334734183091384,39
UrbanSound8K/72567-1-4-6.wav,0.5331058425781054,39
UrbanSound8K/72567-1-4-7.wav,0.528098736053858,39
UrbanSound8K/72567-1-5-0.wav,0.5144013684046896,38
UrbanSound8K/72579-3-0-0.wav,0.513111874843255,39
UrbanSound8K/72579-3-0-2.wav,0.3859436015288035,39
UrbanSound8K/72579-3-0-3.wav,0.37634588892643267,39
UrbanSound8K/72579-3-0-4.wav,0.45096510113813937,39
UrbanSound8K/72723-3-0-0.wav,0.5822747005866125,13
UrbanSound8K/72724-3-1-0.wav,0.45584139762780607,39
UrbanSound8K/72724-3-2-7.wav,0.5032207041214674,39
UrbanSound8K/72724-3-2-8.wav,0.48590180430656826,39
UrbanSound8K/72724-3-2-9.wav,0.41216548283894855,39
UrbanSound8K/72829-3-0-0.wav,0.5536314967351083,39
UrbanSound8K/72829-3-0-1.wav,0.5425770038213485,39
UrbanSound8K/72829-3-0-2.wav,0.5562435740079635,39
UrbanSound8K/73168-1-0-0.wav,0.558585238456726,5
UrbanSound8K/73168-1-1-0.wav,0.533250715997484,9
UrbanSound8K/73168-1-2-0.wav,0.547081687620708,7
UrbanSound8K/73373-3-0-0.wav,0.5322472367967878,28
UrbanSound8K/73623-7-0-0.wav,0.6723321775595347,18
UrbanSound8K/73623-7-1-0.wav,0.6859970230322617,39
UrbanSound8K/73623-7-1-1.wav,0.6879534920056661,39
UrbanSound8K/73623-7-2-0.wav,0.6745558318338896,19
UrbanSound8K/73623-7-3-0.wav,0.6830500180904682,39
UrbanSound8K/73623-7-4-0.wav,0.6706830642440103,11
UrbanSound8K/73623-7-5-0.wav,0.677374175616673,21
UrbanSound8K/73623-7-6-0.wav,0.6833700716495514,20
UrbanSound8K/7383-3-0-0.wav,0.45060380605550915,39
UrbanSound8K/7383-3-0-1.wav,0.44835309493236053,39
UrbanSound8K/7383-3-1-0.wav,0.4496433734893799,39
UrbanSound8K/7389-1-0-0.wav,0.633416097415121,38
UrbanSound8K/7389-1-0-1.wav,0.6425132262401092,39
UrbanSound8K/7389-1-0-2.wav,0.6395905078985752,39
UrbanSound8K/7389-1-0-3.wav,0.6371212036181719,39
UrbanSound8K/7389-1-0-4.wav,0.6376582307693286,39
UrbanSound8K/7389-1-0-5.wav,0.6338474353154501,39
UrbanSound8K/7389-1-0-6.wav,0.6355016858149798,39
UrbanSound8K/7389-1-0-7.wav,0.642025324014517,39
UrbanSound8K/7389-1-1-0.wav,0.6389915347099304,38
UrbanSound8K/7389-1-2-0.wav,0.6302842253293747,39
UrbanSound8K/7389-1-2-1.wav,0.633623372285794,39
UrbanSound8K/7389-1-2-2.wav,0.6501970306420938,39
UrbanSound8K/7389-1-2-3.wav,0.6539747592730399,39
UrbanSound8K/7389-1-3-0.wav,0.6139366259941688,39
UrbanSound8K/7389-1-3-1.wav,0.6243365620955442,39
UrbanSound8K/7389-1-3-2.wav,0.636709043612847,39
UrbanSound8K/7389-1-3-3.wav,0.6436721132351801,39
UrbanSound8K/7389-1-3-4.wav,0.6466398819898947,39
UrbanSound8K/7389-1-3-5.wav,0.6403801303643447,39
UrbanSound8K/7389-1-4-0.wav,0.5689546909087744,39
UrbanSound8K/7389-1-4-1.wav,0.5763899240738306,39
UrbanSound8K/7389-1-4-10.wav,0.6294811031757257,39
UrbanSound8K/7389-1-4-11.wav,0.6309783626825382,39
UrbanSound8K/7389-1-4-12.wav,0.624577672053606,39
UrbanSound8K/7389-1-4-13.wav,0.6172933471508515,39
UrbanSound8K/7389-1-4-14.wav,0.608954525910891,39
UrbanSound8K/7389-1-4-15.wav,0.6084681443679028,39
UrbanSound8K/7389-1-4-2.wav,0.5872757694660089,39
UrbanSound8K/7389-1-4-3.wav,0.6021420313761785,39
UrbanSound8K/7389-1-4-4.wav,0.6457240673211905,39
UrbanSound8K/7389-1-4-5.wav,0.6750891621296222,39
UrbanSound8K/7389-1-4-6.wav,0.6459695727397234,39
UrbanSound8K/7389-1-4-7.wav,0.6189422836670508,39
UrbanSound8K/7389-1-4-8.wav,0.6165068638630402,39
UrbanSound8K/7389-1-4-9.wav,0.6222562193870544,39
UrbanSound8K/74364-8-1-0.wav,0.4793154322184049,39
UrbanSound8K/74364-8-1-1.wav,0.4758562865929726,39
UrbanSound8K/74364-8-1-10.wav,0.4886946899768634,39
UrbanSound8K/74364-8-1-11.wav,0.491361046448732,39
UrbanSound8K/74364-8-1-12.wav,0.48304047263585603,39
UrbanSound8K/74364-8-1-13.wav,0.4768247268138788,39
UrbanSound8K/74364-8-1-14.wav,0.49350891128564495,39
UrbanSound8K/74364-8-1-15.wav,0.4917343533956088,39
UrbanSound8K/74364-8-1-16.wav,0.47231897635337633,39
UrbanSound8K/74364-8-1-17.wav,0.48847720943964446,39
UrbanSound8K/74364-8-1-18.wav,0.49831145237653685,39
UrbanSound8K/74364-8-1-19.wav,0.5002261239748734,39
UrbanSound8K/74364-8-1-2.wav,0.48521627447544,39
UrbanSound8K/74364-8-1-20.wav,0.4970908959706624,39
UrbanSound8K/74364-8-1-21.wav,0.5035450771833078,39
UrbanSound8K/74364-8-1-22.wav,0.5146110737935091,39
UrbanSound8K/74364-8-1-23.wav,0.4862465820251367,39
UrbanSound8K/74364-8-1-24.wav,0.47329478768201977,39
UrbanSound8K/74364-8-1-25.wav,0.49238858085412246,39
UrbanSound8K/74364-8-1-26.wav,0.49616190561881435,39
UrbanSound8K/74364-8-1-27.wav,0.4887922818844135,39
UrbanSound8K/74364-8-1-3.wav,0.46497548008576417,39
UrbanSound8K/74364-8-1-4.wav,0.4565697625661508,39
UrbanSound8K/74364-8-1-5.wav,0.4782609236546052,39
UrbanSound8K/74364-8-1-6.wav,0.47352935946904695,39
UrbanSound8K/74364-8-1-7.wav,0.45895480269040817,39
UrbanSound8K/74364-8-1-8.wav,0.47206620451731557,39
UrbanSound8K/74364-8-1-9.wav,0.48935774580026287,39
UrbanSound8K/74495-3-0-0.wav,0.4369384820262591,36
UrbanSound8K/74495-3-0-1.wav,0.4382172046285687,33
UrbanSound8K/74513-3-0-0.wav,0.46862393159132737,39
UrbanSound8K/74513-3-0-3.wav,0.4786700888259991,37
UrbanSound8K/74513-3-0-5.wav,0.49222432038722896,39
UrbanSound8K/74513-3-0-6.wav,0.47238095372151107,39
UrbanSound8K/74723-3-0-0.wav,0.4493440381790462,38
UrbanSound8K/74723-3-0-1.wav,0.45689560373624166,30
UrbanSound8K/74723-3-0-2.wav,0.45300916731357577,25
UrbanSound8K/74725-3-0-0.wav,0.5677395111475235,39
UrbanSound8K/74725-3-0-1.wav,0.5553348056780987,39
UrbanSound8K/74726-8-0-0.wav,0.41114614433363866,38
UrbanSound8K/74726-8-0-1.wav,0.41639112738462597,39
UrbanSound8K/74726-8-0-10.wav,0.3941828318131276,39
UrbanSound8K/74726-8-0-11.wav,0.39672732735291505,39
UrbanSound8K/74726-8-0-12.wav,0.3987142779888251,39
UrbanSound8K/74726-8-0-13.wav,0.40180828326787704,39
UrbanSound8K/74726-8-0-14.wav,0.40610204063929045,39
UrbanSound8K/74726-8-0-15.wav,0.4128750172945169,39
UrbanSound8K/74726-8-0-16.wav,0.4229022898735144,39
UrbanSound8K/74726-8-0-2.wav,0.40966210380578655,39
UrbanSound8K/74726-8-0-3.wav,0.40091006954511005,39
UrbanSound8K/74726-8-0-4.wav,0.39028762395565325,39
UrbanSound8K/74726-8-0-5.wav,0.386076658199995,39
UrbanSound8K/74726-8-0-6.wav,0.38257069159776735,39
UrbanSound8K/74726-8-0-7.wav,0.3817063845120944,39
UrbanSound8K/74726-8-0-8.wav,0.3880832592646281,39
UrbanSound8K/74726-8-0-9.wav,0.3919166700962262,39
UrbanSound8K/74726-8-1-0.wav,0.5135316841113262,39
UrbanSound8K/74726-8-1-1.wav,0.5582250677622281,39
UrbanSound8K/74726-8-1-2.wav,0.5412651812418913,39
UrbanSound8K/74726-8-2-0.wav,0.44791775941848755,39
UrbanSound8K/74726-8-2-1.wav,0.42829456466894883,39
UrbanSound8K/74726-8-2-2.wav,0.41130528770960295,39
UrbanSound8K/74726-8-2-3.wav,0.39481358039073455,39
UrbanSound8K/74726-8-2-4.wav,0.37661344577104616,39
UrbanSound8K/74726-8-2-5.wav,0.36497090336603993,39
UrbanSound8K/74922-4-0-0.wav,0.5371093054612478,39
UrbanSound8K/74922-4-0-1.wav,0.5696417918572059,39
UrbanSound8K/74922-4-0-2.wav,0.5686839070075598,39
UrbanSound8K/74922-4-0-3.wav,0.5703363907642853,39
UrbanSound8K/74922-4-0-4.wav,0.5713167832447932,39
UrbanSound8K/74922-4-0-5.wav,0.5487191340862176,39
UrbanSound8K/74922-4-0-6.wav,0.5131516204430506,39
UrbanSound8K/74922-4-0-7.wav,0.5146194474819379,39
UrbanSound8K/74950-3-0-0.wav,0.5562587441542209,39
UrbanSound8K/74950-3-2-4.wav,0.5835265394968864,39
UrbanSound8K/74950-3-2-5.wav,0.5800361266502967,39
UrbanSound8K/74965-4-0-0.wav,0.6261980869831183,39
UrbanSound8K/74965-4-0-1.wav,0.659924389460148,39
UrbanSound8K/74965-4-0-2.wav,0.6623233281649076,39
UrbanSound8K/74965-4-0-3.wav,0.6133579031015054,39
UrbanSound8K/74965-4-1-0.wav,0.6471985074189993,39
UrbanSound8K/74965-4-1-1.wav,0.6610083182652792,39
UrbanSound8K/74965-4-1-2.wav,0.6189561807192289,39
UrbanSound8K/75490-8-0-0.wav,0.6122925312091143,39
UrbanSound8K/75490-8-0-1.wav,0.6012671223053565,39
UrbanSound8K/75490-8-0-2.wav,0.5856093718455389,39
UrbanSound8K/75490-8-1-0.wav,0.5600613432052808,39
UrbanSound8K/75490-8-1-1.wav,0.5541975238384345,39
UrbanSound8K/76085-4-0-103.wav,0.6908270212320181,39
UrbanSound8K/76085-4-0-14.wav,0.6799431259815509,39
UrbanSound8K/76085-4-0-24.wav,0.7025794891210703,39
UrbanSound8K/76085-4-0-27.wav,0.6656448596563095,39
UrbanSound8K/76085-4-0-35.wav,0.6967244606751662,39
UrbanSound8K/76085-4-0-37.wav,0.6989094981780419,39
UrbanSound8K/76085-4-0-38.wav,0.6958619845219147,39
UrbanSound8K/76085-4-0-55.wav,0.669070120041187,39
UrbanSound8K/76085-4-0-6.wav,0.692560579532232,39
UrbanSound8K/76085-4-0-61.wav,0.6850087810785342,39
UrbanSound8K/76085-4-0-62.wav,0.685258842431582,39
UrbanSound8K/76085-4-0-66.wav,0.6940160195032755,39
UrbanSound8K/76085-4-0-81.wav,0.6745511660209069,39
UrbanSound8K/76085-4-0-89.wav,0.6970595732713357,39
UrbanSound8K/76085-4-0-93.wav,0.6471869945526123,39
UrbanSound8K/76085-4-0-97.wav,0.666740474028465,39
UrbanSound8K/76086-4-0-12.wav,0.7073549444858844,39
UrbanSound8K/76086-4-0-14.wav,0.6976302510652787,39
UrbanSound8K/76086-4-0-17.wav,0.6886008886190561,39
UrbanSound8K/76086-4-0-18.wav,0.6997294945594592,39
UrbanSound8K/76086-4-0-19.wav,0.704108884701362,39
UrbanSound8K/76086-4-0-2.wav,0.7028522216356717,39
UrbanSound8K/76086-4-0-22.wav,0.6912497312594683,39
UrbanSound8K/76086-4-0-23.wav,0.7048624692819058,39
UrbanSound8K/76086-4-0-24.wav,0.6938285048191364,39
UrbanSound8K/76086-4-0-27.wav,0.6153698135644962,39
UrbanSound8K/76086-4-0-29.wav,0.6138456249848391,39
UrbanSound8K/76086-4-0-3.wav,0.6865751865582589,39
UrbanSound8K/76086-4-0-32.wav,0.6463299118555509,39
UrbanSound8K/76086-4-0-36.wav,0.7074223405275589,39
UrbanSound8K/76086-4-0-38.wav,0.604529966146518,39
UrbanSound8K/76086-4-0-43.wav,0.627746704297188,39
UrbanSound8K/76086-4-0-50.wav,0.6893683198170785,39
UrbanSound8K/76086-4-0-53.wav,0.6830781255012903,39
UrbanSound8K/76086-4-0-55.wav,0.6780308408614917,39
UrbanSound8K/76086-4-0-56.wav,0.6988312281095065,39
UrbanSound8K/76086-4-0-58.wav,0.7050574100934542,39
UrbanSound8K/76089-6-0-0.wav,0.4260159507393837,4
UrbanSound8K/76091-6-5-0.wav,0.5966794729232788,5
UrbanSound8K/76093-6-0-0.wav,0.4766637512615749,7
UrbanSound8K/76093-6-1-0.wav,0.5180419385433197,5
UrbanSound8K/76094-6-0-0.wav,0.5168533101677895,4
UrbanSound8K/76094-6-1-0.wav,0.4947193503379822,5
UrbanSound8K/76566-3-0-11.wav,0.5540874478144523,39
UrbanSound8K/76566-3-0-3.wav,0.5654200758689489,39
UrbanSound8K/76566-3-0-6.wav,0.55401794727032,39
UrbanSound8K/76566-3-0-8.wav,0.5604446622041556,39
UrbanSound8K/76640-3-0-0.wav,0.5986259487959055,39
UrbanSound8K/77233-3-0-105.wav,0.4630938393947406,39
UrbanSound8K/77233-3-0-67.wav,0.4524905475286337,39
UrbanSound8K/77233-3-0-7.wav,0.4744376219235934,39
UrbanSound8K/77233-3-0-79.wav,0.515011062224706,39
UrbanSound8K/77246-6-0-0.wav,0.4837056636810303,10
UrbanSound8K/77247-6-0-0.wav,0.598213255405426,5
UrbanSound8K/77509-1-0-0.wav,0.622377797961235,4
UrbanSound8K/77674-3-0-0.wav,0.5041507138655736,39
UrbanSound8K/77751-4-0-0.wav,0.6281857246007675,39
UrbanSound8K/77751-4-0-1.wav,0.6058585078288348,39
UrbanSound8K/77751-4-1-0.wav,0.6270601757061787,39
UrbanSound8K/77751-4-1-1.wav,0.5834533472855886,39
UrbanSound8K/77751-4-2-0.wav,0.5937620248343494,37
UrbanSound8K/77751-4-3-0.wav,0.5858718829277234,39
UrbanSound8K/77751-4-4-0.wav,0.6138152587108123,39
UrbanSound8K/77751-4-5-0.wav,0.552151615555222,37
UrbanSound8K/77751-4-6-0.wav,0.5484272011688778,35
UrbanSound8K/77751-4-7-0.wav,0.546301680803299,10
UrbanSound8K/77751-4-8-0.wav,0.5522950403392315,32
UrbanSound8K/77751-4-9-0.wav,0.5581626112644489,39
UrbanSound8K/77751-4-9-1.wav,0.5763328549189445,39
UrbanSound8K/77751-4-9-2.wav,0.5875609517097473,39
UrbanSound8K/77751-4-9-3.wav,0.5726079344749451,39
UrbanSound8K/77751-7-0-0.wav,0.6295692202372428,39
UrbanSound8K/77751-7-0-1.wav,0.6046885771629138,39
UrbanSound8K/77751-7-1-0.wav,0.6304989075049375,39
UrbanSound8K/77751-7-1-1.wav,0.5716165082576947,39
UrbanSound8K/77751-7-2-0.wav,0.6075227297842503,32
UrbanSound8K/77751-7-3-0.wav,0.6056894413356123,29
UrbanSound8K/77751-7-4-0.wav,0.6149486975792127,39
UrbanSound8K/77751-7-5-0.wav,0.5500580895888177,38
UrbanSound8K/77751-7-6-0.wav,0.5487541488238743,35
UrbanSound8K/77751-7-7-0.wav,0.5145713161019718,17
UrbanSound8K/77751-7-8-0.wav,0.5499694193854476,33
UrbanSound8K/77751-7-9-0.wav,0.5582845516693897,39
UrbanSound8K/77751-7-9-1.wav,0.5763214918283316,39
UrbanSound8K/77751-7-9-2.wav,0.5875665576030047,39
UrbanSound8K/77751-7-9-3.wav,0.5724097108229612,39
UrbanSound8K/77774-4-0-0.wav,0.6787385069406949,39
UrbanSound8K/77774-4-0-1.wav,0.6843094107432243,39
UrbanSound8K/77774-4-0-2.wav,0.6912703819763966,39
UrbanSound8K/77774-4-0-3.wav,0.6824943423271179,39
UrbanSound8K/77774-4-1-0.wav,0.6866091948289138,39
UrbanSound8K/77774-4-1-1.wav,0.6898572888129797,39
UrbanSound8K/77927-3-0-0.wav,0.6220891980024484,39
UrbanSound8K/77927-3-0-1.wav,0.6058608690897623,39
UrbanSound8K/77927-3-0-2.wav,0.6115512099021521,39
UrbanSound8K/77927-3-1-1.wav,0.6378328494536571,39
UrbanSound8K/78360-4-0-0.wav,0.6462850509545742,39
UrbanSound8K/78360-4-0-1.wav,0.6762733872120197,39
UrbanSound8K/78360-4-0-11.wav,0.6811802142705673,39
UrbanSound8K/78360-4-0-12.wav,0.6787898372381161,39
UrbanSound8K/78360-4-0-14.wav,0.6953582549706484,39
UrbanSound8K/78360-4-0-15.wav,0.7006443509688745,39
UrbanSound8K/78360-4-0-16.wav,0.7054899869821011,39
UrbanSound8K/78360-4-0-17.wav,0.6818224451480768,39
UrbanSound8K/78360-4-0-18.wav,0.6373770405084659,39
UrbanSound8K/78360-4-0-19.wav,0.6030847934576181,39
UrbanSound8K/78360-4-0-2.wav,0.6790982500100747,39
UrbanSound8K/78360-4-0-20.wav,0.582453007881458,39
UrbanSound8K/78360-4-0-21.wav,0.565893598091908,39
UrbanSound8K/78360-4-0-22.wav,0.5541617793914599,39
UrbanSound8K/78360-4-0-23.wav,0.5339158192659036,39
UrbanSound8K/78360-4-0-3.wav,0.6776155325082632,39
UrbanSound8K/78360-4-0-4.wav,0.6745306559098072,39
UrbanSound8K/78360-4-0-5.wav,0.6773363947868347,39
UrbanSound8K/78360-4-0-6.wav,0.6795716698353107,39
UrbanSound8K/78360-4-0-7.wav,0.6799228863838391,39
UrbanSound8K/78360-4-0-8.wav,0.6804299706067795,39
UrbanSound8K/78360-4-0-9.wav,0.6811425487200419,39
UrbanSound8K/78651-5-0-0.wav,0.614294993571746,39
UrbanSound8K/78651-5-0-1.wav,0.6139877927608979,39
UrbanSound8K/78651-5-0-10.wav,0.6090020384543982,39
UrbanSound8K/78651-5-0-11.wav,0.6090453068415324,39
UrbanSound8K/78651-5-0-12.wav,0.6096267532079648,39
UrbanSound8K/78651-5-0-13.wav,0.6093159363820002,39
UrbanSound8K/78651-5-0-14.wav,0.6090511985314198,39
UrbanSound8K/78651-5-0-15.wav,0.6094726904844626,39
UrbanSound8K/78651-5-0-16.wav,0.6114251781732608,39
UrbanSound8K/78651-5-0-17.wav,0.6109379147871946,39
UrbanSound8K/78651-5-0-2.wav,0.6149394985957023,39
UrbanSound8K/78651-5-0-3.wav,0.6136985008533185,39
UrbanSound8K/78651-5-0-4.wav,0.6142553366147555,39
UrbanSound8K/78651-5-0-5.wav,0.6130455900461246,39
UrbanSound8K/78651-5-0-6.wav,0.6119460998437344,39
UrbanSound8K/78651-5-0-7.wav,0.6129656174244025,39
UrbanSound8K/78651-5-0-8.wav,0.609861569526868,39
UrbanSound8K/78651-5-0-9.wav,0.6084854358281845,39
UrbanSound8K/78776-6-0-0.wav,0.5529369972646236,24
UrbanSound8K/7913-3-0-0.wav,0.5855891034007072,8
UrbanSound8K/7913-3-1-0.wav,0.509816954533259,6
UrbanSound8K/7913-3-2-0.wav,0.5379262169202169,6
UrbanSound8K/7913-3-3-0.wav,0.5414644598960876,5
UrbanSound8K/79584-3-0-4.wav,0.624717713930668,39
UrbanSound8K/79584-3-0-5.wav,0.630491602115142,39
UrbanSound8K/79584-3-0-8.wav,0.5937259044402685,39
UrbanSound8K/79584-3-1-2.wav,0.6489487198682932,39
UrbanSound8K/7965-3-11-0.wav,0.6309470583995184,12
UrbanSound8K/7965-3-16-0.wav,0.5507964842459735,17
UrbanSound8K/7965-3-22-0.wav,0.5456341505050659,28
UrbanSound8K/7965-3-3-0.wav,0.5485137224197387,10
UrbanSound8K/7975-3-0-0.wav,0.5670303732920916,39
UrbanSound8K/81068-5-0-0.wav,0.5162697763015063,39
UrbanSound8K/81068-5-0-1.wav,0.5188551270044767,39
UrbanSound8K/81068-5-0-2.wav,0.521627684434255,39
UrbanSound8K/81068-5-0-3.wav,0.507299297895187,39
UrbanSound8K/81068-5-0-4.wav,0.5090121260056129,39
UrbanSound8K/81068-5-0-5.wav,0.5271983238366934,39
UrbanSound8K/81068-5-1-0.wav,0.5134614339241614,39
UrbanSound8K/81068-5-2-0.wav,0.5012116372585297,25
UrbanSound8K/81117-4-0-0.wav,0.6609611878028283,39
UrbanSound8K/81117-4-0-1.wav,0.6672491018588727,39
UrbanSound8K/81117-4-0-2.wav,0.665415441378569,39
UrbanSound8K/81117-4-0-3.wav,0.6723997134428757,39
UrbanSound8K/81117-4-0-4.wav,0.6795488412563617,39
UrbanSound8K/81117-4-0-5.wav,0.6471073566338955,39
UrbanSound8K/81722-3-0-21.wav,0.3969523967840733,39
UrbanSound8K/81722-3-0-22.wav,0.38805395441177565,39
UrbanSound8K/81722-3-0-26.wav,0.385623682767917,39
UrbanSound8K/81722-3-0-28.wav,0.38203808741691786,39
UrbanSound8K/81791-3-0-0.wav,0.5237592580990914,39
UrbanSound8K/81791-3-0-1.wav,0.5191779809120374,39
UrbanSound8K/81791-3-1-0.wav,0.508817046880722,12
UrbanSound8K/81799-3-0-0.wav,0.5178121634018726,39
UrbanSound8K/81799-3-0-1.wav,0.5247349861340646,39
UrbanSound8K/81799-3-1-0.wav,0.49594510518587553,39
UrbanSound8K/81799-3-1-2.wav,0.5119892175381,39
UrbanSound8K/82024-3-0-4.wav,0.46417160752492076,39
UrbanSound8K/82024-3-0-5.wav,0.46940334332294953,39
UrbanSound8K/82024-3-0-6.wav,0.4642684994599758,39
UrbanSound8K/82024-3-0-8.wav,0.44468687512935734,39
UrbanSound8K/82317-1-0-0.wav,0.5987972571299627,39
UrbanSound8K/82811-3-0-1.wav,0.442482590675354,39
UrbanSound8K/82811-3-0-2.wav,0.44837064544359845,39
UrbanSound8K/82811-3-3-0.wav,0.4446586292722951,23
UrbanSound8K/82811-3-4-0.wav,0.4090003608128963,39
UrbanSound8K/83465-1-0-0.wav,0.46153566241264343,4
UrbanSound8K/83488-1-0-0.wav,0.6176013052463531,4
UrbanSound8K/83680-5-0-0.wav,0.4360476044508127,39
UrbanSound8K/83680-5-0-1.wav,0.4365657002497942,39
UrbanSound8K/83680-5-0-2.wav,0.43558770418167114,39
UrbanSound8K/83680-5-0-3.wav,0.4349690866776002,39
UrbanSound8K/84254-6-0-0.wav,0.6281942857636346,9
UrbanSound8K/84317-3-0-0.wav,0.4724970256740397,22
UrbanSound8K/84699-4-0-0.wav,0.5888190973888744,11
UrbanSound8K/84699-4-1-0.wav,0.5800359707612258,13
UrbanSound8K/84699-4-2-0.wav,0.537347986584618,21
UrbanSound8K/84699-4-3-0.wav,0.5459045108995939,19
UrbanSound8K/84699-4-4-0.wav,0.5782157182693481,12
UrbanSound8K/84699-4-5-0.wav,0.5787261724472046,14
UrbanSound8K/84699-4-6-0.wav,0.5179527066648006,16
UrbanSound8K/85362-3-0-0.wav,0.5064742040066492,21
UrbanSound8K/85362-3-1-0.wav,0.5218267364379687,39
UrbanSound8K/85362-3-2-0.wav,0.5146810226142406,8
UrbanSound8K/85362-3-3-0.wav,0.48104928548519427,39
UrbanSound8K/85544-3-5-0.wav,0.5736877272526423,12
UrbanSound8K/85544-3-6-0.wav,0.5370108255973229,39
UrbanSound8K/85544-3-7-0.wav,0.5653010706106821,18
UrbanSound8K/85574-3-0-0.wav,0.3499490799325885,33
UrbanSound8K/85574-3-0-12.wav,0.34771551764928377,39
UrbanSound8K/85574-3-0-2.wav,0.35162087663626057,39
UrbanSound8K/85574-3-0-8.wav,0.3416663232522133,39
UrbanSound8K/85661-3-0-0.wav,0.5244138985872269,10
UrbanSound8K/85662-3-0-0.wav,0.5135169625282288,10
UrbanSound8K/85663-3-0-0.wav,0.49580227583646774,12
UrbanSound8K/85664-3-0-0.wav,0.4940499007701874,5
UrbanSound8K/85665-3-0-0.wav,0.4539303742349148,12
UrbanSound8K/86278-6-0-0.wav,0.6137674927711487,10
UrbanSound8K/86279-3-0-0.wav,0.5205936133861542,33
UrbanSound8K/86284-3-0-0.wav,0.5286381175884833,39
UrbanSound8K/86284-3-1-0.wav,0.45037021707086,17
UrbanSound8K/87562-6-0-0.wav,0.5589915842845522,29
UrbanSound8K/88121-8-0-0.wav,0.3983944685031206,39
UrbanSound8K/88121-8-0-1.wav,0.4102427944158896,39
UrbanSound8K/88121-8-0-2.wav,0.4283659435235537,39
UrbanSound8K/88121-8-0-3.wav,0.45173282271776444,39
UrbanSound8K/88121-8-1-0.wav,0.44994567036628724,10
UrbanSound8K/88121-8-2-0.wav,0.41565031475490993,18
UrbanSound8K/88466-7-0-0.wav,0.6330162207285563,15
UrbanSound8K/89099-4-0-0.wav,0.6236065488595229,39
UrbanSound8K/89099-4-0-1.wav,0.6360130340625079,39
UrbanSound8K/89099-4-0-2.wav,0.641288813872215,39
UrbanSound8K/89209-3-0-0.wav,0.5215947573122225,19
UrbanSound8K/89210-3-0-0.wav,0.5696683494668258,19
UrbanSound8K/89211-3-0-0.wav,0.5430779404499951,17
UrbanSound8K/89212-3-0-0.wav,0.4323906952684576,11
UrbanSound8K/89213-3-0-0.wav,0.5068025827407837,15
UrbanSound8K/89679-1-0-0.wav,0.6514573855833574,11
UrbanSound8K/89679-1-1-0.wav,0.6430908342202505,6
UrbanSound8K/89724-5-0-0.wav,0.6371443516168839,39
UrbanSound8K/89724-5-0-1.wav,0.6321710409262241,39
UrbanSound8K/89724-5-0-2.wav,0.6323643387892307,39
UrbanSound8K/89724-5-0-3.wav,0.632131189872057,39
UrbanSound8K/89724-5-0-4.wav,0.6317767653709803,39
UrbanSound8K/89724-5-0-5.wav,0.631742673042493,39
UrbanSound8K/89948-5-0-0.wav,0.477516159033164,39
UrbanSound8K/90013-7-0-0.wav,0.6038313737282386,39
UrbanSound8K/90013-7-0-1.wav,0.6089189006732061,39
UrbanSound8K/90013-7-0-2.wav,0.6037993018443768,39
UrbanSound8K/90013-7-0-3.wav,0.6020719240873288,39
UrbanSound8K/90013-7-0-4.wav,0.5988042920063703,39
UrbanSound8K/90013-7-0-5.wav,0.5975752549293714,39
UrbanSound8K/90013-7-0-6.wav,0.5977158821546115,39
UrbanSound8K/90013-7-0-7.wav,0.5950315395991007,39
UrbanSound8K/90013-7-1-0.wav,0.6046354816510127,39
UrbanSound8K/90013-7-1-1.wav,0.6101447634207897,39
UrbanSound8K/90013-7-1-2.wav,0.6103499699861575,39
UrbanSound8K/90013-7-1-3.wav,0.607357096977723,39
UrbanSound8K/90013-7-1-4.wav,0.6008378802201687,39
UrbanSound8K/90013-7-1-5.wav,0.5907373137963123,39
UrbanSound8K/90014-8-0-0.wav,0.5124453527805133,39
UrbanSound8K/90014-8-0-1.wav,0.515585047312272,39
UrbanSound8K/90014-8-0-2.wav,0.5211184911238842,39
UrbanSound8K/90014-8-0-3.wav,0.5242666816100096,39
UrbanSound8K/90014-8-0-4.wav,0.5204627070671473,39
UrbanSound8K/90014-8-0-5.wav,0.5170684563807952,39
UrbanSound8K/90014-8-0-6.wav,0.5254548711654468,39
UrbanSound8K/9031-3-2-0.wav,0.45260470112164813,21
UrbanSound8K/9031-3-3-0.wav,0.4696460347622633,16
UrbanSound8K/9031-3-4-0.wav,0.48826396465301514,7
UrbanSound8K/9032-3-1-0.wav,0.4855478525161743,5
UrbanSound8K/9032-3-2-0.wav,0.4917714148759842,8
UrbanSound8K/90846-8-0-0.wav,0.6639818449815115,12
UrbanSound8K/91209-5-0-0.wav,0.4724223499114697,39
UrbanSound8K/91209-5-0-1.wav,0.47185625021274274,39
UrbanSound8K/91209-5-0-2.wav,0.4710522049512619,39
UrbanSound8K/91209-5-1-0.wav,0.503498836969718,39
UrbanSound8K/91209-5-1-1.wav,0.5024632398898785,39
UrbanSound8K/91209-5-1-2.wav,0.5023118929985242,39
UrbanSound8K/91209-5-1-3.wav,0.5028835878922389,39
UrbanSound8K/91209-5-1-4.wav,0.5031723639903924,39
UrbanSound8K/91209-5-1-5.wav,0.5030814317556528,39
UrbanSound8K/91396-8-0-0.wav,0.41559979166740024,39
UrbanSound8K/91396-8-0-1.wav,0.4187968304524055,39
UrbanSound8K/91396-8-0-2.wav,0.4122783511112898,39
UrbanSound8K/91396-8-0-3.wav,0.4106877171076261,39
UrbanSound8K/91533-5-0-0.wav,0.490437341042054,39
UrbanSound8K/91533-5-0-1.wav,0.4913889567057292,39
UrbanSound8K/91533-5-0-2.wav,0.4909280355160053,39
UrbanSound8K/91533-5-0-3.wav,0.49351271528464097,39
UrbanSound8K/93139-6-0-0.wav,0.455841417496021,13
UrbanSound8K/93567-8-0-0.wav,0.6254658592052948,39
UrbanSound8K/93567-8-0-1.wav,0.6222584430988019,39
UrbanSound8K/93567-8-0-10.wav,0.6233162131064978,39
UrbanSound8K/93567-8-0-11.wav,0.6320008131173941,39
UrbanSound8K/93567-8-0-12.wav,0.6435196644220597,39
UrbanSound8K/93567-8-0-13.wav,0.6622838607201209,39
UrbanSound8K/93567-8-0-14.wav,0.6704955116296426,39
UrbanSound8K/93567-8-0-15.wav,0.6664642554063064,39
UrbanSound8K/93567-8-0-16.wav,0.6665826271741818,39
UrbanSound8K/93567-8-0-17.wav,0.6557750442089179,39
UrbanSound8K/93567-8-0-18.wav,0.6372951849912986,39
UrbanSound8K/93567-8-0-19.wav,0.6383869250615438,39
UrbanSound8K/93567-8-0-2.wav,0.6229843925207089,39
UrbanSound8K/93567-8-0-3.wav,0.6212206757985629,39
UrbanSound8K/93567-8-0-4.wav,0.6261170231378995,39
UrbanSound8K/93567-8-0-5.wav,0.6240757168867649,39
UrbanSound8K/93567-8-0-6.wav,0.6154461808693714,39
UrbanSound8K/93567-8-0-7.wav,0.6077994261032496,39
UrbanSound8K/93567-8-0-8.wav,0.6097830381148901,39
UrbanSound8K/93567-8-0-9.wav,0.6166232656209897,39
UrbanSound8K/94020-8-0-0.wav,0.5434123533112662,21
UrbanSound8K/94020-8-1-0.wav,0.5897188324194688,39
UrbanSound8K/94401-1-0-0.wav,0.6453626354535421,9
UrbanSound8K/94632-5-0-0.wav,0.6087805338394947,39
UrbanSound8K/94632-5-0-10.wav,0.6025113646800702,39
UrbanSound8K/94632-5-0-13.wav,0.5977231371097076,39
UrbanSound8K/94632-5-0-14.wav,0.5995015777074374,39
UrbanSound8K/94632-5-0-15.wav,0.601525068283081,39
UrbanSound8K/94632-5-0-2.wav,0.602960909024263,39
UrbanSound8K/94632-5-0-21.wav,0.6004850023832077,39
UrbanSound8K/94632-5-0-22.wav,0.5991876232318389,39
UrbanSound8K/94632-5-0-25.wav,0.6010523438453674,39
UrbanSound8K/94632-5-0-27.wav,0.6034181683491437,39
UrbanSound8K/94632-5-0-28.wav,0.6077101307037549,39
UrbanSound8K/94632-5-0-29.wav,0.6098598746153024,39
UrbanSound8K/94632-5-0-31.wav,0.6228908239266812,39
UrbanSound8K/94632-5-0-33.wav,0.6232986740576916,39
UrbanSound8K/94632-5-0-34.wav,0.6147522605382479,39
UrbanSound8K/94632-5-0-6.wav,0.5978507567674686,39
UrbanSound8K/94632-5-0-8.wav,0.599207355425908,39
UrbanSound8K/94632-5-0-9.wav,0.5979530704327118,39
UrbanSound8K/94632-5-1-11.wav,0.6116946736971537,39
UrbanSound8K/94632-5-1-13.wav,0.6120798664215283,39
UrbanSound8K/94632-5-1-14.wav,0.6138173234768403,39
UrbanSound8K/94632-5-1-17.wav,0.6102303923704685,39
UrbanSound8K/94632-5-1-18.wav,0.6141403699532534,39
UrbanSound8K/94632-5-1-19.wav,0.6182426474033258,39
UrbanSound8K/94632-5-1-2.wav,0.6068836129628695,39
UrbanSound8K/94632-5-1-23.wav,0.6110829603977692,39
UrbanSound8K/94632-5-1-26.wav,0.6011412693903997,39
UrbanSound8K/94632-5-1-28.wav,0.6112182980928665,39
UrbanSound8K/94632-5-1-30.wav,0.6299910041002127,39
UrbanSound8K/94632-5-1-7.wav,0.6134044925371805,39
UrbanSound8K/94632-5-1-9.wav,0.6115445372385856,39
UrbanSound8K/94636-8-0-0.wav,0.6504634190828372,39
UrbanSound8K/94636-8-0-1.wav,0.6616807900942289,39
UrbanSound8K/94636-8-0-10.wav,0.66331658913539,39
UrbanSound8K/94636-8-0-11.wav,0.6562632505710309,39
UrbanSound8K/94636-8-0-12.wav,0.6551939294888423,39
UrbanSound8K/94636-8-0-13.wav,0.6612960482255007,39
UrbanSound8K/94636-8-0-14.wav,0.6637187432020139,39
UrbanSound8K/94636-8-0-15.wav,0.6602327686089736,39
UrbanSound8K/94636-8-0-16.wav,0.6567397728944436,39
UrbanSound8K/94636-8-0-17.wav,0.6517090827990801,39
UrbanSound8K/94636-8-0-18.wav,0.6379935970673194,39
UrbanSound8K/94636-8-0-19.wav,0.6286593094850198,39
UrbanSound8K/94636-8-0-2.wav,0.6729420178975815,39
UrbanSound8K/94636-8-0-20.wav,0.6234738994867374,39
UrbanSound8K/94636-8-0-21.wav,0.6161789573155917,39
UrbanSound8K/94636-8-0-3.wav,0.6779939623979422,39
UrbanSound8K/94636-8-0-4.wav,0.6720248705301529,39
UrbanSound8K/94636-8-0-5.wav,0.664012896708953,39
UrbanSound8K/94636-8-0-6.wav,0.6624288131029178,39
UrbanSound8K/94636-8-0-7.wav,0.659893124531477,39
UrbanSound8K/94636-8-0-8.wav,0.6606521499462616,39
UrbanSound8K/94636-8-0-9.wav,0.6649144612825834,39
UrbanSound8K/94710-5-0-0.wav,0.6001828725521381,39
UrbanSound8K/94710-5-0-1.wav,0.599410063181168,39
UrbanSound8K/94710-5-0-2.wav,0.596687932809194,39
UrbanSound8K/94710-5-0-3.wav,0.5971829509123777,39
UrbanSound8K/94710-5-1-0.wav,0.6125591961961043,19
UrbanSound8K/95077-5-0-0.wav,0.6269639611244202,30
UrbanSound8K/95404-3-0-0.wav,0.4008880540346488,39
UrbanSound8K/95404-3-0-1.wav,0.3902075382379385,39
UrbanSound8K/95404-3-0-4.wav,0.39364373225432175,39
UrbanSound8K/95404-3-0-5.wav,0.39415782460799587,39
UrbanSound8K/95532-3-0-0.wav,0.4538475518163882,38
UrbanSound8K/95536-3-0-1.wav,0.5677727934641715,39
UrbanSound8K/95536-3-0-2.wav,0.5525781619243133,39
UrbanSound8K/95536-3-0-4.wav,0.5759507891459342,39
UrbanSound8K/95536-3-0-5.wav,0.5735589831303327,39
UrbanSound8K/95549-3-0-14.wav,0.5046802254823538,39
UrbanSound8K/95549-3-0-20.wav,0.4983504170026535,39
UrbanSound8K/95549-3-0-6.wav,0.5105185676843692,39
UrbanSound8K/95549-3-0-7.wav,0.5026297660974356,39
UrbanSound8K/95562-4-0-0.wav,0.5317192035061973,14
UrbanSound8K/95562-4-1-0.wav,0.5751017056978666,26
UrbanSound8K/95562-4-2-0.wav,0.6107591467025952,39
UrbanSound8K/95562-4-3-0.wav,0.6329704416103852,39
UrbanSound8K/95562-4-3-1.wav,0.6750843479083135,39
UrbanSound8K/96158-4-0-0.wav,0.6734940608342489,9
UrbanSound8K/96159-4-0-0.wav,0.6592967375632255,31
UrbanSound8K/96159-4-1-0.wav,0.5764144957065582,4
UrbanSound8K/96657-8-0-0.wav,0.4190746866739713,39
UrbanSound8K/96657-8-0-1.wav,0.417063091809933,39
UrbanSound8K/96657-8-0-2.wav,0.4138855827160371,39
UrbanSound8K/96657-8-0-3.wav,0.40874105768326,39
UrbanSound8K/9674-1-0-0.wav,0.6532220061008747,39
UrbanSound8K/9674-1-0-1.wav,0.648070827508584,39
UrbanSound8K/9674-1-0-2.wav,0.64445532590915,39
UrbanSound8K/97193-3-0-0.wav,0.5431246994397579,39
UrbanSound8K/97193-3-0-1.wav,0.5063637701364664,39
UrbanSound8K/97193-3-0-4.wav,0.5375292408160675,39
UrbanSound8K/97193-3-0-6.wav,0.5095977729711777,39
UrbanSound8K/97392-3-0-0.wav,0.4950500888129075,24
UrbanSound8K/97606-7-0-0.wav,0.685993907848994,30
UrbanSound8K/97606-7-1-0.wav,0.6872347753781539,26
UrbanSound8K/97606-7-2-0.wav,0.687712413293344,27
UrbanSound8K/97606-7-3-0.wav,0.6999722676617759,14
UrbanSound8K/97606-7-4-0.wav,0.7051857550938924,15
UrbanSound8K/97606-7-5-0.wav,0.6962945461273193,15
UrbanSound8K/97756-3-0-0.wav,0.6092826366424561,10
UrbanSound8K/98223-7-0-0.wav,0.6911885713537534,24
UrbanSound8K/98223-7-1-0.wav,0.6973280494029706,39
UrbanSound8K/98223-7-10-0.wav,0.7063814923167229,8
UrbanSound8K/98223-7-2-0.wav,0.6919188463326656,33
UrbanSound8K/98223-7-3-0.wav,0.7008671208664223,27
UrbanSound8K/98223-7-4-0.wav,0.7014426469802857,15
UrbanSound8K/98223-7-5-0.wav,0.6989097992579142,21
UrbanSound8K/98223-7-6-0.wav,0.7049380938212076,15
UrbanSound8K/98223-7-7-0.wav,0.6987758676211039,21
UrbanSound8K/98223-7-8-0.wav,0.69500246975157,18
UrbanSound8K/98223-7-9-0.wav,0.7032876289807833,13
UrbanSound8K/98525-8-0-0.wav,0.590451425466782,39
UrbanSound8K/98536-8-0-0.wav,0.6142346461613973,12
UrbanSound8K/98859-7-0-0.wav,0.6187930575438908,28
UrbanSound8K/98859-7-1-0.wav,0.6084280076779818,19
UrbanSound8K/98859-7-2-0.wav,0.6243808284783975,39
UrbanSound8K/98859-7-2-1.wav,0.6339427355008248,39
UrbanSound8K/98859-7-2-2.wav,0.62995557143138,39
UrbanSound8K/98859-7-2-3.wav,0.6260447364587051,39
UrbanSound8K/98859-7-2-4.wav,0.6345371909630604,39
UrbanSound8K/98859-7-2-5.wav,0.6442320621930636,39
UrbanSound8K/99185-3-0-0.wav,0.5766091465950012,5
UrbanSound8K/99192-4-0-0.wav,0.6540465033971347,39
UrbanSound8K/99192-4-0-1.wav,0.6449923072105799,39
UrbanSound8K/99192-4-0-12.wav,0.6298117637634277,39
UrbanSound8K/99192-4-0-15.wav,0.616868719076499,39
UrbanSound8K/99192-4-0-17.wav,0.5871611711306449,39
UrbanSound8K/99192-4-0-18.wav,0.6133739015994928,39
UrbanSound8K/99192-4-0-20.wav,0.6563264773442194,39
UrbanSound8K/99192-4-0-24.wav,0.5851659102317615,39
UrbanSound8K/99192-4-0-26.wav,0.5931366483370463,39
UrbanSound8K/99192-4-0-27.wav,0.6199493209520975,39
UrbanSound8K/99192-4-0-28.wav,0.5930480177585895,39
UrbanSound8K/99192-4-0-3.wav,0.6223381834152417,39
UrbanSound8K/99192-4-0-30.wav,0.6342870684770437,39
UrbanSound8K/99192-4-0-32.wav,0.6188379052357796,39
UrbanSound8K/99192-4-0-33.wav,0.6097266933856866,39
UrbanSound8K/99192-4-0-38.wav,0.6396802297005286,39
UrbanSound8K/99192-4-0-40.wav,0.6276460809585376,39
UrbanSound8K/99192-4-0-41.wav,0.6243128470885448,39
UrbanSound8K/99192-4-0-43.wav,0.6383077410551218,39
UrbanSound8K/99192-4-0-47.wav,0.610555323270651,39
UrbanSound8K/99192-4-0-48.wav,0.6452169571167383,39
UrbanSound8K/99192-4-0-49.wav,0.6424362567754892,39
UrbanSound8K/99192-4-0-52.wav,0.6140067378679911,39
UrbanSound8K/99192-4-0-53.wav,0.635353990090199,39
UrbanSound8K/99192-4-0-54.wav,0.6359397050661918,39
UrbanSound8K/99192-4-0-55.wav,0.6248760376221094,39
UrbanSound8K/99192-4-0-7.wav,0.6205962025202237,39
UrbanSound8K/99812-1-0-0.wav,0.4939401470697843,39
UrbanSound8K/99812-1-0-1.wav,0.4951320550380609,39
UrbanSound8K/99812-1-0-2.wav,0.4854138294855754,39
UrbanSound8K/99812-1-1-0.wav,0.4868904994084285,39
UrbanSound8K/99812-1-2-0.wav,0.4630962679019341,39
UrbanSound8K/99812-1-3-0.wav,0.49926177561283114,20
UrbanSound8K/99812-1-4-0.wav,0.5238968545899672,34
UrbanSound8K/99812-1-5-0.wav,0.5010991394519806,24
UrbanSound8K/99812-1-6-0.wav,0.5183136264483134,24
owlgebra_babycry/donateacry__02c3b725-26e4-4a2c-9336-04ddc58836d9-1430726196216-1.7-m-04-hu.wav,0.26685499041168775,27
owlgebra_babycry/donateacry__02ead89b-aa02-453e-8b83-6ebde9fe7551-1430233132879-1.7-m-26-hu.wav,0.33457155731217614,58
owlgebra_babycry/donateacry__03ADDCFB-354E-416D-BF32-260CF47F7060-1433658024-1.1-f-04-ti.wav,0.47586014218952344,69
owlgebra_babycry/donateacry__03abcb8f-400a-47d8-ad82-7e4586cc06be-1431864192133-1.7-f-48-hu.wav,0.5160236707888544,64
owlgebra_babycry/donateacry__06c4cfa2-7fa6-4fda-91a1-ea186a4acc64-1430029221058-1.7-f-26-ti.wav,0.35844893050643634,53
owlgebra_babycry/donateacry__06c4cfa2-7fa6-4fda-91a1-ea186a4acc64-1430029246453-1.7-f-26-ti.wav,0.3742969613226633,63
owlgebra_babycry/donateacry__0776b33b-c41a-4a2e-8b9c-f1c184be00c8-1437123838264-1.7-f-26-hu.wav,0.5261721629084963,66
owlgebra_babycry/donateacry__08E9485B-2772-444B-A636-77E14DD14A8C-1431493453-1.0-m-04-hu.wav,0.33492868302161233,57
owlgebra_babycry/donateacry__090C15A8-5406-4EA5-97A3-81F6527227C0-1430147533-1.0-m-72-hu.wav,0.39783248953197314,69
owlgebra_babycry/donateacry__090C15A8-5406-4EA5-97A3-81F6527227C0-1430147582-1.0-m-72-hu.wav,0.391289208246314,69
owlgebra_babycry/donateacry__0D1AD73E-4C5E-45F3-85C4-9A3CB71E8856-1430742197-1.0-m-04-hu.wav,0.44781266455201135,69
owlgebra_babycry/donateacry__0F4B1065-4012-47C8-88B7-ACE11B1A536E-1430038775-1.0-m-04-hu.wav,0.5010550294233405,69
owlgebra_babycry/donateacry__0c8f14a9-6999-485b-97a2-913c1cbf099c-1430760394426-1.7-m-26-hu.wav,0.4205220410081207,61
owlgebra_babycry/donateacry__0f257dac-7d6f-4575-9192-e3b4dcd3d4ef-1430185441581-1.7-f-26-hu.wav,0.44774999369436236,67
owlgebra_babycry/donateacry__10A40438-09AA-4A21-83B4-8119F03F7A11-1430848034-1.0-f-26-hu.wav,0.4621850109618643,69
owlgebra_babycry/donateacry__10A40438-09AA-4A21-83B4-8119F03F7A11-1430848070-1.0-f-26-hu.wav,0.4995162940543631,69
owlgebra_babycry/donateacry__10A40438-09AA-4A21-83B4-8119F03F7A11-1430848101-1.0-f-26-hu.wav,0.4930768151214157,69
owlgebra_babycry/donateacry__10A40438-09AA-4A21-83B4-8119F03F7A11-1430925172-1.0-f-26-hu.wav,0.4542413627838387,68
owlgebra_babycry/donateacry__11417AC2-DCC9-48CD-8177-CA8665E51B2F-1436881489-1.1-m-48-hu.wav,0.46329469784446387,69
owlgebra_babycry/donateacry__1259bcad-2308-46fa-9a36-b5d8f359886a-1430143617162-1.7-m-04-hu.wav,0.45031168287800205,62
owlgebra_babycry/donateacry__1259bcad-2308-46fa-9a36-b5d8f359886a-1430143644843-1.7-f-04-hu.wav,0.4460289580747485,64
owlgebra_babycry/donateacry__1309B82C-F146-46F0-A723-45345AFA6EA8-1430059849-1.0-f-04-hu.wav,0.4171361361724743,69
owlgebra_babycry/donateacry__1309B82C-F146-46F0-A723-45345AFA6EA8-1430059864-1.0-f-04-ti.wav,0.4304475516512774,69
owlgebra_babycry/donateacry__1309B82C-F146-46F0-A723-45345AFA6EA8-1430703937-1.0-f-48-dc.wav,0.4686235513757257,68
owlgebra_babycry/donateacry__1309B82C-F146-46F0-A723-45345AFA6EA8-1431172241-1.0-f-48-ti.wav,0.362147457357766,69
owlgebra_babycry/donateacry__1445575b-80ad-477b-8e48-36194cac728e-1430244987914-1.7-f-48-hu.wav,0.41919074139811774,66
owlgebra_babycry/donateacry__177dc72e-d0f8-47ef-a5a7-3b46878e11a0-1430736358754-1.7-f-26-hu.wav,0.44542763269308844,66
owlgebra_babycry/donateacry__177dc72e-d0f8-47ef-a5a7-3b46878e11a0-1430736533767-1.7-f-26-hu.wav,0.4355962425470352,68
owlgebra_babycry/donateacry__177dc72e-d0f8-47ef-a5a7-3b46878e11a0-1430736549614-1.7-f-26-hu.wav,0.4883892687398996,67
owlgebra_babycry/donateacry__189b78c6-9e78-43f2-bcb8-6cc8a462f4dc-1430807938301-1.7-m-22-hu.wav,0.45283143823606925,57
owlgebra_babycry/donateacry__19aae3d1-51c6-4ffb-aeb8-efb6ae7ba83e-1436861395462-1.7-m-48-hu.wav,0.4069974859213007,58
owlgebra_babycry/donateacry__1abb2260-a652-4ba7-bd98-7d463312730f-1430041727150-1.7-m-04-hu.wav,0.4701646980829537,64
owlgebra_babycry/donateacry__1f40790f-68f2-4e7e-845e-715bd97c82d0-1429979568422-1.7-m-04-hu.wav,0.4757596233716378,65
owlgebra_babycry/donateacry__1f40790f-68f2-4e7e-845e-715bd97c82d0-1429979603276-1.7-m-72-hu.wav,0.4012133029718248,63
owlgebra_babycry/donateacry__20E2B5A0-40A4-4FD8-8935-AFD1DB833510-1430127670-1.0-m-26-hu.wav,0.43512655513874,69
owlgebra_babycry/donateacry__218e6fd7-f9c5-4490-afd7-c4fba174e7d2-1430209174300-1.7-m-72-hu.wav,0.407023524615302,67
owlgebra_babycry/donateacry__21c07aff-0a8d-4e74-ad5e-e3c7f7bcb11b-1430031235662-1.7-m-04-hu.wav,0.4473269999916874,67
owlgebra_babycry/donateacry__2294E2B2-8E36-4DA6-A898-B947CB9446AB-1436462707-1.1-m-26-dc.wav,0.444483776671299,69
owlgebra_babycry/donateacry__22b43570-d440-475b-b2f1-e528c81081f7-1430663490095-1.7-m-04-hu.wav,0.41999015324946604,66
owlgebra_babycry/donateacry__2439388A-9CF2-4D3B-9534-E6951FC9EAD4-1436877933-1.1-m-26-hu.wav,0.3894827466296113,69
owlgebra_babycry/donateacry__2439388A-9CF2-4D3B-9534-E6951FC9EAD4-1436877944-1.1-m-26-hu.wav,0.3930505911509196,69
owlgebra_babycry/donateacry__24f2a4e1-7161-42a3-a2a2-a29a2422c0b8-1430814730789-1.7-f-26-hu.wav,0.3436042473596685,17
owlgebra_babycry/donateacry__24f2a4e1-7161-42a3-a2a2-a29a2422c0b8-1430814741368-1.7-f-26-hu.wav,0.38106014393270016,24
owlgebra_babycry/donateacry__24f94b49-c8bc-4ed2-b43a-80b099f12936-1430534429690-1.7-m-04-hu.wav,0.49522737227380276,64
owlgebra_babycry/donateacry__2562ad82-485a-44c2-ad25-f70fce71480b-1430045593479-1.7-m-72-hu.wav,0.4822631699423636,62
owlgebra_babycry/donateacry__2602b7c2-e96d-42f6-9767-f1ae74925ef8-1431376228657-1.7-f-22-hu.wav,0.3715240625721036,66
owlgebra_babycry/donateacry__2a0e6a88-b049-4f46-a3d6-d73ffae470d5-1430770161530-1.7-m-04-hu.wav,0.4599656790043368,66
owlgebra_babycry/donateacry__2e25d0a5-0b2b-44ef-8491-e445b16ea75c-1430056332640-1.7-f-26-hu.wav,0.34168054108266477,27
owlgebra_babycry/donateacry__3030d0e9-0c9b-4616-9b83-f10dc2dedbfd-1430053594259-1.7-m-26-hu.wav,0.4378957133444529,63
owlgebra_babycry/donateacry__3030d0e9-0c9b-4616-9b83-f10dc2dedbfd-1430326171876-1.7-m-26-hu.wav,0.4002455745277734,58
owlgebra_babycry/donateacry__30c2cee4-b682-4dcb-86b9-7fa6f36f1b66-1430728411287-1.7-f-72-hu.wav,0.44898723187993783,61
owlgebra_babycry/donateacry__35D58153-7AB7-443D-BED0-2D7ABF73743F-1431855847-1.1-m-04-hu.wav,0.5064918139706487,69
owlgebra_babycry/donateacry__36f1b3ec-3d2a-470e-af6f-0a8cc11b2723-1430237012976-1.7-m-04-hu.wav,0.3799958750605583,58
owlgebra_babycry/donateacry__375308C6-F894-49A5-B246-8C2819E9C6ED-1430416651-1.0-m-04-hu.wav,0.3705939670740548,59
owlgebra_babycry/donateacry__376C006E-3664-4056-80D0-7661F631A062-1436930593-1.1-m-26-hu.wav,0.44912366892980493,69
owlgebra_babycry/donateacry__39180491-e076-4300-b5de-24e812dca6fe-1435708371348-1.7-f-04-hu.wav,0.42439954926570256,60
owlgebra_babycry/donateacry__3941D08C-5A97-48A4-8830-091D878137F6-1430099826-1.0-m-72-hu.wav,0.5126886220945828,69
owlgebra_babycry/donateacry__3bb2445a-9ae9-4dc8-9a2e-86c696ffa405-1430122381138-1.7-m-26-hu.wav,0.44981879740953445,68
owlgebra_babycry/donateacry__3bb2445a-9ae9-4dc8-9a2e-86c696ffa405-1430122479873-1.7-m-26-hu.wav,0.4238526308361222,68
owlgebra_babycry/donateacry__3bb2445a-9ae9-4dc8-9a2e-86c696ffa405-1430146536552-1.7-m-26-hu.wav,0.4754660899069772,67
owlgebra_babycry/donateacry__3c0b4e07-33ec-4d68-a6b2-5f5dcb8cff8e-1430070829977-1.7-m-26-hu.wav,0.47404132939096705,67
owlgebra_babycry/donateacry__3c51dedc-6e4c-47dd-a179-86a25e95f1ef-1430651019625-1.7-m-04-hu.wav,0.4687540095243881,67
owlgebra_babycry/donateacry__3d3e244d-20b1-4ec3-9732-92dcd14ff35a-1436961241219-1.7-m-72-hu.wav,0.48713966745596665,65
owlgebra_babycry/donateacry__40a4c760-facf-4911-b0a6-22eccc3ab18d-1430466164038-1.7-f-26-hu.wav,0.47443307847229405,67
owlgebra_babycry/donateacry__40a4c760-facf-4911-b0a6-22eccc3ab18d-1430466176951-1.7-f-26-hu.wav,0.4691290281601806,67
owlgebra_babycry/donateacry__40a4c760-facf-4911-b0a6-22eccc3ab18d-1430477691332-1.7-f-26-hu.wav,0.5196602626967786,67
owlgebra_babycry/donateacry__40a4c760-facf-4911-b0a6-22eccc3ab18d-1430477717469-1.7-f-26-hu.wav,0.5359971485475996,67
owlgebra_babycry/donateacry__40a4c760-facf-4911-b0a6-22eccc3ab18d-1430477726097-1.7-f-26-hu.wav,0.5354259149796927,67
owlgebra_babycry/donateacry__415d69b4-6d84-4bf8-97b0-10f8f108dc1d-1430739498797-1.7-m-04-hu.wav,0.41070275831578384,67
owlgebra_babycry/donateacry__415d69b4-6d84-4bf8-97b0-10f8f108dc1d-1430739528719-1.7-m-04-hu.wav,0.38575735154436597,67
owlgebra_babycry/donateacry__459c3f85-5710-4efa-bcc9-8012aa1af55e-1430034895673-1.7-f-48-hu.wav,0.45287514390314326,68
owlgebra_babycry/donateacry__4be720ce-a5e5-4a48-930f-a212f8a239f6-1434737668804-1.7-f-48-hu.wav,0.35997601019011605,45
owlgebra_babycry/donateacry__4be720ce-a5e5-4a48-930f-a212f8a239f6-1434774932733-1.7-f-48-hu.wav,0.4104370208886953,65
owlgebra_babycry/donateacry__4cefc13c-e7c0-4b5a-bddb-c40c103e640a-1431583470764-1.7-f-26-hu.wav,0.3975328274748542,66
owlgebra_babycry/donateacry__52dfc27a-fbc4-4d9f-bbcf-6406c919324a-1430041644396-1.7-m-26-hu.wav,0.3694602185487747,50
owlgebra_babycry/donateacry__52dfc27a-fbc4-4d9f-bbcf-6406c919324a-1430041657947-1.7-m-26-hu.wav,0.4513009889203994,61
owlgebra_babycry/donateacry__539FDD32-6326-422E-A707-FCF063D3426C-1437073534-1.1-f-26-hu.wav,0.4858804738176042,69
owlgebra_babycry/donateacry__549a46d8-9c84-430e-ade8-97eae2bef787-1430130669340-1.7-m-48-hu.wav,0.3055257664786445,18
owlgebra_babycry/donateacry__549a46d8-9c84-430e-ade8-97eae2bef787-1430130686288-1.7-m-48-hu.wav,0.3098290413618088,29
owlgebra_babycry/donateacry__549a46d8-9c84-430e-ade8-97eae2bef787-1430130702316-1.7-m-48-hu.wav,0.38314293602765614,59
owlgebra_babycry/donateacry__549a46d8-9c84-430e-ade8-97eae2bef787-1430130772174-1.7-m-48-bp.wav,0.3797034199567551,47
owlgebra_babycry/donateacry__5728DDD6-149B-412F-A14B-C29B9B5E415F-1432635035-1.0-m-26-hu.wav,0.43576756767604663,69
owlgebra_babycry/donateacry__5728DDD6-149B-412F-A14B-C29B9B5E415F-1432635047-1.0-m-26-hu.wav,0.4646308547344761,69
owlgebra_babycry/donateacry__5728DDD6-149B-412F-A14B-C29B9B5E415F-1432635069-1.0-m-26-hu.wav,0.45365899066994153,69
owlgebra_babycry/donateacry__5B416CE8-2591-4531-9ADC-86D085B5D48B-1430144827-1.0-m-48-ti.wav,0.4096652735834536,69
owlgebra_babycry/donateacry__5C2F730C-9721-40B7-A2D8-C257DB518978-1429966336-1.0-m-04-hu.wav,0.4471732512116432,60
owlgebra_babycry/donateacry__5E01DC60-1DE3-4AF9-A661-7F649EAE457D-1430141106-1.0-m-26-hu.wav,0.39332448668552167,66
owlgebra_babycry/donateacry__5afc6a14-a9d8-45f8-b31d-c79dd87cc8c6-1430757081034-1.7-m-48-hu.wav,0.4993154808642372,63
owlgebra_babycry/donateacry__5b49f19f-a3a7-411e-bb32-755da3cbd6f0-1430029991480-1.7-m-48-hu.wav,0.4972607922373396,66
owlgebra_babycry/donateacry__5f651112-d2a3-4911-b3a5-f37bfc092494-1430734658837-1.7-m-72-hu.wav,0.4470384120941162,66
owlgebra_babycry/donateacry__602b06a7-31f0-4370-b35a-9cc81d205958-1430739585531-1.7-m-04-hu.wav,0.46073981681290793,68
owlgebra_babycry/donateacry__602b06a7-31f0-4370-b35a-9cc81d205958-1430907796431-1.7-f-72-hu.wav,0.3821098944454482,66
owlgebra_babycry/donateacry__63CA92F7-973A-4DCA-A410-7B19811A2478-1430041884-1.0-f-26-hu.wav,0.350319431697736,61
owlgebra_babycry/donateacry__643D64AD-B711-469A-AF69-55C0D5D3E30F-1430138506-1.0-m-72-bp.wav,0.38816940093386,69
owlgebra_babycry/donateacry__643D64AD-B711-469A-AF69-55C0D5D3E30F-1430138514-1.0-m-72-bp.wav,0.4144594138083251,69
owlgebra_babycry/donateacry__643D64AD-B711-469A-AF69-55C0D5D3E30F-1430138536-1.0-m-72-bp.wav,0.4095905349738356,69
owlgebra_babycry/donateacry__643D64AD-B711-469A-AF69-55C0D5D3E30F-1430138545-1.0-m-72-bp.wav,0.3978284277777741,69
owlgebra_babycry/donateacry__643D64AD-B711-469A-AF69-55C0D5D3E30F-1430138591-1.0-m-72-bp.wav,0.34767423516166385,69
owlgebra_babycry/donateacry__64acb345-a61e-4ef3-a5a6-cf83c04b83f1-1430058973897-1.7-m-72-hu.wav,0.47210872964933515,64
owlgebra_babycry/donateacry__64acb345-a61e-4ef3-a5a6-cf83c04b83f1-1430058990597-1.7-m-72-dc.wav,0.4672779575921595,64
owlgebra_babycry/donateacry__64acb345-a61e-4ef3-a5a6-cf83c04b83f1-1430059012473-1.7-m-72-dc.wav,0.51047278707847,64
owlgebra_babycry/donateacry__6639C63C-F634-489C-91B3-E3DB5930EFD5-1431370278-1.1-m-04-hu.wav,0.43566235014493915,69
owlgebra_babycry/donateacry__665BDF6D-2897-49F9-8AD0-978B3B2A0468-1430530218-1.0-m-26-dc.wav,0.36810961179435253,64
owlgebra_babycry/donateacry__67414C5E-0EB2-48FD-8391-FCF085FDB6D9-1430050964-1.0-m-04-hu.wav,0.4400204178215801,69
owlgebra_babycry/donateacry__69BDA5D6-0276-4462-9BF7-951799563728-1436936185-1.1-m-26-bp.wav,0.48272506568742835,69
owlgebra_babycry/donateacry__6bd76f21-f279-4c46-9453-58c95e7b2475-1430767927715-1.7-m-72-hu.wav,0.39653881328801316,48
owlgebra_babycry/donateacry__7060a4f6-4c0c-494b-912c-ae60158b185a-1436931995150-1.7-f-04-hu.wav,0.4060959170262019,66
owlgebra_babycry/donateacry__70d30513-0ec3-49e4-9976-e85785e85c2d-1431033372810-1.7-m-04-hu.wav,0.41755456097271976,49
owlgebra_babycry/donateacry__719bb382-a592-46b7-82d2-8b4a625263b7-1430376483385-1.7-m-48-hu.wav,0.38305259101531086,17
owlgebra_babycry/donateacry__719bb382-a592-46b7-82d2-8b4a625263b7-1430376501744-1.7-m-48-hu.wav,0.40810533555654377,52
owlgebra_babycry/donateacry__743E7CCA-D32B-40B6-9541-9808122D3F6B-1436860053-1.1-f-26-hu.wav,0.49966671674147894,69
owlgebra_babycry/donateacry__743E7CCA-D32B-40B6-9541-9808122D3F6B-1436860161-1.1-f-26-hu.wav,0.47744377583697223,69
owlgebra_babycry/donateacry__7616E8F4-B1A7-45A6-9A0C-C9BB2DE64FC3-1436868751-1.1-m-72-hu.wav,0.49804387230804004,69
owlgebra_babycry/donateacry__771fa0cc-4535-471b-9cec-d26deff8d567-1429803644891-1.7-m-04-hu.wav,0.47328482545339146,65
owlgebra_babycry/donateacry__789d2553-cbf2-4911-91e4-fb228d231238-1430818517787-1.7-m-26-hu.wav,0.4409447046426626,65
owlgebra_babycry/donateacry__79FF400A-97E2-4701-987D-C7C850D5523C-1430089487-1.0-f-48-ti.wav,0.40792960295642633,69
owlgebra_babycry/donateacry__7A22229D-06C2-4AAA-9674-DE5DF1906B3A-1436891933-1.1-m-72-hu.wav,0.4398558529860833,68
owlgebra_babycry/donateacry__7A22229D-06C2-4AAA-9674-DE5DF1906B3A-1436891944-1.1-m-72-ti.wav,0.4276287283586419,69
owlgebra_babycry/donateacry__7A22229D-06C2-4AAA-9674-DE5DF1906B3A-1436891957-1.1-m-72-ti.wav,0.43198568535887677,69
owlgebra_babycry/donateacry__7A864194-4B6B-4850-ABBF-0C2A8170107B-1436846824-1.1-f-26-hu.wav,0.41404323841350665,69
owlgebra_babycry/donateacry__7B924575-21FC-462A-969E-BABB46D1CBF5-1430055220-1.0-f-72-hu.wav,0.33359791248133686,66
owlgebra_babycry/donateacry__7B924575-21FC-462A-969E-BABB46D1CBF5-1430055243-1.0-f-72-hu.wav,0.4305047099141107,69
owlgebra_babycry/donateacry__7CF37029-1040-40B8-ACC9-7E6E5C03AF9B-1429808939-1.0-m-72-hu.wav,0.425973786799996,54
owlgebra_babycry/donateacry__7E4B9C14-F955-4BED-9B03-7F3096A6CBFF-1430232157-1.0-f-26-hu.wav,0.38340409406844306,68
owlgebra_babycry/donateacry__7E4B9C14-F955-4BED-9B03-7F3096A6CBFF-1430232166-1.0-f-26-hu.wav,0.41256311665410583,69
owlgebra_babycry/donateacry__7b0e160e-0505-459e-8ecb-304d7afae9d2-1437486974312-1.7-m-04-dc.wav,0.43886588720174935,65
owlgebra_babycry/donateacry__7b23d26e-6f97-4e8b-b520-a9fdde21ee91-1432261716253-1.7-m-48-hu.wav,0.4917964312163266,66
owlgebra_babycry/donateacry__7b23d26e-6f97-4e8b-b520-a9fdde21ee91-1432275312750-1.7-m-48-hu.wav,0.49690061119886547,65
owlgebra_babycry/donateacry__7fd72d70-07c4-40a0-85e9-c91df9bdefb2-1430994916704-1.7-f-04-hu.wav,0.40980476087757517,28
owlgebra_babycry/donateacry__80f5ab0a-16c1-4738-9209-fbdae52ff769-1430140636917-1.7-f-04-hu.wav,0.4112911002030448,63
owlgebra_babycry/donateacry__815af07e-4c31-4032-8bd1-dab6e60c879e-1433156413683-1.7-m-04-hu.wav,0.469600818940063,67
owlgebra_babycry/donateacry__815af07e-4c31-4032-8bd1-dab6e60c879e-1433156423585-1.7-m-04-hu.wav,0.4754097776749404,66
owlgebra_babycry/donateacry__81724071-bc5e-4e38-8f35-85a691af5721-1430737552979-1.7-m-04-hu.wav,0.30280387076464566,55
owlgebra_babycry/donateacry__818A32F4-D5D8-426C-B88C-81A8154AC81A-1430093571-1.0-m-26-hu.wav,0.48663762859676196,69
owlgebra_babycry/donateacry__837fd072-8704-4196-9ff1-1d2c07886e55-1432429478471-1.7-m-22-dc.wav,0.3387019551717318,65
owlgebra_babycry/donateacry__85FAB169-4DCC-406D-AC93-2F6A8D797DAB-1437632141-1.1-m-04-hu.wav,0.4754081995863664,57
owlgebra_babycry/donateacry__89964233-cbdb-4f34-a819-5f4b5ce3f5f5-1430049852345-1.7-f-04-hu.wav,0.46856064700028477,68
owlgebra_babycry/donateacry__8FDA58A7-FDC6-4421-855F-738E6E853E43-1429895742-1.0-m-26-hu.wav,0.39960068790242076,64
owlgebra_babycry/donateacry__8FDA58A7-FDC6-4421-855F-738E6E853E43-1429895751-1.0-m-26-hu.wav,0.4187401347991192,66
owlgebra_babycry/donateacry__8FDA58A7-FDC6-4421-855F-738E6E853E43-1429895780-1.0-m-26-hu.wav,0.4811931387247408,68
owlgebra_babycry/donateacry__8b1faa77-e3ac-48af-bf2a-58aadebefcba-1436798541805-1.7-m-04-hu.wav,0.36491089378084457,35
owlgebra_babycry/donateacry__8c920fd0-fa9f-4926-bcac-074767dcbfcd-1436850948195-1.7-m-04-hu.wav,0.35661869176796507,56
owlgebra_babycry/donateacry__8c920fd0-fa9f-4926-bcac-074767dcbfcd-1436856382717-1.7-m-04-hu.wav,0.3801565694232141,62
owlgebra_babycry/donateacry__8f4dbf5a-b504-4452-b6ac-94e646a6a052-1430727792958-1.7-f-72-hu.wav,0.35692402720451355,65
owlgebra_babycry/donateacry__8f4dbf5a-b504-4452-b6ac-94e646a6a052-1430729451597-1.7-f-72-hu.wav,0.3235148532049997,7
owlgebra_babycry/donateacry__8f4dbf5a-b504-4452-b6ac-94e646a6a052-1430734962301-1.7-f-72-hu.wav,0.3633038377761841,25
owlgebra_babycry/donateacry__8f4dbf5a-b504-4452-b6ac-94e646a6a052-1430735157938-1.7-f-72-hu.wav,0.3709543801656465,67
owlgebra_babycry/donateacry__8f5c01dc-6826-4076-a831-027ad61afdaf-1435873509176-1.7-f-26-hu.wav,0.417497085768785,67
owlgebra_babycry/donateacry__9090c7a3-bebc-4485-aafc-64e4298da3ac-1430088396663-1.7-f-26-hu.wav,0.4238041959264699,68
owlgebra_babycry/donateacry__92d08bbe-553f-4844-85b1-15d572f06ea2-1436873183951-1.7-m-04-hu.wav,0.47400269905726117,66
owlgebra_babycry/donateacry__96986c8b-9988-4c37-a0f8-e7c4269cc3ac-1431719845836-1.7-m-26-hu.wav,0.43972721812315285,64
owlgebra_babycry/donateacry__990DE219-FCD1-4634-91CE-19AB93E5D2B0-1430214575-1.0-m-04-hu.wav,0.4265042409516763,69
owlgebra_babycry/donateacry__999bf14b-e417-4b44-b746-9253f81efe38-1430844958178-1.7-m-04-ch.wav,0.37251450302022876,66
owlgebra_babycry/donateacry__999bf14b-e417-4b44-b746-9253f81efe38-1430844979531-1.7-m-04-ch.wav,0.34717851361403096,52
owlgebra_babycry/donateacry__999bf14b-e417-4b44-b746-9253f81efe38-1430845018393-1.7-m-26-ch.wav,0.3587653524044788,66
owlgebra_babycry/donateacry__999bf14b-e417-4b44-b746-9253f81efe38-1430972705879-1.7-m-26-hu.wav,0.3097728741168976,25
owlgebra_babycry/donateacry__999bf14b-e417-4b44-b746-9253f81efe38-1430974001343-1.7-m-26-bp.wav,0.4108187263294802,59
owlgebra_babycry/donateacry__999bf14b-e417-4b44-b746-9253f81efe38-1431013054417-1.7-m-26-hu.wav,0.42416987958408536,63
owlgebra_babycry/donateacry__9CFD61B9-BF13-406D-8B2F-F73CFAAF25CB-1430927693-1.0-f-04-hu.wav,0.4547848373219587,69
owlgebra_babycry/donateacry__9CFD61B9-BF13-406D-8B2F-F73CFAAF25CB-1430927704-1.0-f-04-hu.wav,0.42138942730599555,69
owlgebra_babycry/donateacry__9CFD61B9-BF13-406D-8B2F-F73CFAAF25CB-1430927728-1.0-f-04-hu.wav,0.44985726864441583,69
owlgebra_babycry/donateacry__9CFD61B9-BF13-406D-8B2F-F73CFAAF25CB-1430927741-1.0-f-04-hu.wav,0.49185347125150153,69
owlgebra_babycry/donateacry__9fe37482-6a64-401d-b8b9-3e47d6ed9ac0-1430047362195-1.7-f-26-hu.wav,0.4086157460696995,64
owlgebra_babycry/donateacry__9fe37482-6a64-401d-b8b9-3e47d6ed9ac0-1430047373513-1.7-f-26-hu.wav,0.4151030691770407,65
owlgebra_babycry/donateacry__9fe37482-6a64-401d-b8b9-3e47d6ed9ac0-1430047399844-1.7-f-26-hu.wav,0.36751530360091816,55
owlgebra_babycry/donateacry__A123AD65-38D3-4A65-AB37-330034765840-1430093699-1.0-m-04-hu.wav,0.41154394633528113,69
owlgebra_babycry/donateacry__A123AD65-38D3-4A65-AB37-330034765840-1430093710-1.0-m-04-hu.wav,0.4073542887749879,69
owlgebra_babycry/donateacry__A123AD65-38D3-4A65-AB37-330034765840-1430093726-1.0-m-04-hu.wav,0.4206630134064218,69
owlgebra_babycry/donateacry__AA2CA7F6-4547-4CC0-AA4C-5D7B64727FB5-1437123487-1.1-f-26-hu.wav,0.4812456762445146,69
owlgebra_babycry/donateacry__AE02C934-F4E5-4C73-818D-56AA6887EC18-1430279454-1.0-m-26-hu.wav,0.337860457729875,57
owlgebra_babycry/donateacry__B2A105BB-347B-4878-A735-AA4ECF32CD16-1436864116-1.1-m-26-hu.wav,0.5087971169015636,69
owlgebra_babycry/donateacry__B2AABCE0-1F62-4B57-B58A-308959ABDFE7-1437188766-1.1-m-26-ti.wav,0.4561532541461613,69
owlgebra_babycry/donateacry__B327333E-2DE2-4833-A75A-4C576208BED3-1430087443-1.0-f-48-hu.wav,0.4017645656198695,69
owlgebra_babycry/donateacry__B327333E-2DE2-4833-A75A-4C576208BED3-1430087456-1.0-f-48-hu.wav,0.4361099069533141,69
owlgebra_babycry/donateacry__B400D2D0-9FCE-472E-A152-1FF349B9B407-1436845915-1.1-m-04-hu.wav,0.37766317656074744,69
owlgebra_babycry/donateacry__C249BCDD-0F65-4D6A-82BE-43C4006E3DDB-1436891733-1.1-m-72-hu.wav,0.4270562586538932,68
owlgebra_babycry/donateacry__C421C6FE-DFEE-4080-8AEA-848E7CE4756B-1430548277-1.0-f-26-hu.wav,0.4279725876721469,66
owlgebra_babycry/donateacry__C421C6FE-DFEE-4080-8AEA-848E7CE4756B-1430548333-1.0-f-26-bp.wav,0.4137924596451331,69
owlgebra_babycry/donateacry__C5127741-5897-468C-A543-7F1B72569F0E-1428333964-1.0-m-26-ti.wav,0.3550824812229942,68
owlgebra_babycry/donateacry__CC8771B1-C84E-4223-A010-029A7629A975-1434107299-1.1-f-04-hu.wav,0.3930099453119671,68
owlgebra_babycry/donateacry__D18A30C6-4370-4BE0-83F8-031892F96603-1432989796-1.1-f-04-hu.wav,0.43532956812692725,69
owlgebra_babycry/donateacry__D1CB71F9-EF76-49B3-A703-41D557444D21-1436863375-1.1-m-04-hu.wav,0.4654287048008131,69
owlgebra_babycry/donateacry__D4665929-8695-4655-927F-63F09B2D4CB8-1430726940-1.0-f-26-ti.wav,0.3422946352876869,51
owlgebra_babycry/donateacry__D54D9C2A-56ED-4338-9D1F-2ADB4E081DAD-1429807587-1.0-m-48-hu.wav,0.40491143128146295,69
owlgebra_babycry/donateacry__D54D9C2A-56ED-4338-9D1F-2ADB4E081DAD-1429807598-1.0-m-48-hu.wav,0.39276888175886504,49
owlgebra_babycry/donateacry__D54D9C2A-56ED-4338-9D1F-2ADB4E081DAD-1430036283-1.0-m-48-hu.wav,0.44540382531973033,65
owlgebra_babycry/donateacry__D833237F-1F7C-4338-BEDE-84C0CF5F4145-1430083995-1.0-f-26-hu.wav,0.4246287065139715,69
owlgebra_babycry/donateacry__DB95BF4A-E3E5-4429-A660-DBBCF486E6DF-1430664611-1.0-f-72-hu.wav,0.36853065222933673,69
owlgebra_babycry/donateacry__DBA77EDC-D457-4B3A-83B8-B7AFBF272D4E-1436860486-1.1-m-72-hu.wav,0.4390005698238594,69
owlgebra_babycry/donateacry__DCB33551-F9BA-4B4A-8DA1-A3107E1AD859-1430406483-1.0-m-04-hu.wav,0.4695061548896458,69
owlgebra_babycry/donateacry__E2C4BCE0-99FD-49EC-8AB1-5EA5DF7DD8C5-1430042952-1.0-m-04-hu.wav,0.40902836210485816,69
owlgebra_babycry/donateacry__F1AF5794-AD3B-4181-B010-AB835E5BDA64-1430441342-1.0-m-72-hu.wav,0.3933380613292473,69
owlgebra_babycry/donateacry__F24DE44B-762C-4149-AC92-96A5E57ED118-1430816918-1.0-m-04-hu.wav,0.4090219433756842,69
owlgebra_babycry/donateacry__F2F97740-D638-4B6F-9E09-3AC65F06B448-1436849313-1.1-f-48-hu.wav,0.45181876356187073,69
owlgebra_babycry/donateacry__F2F97740-D638-4B6F-9E09-3AC65F06B448-1436849335-1.1-f-48-hu.wav,0.4399480094080386,69
owlgebra_babycry/donateacry__F3BAEDDA-CDC0-4A65-90EE-5C372CEE4F3B-1437012044-1.1-m-26-hu.wav,0.46410891024962714,69
owlgebra_babycry/donateacry__F3BAEDDA-CDC0-4A65-90EE-5C372CEE4F3B-1437012059-1.1-m-26-hu.wav,0.4663758521926576,69
owlgebra_babycry/donateacry__F4A0C710-AC2D-42E0-8EA9-3E4CAC31EE20-1430318390-1.0-m-04-hu.wav,0.43318534934002423,69
owlgebra_babycry/donateacry__F4A0C710-AC2D-42E0-8EA9-3E4CAC31EE20-1430318400-1.0-m-04-hu.wav,0.43772765216620074,69
owlgebra_babycry/donateacry__F4A0C710-AC2D-42E0-8EA9-3E4CAC31EE20-1430318416-1.0-m-04-hu.wav,0.466546684935473,69
owlgebra_babycry/donateacry__F4A65A98-ADEE-49C4-9B45-65A8429DF170-1430232330-1.0-m-72-hu.wav,0.39075736728581517,55
owlgebra_babycry/donateacry__F6C6D3EE-F139-48A4-9EAC-0A50EB011CDC-1430103957-1.0-m-04-hu.wav,0.48443349375241046,69
owlgebra_babycry/donateacry__F6C6D3EE-F139-48A4-9EAC-0A50EB011CDC-1430103974-1.0-m-04-hu.wav,0.4818203898443692,69
owlgebra_babycry/donateacry__F95D4BCE-2FB0-4A0C-A058-BFB0674539AF-1430055800-1.0-m-26-hu.wav,0.46901409781497455,69
owlgebra_babycry/donateacry__F95D4BCE-2FB0-4A0C-A058-BFB0674539AF-1430055950-1.0-m-26-hu.wav,0.5089936368707297,69
owlgebra_babycry/donateacry__FAE74A94-9968-43ED-958C-50D7C4C1F13C-1430770871-1.0-f-22-hu.wav,0.3944287739567838,59
owlgebra_babycry/donateacry__FF2CD2F6-404D-4626-8718-6E6C751F63B8-1431104346-1.0-m-04-hu.wav,0.43326298525367957,69
owlgebra_babycry/donateacry__FF2CD2F6-404D-4626-8718-6E6C751F63B8-1431104396-1.0-m-04-hu.wav,0.42364111024400464,69
owlgebra_babycry/donateacry__a40b9b8d-e4bc-457a-badf-f38bdbc0c358-1430016779981-1.7-m-26-hu.wav,0.4526308923959732,68
owlgebra_babycry/donateacry__a40b9b8d-e4bc-457a-badf-f38bdbc0c358-1430017191818-1.7-m-26-hu.wav,0.48845165266710167,68
owlgebra_babycry/donateacry__a56e2494-d2b2-480e-af0b-de9ea8f33572-1436897427825-1.7-f-26-hu.wav,0.4318860456828148,62
owlgebra_babycry/donateacry__a7b13b65-da2c-48ec-8aed-46adcaba705f-1430823489236-1.7-f-26-hu.wav,0.5120653621852398,64
owlgebra_babycry/donateacry__aaa57dbd-7b88-454a-963e-6faa2f4ed4e7-1436910235521-1.7-f-04-hu.wav,0.36740163674480036,38
owlgebra_babycry/donateacry__aaa57dbd-7b88-454a-963e-6faa2f4ed4e7-1436982066128-1.7-f-04-hu.wav,0.3456042221614293,35
owlgebra_babycry/donateacry__aaa57dbd-7b88-454a-963e-6faa2f4ed4e7-1436982075169-1.7-f-04-hu.wav,0.3730282669975644,42
owlgebra_babycry/donateacry__aaa57dbd-7b88-454a-963e-6faa2f4ed4e7-1436982098411-1.7-f-04-hu.wav,0.35601609349250796,30
owlgebra_babycry/donateacry__aaa57dbd-7b88-454a-963e-6faa2f4ed4e7-1437166513710-1.7-f-04-hu.wav,0.40636049839667976,64
owlgebra_babycry/donateacry__ad7fd28b-3e85-4e9b-9e18-af4bda64c60f-1430756389867-1.7-m-72-hu.wav,0.45642151850373,67
owlgebra_babycry/donateacry__adb53808-8b13-4c08-b055-6653c75298be-1430133962749-1.7-m-72-hu.wav,0.411995948250614,67
owlgebra_babycry/donateacry__adb53808-8b13-4c08-b055-6653c75298be-1430133982281-1.7-m-72-hu.wav,0.4395402327402314,67
owlgebra_babycry/donateacry__adcefe56-90b1-4120-83b1-93008cb6f7f0-1430731683554-1.7-m-04-hu.wav,0.4776670723222196,64
owlgebra_babycry/donateacry__ae5a462b-5424-4b5b-82d5-07ccb61654ab-1431155960186-1.7-f-48-hu.wav,0.4128395038754193,67
owlgebra_babycry/donateacry__ae5f103b-5fee-442f-bb1b-d9d0570c46ab-1431533857965-1.7-m-26-bp.wav,0.3591566640799018,66
owlgebra_babycry/donateacry__af30880e-5f98-4dc0-b37a-be6b21fa0ba3-1431240037389-1.7-m-26-hu.wav,0.5010780397081568,62
owlgebra_babycry/donateacry__afa44e7f-4187-4f1c-9437-b49ba75f542e-1430629785235-1.7-f-04-hu.wav,0.390119775034049,68
owlgebra_babycry/donateacry__b4c460d8-bd6b-4017-9bb8-2ae4ff0c5af1-1432751065608-1.7-f-26-hu.wav,0.5204970819108626,68
owlgebra_babycry/donateacry__b5044f9a-6f2e-44fc-8e04-9076a988acf2-1435544527174-1.7-m-04-hu.wav,0.35123712266795337,64
owlgebra_babycry/donateacry__b8fe4527-5e46-437f-897d-be32112bc1c8-1430166086647-1.7-f-48-hu.wav,0.3708251710981131,40
owlgebra_babycry/donateacry__bb2bdafb-0477-4be4-8c41-1a6192e8c6d4-1430637736064-1.7-m-72-hu.wav,0.4796010729285978,62
owlgebra_babycry/donateacry__bfbc4d23-39b2-4b33-b686-2f048f062b60-1430077722675-1.7-f-72-hu.wav,0.4174203322483943,65
owlgebra_babycry/donateacry__c10e2b0f-0cb8-4485-b82f-d453edf97db7-1430739179429-1.7-f-26-hu.wav,0.47227812283917475,57
owlgebra_babycry/donateacry__c42e76b9-a4c1-48f6-a91d-27ab83015874-1430737177322-1.7-f-72-hu.wav,0.4045859648121728,45
owlgebra_babycry/donateacry__c6fd9d60-0fa7-44c0-b3ce-0192527d7b81-1429978271017-1.7-m-04-hu.wav,0.45084967414538063,60
owlgebra_babycry/donateacry__c6fd9d60-0fa7-44c0-b3ce-0192527d7b81-1430038968282-1.7-m-04-hu.wav,0.4575715569158395,60
owlgebra_babycry/donateacry__ca7d8d54-13cb-4060-8db4-90651b60c078-1434674769219-1.7-f-26-hu.wav,0.4103302864730358,50
owlgebra_babycry/donateacry__ca7d8d54-13cb-4060-8db4-90651b60c078-1434674792223-1.7-f-26-ti.wav,0.3807358639151381,57
owlgebra_babycry/donateacry__cde108d0-62c3-47f8-82c4-233c9fba5cdd-1436884406827-1.7-m-48-hu.wav,0.4794902827809839,68
owlgebra_babycry/donateacry__d1e236a0-e030-4137-9030-5625026cd098-1430477951092-1.2-m-04-hu.wav,0.40721989598344355,68
owlgebra_babycry/donateacry__d1e236a0-e030-4137-9030-5625026cd098-1430477960643-1.2-m-04-hu.wav,0.46303760382666515,67
owlgebra_babycry/donateacry__d5abedab-9ed5-48d0-a83b-fc00c33d6d6b-1430079192907-1.7-f-04-ti.wav,0.3216792849763747,31
owlgebra_babycry/donateacry__d6cda191-4962-4308-9a36-46d5648a95ed-1428333797380-1.5-f-26-hu.wav,0.40491124694464636,61
owlgebra_babycry/donateacry__d6cda191-4962-4308-9a36-46d5648a95ed-1430640304482-1.7-m-04-hu.wav,0.4482063055038452,61
owlgebra_babycry/donateacry__d6cda191-4962-4308-9a36-46d5648a95ed-1431086262776-1.7-m-04-ch.wav,0.4454819506309072,61
owlgebra_babycry/donateacry__d6cda191-4962-4308-9a36-46d5648a95ed-1431587887997-1.7-m-04-ti.wav,0.42036958958240267,47
owlgebra_babycry/donateacry__d6cda191-4962-4308-9a36-46d5648a95ed-1431587899682-1.7-m-04-ti.wav,0.45930843534214155,56
owlgebra_babycry/donateacry__d6cda191-4962-4308-9a36-46d5648a95ed-1431616581736-1.7-m-04-ti.wav,0.44652939732395003,67
owlgebra_babycry/donateacry__d6cda191-4962-4308-9a36-46d5648a95ed-1431700390946-1.7-m-04-bp.wav,0.5062806263788423,67
owlgebra_babycry/donateacry__d6cda191-4962-4308-9a36-46d5648a95ed-1431882043380-1.7-m-04-hu.wav,0.4010136728403998,61
owlgebra_babycry/donateacry__e1e640e2-78cb-4cb7-9ccc-93813bfc251c-1430738640598-1.7-m-72-hu.wav,0.433798405177453,68
owlgebra_babycry/donateacry__e1e640e2-78cb-4cb7-9ccc-93813bfc251c-1430738652322-1.7-m-72-hu.wav,0.3833969095174004,68
owlgebra_babycry/donateacry__e37c323c-0edb-4942-be47-3cc0b2de00a1-1434392936735-1.7-f-26-hu.wav,0.4074742682909561,59
owlgebra_babycry/donateacry__e4051e62-d21d-4bb8-a235-fd7e859ad787-1430739655763-1.7-m-04-hu.wav,0.444763972327627,58
owlgebra_babycry/donateacry__eccb4617-8373-4c4f-b49e-bb2d72bce8d8-1430035348191-1.7-m-26-hu.wav,0.39718494301333146,68
owlgebra_babycry/donateacry__ed31b187-34af-4ff1-979c-3b8a5905fb7b-1430044808480-1.7-m-04-hu.wav,0.4374825428240001,64
owlgebra_babycry/donateacry__edb5924c-07ba-4eaa-838b-aaf9511a219b-1431894189631-1.7-m-48-hu.wav,0.43902375743939326,65
owlgebra_babycry/donateacry__edb5924c-07ba-4eaa-838b-aaf9511a219b-1431899400326-1.7-m-48-hu.wav,0.4382268140713374,66
owlgebra_babycry/donateacry__eea17285-4ab9-4d34-a2f5-55fc8c866ac6-1431887695278-1.7-f-26-ti.wav,0.29384320086621224,47
owlgebra_babycry/donateacry__f258a8e2-92cd-4843-9da4-80ed26ec8e10-1436944996156-1.7-f-26-ch.wav,0.47552196841973526,65
owlgebra_babycry/donateacry__f5b29377-7cd6-4688-942c-5a07add39dc5-1437480263225-1.7-f-26-dc.wav,0.49757540225982666,69
owlgebra_babycry/donateacry__f896b69d-6241-4b51-9c45-0d628bc827c1-1430090255303-1.7-m-04-hu.wav,0.4431440788965959,65
owlgebra_babycry/donateacry__f896b69d-6241-4b51-9c45-0d628bc827c1-1430090400166-1.7-m-72-hu.wav,0.3867023096634791,65
owlgebra_babycry/donateacry__fa8620d3-e7db-4101-aff0-28dbf0d96a5f-1434296505682-1.7-f-04-hu.wav,0.39963021898855927,61
owlgebra_babycry/donateacry__fa8620d3-e7db-4101-aff0-28dbf0d96a5f-1434465485354-1.7-f-04-hu.wav,0.40453772934583515,52
owlgebra_babycry/recanvo__200112_2059_00-04-25.83--00-04-26.37.wav,0.5489881932735443,4
owlgebra_babycry/recanvo__200112_2059_00-16-18.27--00-16-20.99.wav,0.5618033752991602,26
owlgebra_babycry/recanvo__200112_2127_00-02-16.4--00-02-17.48.wav,0.6491781870524088,9
owlgebra_babycry/recanvo__200112_2127_00-02-18.82--00-02-19.94.wav,0.6545014798641204,10
owlgebra_babycry/recanvo__200124_1828_00-01-27.23--00-01-28.55.wav,0.6587288280328115,12
owlgebra_babycry/recanvo__200124_1828_00-01-29.66--00-01-30.38.wav,0.6458044648170471,6
owlgebra_babycry/recanvo__200124_1828_00-01-44.67--00-01-46.12.wav,0.6535956951288077,13
owlgebra_babycry/recanvo__200124_1828_00-01-59.83--00-02-01.58.wav,0.6593792624771595,16
owlgebra_babycry/recanvo__200124_1828_00-02-16.68--00-02-17.78.wav,0.6448948317103915,9
owlgebra_babycry/recanvo__200124_1828_00-02-28.45--00-02-30.56.wav,0.6637690186500549,20
owlgebra_babycry/recanvo__200124_1828_00-02-32.46--00-02-33.42.wav,0.6576504036784172,8
owlgebra_babycry/recanvo__200124_1828_00-02-34.67--00-02-36.13.wav,0.6610037913689246,13
owlgebra_babycry/recanvo__200124_1828_00-02-37.77--00-02-38.89.wav,0.6375155329704285,10
owlgebra_babycry/recanvo__200124_1828_00-02-44.09--00-02-45.26.wav,0.6634900391101837,10
owlgebra_babycry/recanvo__200124_1828_00-02-48.79--00-02-49.69.wav,0.6577019467949867,8
owlgebra_babycry/recanvo__200124_1828_00-03-33.59--00-03-35.01.wav,0.6479650414907016,13
owlgebra_babycry/recanvo__200124_1828_00-03-36.85--00-03-37.97.wav,0.6610081732273102,10
owlgebra_babycry/recanvo__200124_1828_00-04-50.3--00-04-51.78.wav,0.6685491937857407,13
owlgebra_babycry/recanvo__200124_1828_00-04-52.49--00-04-53.54.wav,0.6696483294169108,9
owlgebra_babycry/recanvo__200124_1828_00-04-54.72--00-04-56.4.wav,0.6714645385742187,15
owlgebra_babycry/recanvo__200124_1828_00-04-57.26--00-04-58.66.wav,0.6805671407626226,13
owlgebra_babycry/recanvo__200124_1828_00-05-00.30399--00-05-02.703.wav,0.6759311719374224,22
owlgebra_babycry/recanvo__200124_1828_00-05-12.38--00-05-13.82.wav,0.6695845677302434,13
owlgebra_babycry/recanvo__200124_1828_00-05-17.93--00-05-18.91.wav,0.6579172313213348,8
owlgebra_babycry/recanvo__200124_1828_00-05-32.9--00-05-35.97.wav,0.6800497605882841,29
owlgebra_babycry/recanvo__200124_1828_00-06-15.65--00-06-16.33.wav,0.6152767062187194,5
owlgebra_babycry/recanvo__200124_1828_00-06-45.83--00-06-47.wav,0.6621319651603699,10
owlgebra_babycry/recanvo__200124_1828_00-06-48.28--00-06-49.38.wav,0.6532644391059875,10
owlgebra_babycry/recanvo__200124_1828_00-06-55.67--00-06-56.64.wav,0.6597798243165016,8
owlgebra_babycry/recanvo__200124_1828_00-07-00.90299--00-07-01.893.wav,0.6550751551985741,8
owlgebra_babycry/recanvo__200124_1828_00-07-11.9--00-07-13.21.wav,0.6368368913729986,12
owlgebra_babycry/recanvo__200124_1828_00-07-26.46--00-07-28.34.wav,0.6587155321065117,17
owlgebra_babycry/recanvo__200124_1828_00-08-46.04--00-08-48.18.wav,0.6673784673213958,20
owlgebra_babycry/recanvo__200124_1828_00-09-16.89--00-09-18.17.wav,0.6732700629667803,11
owlgebra_babycry/recanvo__200124_1828_00-09-19.21--00-09-20.wav,0.6724288860956827,6
owlgebra_babycry/recanvo__200124_1828_00-09-36.55--00-09-37.58.wav,0.651647686958313,9
owlgebra_babycry/recanvo__200124_1828_00-09-43.81--00-09-44.4.wav,0.6504041254520416,4
owlgebra_babycry/recanvo__200124_1828_00-09-47.8--00-09-48.42.wav,0.6540658116340637,5
owlgebra_babycry/recanvo__200124_1828_00-12-20.53--00-12-22.03.wav,0.596286803483963,13
owlgebra_babycry/recanvo__200124_1828_00-12-26.41--00-12-27.98.wav,0.6666522536958966,14
owlgebra_babycry/recanvo__200124_1828_00-12-29.09--00-12-29.93.wav,0.6446078504834857,7
owlgebra_babycry/recanvo__200124_1828_00-12-39.37--00-12-40.51.wav,0.6504688918590545,10
owlgebra_babycry/recanvo__200124_1828_00-13-08.79--00-13-09.632.wav,0.6521441510745457,7
owlgebra_babycry/recanvo__200124_1828_00-13-13.16--00-13-14.15.wav,0.6616949662566185,8
owlgebra_babycry/recanvo__200124_1828_00-14-08.637--00-14-09.787.wav,0.6724410891532898,10
owlgebra_babycry/recanvo__200124_1828_00-14-13.77--00-14-14.93.wav,0.6374053716659546,10
owlgebra_babycry/recanvo__200124_1828_00-14-16.9--00-14-18.42.wav,0.6463808970791953,14
owlgebra_babycry/recanvo__200124_1828_00-14-31.26--00-14-31.91.wav,0.6575222969055176,5
owlgebra_babycry/recanvo__200126_2142_00-00-20.57--00-00-22.81.wav,0.6179014018603733,21
owlgebra_babycry/recanvo__200126_2142_00-01-25.94--00-01-26.48.wav,0.6147563308477402,4
owlgebra_babycry/recanvo__200126_2142_00-02-22.47--00-02-23.43.wav,0.5923066064715385,8
owlgebra_babycry/recanvo__200126_2142_00-04-16.05--00-04-18.31.wav,0.6054453736259824,21
owlgebra_babycry/recanvo__200126_2142_00-04-23.23--00-04-24.56.wav,0.6534981926282247,12
owlgebra_babycry/recanvo__200126_2142_00-04-25.72--00-04-27.22.wav,0.6496960153946509,13
owlgebra_babycry/recanvo__200126_2142_00-04-51.61--00-04-52.89.wav,0.6278102668848905,11
owlgebra_babycry/recanvo__200126_2142_00-04-53.74--00-04-55.29.wav,0.6254378301756722,14
owlgebra_babycry/recanvo__200126_2142_00-06-21.42--00-06-22.19.wav,0.667596677939097,6
owlgebra_babycry/recanvo__200126_2142_00-06-29.27--00-06-30.34.wav,0.6362527012825012,9
owlgebra_babycry/recanvo__200126_2142_00-06-32.15--00-06-33.16.wav,0.6366352174017165,9
owlgebra_babycry/recanvo__200126_2142_00-06-41.54--00-06-42.47.wav,0.6536332443356514,8
owlgebra_babycry/recanvo__200126_2142_00-08-41.5--00-08-42.25.wav,0.618743360042572,6
owlgebra_babycry/recanvo__200126_2142_00-09-04.785--00-09-05.612.wav,0.6704667806625366,7
owlgebra_babycry/recanvo__200126_2142_00-09-33.55--00-09-34.5.wav,0.6306300908327103,8
owlgebra_babycry/recanvo__200126_2142_00-11-35.94--00-11-37.08.wav,0.6731096625328064,10
owlgebra_babycry/recanvo__200126_2142_00-12-50.42--00-12-52.18.wav,0.6491481773555279,16
owlgebra_babycry/recanvo__200126_2142_00-13-40.47--00-13-41.93.wav,0.5502877969008225,13
owlgebra_babycry/recanvo__200126_2142_00-14-02.66--00-14-04.874.wav,0.6375871102015177,21
owlgebra_babycry/recanvo__200126_2142_00-14-05.709--00-14-06.796.wav,0.6297159658537971,9
owlgebra_babycry/recanvo__200126_2142_00-15-36.76--00-15-39.33.wav,0.5634066673616568,24
owlgebra_babycry/recanvo__200126_2142_00-16-20.15--00-16-22.28.wav,0.6229881972074509,20
owlgebra_babycry/recanvo__200126_2142_00-16-22.81--00-16-23.66.wav,0.5769761545317513,7
owlgebra_babycry/recanvo__200126_2142_00-17-54.82--00-17-56.33.wav,0.5913450121879578,14
owlgebra_babycry/recanvo__200126_2142_00-18-00.71698--00-18-03.416.wav,0.5976140928268433,25
owlgebra_babycry/recanvo__200126_2142_00-18-44.81--00-18-45.56.wav,0.5818678339322408,6
owlgebra_babycry/recanvo__200126_2142_00-18-59.45--00-19-00.37499.wav,0.6001529842615128,8
owlgebra_babycry/recanvo__200126_2142_00-19-41.47--00-19-44.91.wav,0.5903523835268888,33
owlgebra_babycry/recanvo__200126_2142_00-19-47.69--00-19-48.79.wav,0.5659788370132446,10
owlgebra_babycry/recanvo__200126_2142_00-21-30.46--00-21-31.16.wav,0.5859405795733134,6
owlgebra_babycry/recanvo__200126_2142_00-21-49.18--00-21-50.19.wav,0.5575060943762461,9
owlgebra_babycry/recanvo__200126_2142_00-21-53.48--00-21-54.45.wav,0.5889192596077919,8
owlgebra_babycry/recanvo__200126_2142_00-23-41.24--00-23-42.11.wav,0.6013605850083488,7
owlgebra_babycry/recanvo__200126_2142_00-23-43.47--00-23-44.63.wav,0.5915822446346283,10
owlgebra_babycry/recanvo__200229_2156_00-04-39.41--00-04-40.63.wav,0.6550109819932417,11
owlgebra_babycry/recanvo__200229_2156_00-04-43.06--00-04-44.22.wav,0.6549846231937408,10
owlgebra_babycry/recanvo__200229_2156_00-04-45.4--00-04-46.71.wav,0.6630556831757227,12
owlgebra_babycry/recanvo__200229_2156_00-04-49.17--00-04-50.96.wav,0.644949059933424,16
owlgebra_babycry/recanvo__200229_2156_00-04-53.57--00-04-55.08.wav,0.6694342366286686,14
owlgebra_babycry/recanvo__200229_2156_00-04-58.98--00-04-59.72.wav,0.620731920003891,6
owlgebra_babycry/recanvo__200229_2156_00-05-11.62--00-05-12.94.wav,0.637610579530398,12
owlgebra_babycry/recanvo__200229_2156_00-05-37.83--00-05-39.07.wav,0.6544262279163707,11
owlgebra_babycry/recanvo__200229_2156_00-05-39.75--00-05-41.24.wav,0.6621633401283851,13
owlgebra_babycry/recanvo__200229_2156_00-06-09.567--00-06-11.09.wav,0.6438217418534415,14
owlgebra_babycry/recanvo__200229_2156_00-08-01.665--00-08-03.284.wav,0.6699329733848571,15
owlgebra_babycry/recanvo__200229_2156_00-08-07.7--00-08-08.689.wav,0.6373094245791435,8
owlgebra_babycry/recanvo__200302_2156_00-00-37.49--00-00-38.27.wav,0.6483034690221151,6
owlgebra_babycry/recanvo__200302_2156_00-00-40.25--00-00-41.64.wav,0.655798946817716,12
owlgebra_babycry/recanvo__200302_2156_00-02-26.36--00-02-27.74.wav,0.6743837545315424,12
owlgebra_babycry/recanvo__200302_2156_00-03-30.49--00-03-32.51.wav,0.6692042131172983,19
owlgebra_babycry/recanvo__200302_2156_00-03-36.27--00-03-37.73.wav,0.6834921561754667,13
owlgebra_babycry/recanvo__200302_2156_00-03-42.11--00-03-42.82.wav,0.6814455389976501,6
owlgebra_babycry/recanvo__200302_2156_00-03-44.25--00-03-44.88.wav,0.6663900375366211,5
owlgebra_babycry/recanvo__200302_2156_00-03-58.58--00-03-59.56.wav,0.6636111736297607,8
owlgebra_babycry/recanvo__200302_2156_00-04-00.50499--00-04-01.402.wav,0.6899535315377372,7
owlgebra_babycry/recanvo__200302_2156_00-04-03.033--00-04-03.543.wav,0.6741274446249008,4
owlgebra_babycry/recanvo__200302_2156_00-04-24.98--00-04-26.29.wav,0.6609210669994354,12
owlgebra_babycry/recanvo__200302_2156_00-04-27.2--00-04-28.27.wav,0.6634288628896078,9
owlgebra_babycry/recanvo__200302_2156_00-04-33.36--00-04-34.71.wav,0.6913536339998245,12
owlgebra_babycry/recanvo__200302_2156_00-04-35.74--00-04-36.62.wav,0.6620158808571952,7
owlgebra_babycry/recanvo__200302_2156_00-04-37.65--00-04-39.49.wav,0.6655991357915542,17
owlgebra_babycry/recanvo__200302_2156_00-04-49.18--00-04-50.39.wav,0.6984739411960948,11
owlgebra_babycry/recanvo__200302_2156_00-05-02.775--00-05-04.437.wav,0.680933407942454,15
owlgebra_babycry/recanvo__200302_2156_00-05-08.187--00-05-09.9.wav,0.6873664446175098,16
owlgebra_babycry/recanvo__200302_2156_00-05-56.55--00-05-57.4.wav,0.6718440907342094,7
owlgebra_babycry/recanvo__200302_2156_00-06-02.013--00-06-03.194.wav,0.7005675852298736,10
owlgebra_babycry/recanvo__200302_2156_00-06-04.044--00-06-05.248.wav,0.6897418119690635,11
owlgebra_babycry/recanvo__200302_2156_00-06-05.617--00-06-07.357.wav,0.6852518320083618,16
owlgebra_babycry/recanvo__200302_2156_00-06-08.407--00-06-10.38.wav,0.6800578733285269,18
owlgebra_babycry/recanvo__200302_2203_00-00-00.12485--00-00-02.4449.wav,0.6619953431866386,22
owlgebra_babycry/recanvo__200302_2203_00-00-00.48399--00-00-02.51.wav,0.6653193109913876,19
owlgebra_babycry/recanvo__200302_2203_00-00-00.5502--00-00-01.2792.wav,0.6843400398890177,6
owlgebra_babycry/recanvo__200302_2203_00-00-00.93764--00-00-02.4807.wav,0.6736274446759906,14
owlgebra_babycry/recanvo__200302_2203_00-00-00.95261--00-00-02.2586.wav,0.6404893944660822,12
owlgebra_babycry/recanvo__200302_2203_00-00-03.992--00-00-06.2699.wav,0.6675943732261658,21
owlgebra_babycry/recanvo__200302_2203_00-00-03.9946--00-00-06.0716.wav,0.6863428166038111,19
owlgebra_babycry/recanvo__200302_2203_00-00-04.1679--00-00-04.9389.wav,0.6893800695737203,6
owlgebra_babycry/recanvo__200302_2203_00-00-04.2514--00-00-05.3304.wav,0.6859950886832343,9
owlgebra_babycry/recanvo__200302_2204_00-00-00.0080045--00-00-02.052.wav,0.6529044775586379,19
owlgebra_babycry/recanvo__200302_2204_00-00-03.068--00-00-03.91.wav,0.6852935808045524,7
owlgebra_babycry/recanvo__200302_2204_00-00-04.76--00-00-06.25.wav,0.6886504384187552,13
owlgebra_babycry/recanvo__200302_2204_00-00-09.856--00-00-10.75.wav,0.6782829931804112,7
owlgebra_babycry/recanvo__200302_2204_00-00-18.3--00-00-19.08.wav,0.6498929560184479,6
owlgebra_babycry/recanvo__200302_2204_00-00-31.12--00-00-32.89.wav,0.668131735175848,16
owlgebra_babycry/recanvo__200306_2047SelfTalk-Frustrated_00-05-28.57--00-05-35.81.wav,0.6469871804747783,71
owlgebra_babycry/recanvo__200306_2047SelfTalk-Frustrated_00-06-04.879--00-06-07.201.wav,0.6754089810631492,22
owlgebra_babycry/recanvo__200306_2047_00-00-04.759--00-00-05.707.wav,0.6443372443318367,8
owlgebra_babycry/recanvo__200306_2047_00-00-22.42--00-00-23.56.wav,0.6258599579334259,10
owlgebra_babycry/recanvo__200306_2047_00-00-29.69--00-00-30.79.wav,0.5520619094371796,10
owlgebra_babycry/recanvo__200306_2047_00-00-42.57--00-00-43.19.wav,0.6068349599838256,5
owlgebra_babycry/recanvo__200306_2047_00-00-43.86--00-00-44.9.wav,0.5986100236574808,9
owlgebra_babycry/recanvo__200306_2047_00-00-47.12--00-00-47.87.wav,0.5947267611821493,6
owlgebra_babycry/recanvo__200306_2047_00-01-13.59--00-01-16.69.wav,0.6662097861026895,29
owlgebra_babycry/recanvo__200306_2047_00-01-18.9--00-01-22.43.wav,0.6626911163330078,34
owlgebra_babycry/recanvo__200306_2047_00-01-25.79--00-01-28.92.wav,0.6196563164393107,30
owlgebra_babycry/recanvo__200306_2047_00-01-40.07--00-01-41.14.wav,0.6005887124273512,9
owlgebra_babycry/recanvo__200306_2047_00-01-49.94--00-01-57.27.wav,0.637089273167981,72
owlgebra_babycry/recanvo__200306_2047_00-01-58.46--00-02-01.85.wav,0.6427794396877289,32
owlgebra_babycry/recanvo__200306_2047_00-02-02.25--00-02-04.038.wav,0.6387322135269642,16
owlgebra_babycry/recanvo__200306_2047_00-02-16.12--00-02-20.12.wav,0.63591941249998,38
owlgebra_babycry/recanvo__200306_2047_00-02-26.17--00-02-27.11.wav,0.5617881044745445,8
owlgebra_babycry/recanvo__200306_2047_00-02-32.73--00-02-35.48.wav,0.5726675322422614,26
owlgebra_babycry/recanvo__200306_2047_00-02-55.25--00-02-56.21.wav,0.5964737609028816,8
owlgebra_babycry/recanvo__200306_2047_00-02-56.99--00-02-57.67.wav,0.6533699274063111,5
owlgebra_babycry/recanvo__200306_2047_00-04-10.4--00-04-13.75.wav,0.619520315900445,32
owlgebra_babycry/recanvo__200306_2047_00-04-25.47--00-04-27.17.wav,0.6474003394444784,15
owlgebra_babycry/recanvo__200306_2047_00-04-31.22--00-04-32.25.wav,0.6644991702503629,9
owlgebra_babycry/recanvo__200306_2047_00-04-49.82--00-04-53.89.wav,0.6366116137076647,39
owlgebra_babycry/recanvo__200306_2047_00-04-54.51--00-04-56.64.wav,0.6643406510353088,20
owlgebra_babycry/recanvo__200306_2047_00-04-57.29--00-04-59.03.wav,0.6586854793131351,16
owlgebra_babycry/recanvo__200306_2047_00-05-00.208--00-05-04.286.wav,0.6440234061999198,39
owlgebra_babycry/recanvo__200306_2047_00-05-11.17--00-05-12.22.wav,0.6489788360065885,9
owlgebra_babycry/recanvo__200306_2047_00-05-12.85--00-05-20.24.wav,0.6461573226584328,72
owlgebra_babycry/recanvo__200307_1850_00-02-07.466--00-02-07.968.wav,0.5780060142278671,4
owlgebra_babycry/recanvo__200307_1850_00-02-23.78--00-02-24.56.wav,0.6287346680959066,6
owlgebra_babycry/recanvo__200309_2035_00-07-21.02--00-07-22.54.wav,0.6237662902900151,14
owlgebra_babycry/recanvo__200309_2035_00-07-23.21--00-07-24.14.wav,0.6391982808709145,8
owlgebra_babycry/recanvo__200316_1751_00-01-54.74--00-01-55.67.wav,0.6406466215848923,8
owlgebra_babycry/recanvo__200316_1751_00-02-09.932--00-02-11.86.wav,0.6101052727964189,18
owlgebra_babycry/recanvo__200316_1751_00-02-17.53--00-02-20.01.wav,0.5907135035680688,23
owlgebra_babycry/recanvo__200316_1751_00-02-32.96--00-02-34.31.wav,0.6373085776964823,12
owlgebra_babycry/recanvo__200316_1751_00-02-38.54--00-02-39.74.wav,0.6247838497161865,10
owlgebra_babycry/recanvo__200316_1751_00-02-43.85--00-02-44.86.wav,0.6421116259362962,9
owlgebra_babycry/recanvo__200316_1751_00-02-47.79--00-02-48.68.wav,0.6413808720452445,7
owlgebra_babycry/recanvo__200316_1751_00-02-51.87--00-02-52.66.wav,0.6241555313269297,6
owlgebra_babycry/recanvo__200316_1751_00-02-57.78--00-02-58.74.wav,0.6353798359632492,8
owlgebra_babycry/recanvo__200316_1751_00-03-02.173--00-03-03.782.wav,0.6414921800295512,15
owlgebra_babycry/recanvo__200316_1751_00-03-11.05--00-03-12.8.wav,0.650996845215559,16
owlgebra_babycry/recanvo__200316_1751_00-03-22.5--00-03-29.36.wav,0.6229614241799312,67
owlgebra_babycry/recanvo__200316_1751_00-03-32.62--00-03-34.88.wav,0.5986368968373253,21
owlgebra_babycry/recanvo__200316_1751_00-03-36.3--00-03-37.52.wav,0.6455361463806846,11
owlgebra_babycry/recanvo__200316_1751_00-03-43.13--00-03-46.96.wav,0.6284301425959613,37
owlgebra_babycry/recanvo__200316_1751_00-03-51.38--00-03-52.67.wav,0.6218188134106722,11
owlgebra_babycry/recanvo__200316_1751_00-03-53.61--00-03-54.88.wav,0.6295927437868986,11
owlgebra_babycry/recanvo__200316_1751_00-03-59.56--00-04-00.38397.wav,0.6160486766270229,7
owlgebra_babycry/recanvo__200316_1751_00-04-09.305--00-04-10.69.wav,0.6321402937173843,12
owlgebra_babycry/recanvo__200316_1751_00-04-16.32--00-04-17.29.wav,0.6220666319131851,8
owlgebra_babycry/recanvo__200316_1751_00-04-34.36--00-04-39.06.wav,0.6085149412569792,46
owlgebra_babycry/recanvo__200316_1751_00-04-55.32--00-04-56.37.wav,0.6295689079496596,9
owlgebra_babycry/recanvo__200316_1751_00-04-57.15--00-04-58.31.wav,0.6246089339256287,10
owlgebra_babycry/recanvo__200316_1751_00-05-00.046984--00-05-01.035.wav,0.6453516185283661,8
owlgebra_babycry/recanvo__200316_1751_00-05-19.22--00-05-19.81.wav,0.6304534077644348,4
owlgebra_babycry/recanvo__200316_1751_00-05-32.05--00-05-36.26.wav,0.6060978239629327,41
owlgebra_babycry/recanvo__200316_1751_00-05-37.26--00-05-40.5.wav,0.5752922219614829,31
owlgebra_babycry/recanvo__200316_1751_00-05-41.49--00-05-42.65.wav,0.5913656532764435,10
owlgebra_babycry/recanvo__200316_1751_00-05-47.05--00-05-48.8.wav,0.6197354011237621,16
owlgebra_babycry/recanvo__200316_1751_00-05-53.04--00-06-00.25798.wav,0.6247586641513126,71
owlgebra_babycry/recanvo__200316_1751_00-06-41.31--00-06-44.17.wav,0.6285355113170765,27
owlgebra_babycry/recanvo__200316_1751_00-06-46.84--00-06-47.69.wav,0.6704120295388358,7
owlgebra_babycry/recanvo__200316_1751_00-06-55.07--00-06-56.23.wav,0.6162163496017456,10
owlgebra_babycry/recanvo__200316_1751_00-06-59.62--00-07-00.39297.wav,0.6338532964388529,6
owlgebra_babycry/recanvo__200316_1751_00-07-19.73--00-07-22.66.wav,0.6228431186505726,28
owlgebra_babycry/recanvo__200316_1751_00-07-33.11--00-07-34.35.wav,0.6363989873365923,11
owlgebra_babycry/recanvo__200316_1751_00-07-39.86--00-07-40.88.wav,0.6225892040464613,9
owlgebra_babycry/recanvo__200316_1751_00-07-41.6--00-07-42.78.wav,0.6298126459121705,10
owlgebra_babycry/recanvo__200316_1751_00-07-45.39--00-07-46.16.wav,0.6087174117565155,6
owlgebra_babycry/recanvo__200316_1751_00-07-50.1--00-07-51.92.wav,0.6328587461920345,17
owlgebra_babycry/recanvo__200316_1751_00-07-55.36--00-07-58.89.wav,0.6190801648532643,34
owlgebra_babycry/recanvo__200316_1751_00-08-03.258--00-08-04.581.wav,0.618558888634046,12
owlgebra_babycry/recanvo__200316_1751_00-08-07.222--00-08-08.073.wav,0.634592456477029,7
owlgebra_babycry/recanvo__200316_1751_00-08-09.429--00-08-10.33.wav,0.647131621837616,7
owlgebra_babycry/recanvo__200316_1751_00-08-24.71--00-08-25.77.wav,0.6082337697347006,9
owlgebra_babycry/recanvo__200316_1751_00-08-29.61--00-08-32.56.wav,0.6053109914064407,28
owlgebra_babycry/recanvo__200316_1751_00-08-34.59--00-08-35.48.wav,0.6233516931533813,7
owlgebra_babycry/recanvo__200316_1751_00-08-51.02--00-08-52.49.wav,0.6208374912922199,13
owlgebra_babycry/recanvo__200316_1751_00-08-58.17--00-09-00.02.wav,0.6407336908228257,17
owlgebra_babycry/recanvo__200316_1751_00-09-00.78399--00-09-03.907.wav,0.615981767574946,30
owlgebra_babycry/recanvo__200316_1751_00-09-10.15--00-09-11.57.wav,0.6340936834995563,13
owlgebra_babycry/recanvo__200316_1751_00-09-13.91--00-09-14.8.wav,0.6209108233451843,7
owlgebra_babycry/recanvo__200316_1751_00-09-15.94--00-09-16.96.wav,0.6148583889007568,9
owlgebra_babycry/recanvo__200509_1619_00-00-20.35--00-00-21.34.wav,0.5967111140489578,8
owlgebra_babycry/recanvo__200509_1619_00-00-25.64--00-00-27.08.wav,0.6617559148715093,13
owlgebra_babycry/recanvo__200509_1619_00-00-28.62--00-00-30.1.wav,0.626210107253148,13
owlgebra_babycry/recanvo__200509_1619_00-00-35.57--00-00-37.04.wav,0.6130124834867624,13
owlgebra_babycry/recanvo__200509_1619_00-00-38.47--00-00-39.14.wav,0.5932170629501343,5
owlgebra_babycry/recanvo__200509_1619_00-00-43.19--00-00-44.8.wav,0.6334382931391398,15
owlgebra_babycry/recanvo__200509_1619_00-00-45.7--00-00-47.62.wav,0.6321809424294366,18
owlgebra_babycry/recanvo__200509_1619_00-00-48.85--00-00-49.96.wav,0.5889386713504792,10
owlgebra_babycry/recanvo__200509_1619_00-01-04.84--00-01-05.95.wav,0.59570871591568,10
owlgebra_babycry/recanvo__200509_1619_00-01-08.11--00-01-10.14.wav,0.6323434773244356,19
owlgebra_babycry/recanvo__200509_1621_00-00-02.83--00-00-04.01.wav,0.6082375943660736,10
owlgebra_babycry/recanvo__200509_1621_00-00-13.16--00-00-14.68.wav,0.6206732945782798,14
